image_index,data_path,num_directions,num_timesteps,device_requested,device_used,batch_size,num_cores,complex_construction_time,computation_time,vectorization_time
0,data/imagenet.npz,1,100,cpu,cpu,1,1,0.110193,0.018225,0.000000
1,data/imagenet.npz,1,100,cpu,cpu,1,1,0.089292,0.014646,0.000000
2,data/imagenet.npz,1,100,cpu,cpu,1,1,0.077127,0.013742,0.000000
3,data/imagenet.npz,1,100,cpu,cpu,1,1,0.072612,0.014680,0.000000
4,data/imagenet.npz,1,100,cpu,cpu,1,1,0.078648,0.017119,0.000000
5,data/imagenet.npz,1,100,cpu,cpu,1,1,0.079527,0.015232,0.000000
6,data/imagenet.npz,1,100,cpu,cpu,1,1,0.072498,0.013829,0.000000
7,data/imagenet.npz,1,100,cpu,cpu,1,1,0.072470,0.014464,0.000000
8,data/imagenet.npz,1,100,cpu,cpu,1,1,0.108212,0.026598,0.000000
9,data/imagenet.npz,1,100,cpu,cpu,1,1,0.071746,0.014558,0.000000
10,data/imagenet.npz,1,100,cpu,cpu,1,1,0.077130,0.015275,0.000000
11,data/imagenet.npz,1,100,cpu,cpu,1,1,0.066712,0.009525,0.000000
12,data/imagenet.npz,1,100,cpu,cpu,1,1,0.087211,0.016246,0.000000
13,data/imagenet.npz,1,100,cpu,cpu,1,1,0.078707,0.016835,0.000000
14,data/imagenet.npz,1,100,cpu,cpu,1,1,0.080696,0.017691,0.000000
15,data/imagenet.npz,1,100,cpu,cpu,1,1,0.075815,0.016869,0.000000
16,data/imagenet.npz,1,100,cpu,cpu,1,1,0.079001,0.016389,0.000000
17,data/imagenet.npz,1,100,cpu,cpu,1,1,0.076350,0.015430,0.000000
18,data/imagenet.npz,1,100,cpu,cpu,1,1,0.075534,0.014537,0.000000
19,data/imagenet.npz,1,100,cpu,cpu,1,1,0.057788,0.006853,0.000000
20,data/imagenet.npz,1,100,cpu,cpu,1,1,0.084877,0.015765,0.000000
21,data/imagenet.npz,1,100,cpu,cpu,1,1,0.090717,0.016594,0.000000
22,data/imagenet.npz,1,100,cpu,cpu,1,1,0.073729,0.015212,0.000000
23,data/imagenet.npz,1,100,cpu,cpu,1,1,0.069522,0.012291,0.000000
24,data/imagenet.npz,1,100,cpu,cpu,1,1,0.077636,0.016700,0.000000
25,data/imagenet.npz,1,100,cpu,cpu,1,1,0.056025,0.006693,0.000000
26,data/imagenet.npz,1,100,cpu,cpu,1,1,0.070238,0.012199,0.000000
27,data/imagenet.npz,1,100,cpu,cpu,1,1,0.077764,0.016952,0.000000
28,data/imagenet.npz,1,100,cpu,cpu,1,1,0.074079,0.015123,0.000000
29,data/imagenet.npz,1,100,cpu,cpu,1,1,0.070536,0.012591,0.000000
30,data/imagenet.npz,1,100,cpu,cpu,1,1,0.073854,0.016883,0.000000
31,data/imagenet.npz,1,100,cpu,cpu,1,1,0.072222,0.014648,0.000000
32,data/imagenet.npz,1,100,cpu,cpu,1,1,0.080171,0.016622,0.000000
33,data/imagenet.npz,1,100,cpu,cpu,1,1,0.044415,0.002216,0.000000
34,data/imagenet.npz,1,100,cpu,cpu,1,1,0.074556,0.014227,0.000000
35,data/imagenet.npz,1,100,cpu,cpu,1,1,0.074737,0.015848,0.000000
36,data/imagenet.npz,1,100,cpu,cpu,1,1,0.076112,0.015905,0.000000
37,data/imagenet.npz,1,100,cpu,cpu,1,1,0.094809,0.021445,0.000000
38,data/imagenet.npz,1,100,cpu,cpu,1,1,0.207970,0.064081,0.000000
39,data/imagenet.npz,1,100,cpu,cpu,1,1,0.079408,0.016099,0.000000
40,data/imagenet.npz,1,100,cpu,cpu,1,1,0.078369,0.016786,0.000000
41,data/imagenet.npz,1,100,cpu,cpu,1,1,0.073782,0.021648,0.000000
42,data/imagenet.npz,1,100,cpu,cpu,1,1,0.044137,0.001549,0.000000
43,data/imagenet.npz,1,100,cpu,cpu,1,1,0.078523,0.016503,0.000000
44,data/imagenet.npz,1,100,cpu,cpu,1,1,0.082571,0.017408,0.000000
45,data/imagenet.npz,1,100,cpu,cpu,1,1,0.080223,0.016992,0.000000
46,data/imagenet.npz,1,100,cpu,cpu,1,1,0.097433,0.022156,0.000000
47,data/imagenet.npz,1,100,cpu,cpu,1,1,0.072043,0.015434,0.000000
48,data/imagenet.npz,1,100,cpu,cpu,1,1,0.081570,0.016903,0.000000
49,data/imagenet.npz,1,100,cpu,cpu,1,1,0.081551,0.017811,0.000000
50,data/imagenet.npz,1,100,cpu,cpu,1,1,0.078476,0.018556,0.000000
51,data/imagenet.npz,1,100,cpu,cpu,1,1,0.075415,0.016684,0.000000
52,data/imagenet.npz,1,100,cpu,cpu,1,1,0.076307,0.016030,0.000000
53,data/imagenet.npz,1,100,cpu,cpu,1,1,0.109864,0.023909,0.000000
54,data/imagenet.npz,1,100,cpu,cpu,1,1,0.122590,0.032618,0.000000
55,data/imagenet.npz,1,100,cpu,cpu,1,1,0.081341,0.016761,0.000000
56,data/imagenet.npz,1,100,cpu,cpu,1,1,0.085073,0.019632,0.000000
57,data/imagenet.npz,1,100,cpu,cpu,1,1,0.077419,0.020374,0.000000
58,data/imagenet.npz,1,100,cpu,cpu,1,1,0.075805,0.014518,0.000000
59,data/imagenet.npz,1,100,cpu,cpu,1,1,0.081311,0.017298,0.000000
60,data/imagenet.npz,1,100,cpu,cpu,1,1,0.067839,0.011381,0.000000
61,data/imagenet.npz,1,100,cpu,cpu,1,1,0.071754,0.012327,0.000000
62,data/imagenet.npz,1,100,cpu,cpu,1,1,0.075332,0.015536,0.000000
63,data/imagenet.npz,1,100,cpu,cpu,1,1,0.135861,0.037394,0.000000
64,data/imagenet.npz,1,100,cpu,cpu,1,1,0.082641,0.015478,0.000000
65,data/imagenet.npz,1,100,cpu,cpu,1,1,0.074143,0.015442,0.000000
66,data/imagenet.npz,1,100,cpu,cpu,1,1,0.074142,0.015951,0.000000
67,data/imagenet.npz,1,100,cpu,cpu,1,1,0.078846,0.017226,0.000000
68,data/imagenet.npz,1,100,cpu,cpu,1,1,0.076155,0.015999,0.000000
69,data/imagenet.npz,1,100,cpu,cpu,1,1,0.080859,0.015233,0.000000
70,data/imagenet.npz,1,100,cpu,cpu,1,1,0.081593,0.016504,0.000000
71,data/imagenet.npz,1,100,cpu,cpu,1,1,0.073330,0.016630,0.000000
72,data/imagenet.npz,1,100,cpu,cpu,1,1,0.080591,0.016893,0.000000
73,data/imagenet.npz,1,100,cpu,cpu,1,1,0.079711,0.016634,0.000000
74,data/imagenet.npz,1,100,cpu,cpu,1,1,0.073876,0.015724,0.000000
75,data/imagenet.npz,1,100,cpu,cpu,1,1,0.098044,0.025833,0.000000
76,data/imagenet.npz,1,100,cpu,cpu,1,1,0.095841,0.022627,0.000000
77,data/imagenet.npz,1,100,cpu,cpu,1,1,0.077716,0.017308,0.000000
78,data/imagenet.npz,1,100,cpu,cpu,1,1,0.071704,0.014695,0.000000
79,data/imagenet.npz,1,100,cpu,cpu,1,1,0.078188,0.014819,0.000000
80,data/imagenet.npz,1,100,cpu,cpu,1,1,0.075495,0.016739,0.000000
81,data/imagenet.npz,1,100,cpu,cpu,1,1,0.088284,0.020749,0.000000
82,data/imagenet.npz,1,100,cpu,cpu,1,1,0.077453,0.016392,0.000000
83,data/imagenet.npz,1,100,cpu,cpu,1,1,0.076481,0.016688,0.000000
84,data/imagenet.npz,1,100,cpu,cpu,1,1,0.076388,0.016733,0.000000
85,data/imagenet.npz,1,100,cpu,cpu,1,1,0.070168,0.014932,0.000000
86,data/imagenet.npz,1,100,cpu,cpu,1,1,0.079519,0.017514,0.000000
87,data/imagenet.npz,1,100,cpu,cpu,1,1,0.086518,0.020100,0.000000
88,data/imagenet.npz,1,100,cpu,cpu,1,1,0.083639,0.017921,0.000000
89,data/imagenet.npz,1,100,cpu,cpu,1,1,0.076935,0.016095,0.000000
90,data/imagenet.npz,1,100,cpu,cpu,1,1,0.073863,0.014567,0.000000
91,data/imagenet.npz,1,100,cpu,cpu,1,1,0.065678,0.012176,0.000000
92,data/imagenet.npz,1,100,cpu,cpu,1,1,0.075367,0.014407,0.000000
93,data/imagenet.npz,1,100,cpu,cpu,1,1,0.071786,0.013265,0.000000
94,data/imagenet.npz,1,100,cpu,cpu,1,1,0.075251,0.015904,0.000000
95,data/imagenet.npz,1,100,cpu,cpu,1,1,0.075342,0.014485,0.000000
96,data/imagenet.npz,1,100,cpu,cpu,1,1,0.070349,0.014091,0.000000
97,data/imagenet.npz,1,100,cpu,cpu,1,1,0.074031,0.014274,0.000000
98,data/imagenet.npz,1,100,cpu,cpu,1,1,0.062268,0.010281,0.000000
99,data/imagenet.npz,1,100,cpu,cpu,1,1,0.045628,0.002510,0.000000
100,data/imagenet.npz,1,100,cpu,cpu,1,1,0.070671,0.015522,0.000000
101,data/imagenet.npz,1,100,cpu,cpu,1,1,0.147081,0.038550,0.000000
102,data/imagenet.npz,1,100,cpu,cpu,1,1,0.079105,0.017244,0.000000
103,data/imagenet.npz,1,100,cpu,cpu,1,1,0.076858,0.017405,0.000000
104,data/imagenet.npz,1,100,cpu,cpu,1,1,0.073285,0.015377,0.000000
105,data/imagenet.npz,1,100,cpu,cpu,1,1,0.079584,0.016779,0.000000
106,data/imagenet.npz,1,100,cpu,cpu,1,1,0.079744,0.014348,0.000000
107,data/imagenet.npz,1,100,cpu,cpu,1,1,0.091323,0.021785,0.000000
108,data/imagenet.npz,1,100,cpu,cpu,1,1,0.077558,0.015246,0.000000
109,data/imagenet.npz,1,100,cpu,cpu,1,1,0.069816,0.011614,0.000000
110,data/imagenet.npz,1,100,cpu,cpu,1,1,0.092905,0.014770,0.000000
111,data/imagenet.npz,1,100,cpu,cpu,1,1,0.193139,0.057154,0.000000
112,data/imagenet.npz,1,100,cpu,cpu,1,1,0.081547,0.017843,0.000000
113,data/imagenet.npz,1,100,cpu,cpu,1,1,0.077623,0.014866,0.000000
114,data/imagenet.npz,1,100,cpu,cpu,1,1,0.074891,0.014645,0.000000
115,data/imagenet.npz,1,100,cpu,cpu,1,1,0.066263,0.010622,0.000000
116,data/imagenet.npz,1,100,cpu,cpu,1,1,0.074247,0.014837,0.000000
117,data/imagenet.npz,1,100,cpu,cpu,1,1,0.071207,0.014477,0.000000
118,data/imagenet.npz,1,100,cpu,cpu,1,1,0.075806,0.016237,0.000000
119,data/imagenet.npz,1,100,cpu,cpu,1,1,0.050645,0.005284,0.000000
120,data/imagenet.npz,1,100,cpu,cpu,1,1,0.140501,0.039987,0.000000
121,data/imagenet.npz,1,100,cpu,cpu,1,1,0.075274,0.014609,0.000000
122,data/imagenet.npz,1,100,cpu,cpu,1,1,0.075526,0.015133,0.000000
123,data/imagenet.npz,1,100,cpu,cpu,1,1,0.073028,0.014880,0.000000
124,data/imagenet.npz,1,100,cpu,cpu,1,1,0.078508,0.015965,0.000000
125,data/imagenet.npz,1,100,cpu,cpu,1,1,0.074350,0.015712,0.000000
126,data/imagenet.npz,1,100,cpu,cpu,1,1,0.066552,0.010324,0.000000
127,data/imagenet.npz,1,100,cpu,cpu,1,1,0.085171,0.016376,0.000000
128,data/imagenet.npz,1,100,cpu,cpu,1,1,0.071412,0.012941,0.000000
129,data/imagenet.npz,1,100,cpu,cpu,1,1,0.066688,0.014874,0.000000
130,data/imagenet.npz,1,100,cpu,cpu,1,1,0.084605,0.016522,0.000000
131,data/imagenet.npz,1,100,cpu,cpu,1,1,0.075080,0.016754,0.000000
132,data/imagenet.npz,1,100,cpu,cpu,1,1,0.150469,0.039110,0.000000
133,data/imagenet.npz,1,100,cpu,cpu,1,1,0.045816,0.002677,0.000000
134,data/imagenet.npz,1,100,cpu,cpu,1,1,0.089404,0.014050,0.000000
135,data/imagenet.npz,1,100,cpu,cpu,1,1,0.085155,0.015942,0.000000
136,data/imagenet.npz,1,100,cpu,cpu,1,1,0.070963,0.014201,0.000000
137,data/imagenet.npz,1,100,cpu,cpu,1,1,0.070644,0.013987,0.000000
138,data/imagenet.npz,1,100,cpu,cpu,1,1,0.082352,0.017086,0.000000
139,data/imagenet.npz,1,100,cpu,cpu,1,1,0.073201,0.016079,0.000000
140,data/imagenet.npz,1,100,cpu,cpu,1,1,0.076507,0.014420,0.000000
141,data/imagenet.npz,1,100,cpu,cpu,1,1,0.087384,0.019603,0.000000
142,data/imagenet.npz,1,100,cpu,cpu,1,1,0.170747,0.048726,0.000000
143,data/imagenet.npz,1,100,cpu,cpu,1,1,0.057408,0.007480,0.000000
144,data/imagenet.npz,1,100,cpu,cpu,1,1,0.079060,0.016170,0.000000
145,data/imagenet.npz,1,100,cpu,cpu,1,1,0.081662,0.016922,0.000000
146,data/imagenet.npz,1,100,cpu,cpu,1,1,0.084022,0.018382,0.000000
147,data/imagenet.npz,1,100,cpu,cpu,1,1,0.075519,0.016698,0.000000
148,data/imagenet.npz,1,100,cpu,cpu,1,1,0.065071,0.011331,0.000000
149,data/imagenet.npz,1,100,cpu,cpu,1,1,0.058619,0.007108,0.000000
150,data/imagenet.npz,1,100,cpu,cpu,1,1,0.079690,0.013546,0.000000
151,data/imagenet.npz,1,100,cpu,cpu,1,1,0.058113,0.006928,0.000000
152,data/imagenet.npz,1,100,cpu,cpu,1,1,0.064017,0.008791,0.000000
153,data/imagenet.npz,1,100,cpu,cpu,1,1,0.087464,0.016366,0.000000
154,data/imagenet.npz,1,100,cpu,cpu,1,1,0.075453,0.014218,0.000000
155,data/imagenet.npz,1,100,cpu,cpu,1,1,0.078156,0.015192,0.000000
156,data/imagenet.npz,1,100,cpu,cpu,1,1,0.075495,0.014272,0.000000
157,data/imagenet.npz,1,100,cpu,cpu,1,1,0.085086,0.020208,0.000000
158,data/imagenet.npz,1,100,cpu,cpu,1,1,0.074544,0.014944,0.000000
159,data/imagenet.npz,1,100,cpu,cpu,1,1,0.076156,0.017042,0.000000
160,data/imagenet.npz,1,100,cpu,cpu,1,1,0.139584,0.039118,0.000000
161,data/imagenet.npz,1,100,cpu,cpu,1,1,0.074067,0.015045,0.000000
162,data/imagenet.npz,1,100,cpu,cpu,1,1,0.080408,0.017066,0.000000
163,data/imagenet.npz,1,100,cpu,cpu,1,1,0.071367,0.013977,0.000000
164,data/imagenet.npz,1,100,cpu,cpu,1,1,0.087067,0.016590,0.000000
165,data/imagenet.npz,1,100,cpu,cpu,1,1,0.075238,0.014275,0.000000
166,data/imagenet.npz,1,100,cpu,cpu,1,1,0.072436,0.015395,0.000000
167,data/imagenet.npz,1,100,cpu,cpu,1,1,0.078403,0.014447,0.000000
168,data/imagenet.npz,1,100,cpu,cpu,1,1,0.072904,0.014765,0.000000
169,data/imagenet.npz,1,100,cpu,cpu,1,1,0.097880,0.022218,0.000000
170,data/imagenet.npz,1,100,cpu,cpu,1,1,0.077997,0.016291,0.000000
171,data/imagenet.npz,1,100,cpu,cpu,1,1,0.083547,0.019721,0.000000
172,data/imagenet.npz,1,100,cpu,cpu,1,1,0.074419,0.016249,0.000000
173,data/imagenet.npz,1,100,cpu,cpu,1,1,0.073395,0.014381,0.000000
174,data/imagenet.npz,1,100,cpu,cpu,1,1,0.070195,0.012129,0.000000
175,data/imagenet.npz,1,100,cpu,cpu,1,1,0.088045,0.016097,0.000000
176,data/imagenet.npz,1,100,cpu,cpu,1,1,0.073395,0.014917,0.000000
177,data/imagenet.npz,1,100,cpu,cpu,1,1,0.077092,0.016387,0.000000
178,data/imagenet.npz,1,100,cpu,cpu,1,1,0.086189,0.016392,0.000000
179,data/imagenet.npz,1,100,cpu,cpu,1,1,0.081989,0.016865,0.000000
180,data/imagenet.npz,1,100,cpu,cpu,1,1,0.105392,0.025753,0.000000
181,data/imagenet.npz,1,100,cpu,cpu,1,1,0.081141,0.017600,0.000000
182,data/imagenet.npz,1,100,cpu,cpu,1,1,0.076907,0.014183,0.000000
183,data/imagenet.npz,1,100,cpu,cpu,1,1,0.071280,0.015328,0.000000
184,data/imagenet.npz,1,100,cpu,cpu,1,1,0.070659,0.014314,0.000000
185,data/imagenet.npz,1,100,cpu,cpu,1,1,0.070999,0.015011,0.000000
186,data/imagenet.npz,1,100,cpu,cpu,1,1,0.081504,0.015299,0.000000
187,data/imagenet.npz,1,100,cpu,cpu,1,1,0.079183,0.016484,0.000000
188,data/imagenet.npz,1,100,cpu,cpu,1,1,0.079184,0.015882,0.000000
189,data/imagenet.npz,1,100,cpu,cpu,1,1,0.154482,0.043887,0.000000
190,data/imagenet.npz,1,100,cpu,cpu,1,1,0.079218,0.014986,0.000000
191,data/imagenet.npz,1,100,cpu,cpu,1,1,0.265737,0.085371,0.000000
192,data/imagenet.npz,1,100,cpu,cpu,1,1,0.113867,0.033257,0.000000
193,data/imagenet.npz,1,100,cpu,cpu,1,1,0.073955,0.016325,0.000000
194,data/imagenet.npz,1,100,cpu,cpu,1,1,0.080107,0.025712,0.000000
195,data/imagenet.npz,1,100,cpu,cpu,1,1,0.054986,0.006693,0.000000
196,data/imagenet.npz,1,100,cpu,cpu,1,1,0.091210,0.017022,0.000000
197,data/imagenet.npz,1,100,cpu,cpu,1,1,0.074485,0.013381,0.000000
198,data/imagenet.npz,1,100,cpu,cpu,1,1,0.086155,0.016815,0.000000
199,data/imagenet.npz,1,100,cpu,cpu,1,1,0.059198,0.007375,0.000000
200,data/imagenet.npz,1,100,cpu,cpu,1,1,0.075020,0.015007,0.000000
201,data/imagenet.npz,1,100,cpu,cpu,1,1,0.081983,0.016054,0.000000
202,data/imagenet.npz,1,100,cpu,cpu,1,1,0.080102,0.016279,0.000000
203,data/imagenet.npz,1,100,cpu,cpu,1,1,0.048249,0.003459,0.000000
204,data/imagenet.npz,1,100,cpu,cpu,1,1,0.072497,0.014274,0.000000
205,data/imagenet.npz,1,100,cpu,cpu,1,1,0.078742,0.017653,0.000000
206,data/imagenet.npz,1,100,cpu,cpu,1,1,0.085618,0.019758,0.000000
207,data/imagenet.npz,1,100,cpu,cpu,1,1,0.114015,0.029269,0.000000
208,data/imagenet.npz,1,100,cpu,cpu,1,1,0.077487,0.016308,0.000000
209,data/imagenet.npz,1,100,cpu,cpu,1,1,0.076111,0.013898,0.000000
210,data/imagenet.npz,1,100,cpu,cpu,1,1,0.049305,0.004346,0.000000
211,data/imagenet.npz,1,100,cpu,cpu,1,1,0.073765,0.015177,0.000000
212,data/imagenet.npz,1,100,cpu,cpu,1,1,0.083248,0.017403,0.000000
213,data/imagenet.npz,1,100,cpu,cpu,1,1,0.074491,0.014667,0.000000
214,data/imagenet.npz,1,100,cpu,cpu,1,1,0.077083,0.015428,0.000000
215,data/imagenet.npz,1,100,cpu,cpu,1,1,0.075985,0.016484,0.000000
216,data/imagenet.npz,1,100,cpu,cpu,1,1,0.075468,0.014117,0.000000
217,data/imagenet.npz,1,100,cpu,cpu,1,1,0.049546,0.003530,0.000000
218,data/imagenet.npz,1,100,cpu,cpu,1,1,0.076291,0.017100,0.000000
219,data/imagenet.npz,1,100,cpu,cpu,1,1,0.076696,0.017038,0.000000
220,data/imagenet.npz,1,100,cpu,cpu,1,1,0.076543,0.017310,0.000000
221,data/imagenet.npz,1,100,cpu,cpu,1,1,0.073467,0.013969,0.000000
222,data/imagenet.npz,1,100,cpu,cpu,1,1,0.071784,0.016081,0.000000
223,data/imagenet.npz,1,100,cpu,cpu,1,1,0.132570,0.035169,0.000000
224,data/imagenet.npz,1,100,cpu,cpu,1,1,0.080219,0.019218,0.000000
225,data/imagenet.npz,1,100,cpu,cpu,1,1,0.073249,0.014170,0.000000
226,data/imagenet.npz,1,100,cpu,cpu,1,1,0.083964,0.016966,0.000000
227,data/imagenet.npz,1,100,cpu,cpu,1,1,0.074019,0.014727,0.000000
228,data/imagenet.npz,1,100,cpu,cpu,1,1,0.075082,0.014471,0.000000
229,data/imagenet.npz,1,100,cpu,cpu,1,1,0.075059,0.014365,0.000000
230,data/imagenet.npz,1,100,cpu,cpu,1,1,0.075376,0.016257,0.000000
231,data/imagenet.npz,1,100,cpu,cpu,1,1,0.095552,0.021478,0.000000
232,data/imagenet.npz,1,100,cpu,cpu,1,1,0.074288,0.014048,0.000000
233,data/imagenet.npz,1,100,cpu,cpu,1,1,0.077085,0.016042,0.000000
234,data/imagenet.npz,1,100,cpu,cpu,1,1,0.085716,0.015134,0.000000
235,data/imagenet.npz,1,100,cpu,cpu,1,1,0.078572,0.016907,0.000000
236,data/imagenet.npz,1,100,cpu,cpu,1,1,0.081095,0.013425,0.000000
237,data/imagenet.npz,1,100,cpu,cpu,1,1,0.080136,0.017311,0.000000
238,data/imagenet.npz,1,100,cpu,cpu,1,1,0.047871,0.004551,0.000000
239,data/imagenet.npz,1,100,cpu,cpu,1,1,0.086455,0.014885,0.000000
240,data/imagenet.npz,1,100,cpu,cpu,1,1,0.089123,0.017171,0.000000
241,data/imagenet.npz,1,100,cpu,cpu,1,1,0.076316,0.016356,0.000000
242,data/imagenet.npz,1,100,cpu,cpu,1,1,0.079055,0.016145,0.000000
243,data/imagenet.npz,1,100,cpu,cpu,1,1,0.114977,0.028964,0.000000
244,data/imagenet.npz,1,100,cpu,cpu,1,1,0.081013,0.016007,0.000000
245,data/imagenet.npz,1,100,cpu,cpu,1,1,0.073566,0.015552,0.000000
246,data/imagenet.npz,1,100,cpu,cpu,1,1,0.078822,0.016432,0.000000
247,data/imagenet.npz,1,100,cpu,cpu,1,1,0.073022,0.012975,0.000000
248,data/imagenet.npz,1,100,cpu,cpu,1,1,0.123252,0.032195,0.000000
249,data/imagenet.npz,1,100,cpu,cpu,1,1,0.140003,0.039367,0.000000
250,data/imagenet.npz,1,100,cpu,cpu,1,1,0.210285,0.073110,0.000000
251,data/imagenet.npz,1,100,cpu,cpu,1,1,0.079469,0.016321,0.000000
252,data/imagenet.npz,1,100,cpu,cpu,1,1,0.071173,0.013996,0.000000
253,data/imagenet.npz,1,100,cpu,cpu,1,1,0.064111,0.009550,0.000000
254,data/imagenet.npz,1,100,cpu,cpu,1,1,0.088741,0.017619,0.000000
255,data/imagenet.npz,1,100,cpu,cpu,1,1,0.147312,0.039294,0.000000
256,data/imagenet.npz,1,100,cpu,cpu,1,1,0.089491,0.022347,0.000000
257,data/imagenet.npz,1,100,cpu,cpu,1,1,0.077973,0.016465,0.000000
258,data/imagenet.npz,1,100,cpu,cpu,1,1,0.072901,0.014901,0.000000
259,data/imagenet.npz,1,100,cpu,cpu,1,1,0.114816,0.021546,0.000000
260,data/imagenet.npz,1,100,cpu,cpu,1,1,0.069914,0.015503,0.000000
261,data/imagenet.npz,1,100,cpu,cpu,1,1,0.055789,0.005785,0.000000
262,data/imagenet.npz,1,100,cpu,cpu,1,1,0.084747,0.014241,0.000000
263,data/imagenet.npz,1,100,cpu,cpu,1,1,0.062767,0.009919,0.000000
264,data/imagenet.npz,1,100,cpu,cpu,1,1,0.074898,0.014120,0.000000
265,data/imagenet.npz,1,100,cpu,cpu,1,1,0.079395,0.015901,0.000000
266,data/imagenet.npz,1,100,cpu,cpu,1,1,0.057153,0.007939,0.000000
267,data/imagenet.npz,1,100,cpu,cpu,1,1,0.077487,0.016750,0.000000
268,data/imagenet.npz,1,100,cpu,cpu,1,1,0.067680,0.011879,0.000000
269,data/imagenet.npz,1,100,cpu,cpu,1,1,0.087698,0.015876,0.000000
270,data/imagenet.npz,1,100,cpu,cpu,1,1,0.061144,0.008148,0.000000
271,data/imagenet.npz,1,100,cpu,cpu,1,1,0.071476,0.015013,0.000000
272,data/imagenet.npz,1,100,cpu,cpu,1,1,0.076171,0.014678,0.000000
273,data/imagenet.npz,1,100,cpu,cpu,1,1,0.089286,0.017307,0.000000
274,data/imagenet.npz,1,100,cpu,cpu,1,1,0.073749,0.013326,0.000000
275,data/imagenet.npz,1,100,cpu,cpu,1,1,0.104260,0.017497,0.000000
276,data/imagenet.npz,1,100,cpu,cpu,1,1,0.077815,0.016193,0.000000
277,data/imagenet.npz,1,100,cpu,cpu,1,1,0.081379,0.019782,0.000000
278,data/imagenet.npz,1,100,cpu,cpu,1,1,0.137667,0.038475,0.000000
279,data/imagenet.npz,1,100,cpu,cpu,1,1,0.088208,0.021291,0.000000
280,data/imagenet.npz,1,100,cpu,cpu,1,1,0.073199,0.014454,0.000000
281,data/imagenet.npz,1,100,cpu,cpu,1,1,0.047263,0.002691,0.000000
282,data/imagenet.npz,1,100,cpu,cpu,1,1,0.124241,0.031994,0.000000
283,data/imagenet.npz,1,100,cpu,cpu,1,1,0.077970,0.014341,0.000000
284,data/imagenet.npz,1,100,cpu,cpu,1,1,0.078607,0.016649,0.000000
285,data/imagenet.npz,1,100,cpu,cpu,1,1,0.084231,0.016890,0.000000
286,data/imagenet.npz,1,100,cpu,cpu,1,1,0.073839,0.016659,0.000000
287,data/imagenet.npz,1,100,cpu,cpu,1,1,0.073314,0.015540,0.000000
288,data/imagenet.npz,1,100,cpu,cpu,1,1,0.087053,0.020793,0.000000
289,data/imagenet.npz,1,100,cpu,cpu,1,1,0.077460,0.015240,0.000000
290,data/imagenet.npz,1,100,cpu,cpu,1,1,0.079599,0.015732,0.000000
291,data/imagenet.npz,1,100,cpu,cpu,1,1,0.066755,0.012478,0.000000
292,data/imagenet.npz,1,100,cpu,cpu,1,1,0.073864,0.018063,0.000000
293,data/imagenet.npz,1,100,cpu,cpu,1,1,0.090062,0.021139,0.000000
294,data/imagenet.npz,1,100,cpu,cpu,1,1,0.056284,0.004113,0.000000
295,data/imagenet.npz,1,100,cpu,cpu,1,1,0.090996,0.014614,0.000000
296,data/imagenet.npz,1,100,cpu,cpu,1,1,0.075634,0.014680,0.000000
297,data/imagenet.npz,1,100,cpu,cpu,1,1,0.083964,0.017039,0.000000
298,data/imagenet.npz,1,100,cpu,cpu,1,1,0.116164,0.027772,0.000000
299,data/imagenet.npz,1,100,cpu,cpu,1,1,0.077757,0.016819,0.000000
300,data/imagenet.npz,1,100,cpu,cpu,1,1,0.045609,0.002868,0.000000
301,data/imagenet.npz,1,100,cpu,cpu,1,1,0.066022,0.009504,0.000000
302,data/imagenet.npz,1,100,cpu,cpu,1,1,0.056009,0.003855,0.000000
303,data/imagenet.npz,1,100,cpu,cpu,1,1,0.079577,0.014575,0.000000
304,data/imagenet.npz,1,100,cpu,cpu,1,1,0.077873,0.015551,0.000000
305,data/imagenet.npz,1,100,cpu,cpu,1,1,0.080508,0.016119,0.000000
306,data/imagenet.npz,1,100,cpu,cpu,1,1,0.060205,0.010582,0.000000
307,data/imagenet.npz,1,100,cpu,cpu,1,1,0.062462,0.010674,0.000000
308,data/imagenet.npz,1,100,cpu,cpu,1,1,0.084432,0.016417,0.000000
309,data/imagenet.npz,1,100,cpu,cpu,1,1,0.133008,0.035632,0.000000
310,data/imagenet.npz,1,100,cpu,cpu,1,1,0.079667,0.016792,0.000000
311,data/imagenet.npz,1,100,cpu,cpu,1,1,0.075960,0.014649,0.000000
312,data/imagenet.npz,1,100,cpu,cpu,1,1,0.072962,0.016200,0.000000
313,data/imagenet.npz,1,100,cpu,cpu,1,1,0.061172,0.009584,0.000000
314,data/imagenet.npz,1,100,cpu,cpu,1,1,0.499452,0.021008,0.000000
315,data/imagenet.npz,1,100,cpu,cpu,1,1,0.073542,0.016230,0.000000
316,data/imagenet.npz,1,100,cpu,cpu,1,1,0.078587,0.016879,0.000000
317,data/imagenet.npz,1,100,cpu,cpu,1,1,0.080099,0.016791,0.000000
318,data/imagenet.npz,1,100,cpu,cpu,1,1,0.098560,0.026500,0.000000
319,data/imagenet.npz,1,100,cpu,cpu,1,1,0.159196,0.047387,0.000000
320,data/imagenet.npz,1,100,cpu,cpu,1,1,0.075849,0.016841,0.000000
321,data/imagenet.npz,1,100,cpu,cpu,1,1,0.090539,0.020794,0.000000
322,data/imagenet.npz,1,100,cpu,cpu,1,1,0.073265,0.014596,0.000000
323,data/imagenet.npz,1,100,cpu,cpu,1,1,0.073912,0.014508,0.000000
324,data/imagenet.npz,1,100,cpu,cpu,1,1,0.073954,0.012175,0.000000
325,data/imagenet.npz,1,100,cpu,cpu,1,1,0.087014,0.020042,0.000000
326,data/imagenet.npz,1,100,cpu,cpu,1,1,0.074563,0.014695,0.000000
327,data/imagenet.npz,1,100,cpu,cpu,1,1,0.063247,0.009543,0.000000
328,data/imagenet.npz,1,100,cpu,cpu,1,1,0.065232,0.010437,0.000000
329,data/imagenet.npz,1,100,cpu,cpu,1,1,0.059268,0.010260,0.000000
330,data/imagenet.npz,1,100,cpu,cpu,1,1,0.068423,0.014088,0.000000
331,data/imagenet.npz,1,100,cpu,cpu,1,1,0.065470,0.010902,0.000000
332,data/imagenet.npz,1,100,cpu,cpu,1,1,0.079892,0.016859,0.000000
333,data/imagenet.npz,1,100,cpu,cpu,1,1,0.076113,0.016446,0.000000
334,data/imagenet.npz,1,100,cpu,cpu,1,1,0.078188,0.016780,0.000000
335,data/imagenet.npz,1,100,cpu,cpu,1,1,0.081189,0.015529,0.000000
336,data/imagenet.npz,1,100,cpu,cpu,1,1,0.071018,0.012598,0.000000
337,data/imagenet.npz,1,100,cpu,cpu,1,1,0.076166,0.015030,0.000000
338,data/imagenet.npz,1,100,cpu,cpu,1,1,0.074900,0.015085,0.000000
339,data/imagenet.npz,1,100,cpu,cpu,1,1,0.080562,0.016333,0.000000
340,data/imagenet.npz,1,100,cpu,cpu,1,1,0.075978,0.014836,0.000000
341,data/imagenet.npz,1,100,cpu,cpu,1,1,0.083772,0.017999,0.000000
342,data/imagenet.npz,1,100,cpu,cpu,1,1,0.123193,0.032285,0.000000
343,data/imagenet.npz,1,100,cpu,cpu,1,1,0.074985,0.015521,0.000000
344,data/imagenet.npz,1,100,cpu,cpu,1,1,0.047571,0.003036,0.000000
345,data/imagenet.npz,1,100,cpu,cpu,1,1,0.074627,0.014620,0.000000
346,data/imagenet.npz,1,100,cpu,cpu,1,1,0.080377,0.016513,0.000000
347,data/imagenet.npz,1,100,cpu,cpu,1,1,0.046246,0.002977,0.000000
348,data/imagenet.npz,1,100,cpu,cpu,1,1,0.198611,0.060959,0.000000
349,data/imagenet.npz,1,100,cpu,cpu,1,1,0.058972,0.007942,0.000000
350,data/imagenet.npz,1,100,cpu,cpu,1,1,0.049236,0.013131,0.000000
351,data/imagenet.npz,1,100,cpu,cpu,1,1,0.074741,0.014967,0.000000
352,data/imagenet.npz,1,100,cpu,cpu,1,1,0.081912,0.016918,0.000000
353,data/imagenet.npz,1,100,cpu,cpu,1,1,0.084685,0.020193,0.000000
354,data/imagenet.npz,1,100,cpu,cpu,1,1,0.078613,0.016485,0.000000
355,data/imagenet.npz,1,100,cpu,cpu,1,1,0.042884,0.002074,0.000000
356,data/imagenet.npz,1,100,cpu,cpu,1,1,0.069377,0.013705,0.000000
357,data/imagenet.npz,1,100,cpu,cpu,1,1,0.074226,0.015603,0.000000
358,data/imagenet.npz,1,100,cpu,cpu,1,1,0.075583,0.015660,0.000000
359,data/imagenet.npz,1,100,cpu,cpu,1,1,0.058312,0.007152,0.000000
360,data/imagenet.npz,1,100,cpu,cpu,1,1,0.080896,0.016401,0.000000
361,data/imagenet.npz,1,100,cpu,cpu,1,1,0.079442,0.016853,0.000000
362,data/imagenet.npz,1,100,cpu,cpu,1,1,0.077461,0.016503,0.000000
363,data/imagenet.npz,1,100,cpu,cpu,1,1,0.082514,0.016294,0.000000
364,data/imagenet.npz,1,100,cpu,cpu,1,1,0.116255,0.030448,0.000000
365,data/imagenet.npz,1,100,cpu,cpu,1,1,0.076301,0.012603,0.000000
366,data/imagenet.npz,1,100,cpu,cpu,1,1,0.077098,0.016880,0.000000
367,data/imagenet.npz,1,100,cpu,cpu,1,1,0.130114,0.035419,0.000000
368,data/imagenet.npz,1,100,cpu,cpu,1,1,0.074969,0.015620,0.000000
369,data/imagenet.npz,1,100,cpu,cpu,1,1,0.074883,0.016286,0.000000
370,data/imagenet.npz,1,100,cpu,cpu,1,1,0.143212,0.040416,0.000000
371,data/imagenet.npz,1,100,cpu,cpu,1,1,0.082402,0.016760,0.000000
372,data/imagenet.npz,1,100,cpu,cpu,1,1,0.043150,0.001269,0.000000
373,data/imagenet.npz,1,100,cpu,cpu,1,1,0.070537,0.015211,0.000000
374,data/imagenet.npz,1,100,cpu,cpu,1,1,0.073445,0.013784,0.000000
375,data/imagenet.npz,1,100,cpu,cpu,1,1,0.501427,0.205232,0.000000
376,data/imagenet.npz,1,100,cpu,cpu,1,1,0.080524,0.020923,0.000000
377,data/imagenet.npz,1,100,cpu,cpu,1,1,0.076495,0.016116,0.000000
378,data/imagenet.npz,1,100,cpu,cpu,1,1,0.076989,0.015567,0.000000
379,data/imagenet.npz,1,100,cpu,cpu,1,1,0.084394,0.015903,0.000000
380,data/imagenet.npz,1,100,cpu,cpu,1,1,0.072584,0.014442,0.000000
381,data/imagenet.npz,1,100,cpu,cpu,1,1,0.081083,0.019128,0.000000
382,data/imagenet.npz,1,100,cpu,cpu,1,1,0.075682,0.015933,0.000000
383,data/imagenet.npz,1,100,cpu,cpu,1,1,0.048671,0.003527,0.000000
384,data/imagenet.npz,1,100,cpu,cpu,1,1,0.074382,0.017069,0.000000
385,data/imagenet.npz,1,100,cpu,cpu,1,1,0.079325,0.018078,0.000000
386,data/imagenet.npz,1,100,cpu,cpu,1,1,0.071130,0.014152,0.000000
387,data/imagenet.npz,1,100,cpu,cpu,1,1,0.078366,0.016435,0.000000
388,data/imagenet.npz,1,100,cpu,cpu,1,1,0.042372,0.001129,0.000000
389,data/imagenet.npz,1,100,cpu,cpu,1,1,0.077155,0.017352,0.000000
390,data/imagenet.npz,1,100,cpu,cpu,1,1,0.077515,0.015403,0.000000
391,data/imagenet.npz,1,100,cpu,cpu,1,1,0.072893,0.014529,0.000000
392,data/imagenet.npz,1,100,cpu,cpu,1,1,0.080330,0.016814,0.000000
393,data/imagenet.npz,1,100,cpu,cpu,1,1,0.047400,0.004279,0.000000
394,data/imagenet.npz,1,100,cpu,cpu,1,1,0.065375,0.012673,0.000000
395,data/imagenet.npz,1,100,cpu,cpu,1,1,0.099161,0.021800,0.000000
396,data/imagenet.npz,1,100,cpu,cpu,1,1,0.079969,0.016784,0.000000
397,data/imagenet.npz,1,100,cpu,cpu,1,1,0.083049,0.018920,0.000000
398,data/imagenet.npz,1,100,cpu,cpu,1,1,0.076222,0.016680,0.000000
399,data/imagenet.npz,1,100,cpu,cpu,1,1,0.401940,0.015230,0.000000
400,data/imagenet.npz,1,100,cpu,cpu,1,1,0.072458,0.014702,0.000000
401,data/imagenet.npz,1,100,cpu,cpu,1,1,0.070256,0.014003,0.000000
402,data/imagenet.npz,1,100,cpu,cpu,1,1,0.058909,0.008086,0.000000
403,data/imagenet.npz,1,100,cpu,cpu,1,1,0.068747,0.013925,0.000000
404,data/imagenet.npz,1,100,cpu,cpu,1,1,0.088058,0.021796,0.000000
405,data/imagenet.npz,1,100,cpu,cpu,1,1,0.045576,0.003255,0.000000
406,data/imagenet.npz,1,100,cpu,cpu,1,1,0.066690,0.014327,0.000000
407,data/imagenet.npz,1,100,cpu,cpu,1,1,0.073657,0.015992,0.000000
408,data/imagenet.npz,1,100,cpu,cpu,1,1,0.072549,0.013293,0.000000
409,data/imagenet.npz,1,100,cpu,cpu,1,1,0.074004,0.014106,0.000000
410,data/imagenet.npz,1,100,cpu,cpu,1,1,0.075071,0.013594,0.000000
411,data/imagenet.npz,1,100,cpu,cpu,1,1,0.071124,0.015840,0.000000
412,data/imagenet.npz,1,100,cpu,cpu,1,1,0.074152,0.016969,0.000000
413,data/imagenet.npz,1,100,cpu,cpu,1,1,0.073946,0.014087,0.000000
414,data/imagenet.npz,1,100,cpu,cpu,1,1,0.049425,0.003555,0.000000
415,data/imagenet.npz,1,100,cpu,cpu,1,1,0.067266,0.014727,0.000000
416,data/imagenet.npz,1,100,cpu,cpu,1,1,0.123706,0.033620,0.000000
417,data/imagenet.npz,1,100,cpu,cpu,1,1,0.048780,0.004578,0.000000
418,data/imagenet.npz,1,100,cpu,cpu,1,1,0.082589,0.016521,0.000000
419,data/imagenet.npz,1,100,cpu,cpu,1,1,0.075108,0.016046,0.000000
420,data/imagenet.npz,1,100,cpu,cpu,1,1,0.075203,0.015909,0.000000
421,data/imagenet.npz,1,100,cpu,cpu,1,1,0.088721,0.021314,0.000000
422,data/imagenet.npz,1,100,cpu,cpu,1,1,0.075303,0.014348,0.000000
423,data/imagenet.npz,1,100,cpu,cpu,1,1,0.124322,0.036363,0.000000
424,data/imagenet.npz,1,100,cpu,cpu,1,1,0.079684,0.016808,0.000000
425,data/imagenet.npz,1,100,cpu,cpu,1,1,0.065034,0.010646,0.000000
426,data/imagenet.npz,1,100,cpu,cpu,1,1,0.078749,0.016506,0.000000
427,data/imagenet.npz,1,100,cpu,cpu,1,1,0.042857,0.001231,0.000000
428,data/imagenet.npz,1,100,cpu,cpu,1,1,0.079338,0.016699,0.000000
429,data/imagenet.npz,1,100,cpu,cpu,1,1,0.073817,0.015398,0.000000
430,data/imagenet.npz,1,100,cpu,cpu,1,1,0.108425,0.026853,0.000000
431,data/imagenet.npz,1,100,cpu,cpu,1,1,0.083299,0.016319,0.000000
432,data/imagenet.npz,1,100,cpu,cpu,1,1,0.074333,0.014464,0.000000
433,data/imagenet.npz,1,100,cpu,cpu,1,1,0.074017,0.014648,0.000000
434,data/imagenet.npz,1,100,cpu,cpu,1,1,0.073899,0.016881,0.000000
435,data/imagenet.npz,1,100,cpu,cpu,1,1,0.077532,0.016135,0.000000
436,data/imagenet.npz,1,100,cpu,cpu,1,1,0.073379,0.013311,0.000000
437,data/imagenet.npz,1,100,cpu,cpu,1,1,0.079104,0.017460,0.000000
438,data/imagenet.npz,1,100,cpu,cpu,1,1,0.077067,0.016633,0.000000
439,data/imagenet.npz,1,100,cpu,cpu,1,1,0.072560,0.015471,0.000000
440,data/imagenet.npz,1,100,cpu,cpu,1,1,0.047543,0.003034,0.000000
441,data/imagenet.npz,1,100,cpu,cpu,1,1,0.070846,0.013807,0.000000
442,data/imagenet.npz,1,100,cpu,cpu,1,1,0.076615,0.016766,0.000000
443,data/imagenet.npz,1,100,cpu,cpu,1,1,0.091377,0.020311,0.000000
444,data/imagenet.npz,1,100,cpu,cpu,1,1,0.072352,0.014065,0.000000
445,data/imagenet.npz,1,100,cpu,cpu,1,1,0.073743,0.014526,0.000000
446,data/imagenet.npz,1,100,cpu,cpu,1,1,0.090938,0.023977,0.000000
447,data/imagenet.npz,1,100,cpu,cpu,1,1,0.086400,0.015097,0.000000
448,data/imagenet.npz,1,100,cpu,cpu,1,1,0.076949,0.013760,0.000000
449,data/imagenet.npz,1,100,cpu,cpu,1,1,0.083113,0.019287,0.000000
450,data/imagenet.npz,1,100,cpu,cpu,1,1,0.079817,0.016758,0.000000
451,data/imagenet.npz,1,100,cpu,cpu,1,1,0.098449,0.023916,0.000000
452,data/imagenet.npz,1,100,cpu,cpu,1,1,0.087965,0.021023,0.000000
453,data/imagenet.npz,1,100,cpu,cpu,1,1,0.115341,0.030254,0.000000
454,data/imagenet.npz,1,100,cpu,cpu,1,1,0.078077,0.014569,0.000000
455,data/imagenet.npz,1,100,cpu,cpu,1,1,0.079846,0.016791,0.000000
456,data/imagenet.npz,1,100,cpu,cpu,1,1,0.076140,0.014842,0.000000
457,data/imagenet.npz,1,100,cpu,cpu,1,1,0.072699,0.014547,0.000000
458,data/imagenet.npz,1,100,cpu,cpu,1,1,0.072438,0.014379,0.000000
459,data/imagenet.npz,1,100,cpu,cpu,1,1,0.077791,0.015968,0.000000
460,data/imagenet.npz,1,100,cpu,cpu,1,1,0.082757,0.016177,0.000000
461,data/imagenet.npz,1,100,cpu,cpu,1,1,0.055867,0.006748,0.000000
462,data/imagenet.npz,1,100,cpu,cpu,1,1,0.075132,0.016680,0.000000
463,data/imagenet.npz,1,100,cpu,cpu,1,1,0.109575,0.028526,0.000000
464,data/imagenet.npz,1,100,cpu,cpu,1,1,0.078148,0.015873,0.000000
465,data/imagenet.npz,1,100,cpu,cpu,1,1,0.084878,0.016215,0.000000
466,data/imagenet.npz,1,100,cpu,cpu,1,1,0.082705,0.016451,0.000000
467,data/imagenet.npz,1,100,cpu,cpu,1,1,0.078144,0.016473,0.000000
468,data/imagenet.npz,1,100,cpu,cpu,1,1,0.047563,0.003720,0.000000
469,data/imagenet.npz,1,100,cpu,cpu,1,1,0.077658,0.015629,0.000000
470,data/imagenet.npz,1,100,cpu,cpu,1,1,0.079161,0.016350,0.000000
471,data/imagenet.npz,1,100,cpu,cpu,1,1,0.076561,0.016736,0.000000
472,data/imagenet.npz,1,100,cpu,cpu,1,1,0.082588,0.017989,0.000000
473,data/imagenet.npz,1,100,cpu,cpu,1,1,0.073686,0.013747,0.000000
474,data/imagenet.npz,1,100,cpu,cpu,1,1,0.068077,0.016904,0.000000
475,data/imagenet.npz,1,100,cpu,cpu,1,1,0.076230,0.017807,0.000000
476,data/imagenet.npz,1,100,cpu,cpu,1,1,0.043146,0.000727,0.000000
477,data/imagenet.npz,1,100,cpu,cpu,1,1,0.074470,0.014240,0.000000
478,data/imagenet.npz,1,100,cpu,cpu,1,1,0.072703,0.014216,0.000000
479,data/imagenet.npz,1,100,cpu,cpu,1,1,0.079141,0.016215,0.000000
480,data/imagenet.npz,1,100,cpu,cpu,1,1,0.083074,0.020180,0.000000
481,data/imagenet.npz,1,100,cpu,cpu,1,1,0.075968,0.016683,0.000000
482,data/imagenet.npz,1,100,cpu,cpu,1,1,0.073546,0.015487,0.000000
483,data/imagenet.npz,1,100,cpu,cpu,1,1,0.077855,0.015824,0.000000
484,data/imagenet.npz,1,100,cpu,cpu,1,1,0.054292,0.007731,0.000000
485,data/imagenet.npz,1,100,cpu,cpu,1,1,0.074769,0.015471,0.000000
486,data/imagenet.npz,1,100,cpu,cpu,1,1,0.126783,0.032840,0.000000
487,data/imagenet.npz,1,100,cpu,cpu,1,1,0.408576,0.146190,0.000000
488,data/imagenet.npz,1,100,cpu,cpu,1,1,0.080738,0.016178,0.000000
489,data/imagenet.npz,1,100,cpu,cpu,1,1,0.051170,0.004053,0.000000
490,data/imagenet.npz,1,100,cpu,cpu,1,1,0.079586,0.016494,0.000000
491,data/imagenet.npz,1,100,cpu,cpu,1,1,0.133155,0.032508,0.000000
492,data/imagenet.npz,1,100,cpu,cpu,1,1,0.089665,0.020622,0.000000
493,data/imagenet.npz,1,100,cpu,cpu,1,1,0.074748,0.015796,0.000000
494,data/imagenet.npz,1,100,cpu,cpu,1,1,0.087544,0.017768,0.000000
495,data/imagenet.npz,1,100,cpu,cpu,1,1,0.077258,0.014901,0.000000
496,data/imagenet.npz,1,100,cpu,cpu,1,1,0.079907,0.015286,0.000000
497,data/imagenet.npz,1,100,cpu,cpu,1,1,0.077098,0.016582,0.000000
498,data/imagenet.npz,1,100,cpu,cpu,1,1,0.081692,0.016361,0.000000
499,data/imagenet.npz,1,100,cpu,cpu,1,1,0.089155,0.021951,0.000000
500,data/imagenet.npz,1,100,cpu,cpu,1,1,0.080489,0.016378,0.000000
501,data/imagenet.npz,1,100,cpu,cpu,1,1,0.075549,0.015553,0.000000
502,data/imagenet.npz,1,100,cpu,cpu,1,1,0.074573,0.015024,0.000000
503,data/imagenet.npz,1,100,cpu,cpu,1,1,0.080668,0.016771,0.000000
504,data/imagenet.npz,1,100,cpu,cpu,1,1,0.071629,0.010926,0.000000
505,data/imagenet.npz,1,100,cpu,cpu,1,1,0.079056,0.015227,0.000000
506,data/imagenet.npz,1,100,cpu,cpu,1,1,0.165955,0.050020,0.000000
507,data/imagenet.npz,1,100,cpu,cpu,1,1,0.076071,0.017240,0.000000
508,data/imagenet.npz,1,100,cpu,cpu,1,1,0.079114,0.017009,0.000000
509,data/imagenet.npz,1,100,cpu,cpu,1,1,0.217475,0.062751,0.000000
510,data/imagenet.npz,1,100,cpu,cpu,1,1,0.091957,0.020825,0.000000
511,data/imagenet.npz,1,100,cpu,cpu,1,1,0.069525,0.009532,0.000000
512,data/imagenet.npz,1,100,cpu,cpu,1,1,0.071773,0.014039,0.000000
513,data/imagenet.npz,1,100,cpu,cpu,1,1,0.071065,0.011747,0.000000
514,data/imagenet.npz,1,100,cpu,cpu,1,1,0.086408,0.021016,0.000000
515,data/imagenet.npz,1,100,cpu,cpu,1,1,0.112763,0.030590,0.000000
516,data/imagenet.npz,1,100,cpu,cpu,1,1,0.054140,0.004672,0.000000
517,data/imagenet.npz,1,100,cpu,cpu,1,1,0.078595,0.018655,0.000000
518,data/imagenet.npz,1,100,cpu,cpu,1,1,0.071963,0.013839,0.000000
519,data/imagenet.npz,1,100,cpu,cpu,1,1,0.043020,0.001970,0.000000
520,data/imagenet.npz,1,100,cpu,cpu,1,1,0.085815,0.019524,0.000000
521,data/imagenet.npz,1,100,cpu,cpu,1,1,0.071846,0.016126,0.000000
522,data/imagenet.npz,1,100,cpu,cpu,1,1,0.073454,0.013900,0.000000
523,data/imagenet.npz,1,100,cpu,cpu,1,1,0.077055,0.014528,0.000000
524,data/imagenet.npz,1,100,cpu,cpu,1,1,0.133951,0.035095,0.000000
525,data/imagenet.npz,1,100,cpu,cpu,1,1,0.122476,0.033028,0.000000
526,data/imagenet.npz,1,100,cpu,cpu,1,1,0.076031,0.015833,0.000000
527,data/imagenet.npz,1,100,cpu,cpu,1,1,0.072455,0.013016,0.000000
528,data/imagenet.npz,1,100,cpu,cpu,1,1,0.076163,0.015867,0.000000
529,data/imagenet.npz,1,100,cpu,cpu,1,1,0.160191,0.047241,0.000000
530,data/imagenet.npz,1,100,cpu,cpu,1,1,0.082379,0.017036,0.000000
531,data/imagenet.npz,1,100,cpu,cpu,1,1,0.081395,0.014534,0.000000
532,data/imagenet.npz,1,100,cpu,cpu,1,1,0.075469,0.015980,0.000000
533,data/imagenet.npz,1,100,cpu,cpu,1,1,0.074641,0.016680,0.000000
534,data/imagenet.npz,1,100,cpu,cpu,1,1,0.078639,0.016124,0.000000
535,data/imagenet.npz,1,100,cpu,cpu,1,1,0.090557,0.020674,0.000000
536,data/imagenet.npz,1,100,cpu,cpu,1,1,0.080602,0.016572,0.000000
537,data/imagenet.npz,1,100,cpu,cpu,1,1,0.078531,0.016883,0.000000
538,data/imagenet.npz,1,100,cpu,cpu,1,1,0.082495,0.016216,0.000000
539,data/imagenet.npz,1,100,cpu,cpu,1,1,0.077669,0.016374,0.000000
540,data/imagenet.npz,1,100,cpu,cpu,1,1,0.072265,0.014403,0.000000
541,data/imagenet.npz,1,100,cpu,cpu,1,1,0.072514,0.014838,0.000000
542,data/imagenet.npz,1,100,cpu,cpu,1,1,0.072134,0.014802,0.000000
543,data/imagenet.npz,1,100,cpu,cpu,1,1,0.076137,0.014968,0.000000
544,data/imagenet.npz,1,100,cpu,cpu,1,1,0.086458,0.021910,0.000000
545,data/imagenet.npz,1,100,cpu,cpu,1,1,0.079556,0.016146,0.000000
546,data/imagenet.npz,1,100,cpu,cpu,1,1,0.074938,0.015053,0.000000
547,data/imagenet.npz,1,100,cpu,cpu,1,1,0.111940,0.032418,0.000000
548,data/imagenet.npz,1,100,cpu,cpu,1,1,0.073718,0.014882,0.000000
549,data/imagenet.npz,1,100,cpu,cpu,1,1,0.093362,0.021529,0.000000
550,data/imagenet.npz,1,100,cpu,cpu,1,1,0.071128,0.014439,0.000000
551,data/imagenet.npz,1,100,cpu,cpu,1,1,0.077200,0.015320,0.000000
552,data/imagenet.npz,1,100,cpu,cpu,1,1,0.074101,0.015557,0.000000
553,data/imagenet.npz,1,100,cpu,cpu,1,1,0.073628,0.014282,0.000000
554,data/imagenet.npz,1,100,cpu,cpu,1,1,0.098119,0.025258,0.000000
555,data/imagenet.npz,1,100,cpu,cpu,1,1,0.072554,0.014275,0.000000
556,data/imagenet.npz,1,100,cpu,cpu,1,1,0.099847,0.025358,0.000000
557,data/imagenet.npz,1,100,cpu,cpu,1,1,0.078249,0.015504,0.000000
558,data/imagenet.npz,1,100,cpu,cpu,1,1,0.072854,0.015168,0.000000
559,data/imagenet.npz,1,100,cpu,cpu,1,1,0.080157,0.016637,0.000000
560,data/imagenet.npz,1,100,cpu,cpu,1,1,0.084840,0.021134,0.000000
561,data/imagenet.npz,1,100,cpu,cpu,1,1,0.071113,0.014573,0.000000
562,data/imagenet.npz,1,100,cpu,cpu,1,1,0.078919,0.016630,0.000000
563,data/imagenet.npz,1,100,cpu,cpu,1,1,0.073521,0.013873,0.000000
564,data/imagenet.npz,1,100,cpu,cpu,1,1,0.079439,0.018026,0.000000
565,data/imagenet.npz,1,100,cpu,cpu,1,1,0.087292,0.019952,0.000000
566,data/imagenet.npz,1,100,cpu,cpu,1,1,0.068781,0.013892,0.000000
567,data/imagenet.npz,1,100,cpu,cpu,1,1,0.070245,0.013531,0.000000
568,data/imagenet.npz,1,100,cpu,cpu,1,1,0.070751,0.014571,0.000000
569,data/imagenet.npz,1,100,cpu,cpu,1,1,0.078592,0.015913,0.000000
570,data/imagenet.npz,1,100,cpu,cpu,1,1,0.062140,0.010791,0.000000
571,data/imagenet.npz,1,100,cpu,cpu,1,1,0.131058,0.035814,0.000000
572,data/imagenet.npz,1,100,cpu,cpu,1,1,0.053299,0.003633,0.000000
573,data/imagenet.npz,1,100,cpu,cpu,1,1,0.081633,0.016428,0.000000
574,data/imagenet.npz,1,100,cpu,cpu,1,1,0.050129,0.003812,0.000000
575,data/imagenet.npz,1,100,cpu,cpu,1,1,0.091997,0.021004,0.000000
576,data/imagenet.npz,1,100,cpu,cpu,1,1,0.052253,0.005705,0.000000
577,data/imagenet.npz,1,100,cpu,cpu,1,1,0.080769,0.017217,0.000000
578,data/imagenet.npz,1,100,cpu,cpu,1,1,0.077362,0.017642,0.000000
579,data/imagenet.npz,1,100,cpu,cpu,1,1,0.080028,0.016302,0.000000
580,data/imagenet.npz,1,100,cpu,cpu,1,1,0.054100,0.007168,0.000000
581,data/imagenet.npz,1,100,cpu,cpu,1,1,0.076167,0.015454,0.000000
582,data/imagenet.npz,1,100,cpu,cpu,1,1,0.104288,0.024621,0.000000
583,data/imagenet.npz,1,100,cpu,cpu,1,1,0.077945,0.016586,0.000000
584,data/imagenet.npz,1,100,cpu,cpu,1,1,0.050547,0.004122,0.000000
585,data/imagenet.npz,1,100,cpu,cpu,1,1,0.078196,0.016760,0.000000
586,data/imagenet.npz,1,100,cpu,cpu,1,1,0.386582,0.139433,0.000000
587,data/imagenet.npz,1,100,cpu,cpu,1,1,0.137902,0.039344,0.000000
588,data/imagenet.npz,1,100,cpu,cpu,1,1,0.104311,0.024575,0.000000
589,data/imagenet.npz,1,100,cpu,cpu,1,1,0.083323,0.017073,0.000000
590,data/imagenet.npz,1,100,cpu,cpu,1,1,0.075694,0.015096,0.000000
591,data/imagenet.npz,1,100,cpu,cpu,1,1,0.144534,0.039359,0.000000
592,data/imagenet.npz,1,100,cpu,cpu,1,1,0.080958,0.018532,0.000000
593,data/imagenet.npz,1,100,cpu,cpu,1,1,0.097092,0.021069,0.000000
594,data/imagenet.npz,1,100,cpu,cpu,1,1,0.078032,0.016783,0.000000
595,data/imagenet.npz,1,100,cpu,cpu,1,1,0.103952,0.026260,0.000000
596,data/imagenet.npz,1,100,cpu,cpu,1,1,0.073281,0.014339,0.000000
597,data/imagenet.npz,1,100,cpu,cpu,1,1,0.081259,0.017154,0.000000
598,data/imagenet.npz,1,100,cpu,cpu,1,1,0.070412,0.013087,0.000000
599,data/imagenet.npz,1,100,cpu,cpu,1,1,0.077818,0.017833,0.000000
600,data/imagenet.npz,1,100,cpu,cpu,1,1,0.078354,0.015428,0.000000
601,data/imagenet.npz,1,100,cpu,cpu,1,1,0.072888,0.015157,0.000000
602,data/imagenet.npz,1,100,cpu,cpu,1,1,0.076206,0.016815,0.000000
603,data/imagenet.npz,1,100,cpu,cpu,1,1,0.087577,0.022289,0.000000
604,data/imagenet.npz,1,100,cpu,cpu,1,1,0.079227,0.016606,0.000000
605,data/imagenet.npz,1,100,cpu,cpu,1,1,0.089116,0.023013,0.000000
606,data/imagenet.npz,1,100,cpu,cpu,1,1,0.081417,0.016275,0.000000
607,data/imagenet.npz,1,100,cpu,cpu,1,1,0.080707,0.015883,0.000000
608,data/imagenet.npz,1,100,cpu,cpu,1,1,0.077023,0.016776,0.000000
609,data/imagenet.npz,1,100,cpu,cpu,1,1,0.064026,0.009927,0.000000
610,data/imagenet.npz,1,100,cpu,cpu,1,1,0.067120,0.014740,0.000000
611,data/imagenet.npz,1,100,cpu,cpu,1,1,0.071170,0.015790,0.000000
612,data/imagenet.npz,1,100,cpu,cpu,1,1,0.074370,0.015760,0.000000
613,data/imagenet.npz,1,100,cpu,cpu,1,1,0.084220,0.021163,0.000000
614,data/imagenet.npz,1,100,cpu,cpu,1,1,0.076222,0.016604,0.000000
615,data/imagenet.npz,1,100,cpu,cpu,1,1,0.069185,0.012477,0.000000
616,data/imagenet.npz,1,100,cpu,cpu,1,1,0.076557,0.016584,0.000000
617,data/imagenet.npz,1,100,cpu,cpu,1,1,0.078391,0.016584,0.000000
618,data/imagenet.npz,1,100,cpu,cpu,1,1,0.055015,0.006405,0.000000
619,data/imagenet.npz,1,100,cpu,cpu,1,1,0.058781,0.008116,0.000000
620,data/imagenet.npz,1,100,cpu,cpu,1,1,0.077722,0.015222,0.000000
621,data/imagenet.npz,1,100,cpu,cpu,1,1,0.075711,0.015637,0.000000
622,data/imagenet.npz,1,100,cpu,cpu,1,1,0.080330,0.015294,0.000000
623,data/imagenet.npz,1,100,cpu,cpu,1,1,0.068840,0.014220,0.000000
624,data/imagenet.npz,1,100,cpu,cpu,1,1,0.075955,0.014025,0.000000
625,data/imagenet.npz,1,100,cpu,cpu,1,1,0.096767,0.025656,0.000000
626,data/imagenet.npz,1,100,cpu,cpu,1,1,0.076988,0.016664,0.000000
627,data/imagenet.npz,1,100,cpu,cpu,1,1,0.071254,0.012826,0.000000
628,data/imagenet.npz,1,100,cpu,cpu,1,1,0.065424,0.006945,0.000000
629,data/imagenet.npz,1,100,cpu,cpu,1,1,0.066846,0.011169,0.000000
630,data/imagenet.npz,1,100,cpu,cpu,1,1,0.074963,0.015723,0.000000
631,data/imagenet.npz,1,100,cpu,cpu,1,1,0.081850,0.016884,0.000000
632,data/imagenet.npz,1,100,cpu,cpu,1,1,0.076930,0.014441,0.000000
633,data/imagenet.npz,1,100,cpu,cpu,1,1,0.078184,0.017083,0.000000
634,data/imagenet.npz,1,100,cpu,cpu,1,1,0.095644,0.023256,0.000000
635,data/imagenet.npz,1,100,cpu,cpu,1,1,0.065345,0.011557,0.000000
636,data/imagenet.npz,1,100,cpu,cpu,1,1,0.071605,0.013644,0.000000
637,data/imagenet.npz,1,100,cpu,cpu,1,1,0.076512,0.013844,0.000000
638,data/imagenet.npz,1,100,cpu,cpu,1,1,0.071165,0.015882,0.000000
639,data/imagenet.npz,1,100,cpu,cpu,1,1,0.222340,0.069661,0.000000
640,data/imagenet.npz,1,100,cpu,cpu,1,1,0.068297,0.011276,0.000000
641,data/imagenet.npz,1,100,cpu,cpu,1,1,0.077503,0.016229,0.000000
642,data/imagenet.npz,1,100,cpu,cpu,1,1,0.082216,0.016158,0.000000
643,data/imagenet.npz,1,100,cpu,cpu,1,1,0.077424,0.016283,0.000000
644,data/imagenet.npz,1,100,cpu,cpu,1,1,0.079383,0.016413,0.000000
645,data/imagenet.npz,1,100,cpu,cpu,1,1,0.059793,0.006251,0.000000
646,data/imagenet.npz,1,100,cpu,cpu,1,1,0.056550,0.007763,0.000000
647,data/imagenet.npz,1,100,cpu,cpu,1,1,0.074895,0.014622,0.000000
648,data/imagenet.npz,1,100,cpu,cpu,1,1,0.053217,0.005668,0.000000
649,data/imagenet.npz,1,100,cpu,cpu,1,1,0.079069,0.016983,0.000000
650,data/imagenet.npz,1,100,cpu,cpu,1,1,0.083452,0.018644,0.000000
651,data/imagenet.npz,1,100,cpu,cpu,1,1,0.083387,0.017167,0.000000
652,data/imagenet.npz,1,100,cpu,cpu,1,1,0.079595,0.016983,0.000000
653,data/imagenet.npz,1,100,cpu,cpu,1,1,0.080988,0.016112,0.000000
654,data/imagenet.npz,1,100,cpu,cpu,1,1,0.049019,0.003866,0.000000
655,data/imagenet.npz,1,100,cpu,cpu,1,1,0.100633,0.023846,0.000000
656,data/imagenet.npz,1,100,cpu,cpu,1,1,0.079300,0.017182,0.000000
657,data/imagenet.npz,1,100,cpu,cpu,1,1,0.073582,0.014458,0.000000
658,data/imagenet.npz,1,100,cpu,cpu,1,1,0.074559,0.016266,0.000000
659,data/imagenet.npz,1,100,cpu,cpu,1,1,0.064178,0.010688,0.000000
660,data/imagenet.npz,1,100,cpu,cpu,1,1,0.074227,0.014960,0.000000
661,data/imagenet.npz,1,100,cpu,cpu,1,1,0.080864,0.016593,0.000000
662,data/imagenet.npz,1,100,cpu,cpu,1,1,0.081113,0.018372,0.000000
663,data/imagenet.npz,1,100,cpu,cpu,1,1,0.074884,0.014918,0.000000
664,data/imagenet.npz,1,100,cpu,cpu,1,1,0.090722,0.022991,0.000000
665,data/imagenet.npz,1,100,cpu,cpu,1,1,0.075864,0.016735,0.000000
666,data/imagenet.npz,1,100,cpu,cpu,1,1,0.075625,0.017135,0.000000
667,data/imagenet.npz,1,100,cpu,cpu,1,1,0.305369,0.103318,0.000000
668,data/imagenet.npz,1,100,cpu,cpu,1,1,0.050969,0.003652,0.000000
669,data/imagenet.npz,1,100,cpu,cpu,1,1,0.086615,0.016899,0.000000
670,data/imagenet.npz,1,100,cpu,cpu,1,1,0.073243,0.014517,0.000000
671,data/imagenet.npz,1,100,cpu,cpu,1,1,0.061698,0.009588,0.000000
672,data/imagenet.npz,1,100,cpu,cpu,1,1,0.077855,0.014615,0.000000
673,data/imagenet.npz,1,100,cpu,cpu,1,1,0.078381,0.017282,0.000000
674,data/imagenet.npz,1,100,cpu,cpu,1,1,0.085723,0.019391,0.000000
675,data/imagenet.npz,1,100,cpu,cpu,1,1,0.073643,0.014542,0.000000
676,data/imagenet.npz,1,100,cpu,cpu,1,1,0.073311,0.014015,0.000000
677,data/imagenet.npz,1,100,cpu,cpu,1,1,0.047487,0.001452,0.000000
678,data/imagenet.npz,1,100,cpu,cpu,1,1,0.054649,0.008014,0.000000
679,data/imagenet.npz,1,100,cpu,cpu,1,1,0.080165,0.017028,0.000000
680,data/imagenet.npz,1,100,cpu,cpu,1,1,0.075836,0.015119,0.000000
681,data/imagenet.npz,1,100,cpu,cpu,1,1,0.043385,0.001924,0.000000
682,data/imagenet.npz,1,100,cpu,cpu,1,1,0.050026,0.005478,0.000000
683,data/imagenet.npz,1,100,cpu,cpu,1,1,0.077363,0.014665,0.000000
684,data/imagenet.npz,1,100,cpu,cpu,1,1,0.074103,0.013760,0.000000
685,data/imagenet.npz,1,100,cpu,cpu,1,1,0.071815,0.014827,0.000000
686,data/imagenet.npz,1,100,cpu,cpu,1,1,0.081586,0.017022,0.000000
687,data/imagenet.npz,1,100,cpu,cpu,1,1,0.102592,0.024997,0.000000
688,data/imagenet.npz,1,100,cpu,cpu,1,1,0.080510,0.016524,0.000000
689,data/imagenet.npz,1,100,cpu,cpu,1,1,0.074714,0.016437,0.000000
690,data/imagenet.npz,1,100,cpu,cpu,1,1,0.076220,0.016879,0.000000
691,data/imagenet.npz,1,100,cpu,cpu,1,1,0.075276,0.014514,0.000000
692,data/imagenet.npz,1,100,cpu,cpu,1,1,0.086508,0.020021,0.000000
693,data/imagenet.npz,1,100,cpu,cpu,1,1,0.074242,0.015499,0.000000
694,data/imagenet.npz,1,100,cpu,cpu,1,1,0.076918,0.017653,0.000000
695,data/imagenet.npz,1,100,cpu,cpu,1,1,0.060861,0.008724,0.000000
696,data/imagenet.npz,1,100,cpu,cpu,1,1,0.239607,0.081270,0.000000
697,data/imagenet.npz,1,100,cpu,cpu,1,1,0.057144,0.007384,0.000000
698,data/imagenet.npz,1,100,cpu,cpu,1,1,0.062004,0.009407,0.000000
699,data/imagenet.npz,1,100,cpu,cpu,1,1,0.218690,0.064281,0.000000
700,data/imagenet.npz,1,100,cpu,cpu,1,1,0.060403,0.010129,0.000000
701,data/imagenet.npz,1,100,cpu,cpu,1,1,0.075389,0.014949,0.000000
702,data/imagenet.npz,1,100,cpu,cpu,1,1,0.076027,0.016678,0.000000
703,data/imagenet.npz,1,100,cpu,cpu,1,1,0.151794,0.044818,0.000000
704,data/imagenet.npz,1,100,cpu,cpu,1,1,0.079484,0.016242,0.000000
705,data/imagenet.npz,1,100,cpu,cpu,1,1,0.070487,0.011183,0.000000
706,data/imagenet.npz,1,100,cpu,cpu,1,1,0.079627,0.016390,0.000000
707,data/imagenet.npz,1,100,cpu,cpu,1,1,0.080638,0.017039,0.000000
708,data/imagenet.npz,1,100,cpu,cpu,1,1,0.072102,0.014774,0.000000
709,data/imagenet.npz,1,100,cpu,cpu,1,1,0.079332,0.016524,0.000000
710,data/imagenet.npz,1,100,cpu,cpu,1,1,0.077799,0.016694,0.000000
711,data/imagenet.npz,1,100,cpu,cpu,1,1,0.082571,0.016068,0.000000
712,data/imagenet.npz,1,100,cpu,cpu,1,1,0.078782,0.016761,0.000000
713,data/imagenet.npz,1,100,cpu,cpu,1,1,0.075357,0.016942,0.000000
714,data/imagenet.npz,1,100,cpu,cpu,1,1,0.076987,0.017323,0.000000
715,data/imagenet.npz,1,100,cpu,cpu,1,1,0.079897,0.016397,0.000000
716,data/imagenet.npz,1,100,cpu,cpu,1,1,0.082409,0.016702,0.000000
717,data/imagenet.npz,1,100,cpu,cpu,1,1,0.075629,0.015533,0.000000
718,data/imagenet.npz,1,100,cpu,cpu,1,1,0.072280,0.016889,0.000000
719,data/imagenet.npz,1,100,cpu,cpu,1,1,0.074894,0.014681,0.000000
720,data/imagenet.npz,1,100,cpu,cpu,1,1,0.077272,0.014161,0.000000
721,data/imagenet.npz,1,100,cpu,cpu,1,1,0.082004,0.016514,0.000000
722,data/imagenet.npz,1,100,cpu,cpu,1,1,0.072463,0.014778,0.000000
723,data/imagenet.npz,1,100,cpu,cpu,1,1,0.067549,0.012434,0.000000
724,data/imagenet.npz,1,100,cpu,cpu,1,1,0.061237,0.010507,0.000000
725,data/imagenet.npz,1,100,cpu,cpu,1,1,0.080793,0.013145,0.000000
726,data/imagenet.npz,1,100,cpu,cpu,1,1,0.055019,0.007074,0.000000
727,data/imagenet.npz,1,100,cpu,cpu,1,1,0.316757,0.017054,0.000000
728,data/imagenet.npz,1,100,cpu,cpu,1,1,0.079361,0.015570,0.000000
729,data/imagenet.npz,1,100,cpu,cpu,1,1,0.050765,0.004828,0.000000
730,data/imagenet.npz,1,100,cpu,cpu,1,1,0.073957,0.017387,0.000000
731,data/imagenet.npz,1,100,cpu,cpu,1,1,0.075078,0.014698,0.000000
732,data/imagenet.npz,1,100,cpu,cpu,1,1,0.075579,0.013839,0.000000
733,data/imagenet.npz,1,100,cpu,cpu,1,1,0.091863,0.024453,0.000000
734,data/imagenet.npz,1,100,cpu,cpu,1,1,0.078161,0.016609,0.000000
735,data/imagenet.npz,1,100,cpu,cpu,1,1,0.073952,0.014489,0.000000
736,data/imagenet.npz,1,100,cpu,cpu,1,1,0.074327,0.015007,0.000000
737,data/imagenet.npz,1,100,cpu,cpu,1,1,0.083191,0.016313,0.000000
738,data/imagenet.npz,1,100,cpu,cpu,1,1,0.077379,0.015396,0.000000
739,data/imagenet.npz,1,100,cpu,cpu,1,1,0.101554,0.026971,0.000000
740,data/imagenet.npz,1,100,cpu,cpu,1,1,0.072353,0.014659,0.000000
741,data/imagenet.npz,1,100,cpu,cpu,1,1,0.083450,0.016416,0.000000
742,data/imagenet.npz,1,100,cpu,cpu,1,1,0.047973,0.003013,0.000000
743,data/imagenet.npz,1,100,cpu,cpu,1,1,0.073820,0.015088,0.000000
744,data/imagenet.npz,1,100,cpu,cpu,1,1,0.071154,0.015543,0.000000
745,data/imagenet.npz,1,100,cpu,cpu,1,1,0.081790,0.016626,0.000000
746,data/imagenet.npz,1,100,cpu,cpu,1,1,0.079201,0.014861,0.000000
747,data/imagenet.npz,1,100,cpu,cpu,1,1,0.077522,0.016055,0.000000
748,data/imagenet.npz,1,100,cpu,cpu,1,1,0.060432,0.008134,0.000000
749,data/imagenet.npz,1,100,cpu,cpu,1,1,0.105154,0.026179,0.000000
750,data/imagenet.npz,1,100,cpu,cpu,1,1,0.054142,0.004632,0.000000
751,data/imagenet.npz,1,100,cpu,cpu,1,1,0.075792,0.014789,0.000000
752,data/imagenet.npz,1,100,cpu,cpu,1,1,0.084582,0.016542,0.000000
753,data/imagenet.npz,1,100,cpu,cpu,1,1,0.099451,0.023375,0.000000
754,data/imagenet.npz,1,100,cpu,cpu,1,1,0.071228,0.011679,0.000000
755,data/imagenet.npz,1,100,cpu,cpu,1,1,0.074081,0.014223,0.000000
756,data/imagenet.npz,1,100,cpu,cpu,1,1,0.076119,0.015561,0.000000
757,data/imagenet.npz,1,100,cpu,cpu,1,1,0.074929,0.016436,0.000000
758,data/imagenet.npz,1,100,cpu,cpu,1,1,0.076544,0.017048,0.000000
759,data/imagenet.npz,1,100,cpu,cpu,1,1,0.077642,0.016698,0.000000
760,data/imagenet.npz,1,100,cpu,cpu,1,1,0.072532,0.014380,0.000000
761,data/imagenet.npz,1,100,cpu,cpu,1,1,0.080616,0.017039,0.000000
762,data/imagenet.npz,1,100,cpu,cpu,1,1,0.079336,0.017241,0.000000
763,data/imagenet.npz,1,100,cpu,cpu,1,1,0.079327,0.019514,0.000000
764,data/imagenet.npz,1,100,cpu,cpu,1,1,0.073234,0.014901,0.000000
765,data/imagenet.npz,1,100,cpu,cpu,1,1,0.068563,0.014441,0.000000
766,data/imagenet.npz,1,100,cpu,cpu,1,1,0.116685,0.031527,0.000000
767,data/imagenet.npz,1,100,cpu,cpu,1,1,0.049671,0.004181,0.000000
768,data/imagenet.npz,1,100,cpu,cpu,1,1,0.062254,0.009915,0.000000
769,data/imagenet.npz,1,100,cpu,cpu,1,1,0.071479,0.014622,0.000000
770,data/imagenet.npz,1,100,cpu,cpu,1,1,0.103262,0.026136,0.000000
771,data/imagenet.npz,1,100,cpu,cpu,1,1,0.093996,0.022385,0.000000
772,data/imagenet.npz,1,100,cpu,cpu,1,1,0.077981,0.016442,0.000000
773,data/imagenet.npz,1,100,cpu,cpu,1,1,0.103237,0.026656,0.000000
774,data/imagenet.npz,1,100,cpu,cpu,1,1,0.076689,0.014811,0.000000
775,data/imagenet.npz,1,100,cpu,cpu,1,1,0.088245,0.022110,0.000000
776,data/imagenet.npz,1,100,cpu,cpu,1,1,0.084850,0.016876,0.000000
777,data/imagenet.npz,1,100,cpu,cpu,1,1,0.079990,0.016497,0.000000
778,data/imagenet.npz,1,100,cpu,cpu,1,1,0.074085,0.015353,0.000000
779,data/imagenet.npz,1,100,cpu,cpu,1,1,0.076350,0.015934,0.000000
780,data/imagenet.npz,1,100,cpu,cpu,1,1,0.080615,0.016606,0.000000
781,data/imagenet.npz,1,100,cpu,cpu,1,1,0.062067,0.008074,0.000000
782,data/imagenet.npz,1,100,cpu,cpu,1,1,0.069426,0.014574,0.000000
783,data/imagenet.npz,1,100,cpu,cpu,1,1,0.079838,0.014370,0.000000
784,data/imagenet.npz,1,100,cpu,cpu,1,1,0.080342,0.016573,0.000000
785,data/imagenet.npz,1,100,cpu,cpu,1,1,0.072453,0.014393,0.000000
786,data/imagenet.npz,1,100,cpu,cpu,1,1,0.078729,0.016529,0.000000
787,data/imagenet.npz,1,100,cpu,cpu,1,1,0.077093,0.014225,0.000000
788,data/imagenet.npz,1,100,cpu,cpu,1,1,0.063008,0.007010,0.000000
789,data/imagenet.npz,1,100,cpu,cpu,1,1,0.076650,0.016635,0.000000
790,data/imagenet.npz,1,100,cpu,cpu,1,1,0.079429,0.014922,0.000000
791,data/imagenet.npz,1,100,cpu,cpu,1,1,0.064555,0.010334,0.000000
792,data/imagenet.npz,1,100,cpu,cpu,1,1,0.080292,0.016402,0.000000
793,data/imagenet.npz,1,100,cpu,cpu,1,1,0.076574,0.016573,0.000000
794,data/imagenet.npz,1,100,cpu,cpu,1,1,0.074146,0.012920,0.000000
795,data/imagenet.npz,1,100,cpu,cpu,1,1,0.074592,0.013959,0.000000
796,data/imagenet.npz,1,100,cpu,cpu,1,1,0.070261,0.013381,0.000000
797,data/imagenet.npz,1,100,cpu,cpu,1,1,0.077783,0.015587,0.000000
798,data/imagenet.npz,1,100,cpu,cpu,1,1,0.073268,0.013453,0.000000
799,data/imagenet.npz,1,100,cpu,cpu,1,1,0.128270,0.033103,0.000000
800,data/imagenet.npz,1,100,cpu,cpu,1,1,0.084661,0.017639,0.000000
801,data/imagenet.npz,1,100,cpu,cpu,1,1,0.057328,0.005363,0.000000
802,data/imagenet.npz,1,100,cpu,cpu,1,1,0.057948,0.007531,0.000000
803,data/imagenet.npz,1,100,cpu,cpu,1,1,0.078626,0.016703,0.000000
804,data/imagenet.npz,1,100,cpu,cpu,1,1,0.077094,0.016826,0.000000
805,data/imagenet.npz,1,100,cpu,cpu,1,1,0.046521,0.002696,0.000000
806,data/imagenet.npz,1,100,cpu,cpu,1,1,0.068519,0.012648,0.000000
807,data/imagenet.npz,1,100,cpu,cpu,1,1,0.079263,0.016490,0.000000
808,data/imagenet.npz,1,100,cpu,cpu,1,1,0.077235,0.015618,0.000000
809,data/imagenet.npz,1,100,cpu,cpu,1,1,0.076880,0.016050,0.000000
810,data/imagenet.npz,1,100,cpu,cpu,1,1,0.093013,0.022711,0.000000
811,data/imagenet.npz,1,100,cpu,cpu,1,1,0.080113,0.016888,0.000000
812,data/imagenet.npz,1,100,cpu,cpu,1,1,0.076459,0.014430,0.000000
813,data/imagenet.npz,1,100,cpu,cpu,1,1,0.079012,0.016162,0.000000
814,data/imagenet.npz,1,100,cpu,cpu,1,1,0.075120,0.014731,0.000000
815,data/imagenet.npz,1,100,cpu,cpu,1,1,0.046329,0.002529,0.000000
816,data/imagenet.npz,1,100,cpu,cpu,1,1,0.074875,0.014911,0.000000
817,data/imagenet.npz,1,100,cpu,cpu,1,1,0.080098,0.016324,0.000000
818,data/imagenet.npz,1,100,cpu,cpu,1,1,0.074421,0.016244,0.000000
819,data/imagenet.npz,1,100,cpu,cpu,1,1,0.076802,0.014599,0.000000
820,data/imagenet.npz,1,100,cpu,cpu,1,1,0.093355,0.023674,0.000000
821,data/imagenet.npz,1,100,cpu,cpu,1,1,0.078420,0.015962,0.000000
822,data/imagenet.npz,1,100,cpu,cpu,1,1,0.073582,0.014766,0.000000
823,data/imagenet.npz,1,100,cpu,cpu,1,1,0.072057,0.014599,0.000000
824,data/imagenet.npz,1,100,cpu,cpu,1,1,0.056727,0.005727,0.000000
825,data/imagenet.npz,1,100,cpu,cpu,1,1,0.079881,0.016144,0.000000
826,data/imagenet.npz,1,100,cpu,cpu,1,1,0.082862,0.019684,0.000000
827,data/imagenet.npz,1,100,cpu,cpu,1,1,0.084116,0.018391,0.000000
828,data/imagenet.npz,1,100,cpu,cpu,1,1,0.072736,0.015094,0.000000
829,data/imagenet.npz,1,100,cpu,cpu,1,1,0.046072,0.002558,0.000000
830,data/imagenet.npz,1,100,cpu,cpu,1,1,0.081227,0.016389,0.000000
831,data/imagenet.npz,1,100,cpu,cpu,1,1,0.077412,0.014400,0.000000
832,data/imagenet.npz,1,100,cpu,cpu,1,1,0.076228,0.015780,0.000000
833,data/imagenet.npz,1,100,cpu,cpu,1,1,0.140770,0.041302,0.000000
834,data/imagenet.npz,1,100,cpu,cpu,1,1,0.090550,0.021719,0.000000
835,data/imagenet.npz,1,100,cpu,cpu,1,1,0.049523,0.004272,0.000000
836,data/imagenet.npz,1,100,cpu,cpu,1,1,0.050818,0.010175,0.000000
837,data/imagenet.npz,1,100,cpu,cpu,1,1,0.078005,0.017068,0.000000
838,data/imagenet.npz,1,100,cpu,cpu,1,1,0.078268,0.014214,0.000000
839,data/imagenet.npz,1,100,cpu,cpu,1,1,0.087616,0.019445,0.000000
840,data/imagenet.npz,1,100,cpu,cpu,1,1,0.144782,0.039956,0.000000
841,data/imagenet.npz,1,100,cpu,cpu,1,1,0.078552,0.015342,0.000000
842,data/imagenet.npz,1,100,cpu,cpu,1,1,0.076665,0.016910,0.000000
843,data/imagenet.npz,1,100,cpu,cpu,1,1,0.072358,0.014572,0.000000
844,data/imagenet.npz,1,100,cpu,cpu,1,1,0.083296,0.016465,0.000000
845,data/imagenet.npz,1,100,cpu,cpu,1,1,0.073514,0.012384,0.000000
846,data/imagenet.npz,1,100,cpu,cpu,1,1,0.070938,0.012292,0.000000
847,data/imagenet.npz,1,100,cpu,cpu,1,1,0.052639,0.003147,0.000000
848,data/imagenet.npz,1,100,cpu,cpu,1,1,0.080007,0.016865,0.000000
849,data/imagenet.npz,1,100,cpu,cpu,1,1,0.077088,0.016231,0.000000
850,data/imagenet.npz,1,100,cpu,cpu,1,1,0.046624,0.003534,0.000000
851,data/imagenet.npz,1,100,cpu,cpu,1,1,0.730849,0.319561,0.000000
852,data/imagenet.npz,1,100,cpu,cpu,1,1,0.082166,0.017525,0.000000
853,data/imagenet.npz,1,100,cpu,cpu,1,1,0.077084,0.014522,0.000000
854,data/imagenet.npz,1,100,cpu,cpu,1,1,0.074686,0.014609,0.000000
855,data/imagenet.npz,1,100,cpu,cpu,1,1,0.083784,0.016493,0.000000
856,data/imagenet.npz,1,100,cpu,cpu,1,1,0.054212,0.005934,0.000000
857,data/imagenet.npz,1,100,cpu,cpu,1,1,0.080927,0.016550,0.000000
858,data/imagenet.npz,1,100,cpu,cpu,1,1,0.042120,0.002079,0.000000
859,data/imagenet.npz,1,100,cpu,cpu,1,1,0.076375,0.014561,0.000000
860,data/imagenet.npz,1,100,cpu,cpu,1,1,0.058219,0.008563,0.000000
861,data/imagenet.npz,1,100,cpu,cpu,1,1,0.047229,0.002668,0.000000
862,data/imagenet.npz,1,100,cpu,cpu,1,1,0.083919,0.018638,0.000000
863,data/imagenet.npz,1,100,cpu,cpu,1,1,0.042669,0.000885,0.000000
864,data/imagenet.npz,1,100,cpu,cpu,1,1,0.085968,0.020326,0.000000
865,data/imagenet.npz,1,100,cpu,cpu,1,1,0.095368,0.019543,0.000000
866,data/imagenet.npz,1,100,cpu,cpu,1,1,0.049171,0.004128,0.000000
867,data/imagenet.npz,1,100,cpu,cpu,1,1,0.082463,0.018632,0.000000
868,data/imagenet.npz,1,100,cpu,cpu,1,1,0.045883,0.002091,0.000000
869,data/imagenet.npz,1,100,cpu,cpu,1,1,0.055127,0.006196,0.000000
870,data/imagenet.npz,1,100,cpu,cpu,1,1,0.070447,0.013529,0.000000
871,data/imagenet.npz,1,100,cpu,cpu,1,1,0.282276,0.092659,0.000000
872,data/imagenet.npz,1,100,cpu,cpu,1,1,0.083284,0.021809,0.000000
873,data/imagenet.npz,1,100,cpu,cpu,1,1,0.044914,0.002367,0.000000
874,data/imagenet.npz,1,100,cpu,cpu,1,1,0.392355,0.152345,0.000000
875,data/imagenet.npz,1,100,cpu,cpu,1,1,0.082471,0.016156,0.000000
876,data/imagenet.npz,1,100,cpu,cpu,1,1,0.079464,0.016405,0.000000
877,data/imagenet.npz,1,100,cpu,cpu,1,1,0.076837,0.016016,0.000000
878,data/imagenet.npz,1,100,cpu,cpu,1,1,0.073969,0.015851,0.000000
879,data/imagenet.npz,1,100,cpu,cpu,1,1,0.081130,0.014725,0.000000
880,data/imagenet.npz,1,100,cpu,cpu,1,1,0.060960,0.011271,0.000000
881,data/imagenet.npz,1,100,cpu,cpu,1,1,0.140452,0.038918,0.000000
882,data/imagenet.npz,1,100,cpu,cpu,1,1,0.073284,0.015552,0.000000
883,data/imagenet.npz,1,100,cpu,cpu,1,1,0.077032,0.012685,0.000000
884,data/imagenet.npz,1,100,cpu,cpu,1,1,0.074445,0.015766,0.000000
885,data/imagenet.npz,1,100,cpu,cpu,1,1,0.042509,0.001669,0.000000
886,data/imagenet.npz,1,100,cpu,cpu,1,1,0.076697,0.016016,0.000000
887,data/imagenet.npz,1,100,cpu,cpu,1,1,0.076981,0.015684,0.000000
888,data/imagenet.npz,1,100,cpu,cpu,1,1,0.074261,0.015600,0.000000
889,data/imagenet.npz,1,100,cpu,cpu,1,1,0.074588,0.014678,0.000000
890,data/imagenet.npz,1,100,cpu,cpu,1,1,0.072918,0.015659,0.000000
891,data/imagenet.npz,1,100,cpu,cpu,1,1,0.074914,0.015961,0.000000
892,data/imagenet.npz,1,100,cpu,cpu,1,1,0.073433,0.016600,0.000000
893,data/imagenet.npz,1,100,cpu,cpu,1,1,0.071141,0.014440,0.000000
894,data/imagenet.npz,1,100,cpu,cpu,1,1,0.071569,0.015203,0.000000
895,data/imagenet.npz,1,100,cpu,cpu,1,1,0.072090,0.014107,0.000000
896,data/imagenet.npz,1,100,cpu,cpu,1,1,0.077245,0.017538,0.000000
897,data/imagenet.npz,1,100,cpu,cpu,1,1,0.073882,0.015089,0.000000
898,data/imagenet.npz,1,100,cpu,cpu,1,1,0.075664,0.015705,0.000000
899,data/imagenet.npz,1,100,cpu,cpu,1,1,0.075769,0.015554,0.000000
900,data/imagenet.npz,1,100,cpu,cpu,1,1,0.071145,0.015144,0.000000
901,data/imagenet.npz,1,100,cpu,cpu,1,1,0.072557,0.014152,0.000000
902,data/imagenet.npz,1,100,cpu,cpu,1,1,0.078643,0.016064,0.000000
903,data/imagenet.npz,1,100,cpu,cpu,1,1,0.071878,0.012658,0.000000
904,data/imagenet.npz,1,100,cpu,cpu,1,1,0.061193,0.009995,0.000000
905,data/imagenet.npz,1,100,cpu,cpu,1,1,0.078058,0.016564,0.000000
906,data/imagenet.npz,1,100,cpu,cpu,1,1,0.073923,0.015799,0.000000
907,data/imagenet.npz,1,100,cpu,cpu,1,1,0.073026,0.015672,0.000000
908,data/imagenet.npz,1,100,cpu,cpu,1,1,0.071666,0.014536,0.000000
909,data/imagenet.npz,1,100,cpu,cpu,1,1,0.078372,0.015727,0.000000
910,data/imagenet.npz,1,100,cpu,cpu,1,1,0.080508,0.016652,0.000000
911,data/imagenet.npz,1,100,cpu,cpu,1,1,0.075351,0.014583,0.000000
912,data/imagenet.npz,1,100,cpu,cpu,1,1,0.081052,0.018185,0.000000
913,data/imagenet.npz,1,100,cpu,cpu,1,1,0.078412,0.016494,0.000000
914,data/imagenet.npz,1,100,cpu,cpu,1,1,0.051850,0.005837,0.000000
915,data/imagenet.npz,1,100,cpu,cpu,1,1,0.079037,0.015533,0.000000
916,data/imagenet.npz,1,100,cpu,cpu,1,1,0.076799,0.015641,0.000000
917,data/imagenet.npz,1,100,cpu,cpu,1,1,0.071054,0.014476,0.000000
918,data/imagenet.npz,1,100,cpu,cpu,1,1,0.064891,0.011738,0.000000
919,data/imagenet.npz,1,100,cpu,cpu,1,1,0.076630,0.015628,0.000000
920,data/imagenet.npz,1,100,cpu,cpu,1,1,0.083243,0.018662,0.000000
921,data/imagenet.npz,1,100,cpu,cpu,1,1,0.076194,0.015165,0.000000
922,data/imagenet.npz,1,100,cpu,cpu,1,1,0.073303,0.015739,0.000000
923,data/imagenet.npz,1,100,cpu,cpu,1,1,0.074715,0.015948,0.000000
924,data/imagenet.npz,1,100,cpu,cpu,1,1,0.073048,0.013932,0.000000
925,data/imagenet.npz,1,100,cpu,cpu,1,1,0.072485,0.013884,0.000000
926,data/imagenet.npz,1,100,cpu,cpu,1,1,0.067861,0.010572,0.000000
927,data/imagenet.npz,1,100,cpu,cpu,1,1,0.072035,0.013976,0.000000
928,data/imagenet.npz,1,100,cpu,cpu,1,1,0.080048,0.015671,0.000000
929,data/imagenet.npz,1,100,cpu,cpu,1,1,0.067518,0.012485,0.000000
930,data/imagenet.npz,1,100,cpu,cpu,1,1,0.063158,0.011570,0.000000
931,data/imagenet.npz,1,100,cpu,cpu,1,1,0.069240,0.012561,0.000000
932,data/imagenet.npz,1,100,cpu,cpu,1,1,0.075327,0.014821,0.000000
933,data/imagenet.npz,1,100,cpu,cpu,1,1,0.056552,0.006589,0.000000
934,data/imagenet.npz,1,100,cpu,cpu,1,1,0.072882,0.014609,0.000000
935,data/imagenet.npz,1,100,cpu,cpu,1,1,0.064125,0.010632,0.000000
936,data/imagenet.npz,1,100,cpu,cpu,1,1,0.072955,0.014423,0.000000
937,data/imagenet.npz,1,100,cpu,cpu,1,1,0.076106,0.015124,0.000000
938,data/imagenet.npz,1,100,cpu,cpu,1,1,0.089137,0.021418,0.000000
939,data/imagenet.npz,1,100,cpu,cpu,1,1,0.067160,0.012918,0.000000
940,data/imagenet.npz,1,100,cpu,cpu,1,1,0.079633,0.016469,0.000000
941,data/imagenet.npz,1,100,cpu,cpu,1,1,0.076019,0.016554,0.000000
942,data/imagenet.npz,1,100,cpu,cpu,1,1,0.072488,0.014674,0.000000
943,data/imagenet.npz,1,100,cpu,cpu,1,1,0.072041,0.015220,0.000000
944,data/imagenet.npz,1,100,cpu,cpu,1,1,0.070432,0.015539,0.000000
945,data/imagenet.npz,1,100,cpu,cpu,1,1,0.076573,0.016825,0.000000
946,data/imagenet.npz,1,100,cpu,cpu,1,1,0.076386,0.014396,0.000000
947,data/imagenet.npz,1,100,cpu,cpu,1,1,0.080870,0.017126,0.000000
948,data/imagenet.npz,1,100,cpu,cpu,1,1,0.077583,0.016787,0.000000
949,data/imagenet.npz,1,100,cpu,cpu,1,1,0.075215,0.014266,0.000000
950,data/imagenet.npz,1,100,cpu,cpu,1,1,0.076667,0.017220,0.000000
951,data/imagenet.npz,1,100,cpu,cpu,1,1,0.080564,0.017503,0.000000
952,data/imagenet.npz,1,100,cpu,cpu,1,1,0.072956,0.016952,0.000000
953,data/imagenet.npz,1,100,cpu,cpu,1,1,0.061110,0.010307,0.000000
954,data/imagenet.npz,1,100,cpu,cpu,1,1,0.066069,0.008600,0.000000
955,data/imagenet.npz,1,100,cpu,cpu,1,1,0.071699,0.014791,0.000000
956,data/imagenet.npz,1,100,cpu,cpu,1,1,0.082932,0.015864,0.000000
957,data/imagenet.npz,1,100,cpu,cpu,1,1,0.068159,0.013453,0.000000
958,data/imagenet.npz,1,100,cpu,cpu,1,1,0.075193,0.011870,0.000000
959,data/imagenet.npz,1,100,cpu,cpu,1,1,0.082320,0.019405,0.000000
960,data/imagenet.npz,1,100,cpu,cpu,1,1,0.073987,0.015466,0.000000
961,data/imagenet.npz,1,100,cpu,cpu,1,1,0.070027,0.014933,0.000000
962,data/imagenet.npz,1,100,cpu,cpu,1,1,0.078137,0.015146,0.000000
963,data/imagenet.npz,1,100,cpu,cpu,1,1,0.074464,0.015309,0.000000
964,data/imagenet.npz,1,100,cpu,cpu,1,1,0.074753,0.014354,0.000000
965,data/imagenet.npz,1,100,cpu,cpu,1,1,0.073712,0.014148,0.000000
966,data/imagenet.npz,1,100,cpu,cpu,1,1,0.076671,0.015878,0.000000
967,data/imagenet.npz,1,100,cpu,cpu,1,1,0.078199,0.016752,0.000000
968,data/imagenet.npz,1,100,cpu,cpu,1,1,0.069601,0.014390,0.000000
969,data/imagenet.npz,1,100,cpu,cpu,1,1,0.078078,0.015666,0.000000
970,data/imagenet.npz,1,100,cpu,cpu,1,1,0.075710,0.016579,0.000000
971,data/imagenet.npz,1,100,cpu,cpu,1,1,0.060986,0.008275,0.000000
972,data/imagenet.npz,1,100,cpu,cpu,1,1,0.055168,0.004166,0.000000
973,data/imagenet.npz,1,100,cpu,cpu,1,1,0.082481,0.016808,0.000000
974,data/imagenet.npz,1,100,cpu,cpu,1,1,0.049658,0.004101,0.000000
975,data/imagenet.npz,1,100,cpu,cpu,1,1,0.079725,0.016099,0.000000
976,data/imagenet.npz,1,100,cpu,cpu,1,1,0.078957,0.015098,0.000000
977,data/imagenet.npz,1,100,cpu,cpu,1,1,0.083421,0.016699,0.000000
978,data/imagenet.npz,1,100,cpu,cpu,1,1,0.074068,0.014206,0.000000
979,data/imagenet.npz,1,100,cpu,cpu,1,1,0.078649,0.016663,0.000000
980,data/imagenet.npz,1,100,cpu,cpu,1,1,0.077923,0.016662,0.000000
981,data/imagenet.npz,1,100,cpu,cpu,1,1,0.079948,0.016127,0.000000
982,data/imagenet.npz,1,100,cpu,cpu,1,1,0.077794,0.016860,0.000000
983,data/imagenet.npz,1,100,cpu,cpu,1,1,0.077051,0.016133,0.000000
984,data/imagenet.npz,1,100,cpu,cpu,1,1,0.073004,0.014049,0.000000
985,data/imagenet.npz,1,100,cpu,cpu,1,1,0.047166,0.004175,0.000000
986,data/imagenet.npz,1,100,cpu,cpu,1,1,0.161996,0.046834,0.000000
987,data/imagenet.npz,1,100,cpu,cpu,1,1,0.086456,0.019420,0.000000
988,data/imagenet.npz,1,100,cpu,cpu,1,1,0.067815,0.007550,0.000000
989,data/imagenet.npz,1,100,cpu,cpu,1,1,0.078389,0.016015,0.000000
990,data/imagenet.npz,1,100,cpu,cpu,1,1,0.078620,0.015597,0.000000
991,data/imagenet.npz,1,100,cpu,cpu,1,1,0.072850,0.013508,0.000000
992,data/imagenet.npz,1,100,cpu,cpu,1,1,0.068803,0.012367,0.000000
993,data/imagenet.npz,1,100,cpu,cpu,1,1,0.076267,0.014400,0.000000
994,data/imagenet.npz,1,100,cpu,cpu,1,1,0.099093,0.023156,0.000000
995,data/imagenet.npz,1,100,cpu,cpu,1,1,0.082173,0.018295,0.000000
996,data/imagenet.npz,1,100,cpu,cpu,1,1,0.076648,0.016307,0.000000
997,data/imagenet.npz,1,100,cpu,cpu,1,1,0.068915,0.011459,0.000000
998,data/imagenet.npz,1,100,cpu,cpu,1,1,0.078820,0.016421,0.000000
999,data/imagenet.npz,1,100,cpu,cpu,1,1,0.060522,0.009185,0.000000
