image_index,data_path,num_directions,num_timesteps,device_requested,device_used,batch_size,num_cores,complex_construction_time,computation_time,vectorization_time
0,data/imagenet.npz,8,1000,cpu,cpu,1,1,0.109419,0.102087,0.000000
1,data/imagenet.npz,8,1000,cpu,cpu,1,1,0.095583,0.100083,0.000000
2,data/imagenet.npz,8,1000,cpu,cpu,1,1,0.077189,0.094065,0.000000
3,data/imagenet.npz,8,1000,cpu,cpu,1,1,0.087523,0.094525,0.000000
4,data/imagenet.npz,8,1000,cpu,cpu,1,1,0.085364,0.117877,0.000000
5,data/imagenet.npz,8,1000,cpu,cpu,1,1,0.083132,0.108156,0.000000
6,data/imagenet.npz,8,1000,cpu,cpu,1,1,0.077049,0.092871,0.000000
7,data/imagenet.npz,8,1000,cpu,cpu,1,1,0.077669,0.086137,0.000000
8,data/imagenet.npz,8,1000,cpu,cpu,1,1,0.102863,0.184402,0.000000
9,data/imagenet.npz,8,1000,cpu,cpu,1,1,0.076909,0.095054,0.000000
10,data/imagenet.npz,8,1000,cpu,cpu,1,1,0.076282,0.097022,0.000000
11,data/imagenet.npz,8,1000,cpu,cpu,1,1,0.064866,0.057414,0.000000
12,data/imagenet.npz,8,1000,cpu,cpu,1,1,0.074777,0.107222,0.000000
13,data/imagenet.npz,8,1000,cpu,cpu,1,1,0.074483,0.105144,0.000000
14,data/imagenet.npz,8,1000,cpu,cpu,1,1,0.080204,0.116612,0.000000
15,data/imagenet.npz,8,1000,cpu,cpu,1,1,0.082963,0.104166,0.000000
16,data/imagenet.npz,8,1000,cpu,cpu,1,1,0.075094,0.104539,0.000000
17,data/imagenet.npz,8,1000,cpu,cpu,1,1,0.072682,0.093976,0.000000
18,data/imagenet.npz,8,1000,cpu,cpu,1,1,0.072623,0.088798,0.000000
19,data/imagenet.npz,8,1000,cpu,cpu,1,1,0.053724,0.039062,0.000000
20,data/imagenet.npz,8,1000,cpu,cpu,1,1,0.082915,0.109542,0.000000
21,data/imagenet.npz,8,1000,cpu,cpu,1,1,0.083139,0.102402,0.000000
22,data/imagenet.npz,8,1000,cpu,cpu,1,1,0.076463,0.089442,0.000000
23,data/imagenet.npz,8,1000,cpu,cpu,1,1,0.070073,0.073050,0.000000
24,data/imagenet.npz,8,1000,cpu,cpu,1,1,0.074402,0.105480,0.000000
25,data/imagenet.npz,8,1000,cpu,cpu,1,1,0.055989,0.037971,0.000000
26,data/imagenet.npz,8,1000,cpu,cpu,1,1,0.066614,0.076867,0.000000
27,data/imagenet.npz,8,1000,cpu,cpu,1,1,0.081473,0.107865,0.000000
28,data/imagenet.npz,8,1000,cpu,cpu,1,1,0.077703,0.096677,0.000000
29,data/imagenet.npz,8,1000,cpu,cpu,1,1,0.070289,0.085799,0.000000
30,data/imagenet.npz,8,1000,cpu,cpu,1,1,0.076481,0.107568,0.000000
31,data/imagenet.npz,8,1000,cpu,cpu,1,1,0.070794,0.091349,0.000000
32,data/imagenet.npz,8,1000,cpu,cpu,1,1,0.077840,0.106399,0.000000
33,data/imagenet.npz,8,1000,cpu,cpu,1,1,0.047752,0.011047,0.000000
34,data/imagenet.npz,8,1000,cpu,cpu,1,1,0.079635,0.095415,0.000000
35,data/imagenet.npz,8,1000,cpu,cpu,1,1,0.076109,0.110886,0.000000
36,data/imagenet.npz,8,1000,cpu,cpu,1,1,0.080566,0.106070,0.000000
37,data/imagenet.npz,8,1000,cpu,cpu,1,1,0.096861,0.147709,0.000000
38,data/imagenet.npz,8,1000,cpu,cpu,1,1,0.196336,0.458764,0.000000
39,data/imagenet.npz,8,1000,cpu,cpu,1,1,0.079195,0.099140,0.000000
40,data/imagenet.npz,8,1000,cpu,cpu,1,1,0.084235,0.103618,0.000000
41,data/imagenet.npz,8,1000,cpu,cpu,1,1,0.075252,0.089858,0.000000
42,data/imagenet.npz,8,1000,cpu,cpu,1,1,0.044249,0.006622,0.000000
43,data/imagenet.npz,8,1000,cpu,cpu,1,1,0.076533,0.101211,0.000000
44,data/imagenet.npz,8,1000,cpu,cpu,1,1,0.081734,0.116082,0.000000
45,data/imagenet.npz,8,1000,cpu,cpu,1,1,0.077103,0.106587,0.000000
46,data/imagenet.npz,8,1000,cpu,cpu,1,1,0.095612,0.156888,0.000000
47,data/imagenet.npz,8,1000,cpu,cpu,1,1,0.082233,0.105584,0.000000
48,data/imagenet.npz,8,1000,cpu,cpu,1,1,0.074286,0.104815,0.000000
49,data/imagenet.npz,8,1000,cpu,cpu,1,1,0.079392,0.116491,0.000000
50,data/imagenet.npz,8,1000,cpu,cpu,1,1,0.081574,0.116446,0.000000
51,data/imagenet.npz,8,1000,cpu,cpu,1,1,0.079480,0.107078,0.000000
52,data/imagenet.npz,8,1000,cpu,cpu,1,1,0.074725,0.102156,0.000000
53,data/imagenet.npz,8,1000,cpu,cpu,1,1,0.092862,0.157427,0.000000
54,data/imagenet.npz,8,1000,cpu,cpu,1,1,0.118744,0.233953,0.000000
55,data/imagenet.npz,8,1000,cpu,cpu,1,1,0.080265,0.109184,0.000000
56,data/imagenet.npz,8,1000,cpu,cpu,1,1,0.086872,0.131590,0.000000
57,data/imagenet.npz,8,1000,cpu,cpu,1,1,0.075257,0.101008,0.000000
58,data/imagenet.npz,8,1000,cpu,cpu,1,1,0.075921,0.090139,0.000000
59,data/imagenet.npz,8,1000,cpu,cpu,1,1,0.076862,0.110971,0.000000
60,data/imagenet.npz,8,1000,cpu,cpu,1,1,0.070291,0.075283,0.000000
61,data/imagenet.npz,8,1000,cpu,cpu,1,1,0.072728,0.084328,0.000000
62,data/imagenet.npz,8,1000,cpu,cpu,1,1,0.076425,0.098829,0.000000
63,data/imagenet.npz,8,1000,cpu,cpu,1,1,0.135906,0.262507,0.000000
64,data/imagenet.npz,8,1000,cpu,cpu,1,1,0.071298,0.103347,0.000000
65,data/imagenet.npz,8,1000,cpu,cpu,1,1,0.075854,0.100097,0.000000
66,data/imagenet.npz,8,1000,cpu,cpu,1,1,0.075441,0.099773,0.000000
67,data/imagenet.npz,8,1000,cpu,cpu,1,1,0.079846,0.111304,0.000000
68,data/imagenet.npz,8,1000,cpu,cpu,1,1,0.075238,0.099677,0.000000
69,data/imagenet.npz,8,1000,cpu,cpu,1,1,0.071961,0.085960,0.000000
70,data/imagenet.npz,8,1000,cpu,cpu,1,1,0.072964,0.107258,0.000000
71,data/imagenet.npz,8,1000,cpu,cpu,1,1,0.083092,0.107213,0.000000
72,data/imagenet.npz,8,1000,cpu,cpu,1,1,0.078441,0.107882,0.000000
73,data/imagenet.npz,8,1000,cpu,cpu,1,1,0.079229,0.108690,0.000000
74,data/imagenet.npz,8,1000,cpu,cpu,1,1,0.083543,0.107639,0.000000
75,data/imagenet.npz,8,1000,cpu,cpu,1,1,0.096906,0.164793,0.000000
76,data/imagenet.npz,8,1000,cpu,cpu,1,1,0.096796,0.153749,0.000000
77,data/imagenet.npz,8,1000,cpu,cpu,1,1,0.074955,0.109315,0.000000
78,data/imagenet.npz,8,1000,cpu,cpu,1,1,0.075279,0.094855,0.000000
79,data/imagenet.npz,8,1000,cpu,cpu,1,1,0.076429,0.094507,0.000000
80,data/imagenet.npz,8,1000,cpu,cpu,1,1,0.081413,0.106279,0.000000
81,data/imagenet.npz,8,1000,cpu,cpu,1,1,0.086303,0.131818,0.000000
82,data/imagenet.npz,8,1000,cpu,cpu,1,1,0.078160,0.103671,0.000000
83,data/imagenet.npz,8,1000,cpu,cpu,1,1,0.076215,0.106175,0.000000
84,data/imagenet.npz,8,1000,cpu,cpu,1,1,0.078648,0.106529,0.000000
85,data/imagenet.npz,8,1000,cpu,cpu,1,1,0.073815,0.091095,0.000000
86,data/imagenet.npz,8,1000,cpu,cpu,1,1,0.079407,0.111613,0.000000
87,data/imagenet.npz,8,1000,cpu,cpu,1,1,0.091703,0.127666,0.000000
88,data/imagenet.npz,8,1000,cpu,cpu,1,1,0.073949,0.111683,0.000000
89,data/imagenet.npz,8,1000,cpu,cpu,1,1,0.073947,0.100025,0.000000
90,data/imagenet.npz,8,1000,cpu,cpu,1,1,0.075108,0.095155,0.000000
91,data/imagenet.npz,8,1000,cpu,cpu,1,1,0.072088,0.074329,0.000000
92,data/imagenet.npz,8,1000,cpu,cpu,1,1,0.075827,0.090616,0.000000
93,data/imagenet.npz,8,1000,cpu,cpu,1,1,0.070712,0.084323,0.000000
94,data/imagenet.npz,8,1000,cpu,cpu,1,1,0.078335,0.099212,0.000000
95,data/imagenet.npz,8,1000,cpu,cpu,1,1,0.068473,0.087206,0.000000
96,data/imagenet.npz,8,1000,cpu,cpu,1,1,0.076017,0.087873,0.000000
97,data/imagenet.npz,8,1000,cpu,cpu,1,1,0.067572,0.087352,0.000000
98,data/imagenet.npz,8,1000,cpu,cpu,1,1,0.059548,0.067902,0.000000
99,data/imagenet.npz,8,1000,cpu,cpu,1,1,0.043567,0.010273,0.000000
100,data/imagenet.npz,8,1000,cpu,cpu,1,1,0.072814,0.088666,0.000000
101,data/imagenet.npz,8,1000,cpu,cpu,1,1,0.134372,0.270650,0.000000
102,data/imagenet.npz,8,1000,cpu,cpu,1,1,0.078927,0.106428,0.000000
103,data/imagenet.npz,8,1000,cpu,cpu,1,1,0.079700,0.104562,0.000000
104,data/imagenet.npz,8,1000,cpu,cpu,1,1,0.076774,0.086958,0.000000
105,data/imagenet.npz,8,1000,cpu,cpu,1,1,0.072907,0.102786,0.000000
106,data/imagenet.npz,8,1000,cpu,cpu,1,1,0.071716,0.091137,0.000000
107,data/imagenet.npz,8,1000,cpu,cpu,1,1,0.103675,0.152841,0.000000
108,data/imagenet.npz,8,1000,cpu,cpu,1,1,0.077544,0.100846,0.000000
109,data/imagenet.npz,8,1000,cpu,cpu,1,1,0.070734,0.071210,0.000000
110,data/imagenet.npz,8,1000,cpu,cpu,1,1,0.070147,0.092869,0.000000
111,data/imagenet.npz,8,1000,cpu,cpu,1,1,0.183269,0.392320,0.000000
112,data/imagenet.npz,8,1000,cpu,cpu,1,1,0.080130,0.110064,0.000000
113,data/imagenet.npz,8,1000,cpu,cpu,1,1,0.078375,0.094014,0.000000
114,data/imagenet.npz,8,1000,cpu,cpu,1,1,0.077901,0.092527,0.000000
115,data/imagenet.npz,8,1000,cpu,cpu,1,1,0.064037,0.061367,0.000000
116,data/imagenet.npz,8,1000,cpu,cpu,1,1,0.074081,0.090834,0.000000
117,data/imagenet.npz,8,1000,cpu,cpu,1,1,0.068470,0.084349,0.000000
118,data/imagenet.npz,8,1000,cpu,cpu,1,1,0.082395,0.107212,0.000000
119,data/imagenet.npz,8,1000,cpu,cpu,1,1,0.052871,0.030727,0.000000
120,data/imagenet.npz,8,1000,cpu,cpu,1,1,0.133273,0.282141,0.000000
121,data/imagenet.npz,8,1000,cpu,cpu,1,1,0.080765,0.091529,0.000000
122,data/imagenet.npz,8,1000,cpu,cpu,1,1,0.074607,0.090037,0.000000
123,data/imagenet.npz,8,1000,cpu,cpu,1,1,0.074891,0.096483,0.000000
124,data/imagenet.npz,8,1000,cpu,cpu,1,1,0.084799,0.109363,0.000000
125,data/imagenet.npz,8,1000,cpu,cpu,1,1,0.082433,0.110043,0.000000
126,data/imagenet.npz,8,1000,cpu,cpu,1,1,0.065078,0.066476,0.000000
127,data/imagenet.npz,8,1000,cpu,cpu,1,1,0.090765,0.108245,0.000000
128,data/imagenet.npz,8,1000,cpu,cpu,1,1,0.073266,0.085449,0.000000
129,data/imagenet.npz,8,1000,cpu,cpu,1,1,0.076377,0.093993,0.000000
130,data/imagenet.npz,8,1000,cpu,cpu,1,1,0.080848,0.107384,0.000000
131,data/imagenet.npz,8,1000,cpu,cpu,1,1,0.080434,0.109738,0.000000
132,data/imagenet.npz,8,1000,cpu,cpu,1,1,0.138053,0.273191,0.000000
133,data/imagenet.npz,8,1000,cpu,cpu,1,1,0.048527,0.012774,0.000000
134,data/imagenet.npz,8,1000,cpu,cpu,1,1,0.079001,0.090508,0.000000
135,data/imagenet.npz,8,1000,cpu,cpu,1,1,0.081931,0.102874,0.000000
136,data/imagenet.npz,8,1000,cpu,cpu,1,1,0.077521,0.090385,0.000000
137,data/imagenet.npz,8,1000,cpu,cpu,1,1,0.077415,0.089513,0.000000
138,data/imagenet.npz,8,1000,cpu,cpu,1,1,0.076126,0.098510,0.000000
139,data/imagenet.npz,8,1000,cpu,cpu,1,1,0.073265,0.096569,0.000000
140,data/imagenet.npz,8,1000,cpu,cpu,1,1,0.073087,0.088875,0.000000
141,data/imagenet.npz,8,1000,cpu,cpu,1,1,0.082638,0.122580,0.000000
142,data/imagenet.npz,8,1000,cpu,cpu,1,1,0.169683,0.350409,0.000000
143,data/imagenet.npz,8,1000,cpu,cpu,1,1,0.059905,0.042543,0.000000
144,data/imagenet.npz,8,1000,cpu,cpu,1,1,0.079943,0.097000,0.000000
145,data/imagenet.npz,8,1000,cpu,cpu,1,1,0.076755,0.102749,0.000000
146,data/imagenet.npz,8,1000,cpu,cpu,1,1,0.085974,0.118826,0.000000
147,data/imagenet.npz,8,1000,cpu,cpu,1,1,0.082991,0.103650,0.000000
148,data/imagenet.npz,8,1000,cpu,cpu,1,1,0.064893,0.067107,0.000000
149,data/imagenet.npz,8,1000,cpu,cpu,1,1,0.058692,0.039440,0.000000
150,data/imagenet.npz,8,1000,cpu,cpu,1,1,0.069686,0.074750,0.000000
151,data/imagenet.npz,8,1000,cpu,cpu,1,1,0.056800,0.036975,0.000000
152,data/imagenet.npz,8,1000,cpu,cpu,1,1,0.059991,0.048655,0.000000
153,data/imagenet.npz,8,1000,cpu,cpu,1,1,0.082453,0.109491,0.000000
154,data/imagenet.npz,8,1000,cpu,cpu,1,1,0.077851,0.094317,0.000000
155,data/imagenet.npz,8,1000,cpu,cpu,1,1,0.076085,0.093948,0.000000
156,data/imagenet.npz,8,1000,cpu,cpu,1,1,0.073504,0.087455,0.000000
157,data/imagenet.npz,8,1000,cpu,cpu,1,1,0.084331,0.126442,0.000000
158,data/imagenet.npz,8,1000,cpu,cpu,1,1,0.082676,0.091901,0.000000
159,data/imagenet.npz,8,1000,cpu,cpu,1,1,0.078500,0.109160,0.000000
160,data/imagenet.npz,8,1000,cpu,cpu,1,1,0.132223,0.280067,0.000000
161,data/imagenet.npz,8,1000,cpu,cpu,1,1,0.072033,0.091997,0.000000
162,data/imagenet.npz,8,1000,cpu,cpu,1,1,0.073353,0.098474,0.000000
163,data/imagenet.npz,8,1000,cpu,cpu,1,1,0.078257,0.090465,0.000000
164,data/imagenet.npz,8,1000,cpu,cpu,1,1,0.073620,0.105275,0.000000
165,data/imagenet.npz,8,1000,cpu,cpu,1,1,0.076934,0.089611,0.000000
166,data/imagenet.npz,8,1000,cpu,cpu,1,1,0.075057,0.090025,0.000000
167,data/imagenet.npz,8,1000,cpu,cpu,1,1,0.072938,0.087858,0.000000
168,data/imagenet.npz,8,1000,cpu,cpu,1,1,0.076155,0.084478,0.000000
169,data/imagenet.npz,8,1000,cpu,cpu,1,1,0.094086,0.149629,0.000000
170,data/imagenet.npz,8,1000,cpu,cpu,1,1,0.082188,0.103857,0.000000
171,data/imagenet.npz,8,1000,cpu,cpu,1,1,0.088626,0.140905,0.000000
172,data/imagenet.npz,8,1000,cpu,cpu,1,1,0.081628,0.110438,0.000000
173,data/imagenet.npz,8,1000,cpu,cpu,1,1,0.077737,0.094644,0.000000
174,data/imagenet.npz,8,1000,cpu,cpu,1,1,0.066816,0.074731,0.000000
175,data/imagenet.npz,8,1000,cpu,cpu,1,1,0.080434,0.107424,0.000000
176,data/imagenet.npz,8,1000,cpu,cpu,1,1,0.076212,0.091571,0.000000
177,data/imagenet.npz,8,1000,cpu,cpu,1,1,0.080499,0.107947,0.000000
178,data/imagenet.npz,8,1000,cpu,cpu,1,1,0.076640,0.092752,0.000000
179,data/imagenet.npz,8,1000,cpu,cpu,1,1,0.078168,0.106263,0.000000
180,data/imagenet.npz,8,1000,cpu,cpu,1,1,0.099106,0.181546,0.000000
181,data/imagenet.npz,8,1000,cpu,cpu,1,1,0.087322,0.109399,0.000000
182,data/imagenet.npz,8,1000,cpu,cpu,1,1,0.071870,0.092171,0.000000
183,data/imagenet.npz,8,1000,cpu,cpu,1,1,0.076184,0.097533,0.000000
184,data/imagenet.npz,8,1000,cpu,cpu,1,1,0.078866,0.086526,0.000000
185,data/imagenet.npz,8,1000,cpu,cpu,1,1,0.073870,0.087537,0.000000
186,data/imagenet.npz,8,1000,cpu,cpu,1,1,0.076206,0.091964,0.000000
187,data/imagenet.npz,8,1000,cpu,cpu,1,1,0.079931,0.096955,0.000000
188,data/imagenet.npz,8,1000,cpu,cpu,1,1,0.078989,0.100187,0.000000
189,data/imagenet.npz,8,1000,cpu,cpu,1,1,0.143188,0.301478,0.000000
190,data/imagenet.npz,8,1000,cpu,cpu,1,1,0.074560,0.091035,0.000000
191,data/imagenet.npz,8,1000,cpu,cpu,1,1,0.248442,0.629187,0.000000
192,data/imagenet.npz,8,1000,cpu,cpu,1,1,0.115440,0.231873,0.000000
193,data/imagenet.npz,8,1000,cpu,cpu,1,1,0.078972,0.100204,0.000000
194,data/imagenet.npz,8,1000,cpu,cpu,1,1,0.082962,0.109615,0.000000
195,data/imagenet.npz,8,1000,cpu,cpu,1,1,0.060869,0.038126,0.000000
196,data/imagenet.npz,8,1000,cpu,cpu,1,1,0.078615,0.101380,0.000000
197,data/imagenet.npz,8,1000,cpu,cpu,1,1,0.071985,0.076997,0.000000
198,data/imagenet.npz,8,1000,cpu,cpu,1,1,0.080449,0.103515,0.000000
199,data/imagenet.npz,8,1000,cpu,cpu,1,1,0.061823,0.042080,0.000000
200,data/imagenet.npz,8,1000,cpu,cpu,1,1,0.071148,0.089652,0.000000
201,data/imagenet.npz,8,1000,cpu,cpu,1,1,0.080670,0.097783,0.000000
202,data/imagenet.npz,8,1000,cpu,cpu,1,1,0.083748,0.100303,0.000000
203,data/imagenet.npz,8,1000,cpu,cpu,1,1,0.048505,0.018409,0.000000
204,data/imagenet.npz,8,1000,cpu,cpu,1,1,0.072276,0.088135,0.000000
205,data/imagenet.npz,8,1000,cpu,cpu,1,1,0.082763,0.101368,0.000000
206,data/imagenet.npz,8,1000,cpu,cpu,1,1,0.086540,0.126323,0.000000
207,data/imagenet.npz,8,1000,cpu,cpu,1,1,0.111263,0.209667,0.000000
208,data/imagenet.npz,8,1000,cpu,cpu,1,1,0.077608,0.101498,0.000000
209,data/imagenet.npz,8,1000,cpu,cpu,1,1,0.077601,0.089453,0.000000
210,data/imagenet.npz,8,1000,cpu,cpu,1,1,0.052045,0.025530,0.000000
211,data/imagenet.npz,8,1000,cpu,cpu,1,1,0.078518,0.094051,0.000000
212,data/imagenet.npz,8,1000,cpu,cpu,1,1,0.076876,0.100351,0.000000
213,data/imagenet.npz,8,1000,cpu,cpu,1,1,0.078351,0.085874,0.000000
214,data/imagenet.npz,8,1000,cpu,cpu,1,1,0.079495,0.098172,0.000000
215,data/imagenet.npz,8,1000,cpu,cpu,1,1,0.080501,0.107150,0.000000
216,data/imagenet.npz,8,1000,cpu,cpu,1,1,0.079303,0.085568,0.000000
217,data/imagenet.npz,8,1000,cpu,cpu,1,1,0.047486,0.016642,0.000000
218,data/imagenet.npz,8,1000,cpu,cpu,1,1,0.084219,0.102061,0.000000
219,data/imagenet.npz,8,1000,cpu,cpu,1,1,0.074705,0.096926,0.000000
220,data/imagenet.npz,8,1000,cpu,cpu,1,1,0.080751,0.100750,0.000000
221,data/imagenet.npz,8,1000,cpu,cpu,1,1,0.071964,0.086922,0.000000
222,data/imagenet.npz,8,1000,cpu,cpu,1,1,0.079893,0.101440,0.000000
223,data/imagenet.npz,8,1000,cpu,cpu,1,1,0.122190,0.241632,0.000000
224,data/imagenet.npz,8,1000,cpu,cpu,1,1,0.076094,0.111395,0.000000
225,data/imagenet.npz,8,1000,cpu,cpu,1,1,0.066437,0.080246,0.000000
226,data/imagenet.npz,8,1000,cpu,cpu,1,1,0.075207,0.099735,0.000000
227,data/imagenet.npz,8,1000,cpu,cpu,1,1,0.073449,0.083831,0.000000
228,data/imagenet.npz,8,1000,cpu,cpu,1,1,0.072652,0.092933,0.000000
229,data/imagenet.npz,8,1000,cpu,cpu,1,1,0.079052,0.090926,0.000000
230,data/imagenet.npz,8,1000,cpu,cpu,1,1,0.079514,0.103287,0.000000
231,data/imagenet.npz,8,1000,cpu,cpu,1,1,0.091918,0.141327,0.000000
232,data/imagenet.npz,8,1000,cpu,cpu,1,1,0.076230,0.080098,0.000000
233,data/imagenet.npz,8,1000,cpu,cpu,1,1,0.075021,0.102066,0.000000
234,data/imagenet.npz,8,1000,cpu,cpu,1,1,0.071506,0.083631,0.000000
235,data/imagenet.npz,8,1000,cpu,cpu,1,1,0.077705,0.102004,0.000000
236,data/imagenet.npz,8,1000,cpu,cpu,1,1,0.067379,0.075855,0.000000
237,data/imagenet.npz,8,1000,cpu,cpu,1,1,0.079936,0.100861,0.000000
238,data/imagenet.npz,8,1000,cpu,cpu,1,1,0.048358,0.022926,0.000000
239,data/imagenet.npz,8,1000,cpu,cpu,1,1,0.074699,0.087016,0.000000
240,data/imagenet.npz,8,1000,cpu,cpu,1,1,0.076208,0.097655,0.000000
241,data/imagenet.npz,8,1000,cpu,cpu,1,1,0.076309,0.095175,0.000000
242,data/imagenet.npz,8,1000,cpu,cpu,1,1,0.072166,0.094794,0.000000
243,data/imagenet.npz,8,1000,cpu,cpu,1,1,0.100869,0.190659,0.000000
244,data/imagenet.npz,8,1000,cpu,cpu,1,1,0.072588,0.096887,0.000000
245,data/imagenet.npz,8,1000,cpu,cpu,1,1,0.069149,0.089213,0.000000
246,data/imagenet.npz,8,1000,cpu,cpu,1,1,0.074929,0.103800,0.000000
247,data/imagenet.npz,8,1000,cpu,cpu,1,1,0.071466,0.077343,0.000000
248,data/imagenet.npz,8,1000,cpu,cpu,1,1,0.110937,0.217390,0.000000
249,data/imagenet.npz,8,1000,cpu,cpu,1,1,0.122144,0.267728,0.000000
250,data/imagenet.npz,8,1000,cpu,cpu,1,1,0.197998,0.491233,0.000000
251,data/imagenet.npz,8,1000,cpu,cpu,1,1,0.077320,0.102826,0.000000
252,data/imagenet.npz,8,1000,cpu,cpu,1,1,0.073071,0.083092,0.000000
253,data/imagenet.npz,8,1000,cpu,cpu,1,1,0.061198,0.057791,0.000000
254,data/imagenet.npz,8,1000,cpu,cpu,1,1,0.086195,0.101837,0.000000
255,data/imagenet.npz,8,1000,cpu,cpu,1,1,0.132050,0.280041,0.000000
256,data/imagenet.npz,8,1000,cpu,cpu,1,1,0.087124,0.139947,0.000000
257,data/imagenet.npz,8,1000,cpu,cpu,1,1,0.079629,0.097600,0.000000
258,data/imagenet.npz,8,1000,cpu,cpu,1,1,0.072196,0.090274,0.000000
259,data/imagenet.npz,8,1000,cpu,cpu,1,1,0.091637,0.138183,0.000000
260,data/imagenet.npz,8,1000,cpu,cpu,1,1,0.073568,0.089887,0.000000
261,data/imagenet.npz,8,1000,cpu,cpu,1,1,0.059103,0.030778,0.000000
262,data/imagenet.npz,8,1000,cpu,cpu,1,1,0.075719,0.089073,0.000000
263,data/imagenet.npz,8,1000,cpu,cpu,1,1,0.062884,0.054395,0.000000
264,data/imagenet.npz,8,1000,cpu,cpu,1,1,0.071911,0.085513,0.000000
265,data/imagenet.npz,8,1000,cpu,cpu,1,1,0.077462,0.098423,0.000000
266,data/imagenet.npz,8,1000,cpu,cpu,1,1,0.057314,0.043364,0.000000
267,data/imagenet.npz,8,1000,cpu,cpu,1,1,0.077167,0.103297,0.000000
268,data/imagenet.npz,8,1000,cpu,cpu,1,1,0.071478,0.065256,0.000000
269,data/imagenet.npz,8,1000,cpu,cpu,1,1,0.072415,0.088030,0.000000
270,data/imagenet.npz,8,1000,cpu,cpu,1,1,0.063066,0.042610,0.000000
271,data/imagenet.npz,8,1000,cpu,cpu,1,1,0.070634,0.084674,0.000000
272,data/imagenet.npz,8,1000,cpu,cpu,1,1,0.067464,0.084224,0.000000
273,data/imagenet.npz,8,1000,cpu,cpu,1,1,0.071195,0.098636,0.000000
274,data/imagenet.npz,8,1000,cpu,cpu,1,1,0.070665,0.074156,0.000000
275,data/imagenet.npz,8,1000,cpu,cpu,1,1,0.082253,0.112838,0.000000
276,data/imagenet.npz,8,1000,cpu,cpu,1,1,0.074937,0.101187,0.000000
277,data/imagenet.npz,8,1000,cpu,cpu,1,1,0.088065,0.120193,0.000000
278,data/imagenet.npz,8,1000,cpu,cpu,1,1,0.124339,0.275073,0.000000
279,data/imagenet.npz,8,1000,cpu,cpu,1,1,0.094123,0.137245,0.000000
280,data/imagenet.npz,8,1000,cpu,cpu,1,1,0.071365,0.086860,0.000000
281,data/imagenet.npz,8,1000,cpu,cpu,1,1,0.051947,0.013895,0.000000
282,data/imagenet.npz,8,1000,cpu,cpu,1,1,0.122721,0.226484,0.000000
283,data/imagenet.npz,8,1000,cpu,cpu,1,1,0.070280,0.077278,0.000000
284,data/imagenet.npz,8,1000,cpu,cpu,1,1,0.073581,0.100504,0.000000
285,data/imagenet.npz,8,1000,cpu,cpu,1,1,0.078451,0.100656,0.000000
286,data/imagenet.npz,8,1000,cpu,cpu,1,1,0.075855,0.100482,0.000000
287,data/imagenet.npz,8,1000,cpu,cpu,1,1,0.074211,0.088672,0.000000
288,data/imagenet.npz,8,1000,cpu,cpu,1,1,0.086903,0.125729,0.000000
289,data/imagenet.npz,8,1000,cpu,cpu,1,1,0.074694,0.087502,0.000000
290,data/imagenet.npz,8,1000,cpu,cpu,1,1,0.074736,0.092816,0.000000
291,data/imagenet.npz,8,1000,cpu,cpu,1,1,0.068559,0.075259,0.000000
292,data/imagenet.npz,8,1000,cpu,cpu,1,1,0.078245,0.101730,0.000000
293,data/imagenet.npz,8,1000,cpu,cpu,1,1,0.087768,0.136342,0.000000
294,data/imagenet.npz,8,1000,cpu,cpu,1,1,0.047243,0.019442,0.000000
295,data/imagenet.npz,8,1000,cpu,cpu,1,1,0.075705,0.090310,0.000000
296,data/imagenet.npz,8,1000,cpu,cpu,1,1,0.076949,0.088252,0.000000
297,data/imagenet.npz,8,1000,cpu,cpu,1,1,0.078645,0.103935,0.000000
298,data/imagenet.npz,8,1000,cpu,cpu,1,1,0.108361,0.186440,0.000000
299,data/imagenet.npz,8,1000,cpu,cpu,1,1,0.076154,0.102126,0.000000
300,data/imagenet.npz,8,1000,cpu,cpu,1,1,0.045229,0.013851,0.000000
301,data/imagenet.npz,8,1000,cpu,cpu,1,1,0.060267,0.050938,0.000000
302,data/imagenet.npz,8,1000,cpu,cpu,1,1,0.046514,0.017814,0.000000
303,data/imagenet.npz,8,1000,cpu,cpu,1,1,0.072325,0.083026,0.000000
304,data/imagenet.npz,8,1000,cpu,cpu,1,1,0.080803,0.102955,0.000000
305,data/imagenet.npz,8,1000,cpu,cpu,1,1,0.083225,0.106490,0.000000
306,data/imagenet.npz,8,1000,cpu,cpu,1,1,0.068006,0.061847,0.000000
307,data/imagenet.npz,8,1000,cpu,cpu,1,1,0.064205,0.061287,0.000000
308,data/imagenet.npz,8,1000,cpu,cpu,1,1,0.081126,0.102961,0.000000
309,data/imagenet.npz,8,1000,cpu,cpu,1,1,0.116915,0.238616,0.000000
310,data/imagenet.npz,8,1000,cpu,cpu,1,1,0.082220,0.103481,0.000000
311,data/imagenet.npz,8,1000,cpu,cpu,1,1,0.073463,0.088413,0.000000
312,data/imagenet.npz,8,1000,cpu,cpu,1,1,0.083712,0.098057,0.000000
313,data/imagenet.npz,8,1000,cpu,cpu,1,1,0.060774,0.050794,0.000000
314,data/imagenet.npz,8,1000,cpu,cpu,1,1,0.088488,0.128121,0.000000
315,data/imagenet.npz,8,1000,cpu,cpu,1,1,0.075586,0.097845,0.000000
316,data/imagenet.npz,8,1000,cpu,cpu,1,1,0.078242,0.099449,0.000000
317,data/imagenet.npz,8,1000,cpu,cpu,1,1,0.077907,0.102140,0.000000
318,data/imagenet.npz,8,1000,cpu,cpu,1,1,0.107044,0.182644,0.000000
319,data/imagenet.npz,8,1000,cpu,cpu,1,1,0.148063,0.328302,0.000000
320,data/imagenet.npz,8,1000,cpu,cpu,1,1,0.075469,0.099889,0.000000
321,data/imagenet.npz,8,1000,cpu,cpu,1,1,0.085906,0.137687,0.000000
322,data/imagenet.npz,8,1000,cpu,cpu,1,1,0.082148,0.089505,0.000000
323,data/imagenet.npz,8,1000,cpu,cpu,1,1,0.084599,0.089462,0.000000
324,data/imagenet.npz,8,1000,cpu,cpu,1,1,0.073674,0.079898,0.000000
325,data/imagenet.npz,8,1000,cpu,cpu,1,1,0.085616,0.125670,0.000000
326,data/imagenet.npz,8,1000,cpu,cpu,1,1,0.069457,0.086151,0.000000
327,data/imagenet.npz,8,1000,cpu,cpu,1,1,0.057419,0.052633,0.000000
328,data/imagenet.npz,8,1000,cpu,cpu,1,1,0.063470,0.060002,0.000000
329,data/imagenet.npz,8,1000,cpu,cpu,1,1,0.068608,0.062130,0.000000
330,data/imagenet.npz,8,1000,cpu,cpu,1,1,0.074799,0.089326,0.000000
331,data/imagenet.npz,8,1000,cpu,cpu,1,1,0.066828,0.061704,0.000000
332,data/imagenet.npz,8,1000,cpu,cpu,1,1,0.082126,0.102419,0.000000
333,data/imagenet.npz,8,1000,cpu,cpu,1,1,0.078347,0.103310,0.000000
334,data/imagenet.npz,8,1000,cpu,cpu,1,1,0.072237,0.099109,0.000000
335,data/imagenet.npz,8,1000,cpu,cpu,1,1,0.074242,0.095857,0.000000
336,data/imagenet.npz,8,1000,cpu,cpu,1,1,0.076021,0.084853,0.000000
337,data/imagenet.npz,8,1000,cpu,cpu,1,1,0.081339,0.094477,0.000000
338,data/imagenet.npz,8,1000,cpu,cpu,1,1,0.079703,0.100152,0.000000
339,data/imagenet.npz,8,1000,cpu,cpu,1,1,0.076147,0.102114,0.000000
340,data/imagenet.npz,8,1000,cpu,cpu,1,1,0.078359,0.087489,0.000000
341,data/imagenet.npz,8,1000,cpu,cpu,1,1,0.080730,0.117083,0.000000
342,data/imagenet.npz,8,1000,cpu,cpu,1,1,0.113221,0.225891,0.000000
343,data/imagenet.npz,8,1000,cpu,cpu,1,1,0.078449,0.102336,0.000000
344,data/imagenet.npz,8,1000,cpu,cpu,1,1,0.046343,0.014115,0.000000
345,data/imagenet.npz,8,1000,cpu,cpu,1,1,0.072816,0.088580,0.000000
346,data/imagenet.npz,8,1000,cpu,cpu,1,1,0.079616,0.100924,0.000000
347,data/imagenet.npz,8,1000,cpu,cpu,1,1,0.047268,0.013370,0.000000
348,data/imagenet.npz,8,1000,cpu,cpu,1,1,0.175322,0.423252,0.000000
349,data/imagenet.npz,8,1000,cpu,cpu,1,1,0.056154,0.043644,0.000000
350,data/imagenet.npz,8,1000,cpu,cpu,1,1,0.050533,0.025149,0.000000
351,data/imagenet.npz,8,1000,cpu,cpu,1,1,0.072184,0.085287,0.000000
352,data/imagenet.npz,8,1000,cpu,cpu,1,1,0.075204,0.098049,0.000000
353,data/imagenet.npz,8,1000,cpu,cpu,1,1,0.081629,0.125358,0.000000
354,data/imagenet.npz,8,1000,cpu,cpu,1,1,0.079363,0.104512,0.000000
355,data/imagenet.npz,8,1000,cpu,cpu,1,1,0.044510,0.009890,0.000000
356,data/imagenet.npz,8,1000,cpu,cpu,1,1,0.075058,0.094949,0.000000
357,data/imagenet.npz,8,1000,cpu,cpu,1,1,0.074476,0.101566,0.000000
358,data/imagenet.npz,8,1000,cpu,cpu,1,1,0.075274,0.100390,0.000000
359,data/imagenet.npz,8,1000,cpu,cpu,1,1,0.062192,0.037628,0.000000
360,data/imagenet.npz,8,1000,cpu,cpu,1,1,0.074516,0.104081,0.000000
361,data/imagenet.npz,8,1000,cpu,cpu,1,1,0.077184,0.104704,0.000000
362,data/imagenet.npz,8,1000,cpu,cpu,1,1,0.076719,0.101950,0.000000
363,data/imagenet.npz,8,1000,cpu,cpu,1,1,0.149104,0.102299,0.000000
364,data/imagenet.npz,8,1000,cpu,cpu,1,1,0.104420,0.199634,0.000000
365,data/imagenet.npz,8,1000,cpu,cpu,1,1,0.066791,0.074724,0.000000
366,data/imagenet.npz,8,1000,cpu,cpu,1,1,0.078734,0.100669,0.000000
367,data/imagenet.npz,8,1000,cpu,cpu,1,1,0.120380,0.248409,0.000000
368,data/imagenet.npz,8,1000,cpu,cpu,1,1,0.077147,0.097376,0.000000
369,data/imagenet.npz,8,1000,cpu,cpu,1,1,0.078811,0.096115,0.000000
370,data/imagenet.npz,8,1000,cpu,cpu,1,1,0.129118,0.273679,0.000000
371,data/imagenet.npz,8,1000,cpu,cpu,1,1,0.074600,0.095757,0.000000
372,data/imagenet.npz,8,1000,cpu,cpu,1,1,0.040813,0.004769,0.000000
373,data/imagenet.npz,8,1000,cpu,cpu,1,1,0.074291,0.088642,0.000000
374,data/imagenet.npz,8,1000,cpu,cpu,1,1,0.078288,0.079742,0.000000
375,data/imagenet.npz,8,1000,cpu,cpu,1,1,0.504676,1.492414,0.000000
376,data/imagenet.npz,8,1000,cpu,cpu,1,1,0.092059,0.121698,0.000000
377,data/imagenet.npz,8,1000,cpu,cpu,1,1,0.077342,0.093007,0.000000
378,data/imagenet.npz,8,1000,cpu,cpu,1,1,0.078532,0.097659,0.000000
379,data/imagenet.npz,8,1000,cpu,cpu,1,1,0.077877,0.094557,0.000000
380,data/imagenet.npz,8,1000,cpu,cpu,1,1,0.075383,0.087910,0.000000
381,data/imagenet.npz,8,1000,cpu,cpu,1,1,0.086939,0.121242,0.000000
382,data/imagenet.npz,8,1000,cpu,cpu,1,1,0.077266,0.101054,0.000000
383,data/imagenet.npz,8,1000,cpu,cpu,1,1,0.046933,0.017833,0.000000
384,data/imagenet.npz,8,1000,cpu,cpu,1,1,0.077135,0.100716,0.000000
385,data/imagenet.npz,8,1000,cpu,cpu,1,1,0.080184,0.108477,0.000000
386,data/imagenet.npz,8,1000,cpu,cpu,1,1,0.066392,0.085360,0.000000
387,data/imagenet.npz,8,1000,cpu,cpu,1,1,0.070894,0.097441,0.000000
388,data/imagenet.npz,8,1000,cpu,cpu,1,1,0.039731,0.004320,0.000000
389,data/imagenet.npz,8,1000,cpu,cpu,1,1,0.073842,0.097682,0.000000
390,data/imagenet.npz,8,1000,cpu,cpu,1,1,0.071901,0.085400,0.000000
391,data/imagenet.npz,8,1000,cpu,cpu,1,1,0.072194,0.086682,0.000000
392,data/imagenet.npz,8,1000,cpu,cpu,1,1,0.074350,0.100596,0.000000
393,data/imagenet.npz,8,1000,cpu,cpu,1,1,0.047773,0.023324,0.000000
394,data/imagenet.npz,8,1000,cpu,cpu,1,1,0.064301,0.069752,0.000000
395,data/imagenet.npz,8,1000,cpu,cpu,1,1,0.082954,0.135701,0.000000
396,data/imagenet.npz,8,1000,cpu,cpu,1,1,0.073542,0.100947,0.000000
397,data/imagenet.npz,8,1000,cpu,cpu,1,1,0.085703,0.120320,0.000000
398,data/imagenet.npz,8,1000,cpu,cpu,1,1,0.083448,0.103314,0.000000
399,data/imagenet.npz,8,1000,cpu,cpu,1,1,0.074634,0.088618,0.000000
400,data/imagenet.npz,8,1000,cpu,cpu,1,1,0.075311,0.086187,0.000000
401,data/imagenet.npz,8,1000,cpu,cpu,1,1,0.074836,0.090132,0.000000
402,data/imagenet.npz,8,1000,cpu,cpu,1,1,0.062822,0.050302,0.000000
403,data/imagenet.npz,8,1000,cpu,cpu,1,1,0.072972,0.090002,0.000000
404,data/imagenet.npz,8,1000,cpu,cpu,1,1,0.090138,0.147827,0.000000
405,data/imagenet.npz,8,1000,cpu,cpu,1,1,0.046229,0.016663,0.000000
406,data/imagenet.npz,8,1000,cpu,cpu,1,1,0.070459,0.086228,0.000000
407,data/imagenet.npz,8,1000,cpu,cpu,1,1,0.081057,0.097891,0.000000
408,data/imagenet.npz,8,1000,cpu,cpu,1,1,0.069969,0.083942,0.000000
409,data/imagenet.npz,8,1000,cpu,cpu,1,1,0.075685,0.091226,0.000000
410,data/imagenet.npz,8,1000,cpu,cpu,1,1,0.077364,0.090703,0.000000
411,data/imagenet.npz,8,1000,cpu,cpu,1,1,0.089940,0.103856,0.000000
412,data/imagenet.npz,8,1000,cpu,cpu,1,1,0.080901,0.106533,0.000000
413,data/imagenet.npz,8,1000,cpu,cpu,1,1,0.068037,0.084815,0.000000
414,data/imagenet.npz,8,1000,cpu,cpu,1,1,0.046212,0.018222,0.000000
415,data/imagenet.npz,8,1000,cpu,cpu,1,1,0.070522,0.090948,0.000000
416,data/imagenet.npz,8,1000,cpu,cpu,1,1,0.117470,0.238252,0.000000
417,data/imagenet.npz,8,1000,cpu,cpu,1,1,0.050823,0.024689,0.000000
418,data/imagenet.npz,8,1000,cpu,cpu,1,1,0.081165,0.103653,0.000000
419,data/imagenet.npz,8,1000,cpu,cpu,1,1,0.075230,0.098859,0.000000
420,data/imagenet.npz,8,1000,cpu,cpu,1,1,0.080704,0.106961,0.000000
421,data/imagenet.npz,8,1000,cpu,cpu,1,1,0.089561,0.150713,0.000000
422,data/imagenet.npz,8,1000,cpu,cpu,1,1,0.080747,0.103782,0.000000
423,data/imagenet.npz,8,1000,cpu,cpu,1,1,0.122641,0.253210,0.000000
424,data/imagenet.npz,8,1000,cpu,cpu,1,1,0.080232,0.101352,0.000000
425,data/imagenet.npz,8,1000,cpu,cpu,1,1,0.063437,0.059942,0.000000
426,data/imagenet.npz,8,1000,cpu,cpu,1,1,0.076149,0.100506,0.000000
427,data/imagenet.npz,8,1000,cpu,cpu,1,1,0.045377,0.004971,0.000000
428,data/imagenet.npz,8,1000,cpu,cpu,1,1,0.077394,0.102311,0.000000
429,data/imagenet.npz,8,1000,cpu,cpu,1,1,0.075933,0.090079,0.000000
430,data/imagenet.npz,8,1000,cpu,cpu,1,1,0.102098,0.179958,0.000000
431,data/imagenet.npz,8,1000,cpu,cpu,1,1,0.076687,0.101104,0.000000
432,data/imagenet.npz,8,1000,cpu,cpu,1,1,0.075577,0.088391,0.000000
433,data/imagenet.npz,8,1000,cpu,cpu,1,1,0.082762,0.090169,0.000000
434,data/imagenet.npz,8,1000,cpu,cpu,1,1,0.077248,0.097629,0.000000
435,data/imagenet.npz,8,1000,cpu,cpu,1,1,0.077405,0.103790,0.000000
436,data/imagenet.npz,8,1000,cpu,cpu,1,1,0.075091,0.081537,0.000000
437,data/imagenet.npz,8,1000,cpu,cpu,1,1,0.081543,0.107787,0.000000
438,data/imagenet.npz,8,1000,cpu,cpu,1,1,0.082272,0.100640,0.000000
439,data/imagenet.npz,8,1000,cpu,cpu,1,1,0.081323,0.088037,0.000000
440,data/imagenet.npz,8,1000,cpu,cpu,1,1,0.047074,0.014840,0.000000
441,data/imagenet.npz,8,1000,cpu,cpu,1,1,0.079522,0.084364,0.000000
442,data/imagenet.npz,8,1000,cpu,cpu,1,1,0.078080,0.100083,0.000000
443,data/imagenet.npz,8,1000,cpu,cpu,1,1,0.084432,0.129226,0.000000
444,data/imagenet.npz,8,1000,cpu,cpu,1,1,0.072662,0.089148,0.000000
445,data/imagenet.npz,8,1000,cpu,cpu,1,1,0.073571,0.082804,0.000000
446,data/imagenet.npz,8,1000,cpu,cpu,1,1,0.092363,0.148018,0.000000
447,data/imagenet.npz,8,1000,cpu,cpu,1,1,0.070911,0.093634,0.000000
448,data/imagenet.npz,8,1000,cpu,cpu,1,1,0.073119,0.086960,0.000000
449,data/imagenet.npz,8,1000,cpu,cpu,1,1,0.081490,0.124785,0.000000
450,data/imagenet.npz,8,1000,cpu,cpu,1,1,0.076394,0.097554,0.000000
451,data/imagenet.npz,8,1000,cpu,cpu,1,1,0.096071,0.156508,0.000000
452,data/imagenet.npz,8,1000,cpu,cpu,1,1,0.090917,0.134479,0.000000
453,data/imagenet.npz,8,1000,cpu,cpu,1,1,0.101765,0.200256,0.000000
454,data/imagenet.npz,8,1000,cpu,cpu,1,1,0.074398,0.090344,0.000000
455,data/imagenet.npz,8,1000,cpu,cpu,1,1,0.083376,0.108481,0.000000
456,data/imagenet.npz,8,1000,cpu,cpu,1,1,0.077627,0.089871,0.000000
457,data/imagenet.npz,8,1000,cpu,cpu,1,1,0.075940,0.089502,0.000000
458,data/imagenet.npz,8,1000,cpu,cpu,1,1,0.077170,0.086590,0.000000
459,data/imagenet.npz,8,1000,cpu,cpu,1,1,0.078671,0.096808,0.000000
460,data/imagenet.npz,8,1000,cpu,cpu,1,1,0.083667,0.109086,0.000000
461,data/imagenet.npz,8,1000,cpu,cpu,1,1,0.057501,0.039210,0.000000
462,data/imagenet.npz,8,1000,cpu,cpu,1,1,0.081607,0.116439,0.000000
463,data/imagenet.npz,8,1000,cpu,cpu,1,1,0.108144,0.203480,0.000000
464,data/imagenet.npz,8,1000,cpu,cpu,1,1,0.081589,0.098032,0.000000
465,data/imagenet.npz,8,1000,cpu,cpu,1,1,0.077775,0.103413,0.000000
466,data/imagenet.npz,8,1000,cpu,cpu,1,1,0.083625,0.102706,0.000000
467,data/imagenet.npz,8,1000,cpu,cpu,1,1,0.076211,0.105370,0.000000
468,data/imagenet.npz,8,1000,cpu,cpu,1,1,0.049308,0.019337,0.000000
469,data/imagenet.npz,8,1000,cpu,cpu,1,1,0.075531,0.108521,0.000000
470,data/imagenet.npz,8,1000,cpu,cpu,1,1,0.079568,0.106490,0.000000
471,data/imagenet.npz,8,1000,cpu,cpu,1,1,0.080702,0.103083,0.000000
472,data/imagenet.npz,8,1000,cpu,cpu,1,1,0.085119,0.118415,0.000000
473,data/imagenet.npz,8,1000,cpu,cpu,1,1,0.075785,0.090889,0.000000
474,data/imagenet.npz,8,1000,cpu,cpu,1,1,0.071288,0.079910,0.000000
475,data/imagenet.npz,8,1000,cpu,cpu,1,1,0.080226,0.105948,0.000000
476,data/imagenet.npz,8,1000,cpu,cpu,1,1,0.042862,0.002507,0.000000
477,data/imagenet.npz,8,1000,cpu,cpu,1,1,0.069623,0.100689,0.000000
478,data/imagenet.npz,8,1000,cpu,cpu,1,1,0.073787,0.088362,0.000000
479,data/imagenet.npz,8,1000,cpu,cpu,1,1,0.076360,0.103849,0.000000
480,data/imagenet.npz,8,1000,cpu,cpu,1,1,0.088727,0.128981,0.000000
481,data/imagenet.npz,8,1000,cpu,cpu,1,1,0.085874,0.103951,0.000000
482,data/imagenet.npz,8,1000,cpu,cpu,1,1,0.077928,0.097544,0.000000
483,data/imagenet.npz,8,1000,cpu,cpu,1,1,0.080616,0.096498,0.000000
484,data/imagenet.npz,8,1000,cpu,cpu,1,1,0.057586,0.040775,0.000000
485,data/imagenet.npz,8,1000,cpu,cpu,1,1,0.078717,0.090548,0.000000
486,data/imagenet.npz,8,1000,cpu,cpu,1,1,0.115235,0.228779,0.000000
487,data/imagenet.npz,8,1000,cpu,cpu,1,1,0.395428,1.074657,0.000000
488,data/imagenet.npz,8,1000,cpu,cpu,1,1,0.082539,0.096273,0.000000
489,data/imagenet.npz,8,1000,cpu,cpu,1,1,0.051782,0.020298,0.000000
490,data/imagenet.npz,8,1000,cpu,cpu,1,1,0.081640,0.099438,0.000000
491,data/imagenet.npz,8,1000,cpu,cpu,1,1,0.105912,0.211364,0.000000
492,data/imagenet.npz,8,1000,cpu,cpu,1,1,0.085693,0.126555,0.000000
493,data/imagenet.npz,8,1000,cpu,cpu,1,1,0.071878,0.092707,0.000000
494,data/imagenet.npz,8,1000,cpu,cpu,1,1,0.082364,0.114826,0.000000
495,data/imagenet.npz,8,1000,cpu,cpu,1,1,0.069991,0.088972,0.000000
496,data/imagenet.npz,8,1000,cpu,cpu,1,1,0.074737,0.095811,0.000000
497,data/imagenet.npz,8,1000,cpu,cpu,1,1,0.076275,0.104046,0.000000
498,data/imagenet.npz,8,1000,cpu,cpu,1,1,0.077283,0.104851,0.000000
499,data/imagenet.npz,8,1000,cpu,cpu,1,1,0.086993,0.131455,0.000000
500,data/imagenet.npz,8,1000,cpu,cpu,1,1,0.077919,0.102570,0.000000
501,data/imagenet.npz,8,1000,cpu,cpu,1,1,0.081662,0.103474,0.000000
502,data/imagenet.npz,8,1000,cpu,cpu,1,1,0.078094,0.102597,0.000000
503,data/imagenet.npz,8,1000,cpu,cpu,1,1,0.074121,0.101887,0.000000
504,data/imagenet.npz,8,1000,cpu,cpu,1,1,0.062785,0.059393,0.000000
505,data/imagenet.npz,8,1000,cpu,cpu,1,1,0.074043,0.088921,0.000000
506,data/imagenet.npz,8,1000,cpu,cpu,1,1,0.157886,0.356233,0.000000
507,data/imagenet.npz,8,1000,cpu,cpu,1,1,0.078362,0.101515,0.000000
508,data/imagenet.npz,8,1000,cpu,cpu,1,1,0.077264,0.098450,0.000000
509,data/imagenet.npz,8,1000,cpu,cpu,1,1,0.185191,0.462679,0.000000
510,data/imagenet.npz,8,1000,cpu,cpu,1,1,0.090078,0.132711,0.000000
511,data/imagenet.npz,8,1000,cpu,cpu,1,1,0.067466,0.057610,0.000000
512,data/imagenet.npz,8,1000,cpu,cpu,1,1,0.071194,0.091214,0.000000
513,data/imagenet.npz,8,1000,cpu,cpu,1,1,0.066575,0.073205,0.000000
514,data/imagenet.npz,8,1000,cpu,cpu,1,1,0.086675,0.141545,0.000000
515,data/imagenet.npz,8,1000,cpu,cpu,1,1,0.107126,0.212259,0.000000
516,data/imagenet.npz,8,1000,cpu,cpu,1,1,0.049736,0.024810,0.000000
517,data/imagenet.npz,8,1000,cpu,cpu,1,1,0.083759,0.114635,0.000000
518,data/imagenet.npz,8,1000,cpu,cpu,1,1,0.068202,0.090834,0.000000
519,data/imagenet.npz,8,1000,cpu,cpu,1,1,0.045511,0.009842,0.000000
520,data/imagenet.npz,8,1000,cpu,cpu,1,1,0.085050,0.155970,0.000000
521,data/imagenet.npz,8,1000,cpu,cpu,1,1,0.080581,0.100323,0.000000
522,data/imagenet.npz,8,1000,cpu,cpu,1,1,0.072453,0.088116,0.000000
523,data/imagenet.npz,8,1000,cpu,cpu,1,1,0.072263,0.085712,0.000000
524,data/imagenet.npz,8,1000,cpu,cpu,1,1,0.114754,0.233413,0.000000
525,data/imagenet.npz,8,1000,cpu,cpu,1,1,0.112049,0.234003,0.000000
526,data/imagenet.npz,8,1000,cpu,cpu,1,1,0.081255,0.111275,0.000000
527,data/imagenet.npz,8,1000,cpu,cpu,1,1,0.080034,0.086327,0.000000
528,data/imagenet.npz,8,1000,cpu,cpu,1,1,0.080117,0.105615,0.000000
529,data/imagenet.npz,8,1000,cpu,cpu,1,1,0.147101,0.323785,0.000000
530,data/imagenet.npz,8,1000,cpu,cpu,1,1,0.072345,0.098702,0.000000
531,data/imagenet.npz,8,1000,cpu,cpu,1,1,0.072992,0.086198,0.000000
532,data/imagenet.npz,8,1000,cpu,cpu,1,1,0.079212,0.105180,0.000000
533,data/imagenet.npz,8,1000,cpu,cpu,1,1,0.079534,0.108401,0.000000
534,data/imagenet.npz,8,1000,cpu,cpu,1,1,0.081396,0.107089,0.000000
535,data/imagenet.npz,8,1000,cpu,cpu,1,1,0.085798,0.134534,0.000000
536,data/imagenet.npz,8,1000,cpu,cpu,1,1,0.076179,0.107233,0.000000
537,data/imagenet.npz,8,1000,cpu,cpu,1,1,0.076763,0.103857,0.000000
538,data/imagenet.npz,8,1000,cpu,cpu,1,1,0.075236,0.099943,0.000000
539,data/imagenet.npz,8,1000,cpu,cpu,1,1,0.080521,0.101812,0.000000
540,data/imagenet.npz,8,1000,cpu,cpu,1,1,0.070894,0.088378,0.000000
541,data/imagenet.npz,8,1000,cpu,cpu,1,1,0.075052,0.088756,0.000000
542,data/imagenet.npz,8,1000,cpu,cpu,1,1,0.076216,0.093537,0.000000
543,data/imagenet.npz,8,1000,cpu,cpu,1,1,0.071972,0.091046,0.000000
544,data/imagenet.npz,8,1000,cpu,cpu,1,1,0.089274,0.145291,0.000000
545,data/imagenet.npz,8,1000,cpu,cpu,1,1,0.076993,0.109805,0.000000
546,data/imagenet.npz,8,1000,cpu,cpu,1,1,0.079880,0.095922,0.000000
547,data/imagenet.npz,8,1000,cpu,cpu,1,1,0.108600,0.213667,0.000000
548,data/imagenet.npz,8,1000,cpu,cpu,1,1,0.069692,0.087777,0.000000
549,data/imagenet.npz,8,1000,cpu,cpu,1,1,0.090646,0.135374,0.000000
550,data/imagenet.npz,8,1000,cpu,cpu,1,1,0.075713,0.088145,0.000000
551,data/imagenet.npz,8,1000,cpu,cpu,1,1,0.079668,0.106674,0.000000
552,data/imagenet.npz,8,1000,cpu,cpu,1,1,0.078581,0.108838,0.000000
553,data/imagenet.npz,8,1000,cpu,cpu,1,1,0.074449,0.092312,0.000000
554,data/imagenet.npz,8,1000,cpu,cpu,1,1,0.097434,0.175849,0.000000
555,data/imagenet.npz,8,1000,cpu,cpu,1,1,0.067789,0.084186,0.000000
556,data/imagenet.npz,8,1000,cpu,cpu,1,1,0.104952,0.177053,0.000000
557,data/imagenet.npz,8,1000,cpu,cpu,1,1,0.077762,0.083961,0.000000
558,data/imagenet.npz,8,1000,cpu,cpu,1,1,0.068414,0.087955,0.000000
559,data/imagenet.npz,8,1000,cpu,cpu,1,1,0.072220,0.100579,0.000000
560,data/imagenet.npz,8,1000,cpu,cpu,1,1,0.089445,0.135753,0.000000
561,data/imagenet.npz,8,1000,cpu,cpu,1,1,0.071340,0.091820,0.000000
562,data/imagenet.npz,8,1000,cpu,cpu,1,1,0.079271,0.111077,0.000000
563,data/imagenet.npz,8,1000,cpu,cpu,1,1,0.074896,0.089787,0.000000
564,data/imagenet.npz,8,1000,cpu,cpu,1,1,0.078964,0.110980,0.000000
565,data/imagenet.npz,8,1000,cpu,cpu,1,1,0.086018,0.133834,0.000000
566,data/imagenet.npz,8,1000,cpu,cpu,1,1,0.072931,0.090605,0.000000
567,data/imagenet.npz,8,1000,cpu,cpu,1,1,0.076793,0.095911,0.000000
568,data/imagenet.npz,8,1000,cpu,cpu,1,1,0.080340,0.091011,0.000000
569,data/imagenet.npz,8,1000,cpu,cpu,1,1,0.082423,0.101942,0.000000
570,data/imagenet.npz,8,1000,cpu,cpu,1,1,0.072726,0.068561,0.000000
571,data/imagenet.npz,8,1000,cpu,cpu,1,1,0.128557,0.245823,0.000000
572,data/imagenet.npz,8,1000,cpu,cpu,1,1,0.047673,0.019022,0.000000
573,data/imagenet.npz,8,1000,cpu,cpu,1,1,0.077185,0.107221,0.000000
574,data/imagenet.npz,8,1000,cpu,cpu,1,1,0.051085,0.020144,0.000000
575,data/imagenet.npz,8,1000,cpu,cpu,1,1,0.084788,0.140863,0.000000
576,data/imagenet.npz,8,1000,cpu,cpu,1,1,0.052815,0.031799,0.000000
577,data/imagenet.npz,8,1000,cpu,cpu,1,1,0.076947,0.113461,0.000000
578,data/imagenet.npz,8,1000,cpu,cpu,1,1,0.082426,0.113824,0.000000
579,data/imagenet.npz,8,1000,cpu,cpu,1,1,0.079729,0.106228,0.000000
580,data/imagenet.npz,8,1000,cpu,cpu,1,1,0.058989,0.039480,0.000000
581,data/imagenet.npz,8,1000,cpu,cpu,1,1,0.077873,0.089470,0.000000
582,data/imagenet.npz,8,1000,cpu,cpu,1,1,0.100409,0.167141,0.000000
583,data/imagenet.npz,8,1000,cpu,cpu,1,1,0.076829,0.108123,0.000000
584,data/imagenet.npz,8,1000,cpu,cpu,1,1,0.053802,0.021863,0.000000
585,data/imagenet.npz,8,1000,cpu,cpu,1,1,0.079626,0.107586,0.000000
586,data/imagenet.npz,8,1000,cpu,cpu,1,1,0.387156,1.072947,0.000000
587,data/imagenet.npz,8,1000,cpu,cpu,1,1,0.131726,0.274400,0.000000
588,data/imagenet.npz,8,1000,cpu,cpu,1,1,0.103004,0.171299,0.000000
589,data/imagenet.npz,8,1000,cpu,cpu,1,1,0.082927,0.102628,0.000000
590,data/imagenet.npz,8,1000,cpu,cpu,1,1,0.072188,0.085891,0.000000
591,data/imagenet.npz,8,1000,cpu,cpu,1,1,0.131391,0.280297,0.000000
592,data/imagenet.npz,8,1000,cpu,cpu,1,1,0.084403,0.109072,0.000000
593,data/imagenet.npz,8,1000,cpu,cpu,1,1,0.089279,0.138734,0.000000
594,data/imagenet.npz,8,1000,cpu,cpu,1,1,0.081309,0.102767,0.000000
595,data/imagenet.npz,8,1000,cpu,cpu,1,1,0.098668,0.175318,0.000000
596,data/imagenet.npz,8,1000,cpu,cpu,1,1,0.069999,0.093563,0.000000
597,data/imagenet.npz,8,1000,cpu,cpu,1,1,0.084943,0.117098,0.000000
598,data/imagenet.npz,8,1000,cpu,cpu,1,1,0.076886,0.086658,0.000000
599,data/imagenet.npz,8,1000,cpu,cpu,1,1,0.081790,0.110808,0.000000
600,data/imagenet.npz,8,1000,cpu,cpu,1,1,0.078891,0.089732,0.000000
601,data/imagenet.npz,8,1000,cpu,cpu,1,1,0.075706,0.088944,0.000000
602,data/imagenet.npz,8,1000,cpu,cpu,1,1,0.079552,0.105416,0.000000
603,data/imagenet.npz,8,1000,cpu,cpu,1,1,0.095816,0.150683,0.000000
604,data/imagenet.npz,8,1000,cpu,cpu,1,1,0.078848,0.108724,0.000000
605,data/imagenet.npz,8,1000,cpu,cpu,1,1,0.093671,0.150651,0.000000
606,data/imagenet.npz,8,1000,cpu,cpu,1,1,0.072409,0.102497,0.000000
607,data/imagenet.npz,8,1000,cpu,cpu,1,1,0.077675,0.107007,0.000000
608,data/imagenet.npz,8,1000,cpu,cpu,1,1,0.079300,0.108139,0.000000
609,data/imagenet.npz,8,1000,cpu,cpu,1,1,0.061882,0.062181,0.000000
610,data/imagenet.npz,8,1000,cpu,cpu,1,1,0.088003,0.101699,0.000000
611,data/imagenet.npz,8,1000,cpu,cpu,1,1,0.086159,0.105875,0.000000
612,data/imagenet.npz,8,1000,cpu,cpu,1,1,0.078303,0.104323,0.000000
613,data/imagenet.npz,8,1000,cpu,cpu,1,1,0.089172,0.141789,0.000000
614,data/imagenet.npz,8,1000,cpu,cpu,1,1,0.078395,0.104237,0.000000
615,data/imagenet.npz,8,1000,cpu,cpu,1,1,0.072164,0.074398,0.000000
616,data/imagenet.npz,8,1000,cpu,cpu,1,1,0.080468,0.104700,0.000000
617,data/imagenet.npz,8,1000,cpu,cpu,1,1,0.081040,0.105671,0.000000
618,data/imagenet.npz,8,1000,cpu,cpu,1,1,0.061100,0.032922,0.000000
619,data/imagenet.npz,8,1000,cpu,cpu,1,1,0.058480,0.048289,0.000000
620,data/imagenet.npz,8,1000,cpu,cpu,1,1,0.076107,0.099486,0.000000
621,data/imagenet.npz,8,1000,cpu,cpu,1,1,0.078234,0.103718,0.000000
622,data/imagenet.npz,8,1000,cpu,cpu,1,1,0.080835,0.103116,0.000000
623,data/imagenet.npz,8,1000,cpu,cpu,1,1,0.069870,0.088356,0.000000
624,data/imagenet.npz,8,1000,cpu,cpu,1,1,0.071956,0.085253,0.000000
625,data/imagenet.npz,8,1000,cpu,cpu,1,1,0.099794,0.184075,0.000000
626,data/imagenet.npz,8,1000,cpu,cpu,1,1,0.081154,0.105946,0.000000
627,data/imagenet.npz,8,1000,cpu,cpu,1,1,0.073115,0.080147,0.000000
628,data/imagenet.npz,8,1000,cpu,cpu,1,1,0.059518,0.039342,0.000000
629,data/imagenet.npz,8,1000,cpu,cpu,1,1,0.067140,0.066121,0.000000
630,data/imagenet.npz,8,1000,cpu,cpu,1,1,0.071690,0.089140,0.000000
631,data/imagenet.npz,8,1000,cpu,cpu,1,1,0.078827,0.107089,0.000000
632,data/imagenet.npz,8,1000,cpu,cpu,1,1,0.082871,0.093097,0.000000
633,data/imagenet.npz,8,1000,cpu,cpu,1,1,0.079873,0.109173,0.000000
634,data/imagenet.npz,8,1000,cpu,cpu,1,1,0.090807,0.159568,0.000000
635,data/imagenet.npz,8,1000,cpu,cpu,1,1,0.072215,0.068887,0.000000
636,data/imagenet.npz,8,1000,cpu,cpu,1,1,0.072006,0.083891,0.000000
637,data/imagenet.npz,8,1000,cpu,cpu,1,1,0.075488,0.092316,0.000000
638,data/imagenet.npz,8,1000,cpu,cpu,1,1,0.075724,0.104038,0.000000
639,data/imagenet.npz,8,1000,cpu,cpu,1,1,0.214728,0.503242,0.000000
640,data/imagenet.npz,8,1000,cpu,cpu,1,1,0.069605,0.063834,0.000000
641,data/imagenet.npz,8,1000,cpu,cpu,1,1,0.081811,0.105862,0.000000
642,data/imagenet.npz,8,1000,cpu,cpu,1,1,0.079198,0.105308,0.000000
643,data/imagenet.npz,8,1000,cpu,cpu,1,1,0.085018,0.104386,0.000000
644,data/imagenet.npz,8,1000,cpu,cpu,1,1,0.076743,0.104357,0.000000
645,data/imagenet.npz,8,1000,cpu,cpu,1,1,0.054243,0.029095,0.000000
646,data/imagenet.npz,8,1000,cpu,cpu,1,1,0.061359,0.043568,0.000000
647,data/imagenet.npz,8,1000,cpu,cpu,1,1,0.075926,0.092743,0.000000
648,data/imagenet.npz,8,1000,cpu,cpu,1,1,0.057849,0.033370,0.000000
649,data/imagenet.npz,8,1000,cpu,cpu,1,1,0.078568,0.108826,0.000000
650,data/imagenet.npz,8,1000,cpu,cpu,1,1,0.077330,0.109556,0.000000
651,data/imagenet.npz,8,1000,cpu,cpu,1,1,0.084227,0.109198,0.000000
652,data/imagenet.npz,8,1000,cpu,cpu,1,1,0.081629,0.103867,0.000000
653,data/imagenet.npz,8,1000,cpu,cpu,1,1,0.079615,0.098096,0.000000
654,data/imagenet.npz,8,1000,cpu,cpu,1,1,0.048344,0.020138,0.000000
655,data/imagenet.npz,8,1000,cpu,cpu,1,1,0.092296,0.163307,0.000000
656,data/imagenet.npz,8,1000,cpu,cpu,1,1,0.082138,0.106123,0.000000
657,data/imagenet.npz,8,1000,cpu,cpu,1,1,0.075292,0.090461,0.000000
658,data/imagenet.npz,8,1000,cpu,cpu,1,1,0.077942,0.103577,0.000000
659,data/imagenet.npz,8,1000,cpu,cpu,1,1,0.064593,0.065797,0.000000
660,data/imagenet.npz,8,1000,cpu,cpu,1,1,0.075560,0.093178,0.000000
661,data/imagenet.npz,8,1000,cpu,cpu,1,1,0.078543,0.108199,0.000000
662,data/imagenet.npz,8,1000,cpu,cpu,1,1,0.086803,0.121480,0.000000
663,data/imagenet.npz,8,1000,cpu,cpu,1,1,0.077512,0.094318,0.000000
664,data/imagenet.npz,8,1000,cpu,cpu,1,1,0.090214,0.155556,0.000000
665,data/imagenet.npz,8,1000,cpu,cpu,1,1,0.078001,0.097067,0.000000
666,data/imagenet.npz,8,1000,cpu,cpu,1,1,0.073204,0.102506,0.000000
667,data/imagenet.npz,8,1000,cpu,cpu,1,1,0.302653,0.764807,0.000000
668,data/imagenet.npz,8,1000,cpu,cpu,1,1,0.048802,0.018148,0.000000
669,data/imagenet.npz,8,1000,cpu,cpu,1,1,0.077515,0.096904,0.000000
670,data/imagenet.npz,8,1000,cpu,cpu,1,1,0.073508,0.086387,0.000000
671,data/imagenet.npz,8,1000,cpu,cpu,1,1,0.067654,0.054836,0.000000
672,data/imagenet.npz,8,1000,cpu,cpu,1,1,0.077053,0.095470,0.000000
673,data/imagenet.npz,8,1000,cpu,cpu,1,1,0.077448,0.108087,0.000000
674,data/imagenet.npz,8,1000,cpu,cpu,1,1,0.078427,0.124627,0.000000
675,data/imagenet.npz,8,1000,cpu,cpu,1,1,0.073110,0.089431,0.000000
676,data/imagenet.npz,8,1000,cpu,cpu,1,1,0.083744,0.099473,0.000000
677,data/imagenet.npz,8,1000,cpu,cpu,1,1,0.047328,0.006618,0.000000
678,data/imagenet.npz,8,1000,cpu,cpu,1,1,0.067670,0.046292,0.000000
679,data/imagenet.npz,8,1000,cpu,cpu,1,1,0.075054,0.105547,0.000000
680,data/imagenet.npz,8,1000,cpu,cpu,1,1,0.075525,0.088574,0.000000
681,data/imagenet.npz,8,1000,cpu,cpu,1,1,0.046649,0.008941,0.000000
682,data/imagenet.npz,8,1000,cpu,cpu,1,1,0.051718,0.027425,0.000000
683,data/imagenet.npz,8,1000,cpu,cpu,1,1,0.077292,0.090445,0.000000
684,data/imagenet.npz,8,1000,cpu,cpu,1,1,0.088078,0.087621,0.000000
685,data/imagenet.npz,8,1000,cpu,cpu,1,1,0.075943,0.091660,0.000000
686,data/imagenet.npz,8,1000,cpu,cpu,1,1,0.077066,0.110545,0.000000
687,data/imagenet.npz,8,1000,cpu,cpu,1,1,0.098399,0.168406,0.000000
688,data/imagenet.npz,8,1000,cpu,cpu,1,1,0.079586,0.100964,0.000000
689,data/imagenet.npz,8,1000,cpu,cpu,1,1,0.079564,0.100361,0.000000
690,data/imagenet.npz,8,1000,cpu,cpu,1,1,0.077157,0.107019,0.000000
691,data/imagenet.npz,8,1000,cpu,cpu,1,1,0.073804,0.089757,0.000000
692,data/imagenet.npz,8,1000,cpu,cpu,1,1,0.088738,0.135885,0.000000
693,data/imagenet.npz,8,1000,cpu,cpu,1,1,0.075384,0.105168,0.000000
694,data/imagenet.npz,8,1000,cpu,cpu,1,1,0.080060,0.104535,0.000000
695,data/imagenet.npz,8,1000,cpu,cpu,1,1,0.064639,0.048129,0.000000
696,data/imagenet.npz,8,1000,cpu,cpu,1,1,0.231234,0.572468,0.000000
697,data/imagenet.npz,8,1000,cpu,cpu,1,1,0.054204,0.039961,0.000000
698,data/imagenet.npz,8,1000,cpu,cpu,1,1,0.061580,0.054121,0.000000
699,data/imagenet.npz,8,1000,cpu,cpu,1,1,0.194495,0.473712,0.000000
700,data/imagenet.npz,8,1000,cpu,cpu,1,1,0.063700,0.057497,0.000000
701,data/imagenet.npz,8,1000,cpu,cpu,1,1,0.074330,0.089567,0.000000
702,data/imagenet.npz,8,1000,cpu,cpu,1,1,0.082878,0.104141,0.000000
703,data/imagenet.npz,8,1000,cpu,cpu,1,1,0.140728,0.325091,0.000000
704,data/imagenet.npz,8,1000,cpu,cpu,1,1,0.081599,0.101887,0.000000
705,data/imagenet.npz,8,1000,cpu,cpu,1,1,0.075374,0.062508,0.000000
706,data/imagenet.npz,8,1000,cpu,cpu,1,1,0.077822,0.104110,0.000000
707,data/imagenet.npz,8,1000,cpu,cpu,1,1,0.075426,0.099244,0.000000
708,data/imagenet.npz,8,1000,cpu,cpu,1,1,0.074361,0.085568,0.000000
709,data/imagenet.npz,8,1000,cpu,cpu,1,1,0.074719,0.096685,0.000000
710,data/imagenet.npz,8,1000,cpu,cpu,1,1,0.075689,0.104471,0.000000
711,data/imagenet.npz,8,1000,cpu,cpu,1,1,0.083444,0.100860,0.000000
712,data/imagenet.npz,8,1000,cpu,cpu,1,1,0.078211,0.106882,0.000000
713,data/imagenet.npz,8,1000,cpu,cpu,1,1,0.077491,0.101677,0.000000
714,data/imagenet.npz,8,1000,cpu,cpu,1,1,0.078726,0.097192,0.000000
715,data/imagenet.npz,8,1000,cpu,cpu,1,1,0.076114,0.107152,0.000000
716,data/imagenet.npz,8,1000,cpu,cpu,1,1,0.077757,0.112211,0.000000
717,data/imagenet.npz,8,1000,cpu,cpu,1,1,0.089539,0.108521,0.000000
718,data/imagenet.npz,8,1000,cpu,cpu,1,1,0.076609,0.102513,0.000000
719,data/imagenet.npz,8,1000,cpu,cpu,1,1,0.071877,0.089559,0.000000
720,data/imagenet.npz,8,1000,cpu,cpu,1,1,0.071304,0.084572,0.000000
721,data/imagenet.npz,8,1000,cpu,cpu,1,1,0.079449,0.101128,0.000000
722,data/imagenet.npz,8,1000,cpu,cpu,1,1,0.074416,0.087448,0.000000
723,data/imagenet.npz,8,1000,cpu,cpu,1,1,0.062353,0.077103,0.000000
724,data/imagenet.npz,8,1000,cpu,cpu,1,1,0.067333,0.061339,0.000000
725,data/imagenet.npz,8,1000,cpu,cpu,1,1,0.067598,0.081745,0.000000
726,data/imagenet.npz,8,1000,cpu,cpu,1,1,0.061435,0.039905,0.000000
727,data/imagenet.npz,8,1000,cpu,cpu,1,1,0.081431,0.103765,0.000000
728,data/imagenet.npz,8,1000,cpu,cpu,1,1,0.076818,0.105308,0.000000
729,data/imagenet.npz,8,1000,cpu,cpu,1,1,0.050188,0.028242,0.000000
730,data/imagenet.npz,8,1000,cpu,cpu,1,1,0.072927,0.096551,0.000000
731,data/imagenet.npz,8,1000,cpu,cpu,1,1,0.071085,0.084408,0.000000
732,data/imagenet.npz,8,1000,cpu,cpu,1,1,0.073713,0.078156,0.000000
733,data/imagenet.npz,8,1000,cpu,cpu,1,1,0.090812,0.150892,0.000000
734,data/imagenet.npz,8,1000,cpu,cpu,1,1,0.072462,0.101711,0.000000
735,data/imagenet.npz,8,1000,cpu,cpu,1,1,0.076968,0.084413,0.000000
736,data/imagenet.npz,8,1000,cpu,cpu,1,1,0.072946,0.084952,0.000000
737,data/imagenet.npz,8,1000,cpu,cpu,1,1,0.081621,0.095552,0.000000
738,data/imagenet.npz,8,1000,cpu,cpu,1,1,0.072668,0.089770,0.000000
739,data/imagenet.npz,8,1000,cpu,cpu,1,1,0.096160,0.171527,0.000000
740,data/imagenet.npz,8,1000,cpu,cpu,1,1,0.070953,0.087932,0.000000
741,data/imagenet.npz,8,1000,cpu,cpu,1,1,0.077470,0.095157,0.000000
742,data/imagenet.npz,8,1000,cpu,cpu,1,1,0.044314,0.014508,0.000000
743,data/imagenet.npz,8,1000,cpu,cpu,1,1,0.071364,0.084348,0.000000
744,data/imagenet.npz,8,1000,cpu,cpu,1,1,0.075573,0.092699,0.000000
745,data/imagenet.npz,8,1000,cpu,cpu,1,1,0.078708,0.095935,0.000000
746,data/imagenet.npz,8,1000,cpu,cpu,1,1,0.071143,0.087541,0.000000
747,data/imagenet.npz,8,1000,cpu,cpu,1,1,0.074702,0.102220,0.000000
748,data/imagenet.npz,8,1000,cpu,cpu,1,1,0.061144,0.044081,0.000000
749,data/imagenet.npz,8,1000,cpu,cpu,1,1,0.095677,0.179375,0.000000
750,data/imagenet.npz,8,1000,cpu,cpu,1,1,0.054746,0.021712,0.000000
751,data/imagenet.npz,8,1000,cpu,cpu,1,1,0.075336,0.086070,0.000000
752,data/imagenet.npz,8,1000,cpu,cpu,1,1,0.079141,0.099996,0.000000
753,data/imagenet.npz,8,1000,cpu,cpu,1,1,0.094276,0.158182,0.000000
754,data/imagenet.npz,8,1000,cpu,cpu,1,1,0.070590,0.068429,0.000000
755,data/imagenet.npz,8,1000,cpu,cpu,1,1,0.074109,0.090683,0.000000
756,data/imagenet.npz,8,1000,cpu,cpu,1,1,0.074843,0.103805,0.000000
757,data/imagenet.npz,8,1000,cpu,cpu,1,1,0.074482,0.100216,0.000000
758,data/imagenet.npz,8,1000,cpu,cpu,1,1,0.083946,0.107763,0.000000
759,data/imagenet.npz,8,1000,cpu,cpu,1,1,0.079975,0.102141,0.000000
760,data/imagenet.npz,8,1000,cpu,cpu,1,1,0.075453,0.092894,0.000000
761,data/imagenet.npz,8,1000,cpu,cpu,1,1,0.077126,0.100023,0.000000
762,data/imagenet.npz,8,1000,cpu,cpu,1,1,0.076327,0.103365,0.000000
763,data/imagenet.npz,8,1000,cpu,cpu,1,1,0.080820,0.117427,0.000000
764,data/imagenet.npz,8,1000,cpu,cpu,1,1,0.075013,0.087712,0.000000
765,data/imagenet.npz,8,1000,cpu,cpu,1,1,0.079285,0.088658,0.000000
766,data/imagenet.npz,8,1000,cpu,cpu,1,1,0.114811,0.219018,0.000000
767,data/imagenet.npz,8,1000,cpu,cpu,1,1,0.049769,0.024012,0.000000
768,data/imagenet.npz,8,1000,cpu,cpu,1,1,0.067061,0.059986,0.000000
769,data/imagenet.npz,8,1000,cpu,cpu,1,1,0.080579,0.088993,0.000000
770,data/imagenet.npz,8,1000,cpu,cpu,1,1,0.099778,0.176337,0.000000
771,data/imagenet.npz,8,1000,cpu,cpu,1,1,0.092983,0.150580,0.000000
772,data/imagenet.npz,8,1000,cpu,cpu,1,1,0.081068,0.107584,0.000000
773,data/imagenet.npz,8,1000,cpu,cpu,1,1,0.104454,0.183484,0.000000
774,data/imagenet.npz,8,1000,cpu,cpu,1,1,0.071071,0.091741,0.000000
775,data/imagenet.npz,8,1000,cpu,cpu,1,1,0.086241,0.138163,0.000000
776,data/imagenet.npz,8,1000,cpu,cpu,1,1,0.072675,0.100924,0.000000
777,data/imagenet.npz,8,1000,cpu,cpu,1,1,0.076755,0.105899,0.000000
778,data/imagenet.npz,8,1000,cpu,cpu,1,1,0.080428,0.093789,0.000000
779,data/imagenet.npz,8,1000,cpu,cpu,1,1,0.076816,0.106965,0.000000
780,data/imagenet.npz,8,1000,cpu,cpu,1,1,0.078291,0.102694,0.000000
781,data/imagenet.npz,8,1000,cpu,cpu,1,1,0.056924,0.050667,0.000000
782,data/imagenet.npz,8,1000,cpu,cpu,1,1,0.069522,0.088513,0.000000
783,data/imagenet.npz,8,1000,cpu,cpu,1,1,0.072883,0.085321,0.000000
784,data/imagenet.npz,8,1000,cpu,cpu,1,1,0.072489,0.110451,0.000000
785,data/imagenet.npz,8,1000,cpu,cpu,1,1,0.074522,0.089128,0.000000
786,data/imagenet.npz,8,1000,cpu,cpu,1,1,0.082505,0.103008,0.000000
787,data/imagenet.npz,8,1000,cpu,cpu,1,1,0.077798,0.085923,0.000000
788,data/imagenet.npz,8,1000,cpu,cpu,1,1,0.058395,0.039798,0.000000
789,data/imagenet.npz,8,1000,cpu,cpu,1,1,0.078030,0.102617,0.000000
790,data/imagenet.npz,8,1000,cpu,cpu,1,1,0.082529,0.094971,0.000000
791,data/imagenet.npz,8,1000,cpu,cpu,1,1,0.064931,0.056623,0.000000
792,data/imagenet.npz,8,1000,cpu,cpu,1,1,0.075970,0.102421,0.000000
793,data/imagenet.npz,8,1000,cpu,cpu,1,1,0.080641,0.108196,0.000000
794,data/imagenet.npz,8,1000,cpu,cpu,1,1,0.069646,0.082535,0.000000
795,data/imagenet.npz,8,1000,cpu,cpu,1,1,0.076164,0.092814,0.000000
796,data/imagenet.npz,8,1000,cpu,cpu,1,1,0.070880,0.087235,0.000000
797,data/imagenet.npz,8,1000,cpu,cpu,1,1,0.077012,0.091346,0.000000
798,data/imagenet.npz,8,1000,cpu,cpu,1,1,0.076751,0.080210,0.000000
799,data/imagenet.npz,8,1000,cpu,cpu,1,1,0.113212,0.223308,0.000000
800,data/imagenet.npz,8,1000,cpu,cpu,1,1,0.080764,0.115493,0.000000
801,data/imagenet.npz,8,1000,cpu,cpu,1,1,0.051109,0.029693,0.000000
802,data/imagenet.npz,8,1000,cpu,cpu,1,1,0.057030,0.043651,0.000000
803,data/imagenet.npz,8,1000,cpu,cpu,1,1,0.084964,0.104695,0.000000
804,data/imagenet.npz,8,1000,cpu,cpu,1,1,0.084300,0.101264,0.000000
805,data/imagenet.npz,8,1000,cpu,cpu,1,1,0.049438,0.013523,0.000000
806,data/imagenet.npz,8,1000,cpu,cpu,1,1,0.068747,0.071756,0.000000
807,data/imagenet.npz,8,1000,cpu,cpu,1,1,0.079310,0.104392,0.000000
808,data/imagenet.npz,8,1000,cpu,cpu,1,1,0.088852,0.108686,0.000000
809,data/imagenet.npz,8,1000,cpu,cpu,1,1,0.082274,0.108537,0.000000
810,data/imagenet.npz,8,1000,cpu,cpu,1,1,0.098465,0.163361,0.000000
811,data/imagenet.npz,8,1000,cpu,cpu,1,1,0.083396,0.106750,0.000000
812,data/imagenet.npz,8,1000,cpu,cpu,1,1,0.072947,0.084546,0.000000
813,data/imagenet.npz,8,1000,cpu,cpu,1,1,0.078759,0.097610,0.000000
814,data/imagenet.npz,8,1000,cpu,cpu,1,1,0.077607,0.090124,0.000000
815,data/imagenet.npz,8,1000,cpu,cpu,1,1,0.045814,0.011957,0.000000
816,data/imagenet.npz,8,1000,cpu,cpu,1,1,0.073863,0.089290,0.000000
817,data/imagenet.npz,8,1000,cpu,cpu,1,1,0.076811,0.101964,0.000000
818,data/imagenet.npz,8,1000,cpu,cpu,1,1,0.078699,0.093895,0.000000
819,data/imagenet.npz,8,1000,cpu,cpu,1,1,0.075521,0.089768,0.000000
820,data/imagenet.npz,8,1000,cpu,cpu,1,1,0.090573,0.158625,0.000000
821,data/imagenet.npz,8,1000,cpu,cpu,1,1,0.079868,0.111441,0.000000
822,data/imagenet.npz,8,1000,cpu,cpu,1,1,0.080318,0.097608,0.000000
823,data/imagenet.npz,8,1000,cpu,cpu,1,1,0.073830,0.089985,0.000000
824,data/imagenet.npz,8,1000,cpu,cpu,1,1,0.057776,0.032896,0.000000
825,data/imagenet.npz,8,1000,cpu,cpu,1,1,0.074178,0.100082,0.000000
826,data/imagenet.npz,8,1000,cpu,cpu,1,1,0.083833,0.125090,0.000000
827,data/imagenet.npz,8,1000,cpu,cpu,1,1,0.078720,0.124636,0.000000
828,data/imagenet.npz,8,1000,cpu,cpu,1,1,0.088340,0.090406,0.000000
829,data/imagenet.npz,8,1000,cpu,cpu,1,1,0.045468,0.012254,0.000000
830,data/imagenet.npz,8,1000,cpu,cpu,1,1,0.074050,0.104678,0.000000
831,data/imagenet.npz,8,1000,cpu,cpu,1,1,0.077611,0.092945,0.000000
832,data/imagenet.npz,8,1000,cpu,cpu,1,1,0.077587,0.099510,0.000000
833,data/imagenet.npz,8,1000,cpu,cpu,1,1,0.127231,0.282193,0.000000
834,data/imagenet.npz,8,1000,cpu,cpu,1,1,0.091491,0.144603,0.000000
835,data/imagenet.npz,8,1000,cpu,cpu,1,1,0.048522,0.023126,0.000000
836,data/imagenet.npz,8,1000,cpu,cpu,1,1,0.055008,0.031765,0.000000
837,data/imagenet.npz,8,1000,cpu,cpu,1,1,0.075865,0.105878,0.000000
838,data/imagenet.npz,8,1000,cpu,cpu,1,1,0.074218,0.091661,0.000000
839,data/imagenet.npz,8,1000,cpu,cpu,1,1,0.081617,0.124221,0.000000
840,data/imagenet.npz,8,1000,cpu,cpu,1,1,0.132637,0.282109,0.000000
841,data/imagenet.npz,8,1000,cpu,cpu,1,1,0.080737,0.088255,0.000000
842,data/imagenet.npz,8,1000,cpu,cpu,1,1,0.081449,0.105207,0.000000
843,data/imagenet.npz,8,1000,cpu,cpu,1,1,0.075049,0.090588,0.000000
844,data/imagenet.npz,8,1000,cpu,cpu,1,1,0.073481,0.100188,0.000000
845,data/imagenet.npz,8,1000,cpu,cpu,1,1,0.071277,0.071908,0.000000
846,data/imagenet.npz,8,1000,cpu,cpu,1,1,0.071719,0.076349,0.000000
847,data/imagenet.npz,8,1000,cpu,cpu,1,1,0.047717,0.016084,0.000000
848,data/imagenet.npz,8,1000,cpu,cpu,1,1,0.078361,0.097683,0.000000
849,data/imagenet.npz,8,1000,cpu,cpu,1,1,0.075499,0.108949,0.000000
850,data/imagenet.npz,8,1000,cpu,cpu,1,1,0.047461,0.019447,0.000000
851,data/imagenet.npz,8,1000,cpu,cpu,1,1,0.721267,2.263682,0.000000
852,data/imagenet.npz,8,1000,cpu,cpu,1,1,0.073782,0.094363,0.000000
853,data/imagenet.npz,8,1000,cpu,cpu,1,1,0.079391,0.086495,0.000000
854,data/imagenet.npz,8,1000,cpu,cpu,1,1,0.076151,0.085528,0.000000
855,data/imagenet.npz,8,1000,cpu,cpu,1,1,0.084174,0.097975,0.000000
856,data/imagenet.npz,8,1000,cpu,cpu,1,1,0.053665,0.034450,0.000000
857,data/imagenet.npz,8,1000,cpu,cpu,1,1,0.080041,0.112421,0.000000
858,data/imagenet.npz,8,1000,cpu,cpu,1,1,0.044314,0.010417,0.000000
859,data/imagenet.npz,8,1000,cpu,cpu,1,1,0.070394,0.091819,0.000000
860,data/imagenet.npz,8,1000,cpu,cpu,1,1,0.062072,0.046130,0.000000
861,data/imagenet.npz,8,1000,cpu,cpu,1,1,0.047354,0.013512,0.000000
862,data/imagenet.npz,8,1000,cpu,cpu,1,1,0.084706,0.118662,0.000000
863,data/imagenet.npz,8,1000,cpu,cpu,1,1,0.042588,0.003339,0.000000
864,data/imagenet.npz,8,1000,cpu,cpu,1,1,0.079085,0.103416,0.000000
865,data/imagenet.npz,8,1000,cpu,cpu,1,1,0.085579,0.126766,0.000000
866,data/imagenet.npz,8,1000,cpu,cpu,1,1,0.050421,0.019667,0.000000
867,data/imagenet.npz,8,1000,cpu,cpu,1,1,0.080913,0.123726,0.000000
868,data/imagenet.npz,8,1000,cpu,cpu,1,1,0.051034,0.010266,0.000000
869,data/imagenet.npz,8,1000,cpu,cpu,1,1,0.056958,0.033801,0.000000
870,data/imagenet.npz,8,1000,cpu,cpu,1,1,0.077846,0.086151,0.000000
871,data/imagenet.npz,8,1000,cpu,cpu,1,1,0.287221,0.706158,0.000000
872,data/imagenet.npz,8,1000,cpu,cpu,1,1,0.089864,0.125128,0.000000
873,data/imagenet.npz,8,1000,cpu,cpu,1,1,0.048384,0.012066,0.000000
874,data/imagenet.npz,8,1000,cpu,cpu,1,1,0.379955,1.094201,0.000000
875,data/imagenet.npz,8,1000,cpu,cpu,1,1,0.081805,0.107432,0.000000
876,data/imagenet.npz,8,1000,cpu,cpu,1,1,0.078825,0.104423,0.000000
877,data/imagenet.npz,8,1000,cpu,cpu,1,1,0.085354,0.103257,0.000000
878,data/imagenet.npz,8,1000,cpu,cpu,1,1,0.076123,0.104332,0.000000
879,data/imagenet.npz,8,1000,cpu,cpu,1,1,0.074919,0.091691,0.000000
880,data/imagenet.npz,8,1000,cpu,cpu,1,1,0.070964,0.069696,0.000000
881,data/imagenet.npz,8,1000,cpu,cpu,1,1,0.131023,0.277992,0.000000
882,data/imagenet.npz,8,1000,cpu,cpu,1,1,0.073245,0.102659,0.000000
883,data/imagenet.npz,8,1000,cpu,cpu,1,1,0.068527,0.082771,0.000000
884,data/imagenet.npz,8,1000,cpu,cpu,1,1,0.081992,0.102015,0.000000
885,data/imagenet.npz,8,1000,cpu,cpu,1,1,0.047141,0.008069,0.000000
886,data/imagenet.npz,8,1000,cpu,cpu,1,1,0.078765,0.110874,0.000000
887,data/imagenet.npz,8,1000,cpu,cpu,1,1,0.077039,0.108072,0.000000
888,data/imagenet.npz,8,1000,cpu,cpu,1,1,0.078544,0.105879,0.000000
889,data/imagenet.npz,8,1000,cpu,cpu,1,1,0.077191,0.093100,0.000000
890,data/imagenet.npz,8,1000,cpu,cpu,1,1,0.078312,0.102672,0.000000
891,data/imagenet.npz,8,1000,cpu,cpu,1,1,0.079726,0.101752,0.000000
892,data/imagenet.npz,8,1000,cpu,cpu,1,1,0.078749,0.106889,0.000000
893,data/imagenet.npz,8,1000,cpu,cpu,1,1,0.073981,0.090227,0.000000
894,data/imagenet.npz,8,1000,cpu,cpu,1,1,0.075340,0.095735,0.000000
895,data/imagenet.npz,8,1000,cpu,cpu,1,1,0.073950,0.087170,0.000000
896,data/imagenet.npz,8,1000,cpu,cpu,1,1,0.082367,0.114100,0.000000
897,data/imagenet.npz,8,1000,cpu,cpu,1,1,0.078686,0.095490,0.000000
898,data/imagenet.npz,8,1000,cpu,cpu,1,1,0.075139,0.102892,0.000000
899,data/imagenet.npz,8,1000,cpu,cpu,1,1,0.080329,0.102239,0.000000
900,data/imagenet.npz,8,1000,cpu,cpu,1,1,0.080162,0.089011,0.000000
901,data/imagenet.npz,8,1000,cpu,cpu,1,1,0.074355,0.092411,0.000000
902,data/imagenet.npz,8,1000,cpu,cpu,1,1,0.076185,0.104832,0.000000
903,data/imagenet.npz,8,1000,cpu,cpu,1,1,0.069018,0.080687,0.000000
904,data/imagenet.npz,8,1000,cpu,cpu,1,1,0.066574,0.062301,0.000000
905,data/imagenet.npz,8,1000,cpu,cpu,1,1,0.082321,0.101513,0.000000
906,data/imagenet.npz,8,1000,cpu,cpu,1,1,0.096928,0.106722,0.000000
907,data/imagenet.npz,8,1000,cpu,cpu,1,1,0.077322,0.107290,0.000000
908,data/imagenet.npz,8,1000,cpu,cpu,1,1,0.074166,0.092074,0.000000
909,data/imagenet.npz,8,1000,cpu,cpu,1,1,0.074987,0.091906,0.000000
910,data/imagenet.npz,8,1000,cpu,cpu,1,1,0.079395,0.106399,0.000000
911,data/imagenet.npz,8,1000,cpu,cpu,1,1,0.076608,0.095983,0.000000
912,data/imagenet.npz,8,1000,cpu,cpu,1,1,0.084665,0.116382,0.000000
913,data/imagenet.npz,8,1000,cpu,cpu,1,1,0.083145,0.107131,0.000000
914,data/imagenet.npz,8,1000,cpu,cpu,1,1,0.053711,0.030767,0.000000
915,data/imagenet.npz,8,1000,cpu,cpu,1,1,0.079236,0.100424,0.000000
916,data/imagenet.npz,8,1000,cpu,cpu,1,1,0.083767,0.102508,0.000000
917,data/imagenet.npz,8,1000,cpu,cpu,1,1,0.079875,0.088158,0.000000
918,data/imagenet.npz,8,1000,cpu,cpu,1,1,0.069360,0.067962,0.000000
919,data/imagenet.npz,8,1000,cpu,cpu,1,1,0.080412,0.099477,0.000000
920,data/imagenet.npz,8,1000,cpu,cpu,1,1,0.085691,0.129003,0.000000
921,data/imagenet.npz,8,1000,cpu,cpu,1,1,0.079789,0.099892,0.000000
922,data/imagenet.npz,8,1000,cpu,cpu,1,1,0.081371,0.099195,0.000000
923,data/imagenet.npz,8,1000,cpu,cpu,1,1,0.080946,0.107794,0.000000
924,data/imagenet.npz,8,1000,cpu,cpu,1,1,0.077071,0.095513,0.000000
925,data/imagenet.npz,8,1000,cpu,cpu,1,1,0.078508,0.093874,0.000000
926,data/imagenet.npz,8,1000,cpu,cpu,1,1,0.069152,0.062269,0.000000
927,data/imagenet.npz,8,1000,cpu,cpu,1,1,0.081376,0.091305,0.000000
928,data/imagenet.npz,8,1000,cpu,cpu,1,1,0.074019,0.099829,0.000000
929,data/imagenet.npz,8,1000,cpu,cpu,1,1,0.065492,0.075305,0.000000
930,data/imagenet.npz,8,1000,cpu,cpu,1,1,0.068494,0.062035,0.000000
931,data/imagenet.npz,8,1000,cpu,cpu,1,1,0.067979,0.074661,0.000000
932,data/imagenet.npz,8,1000,cpu,cpu,1,1,0.074964,0.090144,0.000000
933,data/imagenet.npz,8,1000,cpu,cpu,1,1,0.054303,0.037681,0.000000
934,data/imagenet.npz,8,1000,cpu,cpu,1,1,0.073121,0.085923,0.000000
935,data/imagenet.npz,8,1000,cpu,cpu,1,1,0.065172,0.060925,0.000000
936,data/imagenet.npz,8,1000,cpu,cpu,1,1,0.073787,0.087492,0.000000
937,data/imagenet.npz,8,1000,cpu,cpu,1,1,0.073327,0.089620,0.000000
938,data/imagenet.npz,8,1000,cpu,cpu,1,1,0.088839,0.135232,0.000000
939,data/imagenet.npz,8,1000,cpu,cpu,1,1,0.077793,0.083010,0.000000
940,data/imagenet.npz,8,1000,cpu,cpu,1,1,0.080395,0.101565,0.000000
941,data/imagenet.npz,8,1000,cpu,cpu,1,1,0.080201,0.103199,0.000000
942,data/imagenet.npz,8,1000,cpu,cpu,1,1,0.072961,0.088721,0.000000
943,data/imagenet.npz,8,1000,cpu,cpu,1,1,0.074717,0.088399,0.000000
944,data/imagenet.npz,8,1000,cpu,cpu,1,1,0.072223,0.089498,0.000000
945,data/imagenet.npz,8,1000,cpu,cpu,1,1,0.079251,0.098296,0.000000
946,data/imagenet.npz,8,1000,cpu,cpu,1,1,0.073141,0.089648,0.000000
947,data/imagenet.npz,8,1000,cpu,cpu,1,1,0.078258,0.103030,0.000000
948,data/imagenet.npz,8,1000,cpu,cpu,1,1,0.078178,0.114048,0.000000
949,data/imagenet.npz,8,1000,cpu,cpu,1,1,0.083713,0.096535,0.000000
950,data/imagenet.npz,8,1000,cpu,cpu,1,1,0.077252,0.105020,0.000000
951,data/imagenet.npz,8,1000,cpu,cpu,1,1,0.083213,0.103039,0.000000
952,data/imagenet.npz,8,1000,cpu,cpu,1,1,0.077220,0.102955,0.000000
953,data/imagenet.npz,8,1000,cpu,cpu,1,1,0.067768,0.061241,0.000000
954,data/imagenet.npz,8,1000,cpu,cpu,1,1,0.062702,0.047869,0.000000
955,data/imagenet.npz,8,1000,cpu,cpu,1,1,0.080497,0.088729,0.000000
956,data/imagenet.npz,8,1000,cpu,cpu,1,1,0.073758,0.098920,0.000000
957,data/imagenet.npz,8,1000,cpu,cpu,1,1,0.072800,0.085127,0.000000
958,data/imagenet.npz,8,1000,cpu,cpu,1,1,0.075740,0.066632,0.000000
959,data/imagenet.npz,8,1000,cpu,cpu,1,1,0.081614,0.119394,0.000000
960,data/imagenet.npz,8,1000,cpu,cpu,1,1,0.072901,0.087378,0.000000
961,data/imagenet.npz,8,1000,cpu,cpu,1,1,0.079663,0.090896,0.000000
962,data/imagenet.npz,8,1000,cpu,cpu,1,1,0.078401,0.090224,0.000000
963,data/imagenet.npz,8,1000,cpu,cpu,1,1,0.077020,0.101121,0.000000
964,data/imagenet.npz,8,1000,cpu,cpu,1,1,0.081227,0.093532,0.000000
965,data/imagenet.npz,8,1000,cpu,cpu,1,1,0.076598,0.090791,0.000000
966,data/imagenet.npz,8,1000,cpu,cpu,1,1,0.083348,0.096347,0.000000
967,data/imagenet.npz,8,1000,cpu,cpu,1,1,0.080153,0.100543,0.000000
968,data/imagenet.npz,8,1000,cpu,cpu,1,1,0.081118,0.088484,0.000000
969,data/imagenet.npz,8,1000,cpu,cpu,1,1,0.086193,0.102115,0.000000
970,data/imagenet.npz,8,1000,cpu,cpu,1,1,0.078657,0.103183,0.000000
971,data/imagenet.npz,8,1000,cpu,cpu,1,1,0.060290,0.048072,0.000000
972,data/imagenet.npz,8,1000,cpu,cpu,1,1,0.048864,0.021762,0.000000
973,data/imagenet.npz,8,1000,cpu,cpu,1,1,0.082084,0.103888,0.000000
974,data/imagenet.npz,8,1000,cpu,cpu,1,1,0.055429,0.021188,0.000000
975,data/imagenet.npz,8,1000,cpu,cpu,1,1,0.078346,0.102078,0.000000
976,data/imagenet.npz,8,1000,cpu,cpu,1,1,0.075206,0.087125,0.000000
977,data/imagenet.npz,8,1000,cpu,cpu,1,1,0.082752,0.104183,0.000000
978,data/imagenet.npz,8,1000,cpu,cpu,1,1,0.076163,0.081635,0.000000
979,data/imagenet.npz,8,1000,cpu,cpu,1,1,0.076895,0.103315,0.000000
980,data/imagenet.npz,8,1000,cpu,cpu,1,1,0.078763,0.108628,0.000000
981,data/imagenet.npz,8,1000,cpu,cpu,1,1,0.077523,0.100696,0.000000
982,data/imagenet.npz,8,1000,cpu,cpu,1,1,0.078506,0.104765,0.000000
983,data/imagenet.npz,8,1000,cpu,cpu,1,1,0.075239,0.102813,0.000000
984,data/imagenet.npz,8,1000,cpu,cpu,1,1,0.073952,0.089634,0.000000
985,data/imagenet.npz,8,1000,cpu,cpu,1,1,0.051293,0.023450,0.000000
986,data/imagenet.npz,8,1000,cpu,cpu,1,1,0.156816,0.339793,0.000000
987,data/imagenet.npz,8,1000,cpu,cpu,1,1,0.087692,0.129086,0.000000
988,data/imagenet.npz,8,1000,cpu,cpu,1,1,0.056829,0.041286,0.000000
989,data/imagenet.npz,8,1000,cpu,cpu,1,1,0.076811,0.097042,0.000000
990,data/imagenet.npz,8,1000,cpu,cpu,1,1,0.070826,0.093110,0.000000
991,data/imagenet.npz,8,1000,cpu,cpu,1,1,0.073038,0.079851,0.000000
992,data/imagenet.npz,8,1000,cpu,cpu,1,1,0.077802,0.075897,0.000000
993,data/imagenet.npz,8,1000,cpu,cpu,1,1,0.079627,0.090294,0.000000
994,data/imagenet.npz,8,1000,cpu,cpu,1,1,0.096163,0.158902,0.000000
995,data/imagenet.npz,8,1000,cpu,cpu,1,1,0.081102,0.116552,0.000000
996,data/imagenet.npz,8,1000,cpu,cpu,1,1,0.075157,0.098377,0.000000
997,data/imagenet.npz,8,1000,cpu,cpu,1,1,0.069351,0.066755,0.000000
998,data/imagenet.npz,8,1000,cpu,cpu,1,1,0.074530,0.101739,0.000000
999,data/imagenet.npz,8,1000,cpu,cpu,1,1,0.063706,0.052531,0.000000
