image_index,data_path,num_directions,num_timesteps,device_requested,device_used,batch_size,num_cores,complex_construction_time,computation_time,vectorization_time
0,data/imagenet.npz,128,100,cpu,cpu,1,1,0.075606,7.154179,0.000000
1,data/imagenet.npz,128,100,cpu,cpu,1,1,0.072993,7.047921,0.000000
2,data/imagenet.npz,128,100,cpu,cpu,1,1,0.061026,7.118381,0.000000
3,data/imagenet.npz,128,100,cpu,cpu,1,1,0.057080,7.092415,0.000000
4,data/imagenet.npz,128,100,cpu,cpu,1,1,0.066855,8.398404,0.000000
5,data/imagenet.npz,128,100,cpu,cpu,1,1,0.074056,7.955815,0.000000
6,data/imagenet.npz,128,100,cpu,cpu,1,1,0.058381,7.211518,0.000000
7,data/imagenet.npz,128,100,cpu,cpu,1,1,0.066976,7.076964,0.000000
8,data/imagenet.npz,128,100,cpu,cpu,1,1,0.094241,12.906029,0.000000
9,data/imagenet.npz,128,100,cpu,cpu,1,1,0.064617,7.260444,0.000000
10,data/imagenet.npz,128,100,cpu,cpu,1,1,0.064418,7.170158,0.000000
11,data/imagenet.npz,128,100,cpu,cpu,1,1,0.057783,4.464481,0.000000
12,data/imagenet.npz,128,100,cpu,cpu,1,1,0.061386,7.963234,0.000000
13,data/imagenet.npz,128,100,cpu,cpu,1,1,0.066198,8.043844,0.000000
14,data/imagenet.npz,128,100,cpu,cpu,1,1,0.066605,8.621236,0.000000
15,data/imagenet.npz,128,100,cpu,cpu,1,1,0.072308,8.016614,0.000000
16,data/imagenet.npz,128,100,cpu,cpu,1,1,0.073602,8.021424,0.000000
17,data/imagenet.npz,128,100,cpu,cpu,1,1,0.067348,7.499356,0.000000
18,data/imagenet.npz,128,100,cpu,cpu,1,1,0.065967,7.083738,0.000000
19,data/imagenet.npz,128,100,cpu,cpu,1,1,0.060524,3.285500,0.000000
20,data/imagenet.npz,128,100,cpu,cpu,1,1,0.065870,8.224149,0.000000
21,data/imagenet.npz,128,100,cpu,cpu,1,1,0.074651,8.087545,0.000000
22,data/imagenet.npz,128,100,cpu,cpu,1,1,0.057763,7.144498,0.000000
23,data/imagenet.npz,128,100,cpu,cpu,1,1,0.055424,5.804662,0.000000
24,data/imagenet.npz,128,100,cpu,cpu,1,1,0.065326,8.163003,0.000000
25,data/imagenet.npz,128,100,cpu,cpu,1,1,0.048000,3.351109,0.000000
26,data/imagenet.npz,128,100,cpu,cpu,1,1,0.061900,5.804275,0.000000
27,data/imagenet.npz,128,100,cpu,cpu,1,1,0.067943,7.841835,0.000000
28,data/imagenet.npz,128,100,cpu,cpu,1,1,0.065016,7.042807,0.000000
29,data/imagenet.npz,128,100,cpu,cpu,1,1,0.055506,6.239694,0.000000
30,data/imagenet.npz,128,100,cpu,cpu,1,1,0.067727,8.043944,0.000000
31,data/imagenet.npz,128,100,cpu,cpu,1,1,0.069939,6.860470,0.000000
32,data/imagenet.npz,128,100,cpu,cpu,1,1,0.068608,8.009652,0.000000
33,data/imagenet.npz,128,100,cpu,cpu,1,1,0.039208,0.916057,0.000000
34,data/imagenet.npz,128,100,cpu,cpu,1,1,0.066853,7.071449,0.000000
35,data/imagenet.npz,128,100,cpu,cpu,1,1,0.061355,7.868546,0.000000
36,data/imagenet.npz,128,100,cpu,cpu,1,1,0.071434,7.109827,0.000000
37,data/imagenet.npz,128,100,cpu,cpu,1,1,0.070074,10.514545,0.000000
