image_index,data_path,num_directions,num_timesteps,device_requested,device_used,batch_size,num_cores,complex_construction_time,computation_time,vectorization_time
0,data/imagenet.npz,128,10,cuda,cuda,1,1,0.071090,0.013541,0.000000
1,data/imagenet.npz,128,10,cuda,cuda,1,1,0.001285,0.009898,0.000000
2,data/imagenet.npz,128,10,cuda,cuda,1,1,0.001297,0.006868,0.000000
3,data/imagenet.npz,128,10,cuda,cuda,1,1,0.001213,0.006898,0.000000
4,data/imagenet.npz,128,10,cuda,cuda,1,1,0.001587,0.010282,0.000000
5,data/imagenet.npz,128,10,cuda,cuda,1,1,0.001207,0.007651,0.000000
6,data/imagenet.npz,128,10,cuda,cuda,1,1,0.001214,0.008520,0.000000
7,data/imagenet.npz,128,10,cuda,cuda,1,1,0.001191,0.006631,0.000000
8,data/imagenet.npz,128,10,cuda,cuda,1,1,0.001230,0.012649,0.000000
9,data/imagenet.npz,128,10,cuda,cuda,1,1,0.001438,0.008554,0.000000
10,data/imagenet.npz,128,10,cuda,cuda,1,1,0.001206,0.006897,0.000000
11,data/imagenet.npz,128,10,cuda,cuda,1,1,0.001602,0.004352,0.000000
12,data/imagenet.npz,128,10,cuda,cuda,1,1,0.001213,0.008453,0.000000
13,data/imagenet.npz,128,10,cuda,cuda,1,1,0.001199,0.007756,0.000000
14,data/imagenet.npz,128,10,cuda,cuda,1,1,0.001188,0.008243,0.000000
15,data/imagenet.npz,128,10,cuda,cuda,1,1,0.001200,0.007746,0.000000
16,data/imagenet.npz,128,10,cuda,cuda,1,1,0.001216,0.009571,0.000000
17,data/imagenet.npz,128,10,cuda,cuda,1,1,0.001193,0.007306,0.000000
18,data/imagenet.npz,128,10,cuda,cuda,1,1,0.001212,0.008733,0.000000
19,data/imagenet.npz,128,10,cuda,cuda,1,1,0.001187,0.003234,0.000000
20,data/imagenet.npz,128,10,cuda,cuda,1,1,0.001217,0.008511,0.000000
21,data/imagenet.npz,128,10,cuda,cuda,1,1,0.001190,0.007748,0.000000
22,data/imagenet.npz,128,10,cuda,cuda,1,1,0.001202,0.006898,0.000000
23,data/imagenet.npz,128,10,cuda,cuda,1,1,0.001192,0.007029,0.000000
24,data/imagenet.npz,128,10,cuda,cuda,1,1,0.001193,0.007756,0.000000
25,data/imagenet.npz,128,10,cuda,cuda,1,1,0.001198,0.003232,0.000000
26,data/imagenet.npz,128,10,cuda,cuda,1,1,0.001195,0.006905,0.000000
27,data/imagenet.npz,128,10,cuda,cuda,1,1,0.001193,0.007748,0.000000
28,data/imagenet.npz,128,10,cuda,cuda,1,1,0.001201,0.006904,0.000000
29,data/imagenet.npz,128,10,cuda,cuda,1,1,0.001205,0.006690,0.000000
30,data/imagenet.npz,128,10,cuda,cuda,1,1,0.001207,0.007763,0.000000
31,data/imagenet.npz,128,10,cuda,cuda,1,1,0.001190,0.008684,0.000000
32,data/imagenet.npz,128,10,cuda,cuda,1,1,0.001189,0.008015,0.000000
33,data/imagenet.npz,128,10,cuda,cuda,1,1,0.001203,0.000955,0.000000
34,data/imagenet.npz,128,10,cuda,cuda,1,1,0.001199,0.006935,0.000000
35,data/imagenet.npz,128,10,cuda,cuda,1,1,0.001188,0.009553,0.000000
36,data/imagenet.npz,128,10,cuda,cuda,1,1,0.001222,0.007034,0.000000
37,data/imagenet.npz,128,10,cuda,cuda,1,1,0.001225,0.012747,0.000000
38,data/imagenet.npz,128,10,cuda,cuda,1,1,0.001324,0.033330,0.000000
39,data/imagenet.npz,128,10,cuda,cuda,1,1,0.001188,0.009313,0.000000
40,data/imagenet.npz,128,10,cuda,cuda,1,1,0.001207,0.007752,0.000000
41,data/imagenet.npz,128,10,cuda,cuda,1,1,0.001223,0.008521,0.000000
42,data/imagenet.npz,128,10,cuda,cuda,1,1,0.001201,0.000613,0.000000
43,data/imagenet.npz,128,10,cuda,cuda,1,1,0.001198,0.007751,0.000000
44,data/imagenet.npz,128,10,cuda,cuda,1,1,0.001200,0.010207,0.000000
45,data/imagenet.npz,128,10,cuda,cuda,1,1,0.001183,0.007748,0.000000
46,data/imagenet.npz,128,10,cuda,cuda,1,1,0.001194,0.012534,0.000000
47,data/imagenet.npz,128,10,cuda,cuda,1,1,0.001199,0.007759,0.000000
48,data/imagenet.npz,128,10,cuda,cuda,1,1,0.001213,0.009551,0.000000
49,data/imagenet.npz,128,10,cuda,cuda,1,1,0.001204,0.008259,0.000000
50,data/imagenet.npz,128,10,cuda,cuda,1,1,0.001198,0.008388,0.000000
51,data/imagenet.npz,128,10,cuda,cuda,1,1,0.001192,0.009595,0.000000
52,data/imagenet.npz,128,10,cuda,cuda,1,1,0.001226,0.007391,0.000000
53,data/imagenet.npz,128,10,cuda,cuda,1,1,0.001198,0.014010,0.000000
54,data/imagenet.npz,128,10,cuda,cuda,1,1,0.001203,0.016687,0.000000
55,data/imagenet.npz,128,10,cuda,cuda,1,1,0.001188,0.009830,0.000000
56,data/imagenet.npz,128,10,cuda,cuda,1,1,0.001204,0.009342,0.000000
57,data/imagenet.npz,128,10,cuda,cuda,1,1,0.001205,0.008928,0.000000
58,data/imagenet.npz,128,10,cuda,cuda,1,1,0.001202,0.006895,0.000000
59,data/imagenet.npz,128,10,cuda,cuda,1,1,0.001200,0.007731,0.000000
60,data/imagenet.npz,128,10,cuda,cuda,1,1,0.001208,0.006829,0.000000
61,data/imagenet.npz,128,10,cuda,cuda,1,1,0.001197,0.006127,0.000000
62,data/imagenet.npz,128,10,cuda,cuda,1,1,0.001192,0.007802,0.000000
63,data/imagenet.npz,128,10,cuda,cuda,1,1,0.001200,0.018296,0.000000
64,data/imagenet.npz,128,10,cuda,cuda,1,1,0.001204,0.008984,0.000000
65,data/imagenet.npz,128,10,cuda,cuda,1,1,0.001190,0.007715,0.000000
66,data/imagenet.npz,128,10,cuda,cuda,1,1,0.001220,0.007919,0.000000
67,data/imagenet.npz,128,10,cuda,cuda,1,1,0.001202,0.007736,0.000000
68,data/imagenet.npz,128,10,cuda,cuda,1,1,0.001194,0.007382,0.000000
69,data/imagenet.npz,128,10,cuda,cuda,1,1,0.001218,0.008500,0.000000
70,data/imagenet.npz,128,10,cuda,cuda,1,1,0.001203,0.008639,0.000000
71,data/imagenet.npz,128,10,cuda,cuda,1,1,0.001182,0.007748,0.000000
72,data/imagenet.npz,128,10,cuda,cuda,1,1,0.001195,0.009577,0.000000
73,data/imagenet.npz,128,10,cuda,cuda,1,1,0.001201,0.008012,0.000000
74,data/imagenet.npz,128,10,cuda,cuda,1,1,0.001185,0.008714,0.000000
75,data/imagenet.npz,128,10,cuda,cuda,1,1,0.001210,0.011858,0.000000
76,data/imagenet.npz,128,10,cuda,cuda,1,1,0.001231,0.011104,0.000000
77,data/imagenet.npz,128,10,cuda,cuda,1,1,0.001195,0.007754,0.000000
78,data/imagenet.npz,128,10,cuda,cuda,1,1,0.001201,0.007523,0.000000
79,data/imagenet.npz,128,10,cuda,cuda,1,1,0.001201,0.008666,0.000000
80,data/imagenet.npz,128,10,cuda,cuda,1,1,0.001212,0.007752,0.000000
81,data/imagenet.npz,128,10,cuda,cuda,1,1,0.001210,0.012097,0.000000
82,data/imagenet.npz,128,10,cuda,cuda,1,1,0.001191,0.007759,0.000000
83,data/imagenet.npz,128,10,cuda,cuda,1,1,0.001197,0.007750,0.000000
84,data/imagenet.npz,128,10,cuda,cuda,1,1,0.001194,0.007756,0.000000
85,data/imagenet.npz,128,10,cuda,cuda,1,1,0.001197,0.008508,0.000000
86,data/imagenet.npz,128,10,cuda,cuda,1,1,0.001204,0.009355,0.000000
87,data/imagenet.npz,128,10,cuda,cuda,1,1,0.001209,0.012091,0.000000
88,data/imagenet.npz,128,10,cuda,cuda,1,1,0.001202,0.010936,0.000000
89,data/imagenet.npz,128,10,cuda,cuda,1,1,0.001201,0.007752,0.000000
90,data/imagenet.npz,128,10,cuda,cuda,1,1,0.001203,0.008493,0.000000
91,data/imagenet.npz,128,10,cuda,cuda,1,1,0.001195,0.005858,0.000000
92,data/imagenet.npz,128,10,cuda,cuda,1,1,0.001190,0.007041,0.000000
93,data/imagenet.npz,128,10,cuda,cuda,1,1,0.001201,0.006443,0.000000
94,data/imagenet.npz,128,10,cuda,cuda,1,1,0.001197,0.008500,0.000000
95,data/imagenet.npz,128,10,cuda,cuda,1,1,0.001189,0.008676,0.000000
96,data/imagenet.npz,128,10,cuda,cuda,1,1,0.001196,0.006889,0.000000
97,data/imagenet.npz,128,10,cuda,cuda,1,1,0.001196,0.008404,0.000000
98,data/imagenet.npz,128,10,cuda,cuda,1,1,0.001208,0.005172,0.000000
99,data/imagenet.npz,128,10,cuda,cuda,1,1,0.001196,0.000978,0.000000
100,data/imagenet.npz,128,10,cuda,cuda,1,1,0.001211,0.006899,0.000000
101,data/imagenet.npz,128,10,cuda,cuda,1,1,0.001205,0.023689,0.000000
102,data/imagenet.npz,128,10,cuda,cuda,1,1,0.001205,0.007876,0.000000
103,data/imagenet.npz,128,10,cuda,cuda,1,1,0.001188,0.007880,0.000000
104,data/imagenet.npz,128,10,cuda,cuda,1,1,0.001202,0.007619,0.000000
105,data/imagenet.npz,128,10,cuda,cuda,1,1,0.001195,0.007750,0.000000
106,data/imagenet.npz,128,10,cuda,cuda,1,1,0.001190,0.008490,0.000000
107,data/imagenet.npz,128,10,cuda,cuda,1,1,0.001206,0.010460,0.000000
108,data/imagenet.npz,128,10,cuda,cuda,1,1,0.001189,0.007822,0.000000
109,data/imagenet.npz,128,10,cuda,cuda,1,1,0.001200,0.005622,0.000000
110,data/imagenet.npz,128,10,cuda,cuda,1,1,0.001198,0.006884,0.000000
111,data/imagenet.npz,128,10,cuda,cuda,1,1,0.001254,0.035329,0.000000
112,data/imagenet.npz,128,10,cuda,cuda,1,1,0.001204,0.007765,0.000000
113,data/imagenet.npz,128,10,cuda,cuda,1,1,0.001197,0.006895,0.000000
114,data/imagenet.npz,128,10,cuda,cuda,1,1,0.001198,0.006893,0.000000
115,data/imagenet.npz,128,10,cuda,cuda,1,1,0.001204,0.004955,0.000000
116,data/imagenet.npz,128,10,cuda,cuda,1,1,0.001198,0.008724,0.000000
117,data/imagenet.npz,128,10,cuda,cuda,1,1,0.001201,0.007117,0.000000
118,data/imagenet.npz,128,10,cuda,cuda,1,1,0.001199,0.009697,0.000000
119,data/imagenet.npz,128,10,cuda,cuda,1,1,0.001606,0.003193,0.000000
120,data/imagenet.npz,128,10,cuda,cuda,1,1,0.001203,0.019716,0.000000
121,data/imagenet.npz,128,10,cuda,cuda,1,1,0.001198,0.006851,0.000000
122,data/imagenet.npz,128,10,cuda,cuda,1,1,0.001191,0.008664,0.000000
123,data/imagenet.npz,128,10,cuda,cuda,1,1,0.001194,0.006905,0.000000
124,data/imagenet.npz,128,10,cuda,cuda,1,1,0.001195,0.009832,0.000000
125,data/imagenet.npz,128,10,cuda,cuda,1,1,0.001196,0.008003,0.000000
126,data/imagenet.npz,128,10,cuda,cuda,1,1,0.001199,0.006261,0.000000
127,data/imagenet.npz,128,10,cuda,cuda,1,1,0.001194,0.007926,0.000000
128,data/imagenet.npz,128,10,cuda,cuda,1,1,0.001208,0.006608,0.000000
129,data/imagenet.npz,128,10,cuda,cuda,1,1,0.001212,0.008726,0.000000
130,data/imagenet.npz,128,10,cuda,cuda,1,1,0.001215,0.007755,0.000000
131,data/imagenet.npz,128,10,cuda,cuda,1,1,0.001203,0.009902,0.000000
132,data/imagenet.npz,128,10,cuda,cuda,1,1,0.001224,0.020172,0.000000
133,data/imagenet.npz,128,10,cuda,cuda,1,1,0.001217,0.001562,0.000000
134,data/imagenet.npz,128,10,cuda,cuda,1,1,0.001191,0.006882,0.000000
135,data/imagenet.npz,128,10,cuda,cuda,1,1,0.001206,0.009798,0.000000
136,data/imagenet.npz,128,10,cuda,cuda,1,1,0.001197,0.006913,0.000000
137,data/imagenet.npz,128,10,cuda,cuda,1,1,0.001207,0.006884,0.000000
138,data/imagenet.npz,128,10,cuda,cuda,1,1,0.001199,0.009748,0.000000
139,data/imagenet.npz,128,10,cuda,cuda,1,1,0.001195,0.007321,0.000000
140,data/imagenet.npz,128,10,cuda,cuda,1,1,0.001201,0.007454,0.000000
141,data/imagenet.npz,128,10,cuda,cuda,1,1,0.001214,0.009007,0.000000
142,data/imagenet.npz,128,10,cuda,cuda,1,1,0.001223,0.024958,0.000000
143,data/imagenet.npz,128,10,cuda,cuda,1,1,0.001289,0.003596,0.000000
144,data/imagenet.npz,128,10,cuda,cuda,1,1,0.001196,0.008564,0.000000
145,data/imagenet.npz,128,10,cuda,cuda,1,1,0.001197,0.009585,0.000000
146,data/imagenet.npz,128,10,cuda,cuda,1,1,0.001230,0.008594,0.000000
147,data/imagenet.npz,128,10,cuda,cuda,1,1,0.001196,0.007752,0.000000
148,data/imagenet.npz,128,10,cuda,cuda,1,1,0.001210,0.004999,0.000000
149,data/imagenet.npz,128,10,cuda,cuda,1,1,0.001201,0.003235,0.000000
150,data/imagenet.npz,128,10,cuda,cuda,1,1,0.001194,0.007245,0.000000
151,data/imagenet.npz,128,10,cuda,cuda,1,1,0.001201,0.003224,0.000000
152,data/imagenet.npz,128,10,cuda,cuda,1,1,0.001187,0.004304,0.000000
153,data/imagenet.npz,128,10,cuda,cuda,1,1,0.001214,0.007738,0.000000
154,data/imagenet.npz,128,10,cuda,cuda,1,1,0.001192,0.008654,0.000000
155,data/imagenet.npz,128,10,cuda,cuda,1,1,0.001258,0.006884,0.000000
156,data/imagenet.npz,128,10,cuda,cuda,1,1,0.001205,0.008072,0.000000
157,data/imagenet.npz,128,10,cuda,cuda,1,1,0.001204,0.009345,0.000000
158,data/imagenet.npz,128,10,cuda,cuda,1,1,0.001210,0.006915,0.000000
159,data/imagenet.npz,128,10,cuda,cuda,1,1,0.001194,0.009757,0.000000
160,data/imagenet.npz,128,10,cuda,cuda,1,1,0.001194,0.019719,0.000000
161,data/imagenet.npz,128,10,cuda,cuda,1,1,0.001191,0.008492,0.000000
162,data/imagenet.npz,128,10,cuda,cuda,1,1,0.001192,0.008086,0.000000
163,data/imagenet.npz,128,10,cuda,cuda,1,1,0.001413,0.008726,0.000000
164,data/imagenet.npz,128,10,cuda,cuda,1,1,0.001216,0.007589,0.000000
165,data/imagenet.npz,128,10,cuda,cuda,1,1,0.001197,0.008522,0.000000
166,data/imagenet.npz,128,10,cuda,cuda,1,1,0.001201,0.006883,0.000000
167,data/imagenet.npz,128,10,cuda,cuda,1,1,0.001192,0.006895,0.000000
168,data/imagenet.npz,128,10,cuda,cuda,1,1,0.001194,0.007554,0.000000
169,data/imagenet.npz,128,10,cuda,cuda,1,1,0.001209,0.010653,0.000000
170,data/imagenet.npz,128,10,cuda,cuda,1,1,0.001206,0.009804,0.000000
171,data/imagenet.npz,128,10,cuda,cuda,1,1,0.001194,0.012018,0.000000
172,data/imagenet.npz,128,10,cuda,cuda,1,1,0.001191,0.007796,0.000000
173,data/imagenet.npz,128,10,cuda,cuda,1,1,0.001245,0.008562,0.000000
174,data/imagenet.npz,128,10,cuda,cuda,1,1,0.001220,0.005881,0.000000
175,data/imagenet.npz,128,10,cuda,cuda,1,1,0.001208,0.007743,0.000000
176,data/imagenet.npz,128,10,cuda,cuda,1,1,0.001206,0.006867,0.000000
177,data/imagenet.npz,128,10,cuda,cuda,1,1,0.001214,0.009576,0.000000
178,data/imagenet.npz,128,10,cuda,cuda,1,1,0.001230,0.008069,0.000000
179,data/imagenet.npz,128,10,cuda,cuda,1,1,0.001214,0.007748,0.000000
180,data/imagenet.npz,128,10,cuda,cuda,1,1,0.001200,0.015644,0.000000
181,data/imagenet.npz,128,10,cuda,cuda,1,1,0.001201,0.010461,0.000000
182,data/imagenet.npz,128,10,cuda,cuda,1,1,0.001198,0.008575,0.000000
183,data/imagenet.npz,128,10,cuda,cuda,1,1,0.001202,0.007098,0.000000
184,data/imagenet.npz,128,10,cuda,cuda,1,1,0.001198,0.008675,0.000000
185,data/imagenet.npz,128,10,cuda,cuda,1,1,0.001199,0.006871,0.000000
186,data/imagenet.npz,128,10,cuda,cuda,1,1,0.001190,0.007868,0.000000
187,data/imagenet.npz,128,10,cuda,cuda,1,1,0.001207,0.007727,0.000000
188,data/imagenet.npz,128,10,cuda,cuda,1,1,0.001213,0.007743,0.000000
189,data/imagenet.npz,128,10,cuda,cuda,1,1,0.001220,0.026798,0.000000
190,data/imagenet.npz,128,10,cuda,cuda,1,1,0.001198,0.006849,0.000000
191,data/imagenet.npz,128,10,cuda,cuda,1,1,0.001578,0.055847,0.000000
192,data/imagenet.npz,128,10,cuda,cuda,1,1,0.001208,0.020520,0.000000
193,data/imagenet.npz,128,10,cuda,cuda,1,1,0.001211,0.009801,0.000000
194,data/imagenet.npz,128,10,cuda,cuda,1,1,0.001206,0.008236,0.000000
195,data/imagenet.npz,128,10,cuda,cuda,1,1,0.001194,0.003462,0.000000
196,data/imagenet.npz,128,10,cuda,cuda,1,1,0.001210,0.009583,0.000000
197,data/imagenet.npz,128,10,cuda,cuda,1,1,0.001197,0.006232,0.000000
198,data/imagenet.npz,128,10,cuda,cuda,1,1,0.001199,0.007947,0.000000
199,data/imagenet.npz,128,10,cuda,cuda,1,1,0.001203,0.003470,0.000000
200,data/imagenet.npz,128,10,cuda,cuda,1,1,0.001191,0.006912,0.000000
201,data/imagenet.npz,128,10,cuda,cuda,1,1,0.001202,0.007539,0.000000
202,data/imagenet.npz,128,10,cuda,cuda,1,1,0.001211,0.009578,0.000000
203,data/imagenet.npz,128,10,cuda,cuda,1,1,0.001203,0.001667,0.000000
204,data/imagenet.npz,128,10,cuda,cuda,1,1,0.001200,0.008540,0.000000
205,data/imagenet.npz,128,10,cuda,cuda,1,1,0.001191,0.007995,0.000000
206,data/imagenet.npz,128,10,cuda,cuda,1,1,0.001204,0.010526,0.000000
207,data/imagenet.npz,128,10,cuda,cuda,1,1,0.001203,0.014963,0.000000
208,data/imagenet.npz,128,10,cuda,cuda,1,1,0.001197,0.009565,0.000000
209,data/imagenet.npz,128,10,cuda,cuda,1,1,0.001245,0.006836,0.000000
210,data/imagenet.npz,128,10,cuda,cuda,1,1,0.001205,0.002188,0.000000
211,data/imagenet.npz,128,10,cuda,cuda,1,1,0.001192,0.009040,0.000000
212,data/imagenet.npz,128,10,cuda,cuda,1,1,0.001209,0.007745,0.000000
213,data/imagenet.npz,128,10,cuda,cuda,1,1,0.001199,0.008392,0.000000
214,data/imagenet.npz,128,10,cuda,cuda,1,1,0.001193,0.006977,0.000000
215,data/imagenet.npz,128,10,cuda,cuda,1,1,0.001201,0.009603,0.000000
216,data/imagenet.npz,128,10,cuda,cuda,1,1,0.001202,0.006808,0.000000
217,data/imagenet.npz,128,10,cuda,cuda,1,1,0.001193,0.001606,0.000000
218,data/imagenet.npz,128,10,cuda,cuda,1,1,0.001232,0.008027,0.000000
219,data/imagenet.npz,128,10,cuda,cuda,1,1,0.001191,0.007746,0.000000
220,data/imagenet.npz,128,10,cuda,cuda,1,1,0.001197,0.009570,0.000000
221,data/imagenet.npz,128,10,cuda,cuda,1,1,0.001211,0.006905,0.000000
222,data/imagenet.npz,128,10,cuda,cuda,1,1,0.001195,0.007760,0.000000
223,data/imagenet.npz,128,10,cuda,cuda,1,1,0.001196,0.021627,0.000000
224,data/imagenet.npz,128,10,cuda,cuda,1,1,0.001222,0.008808,0.000000
225,data/imagenet.npz,128,10,cuda,cuda,1,1,0.001192,0.007181,0.000000
226,data/imagenet.npz,128,10,cuda,cuda,1,1,0.001193,0.007775,0.000000
227,data/imagenet.npz,128,10,cuda,cuda,1,1,0.001183,0.006892,0.000000
228,data/imagenet.npz,128,10,cuda,cuda,1,1,0.001197,0.007185,0.000000
229,data/imagenet.npz,128,10,cuda,cuda,1,1,0.001194,0.007516,0.000000
230,data/imagenet.npz,128,10,cuda,cuda,1,1,0.001198,0.009748,0.000000
231,data/imagenet.npz,128,10,cuda,cuda,1,1,0.001200,0.010193,0.000000
232,data/imagenet.npz,128,10,cuda,cuda,1,1,0.001199,0.008401,0.000000
233,data/imagenet.npz,128,10,cuda,cuda,1,1,0.001200,0.007849,0.000000
234,data/imagenet.npz,128,10,cuda,cuda,1,1,0.001205,0.008668,0.000000
235,data/imagenet.npz,128,10,cuda,cuda,1,1,0.001205,0.007745,0.000000
236,data/imagenet.npz,128,10,cuda,cuda,1,1,0.001199,0.007680,0.000000
237,data/imagenet.npz,128,10,cuda,cuda,1,1,0.001205,0.008498,0.000000
238,data/imagenet.npz,128,10,cuda,cuda,1,1,0.001218,0.002505,0.000000
239,data/imagenet.npz,128,10,cuda,cuda,1,1,0.001202,0.007667,0.000000
240,data/imagenet.npz,128,10,cuda,cuda,1,1,0.001205,0.007751,0.000000
241,data/imagenet.npz,128,10,cuda,cuda,1,1,0.001190,0.009641,0.000000
242,data/imagenet.npz,128,10,cuda,cuda,1,1,0.001190,0.007749,0.000000
243,data/imagenet.npz,128,10,cuda,cuda,1,1,0.001202,0.017642,0.000000
244,data/imagenet.npz,128,10,cuda,cuda,1,1,0.001197,0.007741,0.000000
245,data/imagenet.npz,128,10,cuda,cuda,1,1,0.001201,0.007179,0.000000
246,data/imagenet.npz,128,10,cuda,cuda,1,1,0.001199,0.007754,0.000000
247,data/imagenet.npz,128,10,cuda,cuda,1,1,0.001204,0.006652,0.000000
248,data/imagenet.npz,128,10,cuda,cuda,1,1,0.001187,0.020105,0.000000
249,data/imagenet.npz,128,10,cuda,cuda,1,1,0.001216,0.019623,0.000000
250,data/imagenet.npz,128,10,cuda,cuda,1,1,0.001393,0.043261,0.000000
251,data/imagenet.npz,128,10,cuda,cuda,1,1,0.001193,0.007958,0.000000
252,data/imagenet.npz,128,10,cuda,cuda,1,1,0.001196,0.008365,0.000000
253,data/imagenet.npz,128,10,cuda,cuda,1,1,0.001210,0.004675,0.000000
254,data/imagenet.npz,128,10,cuda,cuda,1,1,0.001198,0.007751,0.000000
255,data/imagenet.npz,128,10,cuda,cuda,1,1,0.001222,0.019709,0.000000
256,data/imagenet.npz,128,10,cuda,cuda,1,1,0.001193,0.011486,0.000000
257,data/imagenet.npz,128,10,cuda,cuda,1,1,0.001191,0.007441,0.000000
258,data/imagenet.npz,128,10,cuda,cuda,1,1,0.001189,0.006863,0.000000
259,data/imagenet.npz,128,10,cuda,cuda,1,1,0.001197,0.013059,0.000000
260,data/imagenet.npz,128,10,cuda,cuda,1,1,0.001199,0.006928,0.000000
261,data/imagenet.npz,128,10,cuda,cuda,1,1,0.001199,0.002655,0.000000
262,data/imagenet.npz,128,10,cuda,cuda,1,1,0.001198,0.006868,0.000000
263,data/imagenet.npz,128,10,cuda,cuda,1,1,0.001199,0.004654,0.000000
264,data/imagenet.npz,128,10,cuda,cuda,1,1,0.001209,0.008483,0.000000
265,data/imagenet.npz,128,10,cuda,cuda,1,1,0.001199,0.007675,0.000000
266,data/imagenet.npz,128,10,cuda,cuda,1,1,0.001205,0.003527,0.000000
267,data/imagenet.npz,128,10,cuda,cuda,1,1,0.001203,0.009593,0.000000
268,data/imagenet.npz,128,10,cuda,cuda,1,1,0.001198,0.005280,0.000000
269,data/imagenet.npz,128,10,cuda,cuda,1,1,0.001206,0.006913,0.000000
270,data/imagenet.npz,128,10,cuda,cuda,1,1,0.001200,0.004627,0.000000
271,data/imagenet.npz,128,10,cuda,cuda,1,1,0.001221,0.006900,0.000000
272,data/imagenet.npz,128,10,cuda,cuda,1,1,0.001204,0.007743,0.000000
273,data/imagenet.npz,128,10,cuda,cuda,1,1,0.001208,0.007745,0.000000
274,data/imagenet.npz,128,10,cuda,cuda,1,1,0.001205,0.006134,0.000000
275,data/imagenet.npz,128,10,cuda,cuda,1,1,0.001195,0.008510,0.000000
276,data/imagenet.npz,128,10,cuda,cuda,1,1,0.001215,0.007750,0.000000
277,data/imagenet.npz,128,10,cuda,cuda,1,1,0.001201,0.011469,0.000000
278,data/imagenet.npz,128,10,cuda,cuda,1,1,0.001201,0.020317,0.000000
279,data/imagenet.npz,128,10,cuda,cuda,1,1,0.001195,0.012539,0.000000
280,data/imagenet.npz,128,10,cuda,cuda,1,1,0.001213,0.006752,0.000000
281,data/imagenet.npz,128,10,cuda,cuda,1,1,0.001193,0.001523,0.000000
282,data/imagenet.npz,128,10,cuda,cuda,1,1,0.001209,0.016090,0.000000
283,data/imagenet.npz,128,10,cuda,cuda,1,1,0.001199,0.007329,0.000000
284,data/imagenet.npz,128,10,cuda,cuda,1,1,0.001213,0.007756,0.000000
285,data/imagenet.npz,128,10,cuda,cuda,1,1,0.001215,0.009586,0.000000
286,data/imagenet.npz,128,10,cuda,cuda,1,1,0.001198,0.009747,0.000000
287,data/imagenet.npz,128,10,cuda,cuda,1,1,0.001197,0.006901,0.000000
288,data/imagenet.npz,128,10,cuda,cuda,1,1,0.001219,0.011878,0.000000
289,data/imagenet.npz,128,10,cuda,cuda,1,1,0.001201,0.007040,0.000000
290,data/imagenet.npz,128,10,cuda,cuda,1,1,0.001194,0.007587,0.000000
291,data/imagenet.npz,128,10,cuda,cuda,1,1,0.001224,0.007537,0.000000
292,data/imagenet.npz,128,10,cuda,cuda,1,1,0.001207,0.010442,0.000000
293,data/imagenet.npz,128,10,cuda,cuda,1,1,0.001199,0.012703,0.000000
294,data/imagenet.npz,128,10,cuda,cuda,1,1,0.001206,0.001702,0.000000
295,data/imagenet.npz,128,10,cuda,cuda,1,1,0.001213,0.006875,0.000000
296,data/imagenet.npz,128,10,cuda,cuda,1,1,0.001200,0.008508,0.000000
297,data/imagenet.npz,128,10,cuda,cuda,1,1,0.001203,0.009824,0.000000
298,data/imagenet.npz,128,10,cuda,cuda,1,1,0.001201,0.013458,0.000000
299,data/imagenet.npz,128,10,cuda,cuda,1,1,0.001199,0.008558,0.000000
300,data/imagenet.npz,128,10,cuda,cuda,1,1,0.001214,0.001315,0.000000
301,data/imagenet.npz,128,10,cuda,cuda,1,1,0.001202,0.004417,0.000000
302,data/imagenet.npz,128,10,cuda,cuda,1,1,0.001201,0.001738,0.000000
303,data/imagenet.npz,128,10,cuda,cuda,1,1,0.001206,0.008476,0.000000
304,data/imagenet.npz,128,10,cuda,cuda,1,1,0.001208,0.009572,0.000000
305,data/imagenet.npz,128,10,cuda,cuda,1,1,0.001201,0.007748,0.000000
306,data/imagenet.npz,128,10,cuda,cuda,1,1,0.001204,0.005006,0.000000
307,data/imagenet.npz,128,10,cuda,cuda,1,1,0.001202,0.004929,0.000000
308,data/imagenet.npz,128,10,cuda,cuda,1,1,0.001211,0.009615,0.000000
309,data/imagenet.npz,128,10,cuda,cuda,1,1,0.001204,0.017482,0.000000
310,data/imagenet.npz,128,10,cuda,cuda,1,1,0.001199,0.007742,0.000000
311,data/imagenet.npz,128,10,cuda,cuda,1,1,0.001203,0.008303,0.000000
312,data/imagenet.npz,128,10,cuda,cuda,1,1,0.001205,0.007376,0.000000
313,data/imagenet.npz,128,10,cuda,cuda,1,1,0.001206,0.004109,0.000000
314,data/imagenet.npz,128,10,cuda,cuda,1,1,0.001201,0.009866,0.000000
315,data/imagenet.npz,128,10,cuda,cuda,1,1,0.001214,0.008606,0.000000
316,data/imagenet.npz,128,10,cuda,cuda,1,1,0.001205,0.009595,0.000000
317,data/imagenet.npz,128,10,cuda,cuda,1,1,0.001212,0.007735,0.000000
318,data/imagenet.npz,128,10,cuda,cuda,1,1,0.001204,0.012645,0.000000
319,data/imagenet.npz,128,10,cuda,cuda,1,1,0.001241,0.029420,0.000000
320,data/imagenet.npz,128,10,cuda,cuda,1,1,0.001208,0.007750,0.000000
321,data/imagenet.npz,128,10,cuda,cuda,1,1,0.001229,0.012468,0.000000
322,data/imagenet.npz,128,10,cuda,cuda,1,1,0.001208,0.008530,0.000000
323,data/imagenet.npz,128,10,cuda,cuda,1,1,0.001193,0.006896,0.000000
324,data/imagenet.npz,128,10,cuda,cuda,1,1,0.001207,0.005829,0.000000
325,data/imagenet.npz,128,10,cuda,cuda,1,1,0.001198,0.011743,0.000000
326,data/imagenet.npz,128,10,cuda,cuda,1,1,0.001196,0.007626,0.000000
327,data/imagenet.npz,128,10,cuda,cuda,1,1,0.001201,0.005517,0.000000
328,data/imagenet.npz,128,10,cuda,cuda,1,1,0.001206,0.004842,0.000000
329,data/imagenet.npz,128,10,cuda,cuda,1,1,0.001211,0.006164,0.000000
330,data/imagenet.npz,128,10,cuda,cuda,1,1,0.001200,0.006734,0.000000
331,data/imagenet.npz,128,10,cuda,cuda,1,1,0.001199,0.005068,0.000000
332,data/imagenet.npz,128,10,cuda,cuda,1,1,0.001213,0.009602,0.000000
333,data/imagenet.npz,128,10,cuda,cuda,1,1,0.001206,0.007752,0.000000
334,data/imagenet.npz,128,10,cuda,cuda,1,1,0.001207,0.009582,0.000000
335,data/imagenet.npz,128,10,cuda,cuda,1,1,0.001202,0.007637,0.000000
336,data/imagenet.npz,128,10,cuda,cuda,1,1,0.001194,0.007552,0.000000
337,data/imagenet.npz,128,10,cuda,cuda,1,1,0.001200,0.006724,0.000000
338,data/imagenet.npz,128,10,cuda,cuda,1,1,0.001199,0.007503,0.000000
339,data/imagenet.npz,128,10,cuda,cuda,1,1,0.001202,0.007748,0.000000
340,data/imagenet.npz,128,10,cuda,cuda,1,1,0.001214,0.006871,0.000000
341,data/imagenet.npz,128,10,cuda,cuda,1,1,0.001194,0.010650,0.000000
342,data/imagenet.npz,128,10,cuda,cuda,1,1,0.001221,0.016078,0.000000
343,data/imagenet.npz,128,10,cuda,cuda,1,1,0.001204,0.009844,0.000000
344,data/imagenet.npz,128,10,cuda,cuda,1,1,0.001211,0.001267,0.000000
345,data/imagenet.npz,128,10,cuda,cuda,1,1,0.001197,0.008686,0.000000
346,data/imagenet.npz,128,10,cuda,cuda,1,1,0.001202,0.007734,0.000000
347,data/imagenet.npz,128,10,cuda,cuda,1,1,0.001202,0.001317,0.000000
348,data/imagenet.npz,128,10,cuda,cuda,1,1,0.001282,0.030652,0.000000
349,data/imagenet.npz,128,10,cuda,cuda,1,1,0.001216,0.004656,0.000000
350,data/imagenet.npz,128,10,cuda,cuda,1,1,0.001203,0.002327,0.000000
351,data/imagenet.npz,128,10,cuda,cuda,1,1,0.001198,0.008572,0.000000
352,data/imagenet.npz,128,10,cuda,cuda,1,1,0.001196,0.007749,0.000000
353,data/imagenet.npz,128,10,cuda,cuda,1,1,0.001216,0.009456,0.000000
354,data/imagenet.npz,128,10,cuda,cuda,1,1,0.001203,0.009566,0.000000
355,data/imagenet.npz,128,10,cuda,cuda,1,1,0.001193,0.001114,0.000000
356,data/imagenet.npz,128,10,cuda,cuda,1,1,0.001211,0.006935,0.000000
357,data/imagenet.npz,128,10,cuda,cuda,1,1,0.001212,0.009593,0.000000
358,data/imagenet.npz,128,10,cuda,cuda,1,1,0.001206,0.007710,0.000000
359,data/imagenet.npz,128,10,cuda,cuda,1,1,0.001206,0.003120,0.000000
360,data/imagenet.npz,128,10,cuda,cuda,1,1,0.001190,0.008634,0.000000
361,data/imagenet.npz,128,10,cuda,cuda,1,1,0.001215,0.009564,0.000000
362,data/imagenet.npz,128,10,cuda,cuda,1,1,0.001208,0.007724,0.000000
363,data/imagenet.npz,128,10,cuda,cuda,1,1,0.001193,0.007741,0.000000
364,data/imagenet.npz,128,10,cuda,cuda,1,1,0.001196,0.014362,0.000000
365,data/imagenet.npz,128,10,cuda,cuda,1,1,0.001197,0.007482,0.000000
366,data/imagenet.npz,128,10,cuda,cuda,1,1,0.001203,0.009797,0.000000
367,data/imagenet.npz,128,10,cuda,cuda,1,1,0.001210,0.021666,0.000000
368,data/imagenet.npz,128,10,cuda,cuda,1,1,0.001210,0.007746,0.000000
369,data/imagenet.npz,128,10,cuda,cuda,1,1,0.001203,0.008007,0.000000
370,data/imagenet.npz,128,10,cuda,cuda,1,1,0.001206,0.024350,0.000000
371,data/imagenet.npz,128,10,cuda,cuda,1,1,0.001199,0.007755,0.000000
372,data/imagenet.npz,128,10,cuda,cuda,1,1,0.001201,0.000602,0.000000
373,data/imagenet.npz,128,10,cuda,cuda,1,1,0.001209,0.006821,0.000000
374,data/imagenet.npz,128,10,cuda,cuda,1,1,0.001216,0.007967,0.000000
375,data/imagenet.npz,128,10,cuda,cuda,1,1,0.003022,0.132232,0.000000
376,data/imagenet.npz,128,10,cuda,cuda,1,1,0.001631,0.012389,0.000000
377,data/imagenet.npz,128,10,cuda,cuda,1,1,0.001211,0.007749,0.000000
378,data/imagenet.npz,128,10,cuda,cuda,1,1,0.001199,0.009600,0.000000
379,data/imagenet.npz,128,10,cuda,cuda,1,1,0.001204,0.007608,0.000000
380,data/imagenet.npz,128,10,cuda,cuda,1,1,0.001200,0.006943,0.000000
381,data/imagenet.npz,128,10,cuda,cuda,1,1,0.001201,0.010111,0.000000
382,data/imagenet.npz,128,10,cuda,cuda,1,1,0.001205,0.007754,0.000000
383,data/imagenet.npz,128,10,cuda,cuda,1,1,0.001752,0.002122,0.000000
384,data/imagenet.npz,128,10,cuda,cuda,1,1,0.001231,0.008187,0.000000
385,data/imagenet.npz,128,10,cuda,cuda,1,1,0.001204,0.010726,0.000000
386,data/imagenet.npz,128,10,cuda,cuda,1,1,0.001204,0.006895,0.000000
387,data/imagenet.npz,128,10,cuda,cuda,1,1,0.001208,0.008716,0.000000
388,data/imagenet.npz,128,10,cuda,cuda,1,1,0.001207,0.000551,0.000000
389,data/imagenet.npz,128,10,cuda,cuda,1,1,0.001207,0.007752,0.000000
390,data/imagenet.npz,128,10,cuda,cuda,1,1,0.001200,0.007440,0.000000
391,data/imagenet.npz,128,10,cuda,cuda,1,1,0.001198,0.006871,0.000000
392,data/imagenet.npz,128,10,cuda,cuda,1,1,0.001204,0.007968,0.000000
393,data/imagenet.npz,128,10,cuda,cuda,1,1,0.001205,0.002207,0.000000
394,data/imagenet.npz,128,10,cuda,cuda,1,1,0.001205,0.005830,0.000000
395,data/imagenet.npz,128,10,cuda,cuda,1,1,0.001215,0.012719,0.000000
396,data/imagenet.npz,128,10,cuda,cuda,1,1,0.001217,0.007747,0.000000
397,data/imagenet.npz,128,10,cuda,cuda,1,1,0.001205,0.008936,0.000000
398,data/imagenet.npz,128,10,cuda,cuda,1,1,0.001199,0.009589,0.000000
399,data/imagenet.npz,128,10,cuda,cuda,1,1,0.001196,0.006896,0.000000
400,data/imagenet.npz,128,10,cuda,cuda,1,1,0.001201,0.008721,0.000000
401,data/imagenet.npz,128,10,cuda,cuda,1,1,0.001196,0.007647,0.000000
402,data/imagenet.npz,128,10,cuda,cuda,1,1,0.001192,0.004255,0.000000
403,data/imagenet.npz,128,10,cuda,cuda,1,1,0.001204,0.008545,0.000000
404,data/imagenet.npz,128,10,cuda,cuda,1,1,0.001214,0.010792,0.000000
405,data/imagenet.npz,128,10,cuda,cuda,1,1,0.001208,0.001540,0.000000
406,data/imagenet.npz,128,10,cuda,cuda,1,1,0.001194,0.008509,0.000000
407,data/imagenet.npz,128,10,cuda,cuda,1,1,0.001203,0.007749,0.000000
408,data/imagenet.npz,128,10,cuda,cuda,1,1,0.001191,0.006577,0.000000
409,data/imagenet.npz,128,10,cuda,cuda,1,1,0.001193,0.008487,0.000000
410,data/imagenet.npz,128,10,cuda,cuda,1,1,0.001200,0.006893,0.000000
411,data/imagenet.npz,128,10,cuda,cuda,1,1,0.001199,0.009658,0.000000
412,data/imagenet.npz,128,10,cuda,cuda,1,1,0.001199,0.008198,0.000000
413,data/imagenet.npz,128,10,cuda,cuda,1,1,0.001205,0.008502,0.000000
414,data/imagenet.npz,128,10,cuda,cuda,1,1,0.001209,0.001774,0.000000
415,data/imagenet.npz,128,10,cuda,cuda,1,1,0.001215,0.008667,0.000000
416,data/imagenet.npz,128,10,cuda,cuda,1,1,0.001193,0.016698,0.000000
417,data/imagenet.npz,128,10,cuda,cuda,1,1,0.001283,0.002122,0.000000
418,data/imagenet.npz,128,10,cuda,cuda,1,1,0.001232,0.008246,0.000000
419,data/imagenet.npz,128,10,cuda,cuda,1,1,0.001216,0.008517,0.000000
420,data/imagenet.npz,128,10,cuda,cuda,1,1,0.001202,0.009820,0.000000
421,data/imagenet.npz,128,10,cuda,cuda,1,1,0.001193,0.010310,0.000000
422,data/imagenet.npz,128,10,cuda,cuda,1,1,0.001209,0.009023,0.000000
423,data/imagenet.npz,128,10,cuda,cuda,1,1,0.001205,0.017494,0.000000
424,data/imagenet.npz,128,10,cuda,cuda,1,1,0.001182,0.009815,0.000000
425,data/imagenet.npz,128,10,cuda,cuda,1,1,0.001214,0.005024,0.000000
426,data/imagenet.npz,128,10,cuda,cuda,1,1,0.001277,0.009584,0.000000
427,data/imagenet.npz,128,10,cuda,cuda,1,1,0.001207,0.000572,0.000000
428,data/imagenet.npz,128,10,cuda,cuda,1,1,0.001209,0.008478,0.000000
429,data/imagenet.npz,128,10,cuda,cuda,1,1,0.001204,0.006921,0.000000
430,data/imagenet.npz,128,10,cuda,cuda,1,1,0.001216,0.013016,0.000000
431,data/imagenet.npz,128,10,cuda,cuda,1,1,0.001212,0.009820,0.000000
432,data/imagenet.npz,128,10,cuda,cuda,1,1,0.001193,0.006895,0.000000
433,data/imagenet.npz,128,10,cuda,cuda,1,1,0.001237,0.008655,0.000000
434,data/imagenet.npz,128,10,cuda,cuda,1,1,0.001203,0.007756,0.000000
435,data/imagenet.npz,128,10,cuda,cuda,1,1,0.001209,0.009743,0.000000
436,data/imagenet.npz,128,10,cuda,cuda,1,1,0.001404,0.006889,0.000000
437,data/imagenet.npz,128,10,cuda,cuda,1,1,0.001220,0.008253,0.000000
438,data/imagenet.npz,128,10,cuda,cuda,1,1,0.001215,0.009625,0.000000
439,data/imagenet.npz,128,10,cuda,cuda,1,1,0.001222,0.006884,0.000000
440,data/imagenet.npz,128,10,cuda,cuda,1,1,0.001189,0.001367,0.000000
441,data/imagenet.npz,128,10,cuda,cuda,1,1,0.001199,0.006474,0.000000
442,data/imagenet.npz,128,10,cuda,cuda,1,1,0.001213,0.007757,0.000000
443,data/imagenet.npz,128,10,cuda,cuda,1,1,0.001207,0.012212,0.000000
444,data/imagenet.npz,128,10,cuda,cuda,1,1,0.001209,0.006819,0.000000
445,data/imagenet.npz,128,10,cuda,cuda,1,1,0.001220,0.006877,0.000000
446,data/imagenet.npz,128,10,cuda,cuda,1,1,0.001203,0.012143,0.000000
447,data/imagenet.npz,128,10,cuda,cuda,1,1,0.001254,0.007526,0.000000
448,data/imagenet.npz,128,10,cuda,cuda,1,1,0.001197,0.008665,0.000000
449,data/imagenet.npz,128,10,cuda,cuda,1,1,0.001218,0.009456,0.000000
450,data/imagenet.npz,128,10,cuda,cuda,1,1,0.001194,0.009743,0.000000
451,data/imagenet.npz,128,10,cuda,cuda,1,1,0.001196,0.011436,0.000000
452,data/imagenet.npz,128,10,cuda,cuda,1,1,0.001229,0.009850,0.000000
453,data/imagenet.npz,128,10,cuda,cuda,1,1,0.001219,0.014384,0.000000
454,data/imagenet.npz,128,10,cuda,cuda,1,1,0.001196,0.006893,0.000000
455,data/imagenet.npz,128,10,cuda,cuda,1,1,0.001191,0.007846,0.000000
456,data/imagenet.npz,128,10,cuda,cuda,1,1,0.001213,0.008517,0.000000
457,data/imagenet.npz,128,10,cuda,cuda,1,1,0.001210,0.007117,0.000000
458,data/imagenet.npz,128,10,cuda,cuda,1,1,0.001216,0.008675,0.000000
459,data/imagenet.npz,128,10,cuda,cuda,1,1,0.001212,0.007753,0.000000
460,data/imagenet.npz,128,10,cuda,cuda,1,1,0.001190,0.010060,0.000000
461,data/imagenet.npz,128,10,cuda,cuda,1,1,0.001209,0.003337,0.000000
462,data/imagenet.npz,128,10,cuda,cuda,1,1,0.001202,0.010480,0.000000
463,data/imagenet.npz,128,10,cuda,cuda,1,1,0.001201,0.013936,0.000000
464,data/imagenet.npz,128,10,cuda,cuda,1,1,0.001195,0.007367,0.000000
465,data/imagenet.npz,128,10,cuda,cuda,1,1,0.001207,0.007352,0.000000
466,data/imagenet.npz,128,10,cuda,cuda,1,1,0.001208,0.009261,0.000000
467,data/imagenet.npz,128,10,cuda,cuda,1,1,0.001209,0.008710,0.000000
468,data/imagenet.npz,128,10,cuda,cuda,1,1,0.001208,0.001729,0.000000
469,data/imagenet.npz,128,10,cuda,cuda,1,1,0.001196,0.008515,0.000000
470,data/imagenet.npz,128,10,cuda,cuda,1,1,0.001214,0.009824,0.000000
471,data/imagenet.npz,128,10,cuda,cuda,1,1,0.001219,0.007752,0.000000
472,data/imagenet.npz,128,10,cuda,cuda,1,1,0.001193,0.010428,0.000000
473,data/imagenet.npz,128,10,cuda,cuda,1,1,0.001198,0.008576,0.000000
474,data/imagenet.npz,128,10,cuda,cuda,1,1,0.001186,0.007593,0.000000
475,data/imagenet.npz,128,10,cuda,cuda,1,1,0.001199,0.007756,0.000000
476,data/imagenet.npz,128,10,cuda,cuda,1,1,0.001199,0.000270,0.000000
477,data/imagenet.npz,128,10,cuda,cuda,1,1,0.001235,0.006594,0.000000
478,data/imagenet.npz,128,10,cuda,cuda,1,1,0.001207,0.006873,0.000000
479,data/imagenet.npz,128,10,cuda,cuda,1,1,0.001205,0.009802,0.000000
480,data/imagenet.npz,128,10,cuda,cuda,1,1,0.001212,0.011306,0.000000
481,data/imagenet.npz,128,10,cuda,cuda,1,1,0.001206,0.009596,0.000000
482,data/imagenet.npz,128,10,cuda,cuda,1,1,0.001198,0.009185,0.000000
483,data/imagenet.npz,128,10,cuda,cuda,1,1,0.001198,0.009361,0.000000
484,data/imagenet.npz,128,10,cuda,cuda,1,1,0.001201,0.003609,0.000000
485,data/imagenet.npz,128,10,cuda,cuda,1,1,0.001210,0.008567,0.000000
486,data/imagenet.npz,128,10,cuda,cuda,1,1,0.001200,0.016030,0.000000
487,data/imagenet.npz,128,10,cuda,cuda,1,1,0.002389,0.101139,0.000000
488,data/imagenet.npz,128,10,cuda,cuda,1,1,0.001207,0.008245,0.000000
489,data/imagenet.npz,128,10,cuda,cuda,1,1,0.001205,0.002287,0.000000
490,data/imagenet.npz,128,10,cuda,cuda,1,1,0.001208,0.007735,0.000000
491,data/imagenet.npz,128,10,cuda,cuda,1,1,0.001197,0.019631,0.000000
492,data/imagenet.npz,128,10,cuda,cuda,1,1,0.001200,0.009431,0.000000
493,data/imagenet.npz,128,10,cuda,cuda,1,1,0.001203,0.007151,0.000000
494,data/imagenet.npz,128,10,cuda,cuda,1,1,0.001199,0.009220,0.000000
495,data/imagenet.npz,128,10,cuda,cuda,1,1,0.001189,0.007116,0.000000
496,data/imagenet.npz,128,10,cuda,cuda,1,1,0.001200,0.008887,0.000000
497,data/imagenet.npz,128,10,cuda,cuda,1,1,0.001208,0.007722,0.000000
498,data/imagenet.npz,128,10,cuda,cuda,1,1,0.001216,0.008670,0.000000
499,data/imagenet.npz,128,10,cuda,cuda,1,1,0.001226,0.012348,0.000000
500,data/imagenet.npz,128,10,cuda,cuda,1,1,0.001212,0.007751,0.000000
501,data/imagenet.npz,128,10,cuda,cuda,1,1,0.001201,0.007749,0.000000
502,data/imagenet.npz,128,10,cuda,cuda,1,1,0.001198,0.007595,0.000000
503,data/imagenet.npz,128,10,cuda,cuda,1,1,0.001202,0.009581,0.000000
504,data/imagenet.npz,128,10,cuda,cuda,1,1,0.001201,0.006694,0.000000
505,data/imagenet.npz,128,10,cuda,cuda,1,1,0.001187,0.007448,0.000000
506,data/imagenet.npz,128,10,cuda,cuda,1,1,0.001217,0.031560,0.000000
507,data/imagenet.npz,128,10,cuda,cuda,1,1,0.001208,0.007745,0.000000
508,data/imagenet.npz,128,10,cuda,cuda,1,1,0.001202,0.009569,0.000000
509,data/imagenet.npz,128,10,cuda,cuda,1,1,0.001320,0.032378,0.000000
510,data/imagenet.npz,128,10,cuda,cuda,1,1,0.001228,0.010038,0.000000
511,data/imagenet.npz,128,10,cuda,cuda,1,1,0.001231,0.005791,0.000000
512,data/imagenet.npz,128,10,cuda,cuda,1,1,0.001194,0.006874,0.000000
513,data/imagenet.npz,128,10,cuda,cuda,1,1,0.001196,0.007389,0.000000
514,data/imagenet.npz,128,10,cuda,cuda,1,1,0.001214,0.010350,0.000000
515,data/imagenet.npz,128,10,cuda,cuda,1,1,0.001225,0.016984,0.000000
516,data/imagenet.npz,128,10,cuda,cuda,1,1,0.001721,0.002319,0.000000
517,data/imagenet.npz,128,10,cuda,cuda,1,1,0.001198,0.008649,0.000000
518,data/imagenet.npz,128,10,cuda,cuda,1,1,0.001211,0.008506,0.000000
519,data/imagenet.npz,128,10,cuda,cuda,1,1,0.001215,0.001114,0.000000
520,data/imagenet.npz,128,10,cuda,cuda,1,1,0.001207,0.009470,0.000000
521,data/imagenet.npz,128,10,cuda,cuda,1,1,0.001215,0.009649,0.000000
522,data/imagenet.npz,128,10,cuda,cuda,1,1,0.001202,0.006837,0.000000
523,data/imagenet.npz,128,10,cuda,cuda,1,1,0.001211,0.006900,0.000000
524,data/imagenet.npz,128,10,cuda,cuda,1,1,0.001202,0.022138,0.000000
525,data/imagenet.npz,128,10,cuda,cuda,1,1,0.001203,0.016756,0.000000
526,data/imagenet.npz,128,10,cuda,cuda,1,1,0.001203,0.009575,0.000000
527,data/imagenet.npz,128,10,cuda,cuda,1,1,0.001209,0.006629,0.000000
528,data/imagenet.npz,128,10,cuda,cuda,1,1,0.001211,0.009624,0.000000
529,data/imagenet.npz,128,10,cuda,cuda,1,1,0.001216,0.022980,0.000000
530,data/imagenet.npz,128,10,cuda,cuda,1,1,0.001216,0.009815,0.000000
531,data/imagenet.npz,128,10,cuda,cuda,1,1,0.001224,0.007131,0.000000
532,data/imagenet.npz,128,10,cuda,cuda,1,1,0.001215,0.009272,0.000000
533,data/imagenet.npz,128,10,cuda,cuda,1,1,0.001212,0.007730,0.000000
534,data/imagenet.npz,128,10,cuda,cuda,1,1,0.001204,0.009583,0.000000
535,data/imagenet.npz,128,10,cuda,cuda,1,1,0.001212,0.009781,0.000000
536,data/imagenet.npz,128,10,cuda,cuda,1,1,0.001209,0.007704,0.000000
537,data/imagenet.npz,128,10,cuda,cuda,1,1,0.001212,0.009636,0.000000
538,data/imagenet.npz,128,10,cuda,cuda,1,1,0.001203,0.007754,0.000000
539,data/imagenet.npz,128,10,cuda,cuda,1,1,0.001207,0.009803,0.000000
540,data/imagenet.npz,128,10,cuda,cuda,1,1,0.001209,0.006906,0.000000
541,data/imagenet.npz,128,10,cuda,cuda,1,1,0.001202,0.007674,0.000000
542,data/imagenet.npz,128,10,cuda,cuda,1,1,0.001196,0.007194,0.000000
543,data/imagenet.npz,128,10,cuda,cuda,1,1,0.001197,0.007035,0.000000
544,data/imagenet.npz,128,10,cuda,cuda,1,1,0.001210,0.012804,0.000000
545,data/imagenet.npz,128,10,cuda,cuda,1,1,0.001213,0.008575,0.000000
546,data/imagenet.npz,128,10,cuda,cuda,1,1,0.001206,0.006885,0.000000
547,data/imagenet.npz,128,10,cuda,cuda,1,1,0.001205,0.018788,0.000000
548,data/imagenet.npz,128,10,cuda,cuda,1,1,0.001230,0.006893,0.000000
549,data/imagenet.npz,128,10,cuda,cuda,1,1,0.001208,0.010307,0.000000
550,data/imagenet.npz,128,10,cuda,cuda,1,1,0.001200,0.008544,0.000000
551,data/imagenet.npz,128,10,cuda,cuda,1,1,0.001210,0.008574,0.000000
552,data/imagenet.npz,128,10,cuda,cuda,1,1,0.001212,0.009802,0.000000
553,data/imagenet.npz,128,10,cuda,cuda,1,1,0.001206,0.006877,0.000000
554,data/imagenet.npz,128,10,cuda,cuda,1,1,0.001202,0.015736,0.000000
555,data/imagenet.npz,128,10,cuda,cuda,1,1,0.001211,0.006809,0.000000
556,data/imagenet.npz,128,10,cuda,cuda,1,1,0.001205,0.016134,0.000000
557,data/imagenet.npz,128,10,cuda,cuda,1,1,0.001202,0.006894,0.000000
558,data/imagenet.npz,128,10,cuda,cuda,1,1,0.001204,0.008522,0.000000
559,data/imagenet.npz,128,10,cuda,cuda,1,1,0.001207,0.008660,0.000000
560,data/imagenet.npz,128,10,cuda,cuda,1,1,0.001207,0.010145,0.000000
561,data/imagenet.npz,128,10,cuda,cuda,1,1,0.001211,0.006890,0.000000
562,data/imagenet.npz,128,10,cuda,cuda,1,1,0.001219,0.007732,0.000000
563,data/imagenet.npz,128,10,cuda,cuda,1,1,0.001209,0.007205,0.000000
564,data/imagenet.npz,128,10,cuda,cuda,1,1,0.001199,0.008296,0.000000
565,data/imagenet.npz,128,10,cuda,cuda,1,1,0.001203,0.012516,0.000000
566,data/imagenet.npz,128,10,cuda,cuda,1,1,0.001204,0.006907,0.000000
567,data/imagenet.npz,128,10,cuda,cuda,1,1,0.001225,0.006893,0.000000
568,data/imagenet.npz,128,10,cuda,cuda,1,1,0.001202,0.008733,0.000000
569,data/imagenet.npz,128,10,cuda,cuda,1,1,0.001211,0.007224,0.000000
570,data/imagenet.npz,128,10,cuda,cuda,1,1,0.001216,0.006164,0.000000
571,data/imagenet.npz,128,10,cuda,cuda,1,1,0.001208,0.018074,0.000000
572,data/imagenet.npz,128,10,cuda,cuda,1,1,0.001213,0.001892,0.000000
573,data/imagenet.npz,128,10,cuda,cuda,1,1,0.001203,0.009652,0.000000
574,data/imagenet.npz,128,10,cuda,cuda,1,1,0.001222,0.001768,0.000000
575,data/imagenet.npz,128,10,cuda,cuda,1,1,0.001218,0.009928,0.000000
576,data/imagenet.npz,128,10,cuda,cuda,1,1,0.001202,0.002664,0.000000
577,data/imagenet.npz,128,10,cuda,cuda,1,1,0.001222,0.010021,0.000000
578,data/imagenet.npz,128,10,cuda,cuda,1,1,0.001208,0.010419,0.000000
579,data/imagenet.npz,128,10,cuda,cuda,1,1,0.001204,0.007776,0.000000
580,data/imagenet.npz,128,10,cuda,cuda,1,1,0.001212,0.004247,0.000000
581,data/imagenet.npz,128,10,cuda,cuda,1,1,0.001234,0.006896,0.000000
582,data/imagenet.npz,128,10,cuda,cuda,1,1,0.001210,0.014512,0.000000
583,data/imagenet.npz,128,10,cuda,cuda,1,1,0.001200,0.007788,0.000000
584,data/imagenet.npz,128,10,cuda,cuda,1,1,0.001207,0.001987,0.000000
585,data/imagenet.npz,128,10,cuda,cuda,1,1,0.001204,0.009905,0.000000
586,data/imagenet.npz,128,10,cuda,cuda,1,1,0.002325,0.095964,0.000000
587,data/imagenet.npz,128,10,cuda,cuda,1,1,0.001207,0.024895,0.000000
588,data/imagenet.npz,128,10,cuda,cuda,1,1,0.001208,0.012201,0.000000
589,data/imagenet.npz,128,10,cuda,cuda,1,1,0.001204,0.009658,0.000000
590,data/imagenet.npz,128,10,cuda,cuda,1,1,0.001219,0.008665,0.000000
591,data/imagenet.npz,128,10,cuda,cuda,1,1,0.001213,0.019808,0.000000
592,data/imagenet.npz,128,10,cuda,cuda,1,1,0.001194,0.008447,0.000000
593,data/imagenet.npz,128,10,cuda,cuda,1,1,0.001207,0.010039,0.000000
594,data/imagenet.npz,128,10,cuda,cuda,1,1,0.001210,0.009754,0.000000
595,data/imagenet.npz,128,10,cuda,cuda,1,1,0.001207,0.013186,0.000000
596,data/imagenet.npz,128,10,cuda,cuda,1,1,0.001194,0.006887,0.000000
597,data/imagenet.npz,128,10,cuda,cuda,1,1,0.001203,0.010477,0.000000
598,data/imagenet.npz,128,10,cuda,cuda,1,1,0.001214,0.007305,0.000000
599,data/imagenet.npz,128,10,cuda,cuda,1,1,0.001270,0.007770,0.000000
600,data/imagenet.npz,128,10,cuda,cuda,1,1,0.001198,0.007728,0.000000
601,data/imagenet.npz,128,10,cuda,cuda,1,1,0.001209,0.008520,0.000000
602,data/imagenet.npz,128,10,cuda,cuda,1,1,0.001199,0.009843,0.000000
603,data/imagenet.npz,128,10,cuda,cuda,1,1,0.001212,0.010311,0.000000
604,data/imagenet.npz,128,10,cuda,cuda,1,1,0.001227,0.009566,0.000000
605,data/imagenet.npz,128,10,cuda,cuda,1,1,0.001209,0.011801,0.000000
606,data/imagenet.npz,128,10,cuda,cuda,1,1,0.001221,0.007727,0.000000
607,data/imagenet.npz,128,10,cuda,cuda,1,1,0.001206,0.007725,0.000000
608,data/imagenet.npz,128,10,cuda,cuda,1,1,0.001303,0.007774,0.000000
609,data/imagenet.npz,128,10,cuda,cuda,1,1,0.001215,0.005418,0.000000
610,data/imagenet.npz,128,10,cuda,cuda,1,1,0.001221,0.008526,0.000000
611,data/imagenet.npz,128,10,cuda,cuda,1,1,0.001213,0.007746,0.000000
612,data/imagenet.npz,128,10,cuda,cuda,1,1,0.001199,0.009884,0.000000
613,data/imagenet.npz,128,10,cuda,cuda,1,1,0.001202,0.009937,0.000000
614,data/imagenet.npz,128,10,cuda,cuda,1,1,0.001213,0.007781,0.000000
615,data/imagenet.npz,128,10,cuda,cuda,1,1,0.001209,0.005675,0.000000
616,data/imagenet.npz,128,10,cuda,cuda,1,1,0.001200,0.009770,0.000000
617,data/imagenet.npz,128,10,cuda,cuda,1,1,0.001201,0.008543,0.000000
618,data/imagenet.npz,128,10,cuda,cuda,1,1,0.001200,0.003908,0.000000
619,data/imagenet.npz,128,10,cuda,cuda,1,1,0.001423,0.004668,0.000000
620,data/imagenet.npz,128,10,cuda,cuda,1,1,0.001229,0.007136,0.000000
621,data/imagenet.npz,128,10,cuda,cuda,1,1,0.001213,0.009443,0.000000
622,data/imagenet.npz,128,10,cuda,cuda,1,1,0.001226,0.007675,0.000000
623,data/imagenet.npz,128,10,cuda,cuda,1,1,0.001229,0.006901,0.000000
624,data/imagenet.npz,128,10,cuda,cuda,1,1,0.001197,0.008742,0.000000
625,data/imagenet.npz,128,10,cuda,cuda,1,1,0.001201,0.012634,0.000000
626,data/imagenet.npz,128,10,cuda,cuda,1,1,0.001204,0.008300,0.000000
627,data/imagenet.npz,128,10,cuda,cuda,1,1,0.001208,0.005836,0.000000
628,data/imagenet.npz,128,10,cuda,cuda,1,1,0.001214,0.004054,0.000000
629,data/imagenet.npz,128,10,cuda,cuda,1,1,0.001200,0.005039,0.000000
630,data/imagenet.npz,128,10,cuda,cuda,1,1,0.001259,0.008517,0.000000
631,data/imagenet.npz,128,10,cuda,cuda,1,1,0.001226,0.009886,0.000000
632,data/imagenet.npz,128,10,cuda,cuda,1,1,0.001208,0.008495,0.000000
633,data/imagenet.npz,128,10,cuda,cuda,1,1,0.001207,0.008744,0.000000
634,data/imagenet.npz,128,10,cuda,cuda,1,1,0.001216,0.011481,0.000000
635,data/imagenet.npz,128,10,cuda,cuda,1,1,0.001222,0.005328,0.000000
636,data/imagenet.npz,128,10,cuda,cuda,1,1,0.001205,0.007191,0.000000
637,data/imagenet.npz,128,10,cuda,cuda,1,1,0.001206,0.009011,0.000000
638,data/imagenet.npz,128,10,cuda,cuda,1,1,0.001206,0.007745,0.000000
639,data/imagenet.npz,128,10,cuda,cuda,1,1,0.001368,0.043242,0.000000
640,data/imagenet.npz,128,10,cuda,cuda,1,1,0.001210,0.006356,0.000000
641,data/imagenet.npz,128,10,cuda,cuda,1,1,0.001217,0.007704,0.000000
642,data/imagenet.npz,128,10,cuda,cuda,1,1,0.001209,0.007721,0.000000
643,data/imagenet.npz,128,10,cuda,cuda,1,1,0.001243,0.007756,0.000000
644,data/imagenet.npz,128,10,cuda,cuda,1,1,0.001234,0.008437,0.000000
645,data/imagenet.npz,128,10,cuda,cuda,1,1,0.001210,0.002916,0.000000
646,data/imagenet.npz,128,10,cuda,cuda,1,1,0.001224,0.003550,0.000000
647,data/imagenet.npz,128,10,cuda,cuda,1,1,0.001216,0.007598,0.000000
648,data/imagenet.npz,128,10,cuda,cuda,1,1,0.001211,0.002726,0.000000
649,data/imagenet.npz,128,10,cuda,cuda,1,1,0.001208,0.007743,0.000000
650,data/imagenet.npz,128,10,cuda,cuda,1,1,0.001207,0.009560,0.000000
651,data/imagenet.npz,128,10,cuda,cuda,1,1,0.001212,0.007759,0.000000
652,data/imagenet.npz,128,10,cuda,cuda,1,1,0.001203,0.007769,0.000000
653,data/imagenet.npz,128,10,cuda,cuda,1,1,0.001219,0.007375,0.000000
654,data/imagenet.npz,128,10,cuda,cuda,1,1,0.001212,0.001745,0.000000
655,data/imagenet.npz,128,10,cuda,cuda,1,1,0.001204,0.013969,0.000000
656,data/imagenet.npz,128,10,cuda,cuda,1,1,0.001212,0.007789,0.000000
657,data/imagenet.npz,128,10,cuda,cuda,1,1,0.001221,0.008538,0.000000
658,data/imagenet.npz,128,10,cuda,cuda,1,1,0.001210,0.007786,0.000000
659,data/imagenet.npz,128,10,cuda,cuda,1,1,0.001208,0.005101,0.000000
660,data/imagenet.npz,128,10,cuda,cuda,1,1,0.001223,0.007520,0.000000
661,data/imagenet.npz,128,10,cuda,cuda,1,1,0.001217,0.009858,0.000000
662,data/imagenet.npz,128,10,cuda,cuda,1,1,0.001211,0.008487,0.000000
663,data/imagenet.npz,128,10,cuda,cuda,1,1,0.001193,0.008471,0.000000
664,data/imagenet.npz,128,10,cuda,cuda,1,1,0.001205,0.011539,0.000000
665,data/imagenet.npz,128,10,cuda,cuda,1,1,0.001200,0.009500,0.000000
666,data/imagenet.npz,128,10,cuda,cuda,1,1,0.001200,0.007761,0.000000
667,data/imagenet.npz,128,10,cuda,cuda,1,1,0.001826,0.053792,0.000000
668,data/imagenet.npz,128,10,cuda,cuda,1,1,0.001212,0.001734,0.000000
669,data/imagenet.npz,128,10,cuda,cuda,1,1,0.001196,0.009653,0.000000
670,data/imagenet.npz,128,10,cuda,cuda,1,1,0.001219,0.006921,0.000000
671,data/imagenet.npz,128,10,cuda,cuda,1,1,0.001217,0.005544,0.000000
672,data/imagenet.npz,128,10,cuda,cuda,1,1,0.001207,0.006876,0.000000
673,data/imagenet.npz,128,10,cuda,cuda,1,1,0.001206,0.007730,0.000000
674,data/imagenet.npz,128,10,cuda,cuda,1,1,0.001215,0.011254,0.000000
675,data/imagenet.npz,128,10,cuda,cuda,1,1,0.001202,0.007691,0.000000
676,data/imagenet.npz,128,10,cuda,cuda,1,1,0.001206,0.006894,0.000000
677,data/imagenet.npz,128,10,cuda,cuda,1,1,0.001204,0.000725,0.000000
678,data/imagenet.npz,128,10,cuda,cuda,1,1,0.001197,0.003763,0.000000
679,data/imagenet.npz,128,10,cuda,cuda,1,1,0.001215,0.007750,0.000000
680,data/imagenet.npz,128,10,cuda,cuda,1,1,0.001198,0.008727,0.000000
681,data/imagenet.npz,128,10,cuda,cuda,1,1,0.001213,0.000826,0.000000
682,data/imagenet.npz,128,10,cuda,cuda,1,1,0.001206,0.002560,0.000000
683,data/imagenet.npz,128,10,cuda,cuda,1,1,0.001210,0.008525,0.000000
684,data/imagenet.npz,128,10,cuda,cuda,1,1,0.001209,0.006842,0.000000
685,data/imagenet.npz,128,10,cuda,cuda,1,1,0.001206,0.007680,0.000000
686,data/imagenet.npz,128,10,cuda,cuda,1,1,0.001204,0.009620,0.000000
687,data/imagenet.npz,128,10,cuda,cuda,1,1,0.001209,0.012079,0.000000
688,data/imagenet.npz,128,10,cuda,cuda,1,1,0.001206,0.007947,0.000000
689,data/imagenet.npz,128,10,cuda,cuda,1,1,0.001213,0.007732,0.000000
690,data/imagenet.npz,128,10,cuda,cuda,1,1,0.001202,0.009649,0.000000
691,data/imagenet.npz,128,10,cuda,cuda,1,1,0.001219,0.006892,0.000000
692,data/imagenet.npz,128,10,cuda,cuda,1,1,0.001214,0.011959,0.000000
693,data/imagenet.npz,128,10,cuda,cuda,1,1,0.001220,0.009864,0.000000
694,data/imagenet.npz,128,10,cuda,cuda,1,1,0.001213,0.007752,0.000000
695,data/imagenet.npz,128,10,cuda,cuda,1,1,0.001215,0.005090,0.000000
696,data/imagenet.npz,128,10,cuda,cuda,1,1,0.001479,0.040090,0.000000
697,data/imagenet.npz,128,10,cuda,cuda,1,1,0.001210,0.003247,0.000000
698,data/imagenet.npz,128,10,cuda,cuda,1,1,0.001224,0.005548,0.000000
699,data/imagenet.npz,128,10,cuda,cuda,1,1,0.001344,0.033489,0.000000
700,data/imagenet.npz,128,10,cuda,cuda,1,1,0.001221,0.005835,0.000000
701,data/imagenet.npz,128,10,cuda,cuda,1,1,0.001195,0.006930,0.000000
702,data/imagenet.npz,128,10,cuda,cuda,1,1,0.001199,0.007781,0.000000
703,data/imagenet.npz,128,10,cuda,cuda,1,1,0.001218,0.023145,0.000000
704,data/imagenet.npz,128,10,cuda,cuda,1,1,0.001209,0.009760,0.000000
705,data/imagenet.npz,128,10,cuda,cuda,1,1,0.001213,0.004993,0.000000
706,data/imagenet.npz,128,10,cuda,cuda,1,1,0.001221,0.009584,0.000000
707,data/imagenet.npz,128,10,cuda,cuda,1,1,0.001209,0.008637,0.000000
708,data/imagenet.npz,128,10,cuda,cuda,1,1,0.001207,0.006856,0.000000
709,data/imagenet.npz,128,10,cuda,cuda,1,1,0.001216,0.009752,0.000000
710,data/imagenet.npz,128,10,cuda,cuda,1,1,0.001220,0.007749,0.000000
711,data/imagenet.npz,128,10,cuda,cuda,1,1,0.001199,0.008399,0.000000
712,data/imagenet.npz,128,10,cuda,cuda,1,1,0.001212,0.007740,0.000000
713,data/imagenet.npz,128,10,cuda,cuda,1,1,0.001205,0.009815,0.000000
714,data/imagenet.npz,128,10,cuda,cuda,1,1,0.001235,0.007784,0.000000
715,data/imagenet.npz,128,10,cuda,cuda,1,1,0.001210,0.008753,0.000000
716,data/imagenet.npz,128,10,cuda,cuda,1,1,0.001222,0.010648,0.000000
717,data/imagenet.npz,128,10,cuda,cuda,1,1,0.001221,0.007741,0.000000
718,data/imagenet.npz,128,10,cuda,cuda,1,1,0.001203,0.007772,0.000000
719,data/imagenet.npz,128,10,cuda,cuda,1,1,0.001212,0.006842,0.000000
720,data/imagenet.npz,128,10,cuda,cuda,1,1,0.001202,0.008289,0.000000
721,data/imagenet.npz,128,10,cuda,cuda,1,1,0.001213,0.007774,0.000000
722,data/imagenet.npz,128,10,cuda,cuda,1,1,0.001194,0.008746,0.000000
723,data/imagenet.npz,128,10,cuda,cuda,1,1,0.001203,0.005764,0.000000
724,data/imagenet.npz,128,10,cuda,cuda,1,1,0.001205,0.006214,0.000000
725,data/imagenet.npz,128,10,cuda,cuda,1,1,0.001208,0.006076,0.000000
726,data/imagenet.npz,128,10,cuda,cuda,1,1,0.001212,0.003247,0.000000
727,data/imagenet.npz,128,10,cuda,cuda,1,1,0.001207,0.009823,0.000000
728,data/imagenet.npz,128,10,cuda,cuda,1,1,0.001222,0.007656,0.000000
729,data/imagenet.npz,128,10,cuda,cuda,1,1,0.001200,0.002541,0.000000
730,data/imagenet.npz,128,10,cuda,cuda,1,1,0.001216,0.009618,0.000000
731,data/imagenet.npz,128,10,cuda,cuda,1,1,0.001202,0.006898,0.000000
732,data/imagenet.npz,128,10,cuda,cuda,1,1,0.001205,0.006624,0.000000
733,data/imagenet.npz,128,10,cuda,cuda,1,1,0.001218,0.011132,0.000000
734,data/imagenet.npz,128,10,cuda,cuda,1,1,0.001211,0.007750,0.000000
735,data/imagenet.npz,128,10,cuda,cuda,1,1,0.001202,0.008517,0.000000
736,data/imagenet.npz,128,10,cuda,cuda,1,1,0.001223,0.006900,0.000000
737,data/imagenet.npz,128,10,cuda,cuda,1,1,0.001214,0.007780,0.000000
738,data/imagenet.npz,128,10,cuda,cuda,1,1,0.001202,0.009079,0.000000
739,data/imagenet.npz,128,10,cuda,cuda,1,1,0.001211,0.012880,0.000000
740,data/imagenet.npz,128,10,cuda,cuda,1,1,0.001206,0.008771,0.000000
741,data/imagenet.npz,128,10,cuda,cuda,1,1,0.001219,0.007782,0.000000
742,data/imagenet.npz,128,10,cuda,cuda,1,1,0.001216,0.001775,0.000000
743,data/imagenet.npz,128,10,cuda,cuda,1,1,0.001209,0.006914,0.000000
744,data/imagenet.npz,128,10,cuda,cuda,1,1,0.001197,0.006856,0.000000
745,data/imagenet.npz,128,10,cuda,cuda,1,1,0.001209,0.009452,0.000000
746,data/imagenet.npz,128,10,cuda,cuda,1,1,0.001207,0.006862,0.000000
747,data/imagenet.npz,128,10,cuda,cuda,1,1,0.001213,0.007692,0.000000
748,data/imagenet.npz,128,10,cuda,cuda,1,1,0.001205,0.004127,0.000000
749,data/imagenet.npz,128,10,cuda,cuda,1,1,0.001218,0.013192,0.000000
750,data/imagenet.npz,128,10,cuda,cuda,1,1,0.001202,0.002600,0.000000
751,data/imagenet.npz,128,10,cuda,cuda,1,1,0.001201,0.006888,0.000000
752,data/imagenet.npz,128,10,cuda,cuda,1,1,0.001215,0.009610,0.000000
753,data/imagenet.npz,128,10,cuda,cuda,1,1,0.001211,0.011487,0.000000
754,data/imagenet.npz,128,10,cuda,cuda,1,1,0.001202,0.005371,0.000000
755,data/imagenet.npz,128,10,cuda,cuda,1,1,0.001215,0.008569,0.000000
756,data/imagenet.npz,128,10,cuda,cuda,1,1,0.001203,0.007767,0.000000
757,data/imagenet.npz,128,10,cuda,cuda,1,1,0.001219,0.007782,0.000000
758,data/imagenet.npz,128,10,cuda,cuda,1,1,0.001225,0.007754,0.000000
759,data/imagenet.npz,128,10,cuda,cuda,1,1,0.001215,0.009804,0.000000
760,data/imagenet.npz,128,10,cuda,cuda,1,1,0.001215,0.007114,0.000000
761,data/imagenet.npz,128,10,cuda,cuda,1,1,0.001206,0.007751,0.000000
762,data/imagenet.npz,128,10,cuda,cuda,1,1,0.001216,0.007826,0.000000
763,data/imagenet.npz,128,10,cuda,cuda,1,1,0.001209,0.009649,0.000000
764,data/imagenet.npz,128,10,cuda,cuda,1,1,0.001202,0.008818,0.000000
765,data/imagenet.npz,128,10,cuda,cuda,1,1,0.001228,0.006897,0.000000
766,data/imagenet.npz,128,10,cuda,cuda,1,1,0.001211,0.015469,0.000000
767,data/imagenet.npz,128,10,cuda,cuda,1,1,0.001212,0.002109,0.000000
768,data/imagenet.npz,128,10,cuda,cuda,1,1,0.001229,0.004848,0.000000
769,data/imagenet.npz,128,10,cuda,cuda,1,1,0.001213,0.008806,0.000000
770,data/imagenet.npz,128,10,cuda,cuda,1,1,0.001224,0.012602,0.000000
771,data/imagenet.npz,128,10,cuda,cuda,1,1,0.001206,0.012875,0.000000
772,data/imagenet.npz,128,10,cuda,cuda,1,1,0.001205,0.008805,0.000000
773,data/imagenet.npz,128,10,cuda,cuda,1,1,0.001228,0.012755,0.000000
774,data/imagenet.npz,128,10,cuda,cuda,1,1,0.001221,0.006894,0.000000
775,data/imagenet.npz,128,10,cuda,cuda,1,1,0.001197,0.010334,0.000000
776,data/imagenet.npz,128,10,cuda,cuda,1,1,0.001222,0.007746,0.000000
777,data/imagenet.npz,128,10,cuda,cuda,1,1,0.001206,0.009702,0.000000
778,data/imagenet.npz,128,10,cuda,cuda,1,1,0.001222,0.007045,0.000000
779,data/imagenet.npz,128,10,cuda,cuda,1,1,0.001202,0.007809,0.000000
780,data/imagenet.npz,128,10,cuda,cuda,1,1,0.001215,0.007752,0.000000
781,data/imagenet.npz,128,10,cuda,cuda,1,1,0.001202,0.004244,0.000000
782,data/imagenet.npz,128,10,cuda,cuda,1,1,0.001204,0.008782,0.000000
783,data/imagenet.npz,128,10,cuda,cuda,1,1,0.001207,0.006865,0.000000
784,data/imagenet.npz,128,10,cuda,cuda,1,1,0.001225,0.009939,0.000000
785,data/imagenet.npz,128,10,cuda,cuda,1,1,0.001202,0.006730,0.000000
786,data/imagenet.npz,128,10,cuda,cuda,1,1,0.001207,0.009637,0.000000
787,data/imagenet.npz,128,10,cuda,cuda,1,1,0.001215,0.006626,0.000000
788,data/imagenet.npz,128,10,cuda,cuda,1,1,0.001203,0.003328,0.000000
789,data/imagenet.npz,128,10,cuda,cuda,1,1,0.001200,0.009626,0.000000
790,data/imagenet.npz,128,10,cuda,cuda,1,1,0.001219,0.007404,0.000000
791,data/imagenet.npz,128,10,cuda,cuda,1,1,0.001200,0.004797,0.000000
792,data/imagenet.npz,128,10,cuda,cuda,1,1,0.001209,0.007779,0.000000
793,data/imagenet.npz,128,10,cuda,cuda,1,1,0.001208,0.008684,0.000000
794,data/imagenet.npz,128,10,cuda,cuda,1,1,0.001214,0.006200,0.000000
795,data/imagenet.npz,128,10,cuda,cuda,1,1,0.001210,0.007676,0.000000
796,data/imagenet.npz,128,10,cuda,cuda,1,1,0.001205,0.008306,0.000000
797,data/imagenet.npz,128,10,cuda,cuda,1,1,0.001216,0.007097,0.000000
798,data/imagenet.npz,128,10,cuda,cuda,1,1,0.001228,0.007363,0.000000
799,data/imagenet.npz,128,10,cuda,cuda,1,1,0.001214,0.016295,0.000000
800,data/imagenet.npz,128,10,cuda,cuda,1,1,0.001223,0.008193,0.000000
801,data/imagenet.npz,128,10,cuda,cuda,1,1,0.001229,0.003085,0.000000
802,data/imagenet.npz,128,10,cuda,cuda,1,1,0.001224,0.003571,0.000000
803,data/imagenet.npz,128,10,cuda,cuda,1,1,0.001198,0.007776,0.000000
804,data/imagenet.npz,128,10,cuda,cuda,1,1,0.001219,0.008633,0.000000
805,data/imagenet.npz,128,10,cuda,cuda,1,1,0.001209,0.001231,0.000000
806,data/imagenet.npz,128,10,cuda,cuda,1,1,0.001210,0.006347,0.000000
807,data/imagenet.npz,128,10,cuda,cuda,1,1,0.001207,0.007743,0.000000
808,data/imagenet.npz,128,10,cuda,cuda,1,1,0.001224,0.007749,0.000000
809,data/imagenet.npz,128,10,cuda,cuda,1,1,0.001215,0.007812,0.000000
810,data/imagenet.npz,128,10,cuda,cuda,1,1,0.001212,0.012533,0.000000
811,data/imagenet.npz,128,10,cuda,cuda,1,1,0.001217,0.009705,0.000000
812,data/imagenet.npz,128,10,cuda,cuda,1,1,0.001220,0.006812,0.000000
813,data/imagenet.npz,128,10,cuda,cuda,1,1,0.001221,0.009452,0.000000
814,data/imagenet.npz,128,10,cuda,cuda,1,1,0.001190,0.007516,0.000000
815,data/imagenet.npz,128,10,cuda,cuda,1,1,0.001209,0.001138,0.000000
816,data/imagenet.npz,128,10,cuda,cuda,1,1,0.001210,0.008820,0.000000
817,data/imagenet.npz,128,10,cuda,cuda,1,1,0.001207,0.007746,0.000000
818,data/imagenet.npz,128,10,cuda,cuda,1,1,0.001208,0.009307,0.000000
819,data/imagenet.npz,128,10,cuda,cuda,1,1,0.001216,0.006926,0.000000
820,data/imagenet.npz,128,10,cuda,cuda,1,1,0.001219,0.011123,0.000000
821,data/imagenet.npz,128,10,cuda,cuda,1,1,0.001212,0.008122,0.000000
822,data/imagenet.npz,128,10,cuda,cuda,1,1,0.001197,0.006904,0.000000
823,data/imagenet.npz,128,10,cuda,cuda,1,1,0.001204,0.008778,0.000000
824,data/imagenet.npz,128,10,cuda,cuda,1,1,0.001233,0.002949,0.000000
825,data/imagenet.npz,128,10,cuda,cuda,1,1,0.001199,0.008538,0.000000
826,data/imagenet.npz,128,10,cuda,cuda,1,1,0.001202,0.011426,0.000000
827,data/imagenet.npz,128,10,cuda,cuda,1,1,0.001215,0.008582,0.000000
828,data/imagenet.npz,128,10,cuda,cuda,1,1,0.001214,0.008642,0.000000
829,data/imagenet.npz,128,10,cuda,cuda,1,1,0.001215,0.001121,0.000000
830,data/imagenet.npz,128,10,cuda,cuda,1,1,0.001218,0.007782,0.000000
831,data/imagenet.npz,128,10,cuda,cuda,1,1,0.001216,0.008497,0.000000
832,data/imagenet.npz,128,10,cuda,cuda,1,1,0.001210,0.009790,0.000000
833,data/imagenet.npz,128,10,cuda,cuda,1,1,0.001213,0.019715,0.000000
834,data/imagenet.npz,128,10,cuda,cuda,1,1,0.001220,0.010130,0.000000
835,data/imagenet.npz,128,10,cuda,cuda,1,1,0.001226,0.002024,0.000000
836,data/imagenet.npz,128,10,cuda,cuda,1,1,0.001204,0.002747,0.000000
837,data/imagenet.npz,128,10,cuda,cuda,1,1,0.001218,0.009673,0.000000
838,data/imagenet.npz,128,10,cuda,cuda,1,1,0.001215,0.006868,0.000000
839,data/imagenet.npz,128,10,cuda,cuda,1,1,0.001228,0.009381,0.000000
840,data/imagenet.npz,128,10,cuda,cuda,1,1,0.001216,0.019707,0.000000
841,data/imagenet.npz,128,10,cuda,cuda,1,1,0.001201,0.008618,0.000000
842,data/imagenet.npz,128,10,cuda,cuda,1,1,0.001219,0.007791,0.000000
843,data/imagenet.npz,128,10,cuda,cuda,1,1,0.001198,0.007754,0.000000
844,data/imagenet.npz,128,10,cuda,cuda,1,1,0.001201,0.009686,0.000000
845,data/imagenet.npz,128,10,cuda,cuda,1,1,0.001213,0.005839,0.000000
846,data/imagenet.npz,128,10,cuda,cuda,1,1,0.001193,0.007375,0.000000
847,data/imagenet.npz,128,10,cuda,cuda,1,1,0.001204,0.001409,0.000000
848,data/imagenet.npz,128,10,cuda,cuda,1,1,0.001223,0.009264,0.000000
849,data/imagenet.npz,128,10,cuda,cuda,1,1,0.001214,0.007775,0.000000
850,data/imagenet.npz,128,10,cuda,cuda,1,1,0.001214,0.001700,0.000000
