image_index,data_path,num_directions,num_timesteps,device_requested,device_used,batch_size,num_cores,complex_construction_time,computation_time,vectorization_time
0,data/imagenet.npz,2,100,cpu,cpu,1,1,0.076856,0.173615,0.000000
1,data/imagenet.npz,2,100,cpu,cpu,1,1,0.068037,0.162604,0.000000
2,data/imagenet.npz,2,100,cpu,cpu,1,1,0.061772,0.158852,0.000000
3,data/imagenet.npz,2,100,cpu,cpu,1,1,0.061162,0.161338,0.000000
4,data/imagenet.npz,2,100,cpu,cpu,1,1,0.063448,0.197810,0.000000
5,data/imagenet.npz,2,100,cpu,cpu,1,1,0.066040,0.185667,0.000000
6,data/imagenet.npz,2,100,cpu,cpu,1,1,0.064613,0.169872,0.000000
7,data/imagenet.npz,2,100,cpu,cpu,1,1,0.063944,0.160945,0.000000
8,data/imagenet.npz,2,100,cpu,cpu,1,1,0.074871,0.292993,0.000000
9,data/imagenet.npz,2,100,cpu,cpu,1,1,0.061547,0.162280,0.000000
10,data/imagenet.npz,2,100,cpu,cpu,1,1,0.060642,0.162931,0.000000
11,data/imagenet.npz,2,100,cpu,cpu,1,1,0.052996,0.099908,0.000000
12,data/imagenet.npz,2,100,cpu,cpu,1,1,0.067514,0.186165,0.000000
13,data/imagenet.npz,2,100,cpu,cpu,1,1,0.058770,0.183787,0.000000
14,data/imagenet.npz,2,100,cpu,cpu,1,1,0.066815,0.213657,0.000000
15,data/imagenet.npz,2,100,cpu,cpu,1,1,0.063074,0.209554,0.000000
16,data/imagenet.npz,2,100,cpu,cpu,1,1,0.059929,0.175935,0.000000
17,data/imagenet.npz,2,100,cpu,cpu,1,1,0.057976,0.180913,0.000000
18,data/imagenet.npz,2,100,cpu,cpu,1,1,0.059707,0.176862,0.000000
19,data/imagenet.npz,2,100,cpu,cpu,1,1,0.047317,0.094835,0.000000
20,data/imagenet.npz,2,100,cpu,cpu,1,1,0.060104,0.180168,0.000000
21,data/imagenet.npz,2,100,cpu,cpu,1,1,0.059235,0.190971,0.000000
22,data/imagenet.npz,2,100,cpu,cpu,1,1,0.060622,0.161852,0.000000
23,data/imagenet.npz,2,100,cpu,cpu,1,1,0.061476,0.134738,0.000000
24,data/imagenet.npz,2,100,cpu,cpu,1,1,0.062316,0.176542,0.000000
25,data/imagenet.npz,2,100,cpu,cpu,1,1,0.051006,0.079405,0.000000
26,data/imagenet.npz,2,100,cpu,cpu,1,1,0.052225,0.132668,0.000000
27,data/imagenet.npz,2,100,cpu,cpu,1,1,0.065970,0.192456,0.000000
28,data/imagenet.npz,2,100,cpu,cpu,1,1,0.062610,0.165877,0.000000
29,data/imagenet.npz,2,100,cpu,cpu,1,1,0.059436,0.143032,0.000000
30,data/imagenet.npz,2,100,cpu,cpu,1,1,0.063738,0.190785,0.000000
31,data/imagenet.npz,2,100,cpu,cpu,1,1,0.059950,0.165781,0.000000
32,data/imagenet.npz,2,100,cpu,cpu,1,1,0.063269,0.193451,0.000000
33,data/imagenet.npz,2,100,cpu,cpu,1,1,0.037065,0.024463,0.000000
34,data/imagenet.npz,2,100,cpu,cpu,1,1,0.056582,0.169804,0.000000
35,data/imagenet.npz,2,100,cpu,cpu,1,1,0.063368,0.200628,0.000000
36,data/imagenet.npz,2,100,cpu,cpu,1,1,0.057296,0.167639,0.000000
37,data/imagenet.npz,2,100,cpu,cpu,1,1,0.072113,0.257505,0.000000
38,data/imagenet.npz,2,100,cpu,cpu,1,1,0.147527,3.097996,0.000000
39,data/imagenet.npz,2,100,cpu,cpu,1,1,0.067307,0.169530,0.000000
40,data/imagenet.npz,2,100,cpu,cpu,1,1,0.062264,0.177482,0.000000
41,data/imagenet.npz,2,100,cpu,cpu,1,1,0.058998,0.162300,0.000000
42,data/imagenet.npz,2,100,cpu,cpu,1,1,0.042781,0.014751,0.000000
43,data/imagenet.npz,2,100,cpu,cpu,1,1,0.057949,0.175899,0.000000
44,data/imagenet.npz,2,100,cpu,cpu,1,1,0.063138,0.195173,0.000000
45,data/imagenet.npz,2,100,cpu,cpu,1,1,0.059173,0.190094,0.000000
46,data/imagenet.npz,2,100,cpu,cpu,1,1,0.075118,0.254433,0.000000
47,data/imagenet.npz,2,100,cpu,cpu,1,1,0.064889,0.190207,0.000000
48,data/imagenet.npz,2,100,cpu,cpu,1,1,0.062110,0.190021,0.000000
49,data/imagenet.npz,2,100,cpu,cpu,1,1,0.065707,0.186618,0.000000
50,data/imagenet.npz,2,100,cpu,cpu,1,1,0.062744,0.199294,0.000000
51,data/imagenet.npz,2,100,cpu,cpu,1,1,0.063585,0.179796,0.000000
52,data/imagenet.npz,2,100,cpu,cpu,1,1,0.063472,0.176485,0.000000
53,data/imagenet.npz,2,100,cpu,cpu,1,1,0.075325,0.271348,0.000000
54,data/imagenet.npz,2,100,cpu,cpu,1,1,0.092359,0.634538,0.000000
55,data/imagenet.npz,2,100,cpu,cpu,1,1,0.063763,0.179068,0.000000
56,data/imagenet.npz,2,100,cpu,cpu,1,1,0.063796,0.217972,0.000000
57,data/imagenet.npz,2,100,cpu,cpu,1,1,0.056685,0.182157,0.000000
58,data/imagenet.npz,2,100,cpu,cpu,1,1,0.055961,0.161264,0.000000
59,data/imagenet.npz,2,100,cpu,cpu,1,1,0.061371,0.177698,0.000000
60,data/imagenet.npz,2,100,cpu,cpu,1,1,0.052807,0.125946,0.000000
61,data/imagenet.npz,2,100,cpu,cpu,1,1,0.057899,0.135205,0.000000
62,data/imagenet.npz,2,100,cpu,cpu,1,1,0.062400,0.164416,0.000000
63,data/imagenet.npz,2,100,cpu,cpu,1,1,0.105593,0.433711,0.000000
64,data/imagenet.npz,2,100,cpu,cpu,1,1,0.058585,0.160734,0.000000
65,data/imagenet.npz,2,100,cpu,cpu,1,1,0.066421,0.161881,0.000000
66,data/imagenet.npz,2,100,cpu,cpu,1,1,0.056386,0.162762,0.000000
67,data/imagenet.npz,2,100,cpu,cpu,1,1,0.060530,0.183242,0.000000
68,data/imagenet.npz,2,100,cpu,cpu,1,1,0.066634,0.178820,0.000000
69,data/imagenet.npz,2,100,cpu,cpu,1,1,0.062667,0.163046,0.000000
70,data/imagenet.npz,2,100,cpu,cpu,1,1,0.067571,0.176700,0.000000
71,data/imagenet.npz,2,100,cpu,cpu,1,1,0.062922,0.180177,0.000000
72,data/imagenet.npz,2,100,cpu,cpu,1,1,0.062916,0.176269,0.000000
73,data/imagenet.npz,2,100,cpu,cpu,1,1,0.064954,0.184170,0.000000
74,data/imagenet.npz,2,100,cpu,cpu,1,1,0.059161,0.189166,0.000000
75,data/imagenet.npz,2,100,cpu,cpu,1,1,0.074344,0.283881,0.000000
76,data/imagenet.npz,2,100,cpu,cpu,1,1,0.072478,0.259514,0.000000
77,data/imagenet.npz,2,100,cpu,cpu,1,1,0.063761,0.181788,0.000000
78,data/imagenet.npz,2,100,cpu,cpu,1,1,0.061521,0.159989,0.000000
79,data/imagenet.npz,2,100,cpu,cpu,1,1,0.064451,0.162918,0.000000
80,data/imagenet.npz,2,100,cpu,cpu,1,1,0.070484,0.188532,0.000000
81,data/imagenet.npz,2,100,cpu,cpu,1,1,0.070951,0.228270,0.000000
82,data/imagenet.npz,2,100,cpu,cpu,1,1,0.065301,0.185247,0.000000
83,data/imagenet.npz,2,100,cpu,cpu,1,1,0.064015,0.177904,0.000000
84,data/imagenet.npz,2,100,cpu,cpu,1,1,0.066365,0.187979,0.000000
85,data/imagenet.npz,2,100,cpu,cpu,1,1,0.068140,0.163664,0.000000
86,data/imagenet.npz,2,100,cpu,cpu,1,1,0.066124,0.189722,0.000000
87,data/imagenet.npz,2,100,cpu,cpu,1,1,0.065899,0.224424,0.000000
88,data/imagenet.npz,2,100,cpu,cpu,1,1,0.062816,0.212022,0.000000
89,data/imagenet.npz,2,100,cpu,cpu,1,1,0.063697,0.185331,0.000000
90,data/imagenet.npz,2,100,cpu,cpu,1,1,0.061006,0.160617,0.000000
91,data/imagenet.npz,2,100,cpu,cpu,1,1,0.057411,0.131967,0.000000
92,data/imagenet.npz,2,100,cpu,cpu,1,1,0.067570,0.164751,0.000000
93,data/imagenet.npz,2,100,cpu,cpu,1,1,0.057076,0.154663,0.000000
94,data/imagenet.npz,2,100,cpu,cpu,1,1,0.063088,0.190839,0.000000
95,data/imagenet.npz,2,100,cpu,cpu,1,1,0.058212,0.170580,0.000000
96,data/imagenet.npz,2,100,cpu,cpu,1,1,0.056877,0.160905,0.000000
97,data/imagenet.npz,2,100,cpu,cpu,1,1,0.057382,0.161949,0.000000
98,data/imagenet.npz,2,100,cpu,cpu,1,1,0.051682,0.122214,0.000000
99,data/imagenet.npz,2,100,cpu,cpu,1,1,0.044011,0.021528,0.000000
100,data/imagenet.npz,2,100,cpu,cpu,1,1,0.061114,0.160913,0.000000
101,data/imagenet.npz,2,100,cpu,cpu,1,1,0.109580,0.454859,0.000000
102,data/imagenet.npz,2,100,cpu,cpu,1,1,0.061465,0.192450,0.000000
103,data/imagenet.npz,2,100,cpu,cpu,1,1,0.062209,0.215685,0.000000
104,data/imagenet.npz,2,100,cpu,cpu,1,1,0.061227,0.172665,0.000000
105,data/imagenet.npz,2,100,cpu,cpu,1,1,0.061198,0.181721,0.000000
106,data/imagenet.npz,2,100,cpu,cpu,1,1,0.056653,0.155748,0.000000
107,data/imagenet.npz,2,100,cpu,cpu,1,1,0.065964,0.255775,0.000000
108,data/imagenet.npz,2,100,cpu,cpu,1,1,0.063505,0.162039,0.000000
109,data/imagenet.npz,2,100,cpu,cpu,1,1,0.052995,0.131719,0.000000
110,data/imagenet.npz,2,100,cpu,cpu,1,1,0.062282,0.159023,0.000000
111,data/imagenet.npz,2,100,cpu,cpu,1,1,0.128916,0.678306,0.000000
112,data/imagenet.npz,2,100,cpu,cpu,1,1,0.067870,0.182424,0.000000
113,data/imagenet.npz,2,100,cpu,cpu,1,1,0.057137,0.160721,0.000000
114,data/imagenet.npz,2,100,cpu,cpu,1,1,0.054875,0.166900,0.000000
115,data/imagenet.npz,2,100,cpu,cpu,1,1,0.052535,0.116504,0.000000
116,data/imagenet.npz,2,100,cpu,cpu,1,1,0.067072,0.159659,0.000000
117,data/imagenet.npz,2,100,cpu,cpu,1,1,0.063592,0.179825,0.000000
118,data/imagenet.npz,2,100,cpu,cpu,1,1,0.066428,0.180471,0.000000
119,data/imagenet.npz,2,100,cpu,cpu,1,1,0.044719,0.061462,0.000000
120,data/imagenet.npz,2,100,cpu,cpu,1,1,0.104320,0.454406,0.000000
121,data/imagenet.npz,2,100,cpu,cpu,1,1,0.056770,0.155161,0.000000
122,data/imagenet.npz,2,100,cpu,cpu,1,1,0.054686,0.153193,0.000000
123,data/imagenet.npz,2,100,cpu,cpu,1,1,0.061661,0.162327,0.000000
124,data/imagenet.npz,2,100,cpu,cpu,1,1,0.067565,0.198913,0.000000
125,data/imagenet.npz,2,100,cpu,cpu,1,1,0.067288,0.175366,0.000000
126,data/imagenet.npz,2,100,cpu,cpu,1,1,0.052460,0.117550,0.000000
127,data/imagenet.npz,2,100,cpu,cpu,1,1,0.063166,0.197886,0.000000
128,data/imagenet.npz,2,100,cpu,cpu,1,1,0.059052,0.152534,0.000000
129,data/imagenet.npz,2,100,cpu,cpu,1,1,0.063256,0.167051,0.000000
130,data/imagenet.npz,2,100,cpu,cpu,1,1,0.064442,0.179007,0.000000
131,data/imagenet.npz,2,100,cpu,cpu,1,1,0.062547,0.196257,0.000000
132,data/imagenet.npz,2,100,cpu,cpu,1,1,0.107223,0.453960,0.000000
133,data/imagenet.npz,2,100,cpu,cpu,1,1,0.041526,0.030881,0.000000
134,data/imagenet.npz,2,100,cpu,cpu,1,1,0.056032,0.166502,0.000000
135,data/imagenet.npz,2,100,cpu,cpu,1,1,0.063347,0.244865,0.000000
136,data/imagenet.npz,2,100,cpu,cpu,1,1,0.060590,0.194029,0.000000
137,data/imagenet.npz,2,100,cpu,cpu,1,1,0.056863,0.157778,0.000000
138,data/imagenet.npz,2,100,cpu,cpu,1,1,0.062342,0.195490,0.000000
139,data/imagenet.npz,2,100,cpu,cpu,1,1,0.062061,0.170495,0.000000
140,data/imagenet.npz,2,100,cpu,cpu,1,1,0.063857,0.160918,0.000000
141,data/imagenet.npz,2,100,cpu,cpu,1,1,0.068333,0.256074,0.000000
142,data/imagenet.npz,2,100,cpu,cpu,1,1,0.124423,0.600257,0.000000
143,data/imagenet.npz,2,100,cpu,cpu,1,1,0.047981,0.080955,0.000000
144,data/imagenet.npz,2,100,cpu,cpu,1,1,0.068378,0.175186,0.000000
145,data/imagenet.npz,2,100,cpu,cpu,1,1,0.070084,0.179674,0.000000
146,data/imagenet.npz,2,100,cpu,cpu,1,1,0.064582,0.198199,0.000000
147,data/imagenet.npz,2,100,cpu,cpu,1,1,0.065087,0.175408,0.000000
148,data/imagenet.npz,2,100,cpu,cpu,1,1,0.050706,0.111447,0.000000
149,data/imagenet.npz,2,100,cpu,cpu,1,1,0.046577,0.087483,0.000000
150,data/imagenet.npz,2,100,cpu,cpu,1,1,0.057264,0.137567,0.000000
151,data/imagenet.npz,2,100,cpu,cpu,1,1,0.050204,0.074896,0.000000
152,data/imagenet.npz,2,100,cpu,cpu,1,1,0.050886,0.097634,0.000000
153,data/imagenet.npz,2,100,cpu,cpu,1,1,0.064147,0.192483,0.000000
154,data/imagenet.npz,2,100,cpu,cpu,1,1,0.059290,0.158429,0.000000
155,data/imagenet.npz,2,100,cpu,cpu,1,1,0.058752,0.163281,0.000000
156,data/imagenet.npz,2,100,cpu,cpu,1,1,0.061104,0.147013,0.000000
157,data/imagenet.npz,2,100,cpu,cpu,1,1,0.064225,0.215000,0.000000
158,data/imagenet.npz,2,100,cpu,cpu,1,1,0.060636,0.167150,0.000000
159,data/imagenet.npz,2,100,cpu,cpu,1,1,0.062247,0.192495,0.000000
160,data/imagenet.npz,2,100,cpu,cpu,1,1,0.103469,0.446350,0.000000
161,data/imagenet.npz,2,100,cpu,cpu,1,1,0.063477,0.164396,0.000000
162,data/imagenet.npz,2,100,cpu,cpu,1,1,0.062994,0.178980,0.000000
163,data/imagenet.npz,2,100,cpu,cpu,1,1,0.061004,0.157323,0.000000
164,data/imagenet.npz,2,100,cpu,cpu,1,1,0.058584,0.178832,0.000000
165,data/imagenet.npz,2,100,cpu,cpu,1,1,0.059683,0.156306,0.000000
166,data/imagenet.npz,2,100,cpu,cpu,1,1,0.058186,0.157871,0.000000
167,data/imagenet.npz,2,100,cpu,cpu,1,1,0.058912,0.157795,0.000000
168,data/imagenet.npz,2,100,cpu,cpu,1,1,0.057687,0.157918,0.000000
169,data/imagenet.npz,2,100,cpu,cpu,1,1,0.072819,0.240956,0.000000
170,data/imagenet.npz,2,100,cpu,cpu,1,1,0.065892,0.199965,0.000000
171,data/imagenet.npz,2,100,cpu,cpu,1,1,0.071091,0.217208,0.000000
172,data/imagenet.npz,2,100,cpu,cpu,1,1,0.067023,0.190923,0.000000
173,data/imagenet.npz,2,100,cpu,cpu,1,1,0.059405,0.157088,0.000000
174,data/imagenet.npz,2,100,cpu,cpu,1,1,0.052108,0.137017,0.000000
175,data/imagenet.npz,2,100,cpu,cpu,1,1,0.059210,0.196354,0.000000
176,data/imagenet.npz,2,100,cpu,cpu,1,1,0.058356,0.156638,0.000000
177,data/imagenet.npz,2,100,cpu,cpu,1,1,0.061077,0.192401,0.000000
178,data/imagenet.npz,2,100,cpu,cpu,1,1,0.061374,0.161715,0.000000
179,data/imagenet.npz,2,100,cpu,cpu,1,1,0.064282,0.184702,0.000000
180,data/imagenet.npz,2,100,cpu,cpu,1,1,0.079804,0.295079,0.000000
181,data/imagenet.npz,2,100,cpu,cpu,1,1,0.065148,0.187488,0.000000
182,data/imagenet.npz,2,100,cpu,cpu,1,1,0.065473,0.163651,0.000000
183,data/imagenet.npz,2,100,cpu,cpu,1,1,0.063677,0.175158,0.000000
184,data/imagenet.npz,2,100,cpu,cpu,1,1,0.056225,0.158343,0.000000
185,data/imagenet.npz,2,100,cpu,cpu,1,1,0.058479,0.159303,0.000000
186,data/imagenet.npz,2,100,cpu,cpu,1,1,0.061021,0.193754,0.000000
187,data/imagenet.npz,2,100,cpu,cpu,1,1,0.063122,0.182301,0.000000
188,data/imagenet.npz,2,100,cpu,cpu,1,1,0.060917,0.181108,0.000000
189,data/imagenet.npz,2,100,cpu,cpu,1,1,0.110829,0.508139,0.000000
190,data/imagenet.npz,2,100,cpu,cpu,1,1,0.060822,0.175338,0.000000
191,data/imagenet.npz,2,100,cpu,cpu,1,1,0.188048,1.058683,0.000000
192,data/imagenet.npz,2,100,cpu,cpu,1,1,0.093767,0.393266,0.000000
193,data/imagenet.npz,2,100,cpu,cpu,1,1,0.066115,0.196532,0.000000
194,data/imagenet.npz,2,100,cpu,cpu,1,1,0.069059,0.187967,0.000000
195,data/imagenet.npz,2,100,cpu,cpu,1,1,0.048440,0.080288,0.000000
196,data/imagenet.npz,2,100,cpu,cpu,1,1,0.063539,0.181606,0.000000
197,data/imagenet.npz,2,100,cpu,cpu,1,1,0.056147,0.145251,0.000000
198,data/imagenet.npz,2,100,cpu,cpu,1,1,0.067466,0.204687,0.000000
199,data/imagenet.npz,2,100,cpu,cpu,1,1,0.048091,0.082813,0.000000
200,data/imagenet.npz,2,100,cpu,cpu,1,1,0.059430,0.177859,0.000000
201,data/imagenet.npz,2,100,cpu,cpu,1,1,0.064833,0.192435,0.000000
202,data/imagenet.npz,2,100,cpu,cpu,1,1,0.070111,0.185174,0.000000
203,data/imagenet.npz,2,100,cpu,cpu,1,1,0.040359,0.042306,0.000000
204,data/imagenet.npz,2,100,cpu,cpu,1,1,0.055848,0.196325,0.000000
205,data/imagenet.npz,2,100,cpu,cpu,1,1,0.066834,0.197739,0.000000
206,data/imagenet.npz,2,100,cpu,cpu,1,1,0.070825,0.237068,0.000000
207,data/imagenet.npz,2,100,cpu,cpu,1,1,0.089297,0.406861,0.000000
208,data/imagenet.npz,2,100,cpu,cpu,1,1,0.067191,0.203879,0.000000
209,data/imagenet.npz,2,100,cpu,cpu,1,1,0.056621,0.185582,0.000000
210,data/imagenet.npz,2,100,cpu,cpu,1,1,0.044687,0.056506,0.000000
211,data/imagenet.npz,2,100,cpu,cpu,1,1,0.062639,0.176579,0.000000
212,data/imagenet.npz,2,100,cpu,cpu,1,1,0.060368,0.202677,0.000000
213,data/imagenet.npz,2,100,cpu,cpu,1,1,0.060379,0.161903,0.000000
214,data/imagenet.npz,2,100,cpu,cpu,1,1,0.059150,0.165812,0.000000
215,data/imagenet.npz,2,100,cpu,cpu,1,1,0.062914,0.190880,0.000000
216,data/imagenet.npz,2,100,cpu,cpu,1,1,0.057957,0.169467,0.000000
217,data/imagenet.npz,2,100,cpu,cpu,1,1,0.041687,0.036987,0.000000
218,data/imagenet.npz,2,100,cpu,cpu,1,1,0.062277,0.197785,0.000000
219,data/imagenet.npz,2,100,cpu,cpu,1,1,0.060892,0.228194,0.000000
220,data/imagenet.npz,2,100,cpu,cpu,1,1,0.064136,0.218081,0.000000
221,data/imagenet.npz,2,100,cpu,cpu,1,1,0.066477,0.178098,0.000000
222,data/imagenet.npz,2,100,cpu,cpu,1,1,0.061374,0.192794,0.000000
223,data/imagenet.npz,2,100,cpu,cpu,1,1,0.101355,0.434338,0.000000
224,data/imagenet.npz,2,100,cpu,cpu,1,1,0.066381,0.236593,0.000000
225,data/imagenet.npz,2,100,cpu,cpu,1,1,0.056815,0.156454,0.000000
226,data/imagenet.npz,2,100,cpu,cpu,1,1,0.064114,0.182835,0.000000
227,data/imagenet.npz,2,100,cpu,cpu,1,1,0.060154,0.168499,0.000000
228,data/imagenet.npz,2,100,cpu,cpu,1,1,0.065067,0.183737,0.000000
229,data/imagenet.npz,2,100,cpu,cpu,1,1,0.059368,0.180173,0.000000
230,data/imagenet.npz,2,100,cpu,cpu,1,1,0.060008,0.182578,0.000000
231,data/imagenet.npz,2,100,cpu,cpu,1,1,0.070963,0.247987,0.000000
232,data/imagenet.npz,2,100,cpu,cpu,1,1,0.059853,0.168702,0.000000
233,data/imagenet.npz,2,100,cpu,cpu,1,1,0.060621,0.200470,0.000000
234,data/imagenet.npz,2,100,cpu,cpu,1,1,0.058218,0.177472,0.000000
235,data/imagenet.npz,2,100,cpu,cpu,1,1,0.062578,0.179762,0.000000
236,data/imagenet.npz,2,100,cpu,cpu,1,1,0.057672,0.177212,0.000000
237,data/imagenet.npz,2,100,cpu,cpu,1,1,0.063314,0.220116,0.000000
238,data/imagenet.npz,2,100,cpu,cpu,1,1,0.046717,0.051939,0.000000
239,data/imagenet.npz,2,100,cpu,cpu,1,1,0.058812,0.195152,0.000000
240,data/imagenet.npz,2,100,cpu,cpu,1,1,0.060082,0.185386,0.000000
241,data/imagenet.npz,2,100,cpu,cpu,1,1,0.059420,0.203296,0.000000
242,data/imagenet.npz,2,100,cpu,cpu,1,1,0.064524,0.179000,0.000000
243,data/imagenet.npz,2,100,cpu,cpu,1,1,0.086921,0.345286,0.000000
244,data/imagenet.npz,2,100,cpu,cpu,1,1,0.062140,0.185731,0.000000
245,data/imagenet.npz,2,100,cpu,cpu,1,1,0.063479,0.175364,0.000000
246,data/imagenet.npz,2,100,cpu,cpu,1,1,0.064763,0.203072,0.000000
247,data/imagenet.npz,2,100,cpu,cpu,1,1,0.057685,0.155613,0.000000
248,data/imagenet.npz,2,100,cpu,cpu,1,1,0.091415,0.370122,0.000000
249,data/imagenet.npz,2,100,cpu,cpu,1,1,0.107222,0.475914,0.000000
250,data/imagenet.npz,2,100,cpu,cpu,1,1,0.165496,0.876333,0.000000
251,data/imagenet.npz,2,100,cpu,cpu,1,1,0.060194,0.174214,0.000000
252,data/imagenet.npz,2,100,cpu,cpu,1,1,0.058949,0.157915,0.000000
253,data/imagenet.npz,2,100,cpu,cpu,1,1,0.055092,0.123351,0.000000
254,data/imagenet.npz,2,100,cpu,cpu,1,1,0.068661,0.197539,0.000000
255,data/imagenet.npz,2,100,cpu,cpu,1,1,0.097008,0.481195,0.000000
256,data/imagenet.npz,2,100,cpu,cpu,1,1,0.069184,0.257937,0.000000
257,data/imagenet.npz,2,100,cpu,cpu,1,1,0.065653,0.179096,0.000000
258,data/imagenet.npz,2,100,cpu,cpu,1,1,0.058835,0.204490,0.000000
259,data/imagenet.npz,2,100,cpu,cpu,1,1,0.078464,0.258620,0.000000
260,data/imagenet.npz,2,100,cpu,cpu,1,1,0.060155,0.161385,0.000000
261,data/imagenet.npz,2,100,cpu,cpu,1,1,0.049513,0.062592,0.000000
262,data/imagenet.npz,2,100,cpu,cpu,1,1,0.062552,0.177503,0.000000
263,data/imagenet.npz,2,100,cpu,cpu,1,1,0.051026,0.104745,0.000000
264,data/imagenet.npz,2,100,cpu,cpu,1,1,0.062495,0.162439,0.000000
265,data/imagenet.npz,2,100,cpu,cpu,1,1,0.063069,0.188702,0.000000
266,data/imagenet.npz,2,100,cpu,cpu,1,1,0.049015,0.085957,0.000000
267,data/imagenet.npz,2,100,cpu,cpu,1,1,0.062601,0.178822,0.000000
268,data/imagenet.npz,2,100,cpu,cpu,1,1,0.056567,0.119947,0.000000
269,data/imagenet.npz,2,100,cpu,cpu,1,1,0.058185,0.155467,0.000000
270,data/imagenet.npz,2,100,cpu,cpu,1,1,0.046560,0.098081,0.000000
271,data/imagenet.npz,2,100,cpu,cpu,1,1,0.062106,0.170532,0.000000
272,data/imagenet.npz,2,100,cpu,cpu,1,1,0.058197,0.162883,0.000000
273,data/imagenet.npz,2,100,cpu,cpu,1,1,0.063566,0.182145,0.000000
274,data/imagenet.npz,2,100,cpu,cpu,1,1,0.053281,0.137099,0.000000
275,data/imagenet.npz,2,100,cpu,cpu,1,1,0.068464,0.199721,0.000000
276,data/imagenet.npz,2,100,cpu,cpu,1,1,0.064487,0.192806,0.000000
277,data/imagenet.npz,2,100,cpu,cpu,1,1,0.067358,0.211570,0.000000
278,data/imagenet.npz,2,100,cpu,cpu,1,1,0.104181,0.491881,0.000000
279,data/imagenet.npz,2,100,cpu,cpu,1,1,0.071206,0.228312,0.000000
280,data/imagenet.npz,2,100,cpu,cpu,1,1,0.064222,0.159077,0.000000
281,data/imagenet.npz,2,100,cpu,cpu,1,1,0.045743,0.025474,0.000000
282,data/imagenet.npz,2,100,cpu,cpu,1,1,0.087137,0.382343,0.000000
283,data/imagenet.npz,2,100,cpu,cpu,1,1,0.058506,0.150756,0.000000
284,data/imagenet.npz,2,100,cpu,cpu,1,1,0.060854,0.177937,0.000000
285,data/imagenet.npz,2,100,cpu,cpu,1,1,0.064071,0.178856,0.000000
286,data/imagenet.npz,2,100,cpu,cpu,1,1,0.062648,0.204492,0.000000
287,data/imagenet.npz,2,100,cpu,cpu,1,1,0.060191,0.156696,0.000000
288,data/imagenet.npz,2,100,cpu,cpu,1,1,0.067625,0.219366,0.000000
289,data/imagenet.npz,2,100,cpu,cpu,1,1,0.060179,0.167396,0.000000
290,data/imagenet.npz,2,100,cpu,cpu,1,1,0.067238,0.191000,0.000000
291,data/imagenet.npz,2,100,cpu,cpu,1,1,0.058355,0.139236,0.000000
292,data/imagenet.npz,2,100,cpu,cpu,1,1,0.062584,0.207292,0.000000
293,data/imagenet.npz,2,100,cpu,cpu,1,1,0.075165,0.249044,0.000000
294,data/imagenet.npz,2,100,cpu,cpu,1,1,0.042985,0.037972,0.000000
295,data/imagenet.npz,2,100,cpu,cpu,1,1,0.056118,0.166495,0.000000
296,data/imagenet.npz,2,100,cpu,cpu,1,1,0.057375,0.161462,0.000000
297,data/imagenet.npz,2,100,cpu,cpu,1,1,0.064431,0.184806,0.000000
298,data/imagenet.npz,2,100,cpu,cpu,1,1,0.079260,0.385329,0.000000
299,data/imagenet.npz,2,100,cpu,cpu,1,1,0.066072,0.172535,0.000000
300,data/imagenet.npz,2,100,cpu,cpu,1,1,0.042433,0.028070,0.000000
301,data/imagenet.npz,2,100,cpu,cpu,1,1,0.054921,0.127766,0.000000
302,data/imagenet.npz,2,100,cpu,cpu,1,1,0.045773,0.041146,0.000000
303,data/imagenet.npz,2,100,cpu,cpu,1,1,0.059987,0.163155,0.000000
304,data/imagenet.npz,2,100,cpu,cpu,1,1,0.062553,0.189101,0.000000
305,data/imagenet.npz,2,100,cpu,cpu,1,1,0.061940,0.171963,0.000000
306,data/imagenet.npz,2,100,cpu,cpu,1,1,0.059400,0.112445,0.000000
307,data/imagenet.npz,2,100,cpu,cpu,1,1,0.053074,0.111187,0.000000
308,data/imagenet.npz,2,100,cpu,cpu,1,1,0.065001,0.182587,0.000000
309,data/imagenet.npz,2,100,cpu,cpu,1,1,0.095667,0.415220,0.000000
310,data/imagenet.npz,2,100,cpu,cpu,1,1,0.059213,0.184997,0.000000
311,data/imagenet.npz,2,100,cpu,cpu,1,1,0.062979,0.167559,0.000000
312,data/imagenet.npz,2,100,cpu,cpu,1,1,0.065935,0.170455,0.000000
313,data/imagenet.npz,2,100,cpu,cpu,1,1,0.054821,0.092773,0.000000
314,data/imagenet.npz,2,100,cpu,cpu,1,1,0.068592,0.231780,0.000000
315,data/imagenet.npz,2,100,cpu,cpu,1,1,0.059954,0.184377,0.000000
316,data/imagenet.npz,2,100,cpu,cpu,1,1,0.059704,0.188268,0.000000
317,data/imagenet.npz,2,100,cpu,cpu,1,1,0.057208,0.177886,0.000000
318,data/imagenet.npz,2,100,cpu,cpu,1,1,0.079609,0.299391,0.000000
319,data/imagenet.npz,2,100,cpu,cpu,1,1,0.112370,0.550640,0.000000
320,data/imagenet.npz,2,100,cpu,cpu,1,1,0.071127,0.173435,0.000000
321,data/imagenet.npz,2,100,cpu,cpu,1,1,0.072159,0.239762,0.000000
322,data/imagenet.npz,2,100,cpu,cpu,1,1,0.058444,0.156488,0.000000
323,data/imagenet.npz,2,100,cpu,cpu,1,1,0.056667,0.160183,0.000000
324,data/imagenet.npz,2,100,cpu,cpu,1,1,0.056638,0.138816,0.000000
325,data/imagenet.npz,2,100,cpu,cpu,1,1,0.068382,0.219181,0.000000
326,data/imagenet.npz,2,100,cpu,cpu,1,1,0.067242,0.185019,0.000000
327,data/imagenet.npz,2,100,cpu,cpu,1,1,0.056812,0.105456,0.000000
328,data/imagenet.npz,2,100,cpu,cpu,1,1,0.053913,0.127677,0.000000
329,data/imagenet.npz,2,100,cpu,cpu,1,1,0.053510,0.120545,0.000000
330,data/imagenet.npz,2,100,cpu,cpu,1,1,0.064852,0.164025,0.000000
331,data/imagenet.npz,2,100,cpu,cpu,1,1,0.058017,0.113650,0.000000
332,data/imagenet.npz,2,100,cpu,cpu,1,1,0.063882,0.177941,0.000000
333,data/imagenet.npz,2,100,cpu,cpu,1,1,0.059498,0.200840,0.000000
334,data/imagenet.npz,2,100,cpu,cpu,1,1,0.065574,0.178962,0.000000
335,data/imagenet.npz,2,100,cpu,cpu,1,1,0.061890,0.173859,0.000000
336,data/imagenet.npz,2,100,cpu,cpu,1,1,0.055419,0.134647,0.000000
337,data/imagenet.npz,2,100,cpu,cpu,1,1,0.056718,0.155113,0.000000
338,data/imagenet.npz,2,100,cpu,cpu,1,1,0.059440,0.155165,0.000000
339,data/imagenet.npz,2,100,cpu,cpu,1,1,0.066153,0.188254,0.000000
340,data/imagenet.npz,2,100,cpu,cpu,1,1,0.065166,0.160452,0.000000
341,data/imagenet.npz,2,100,cpu,cpu,1,1,0.063701,0.195895,0.000000
342,data/imagenet.npz,2,100,cpu,cpu,1,1,0.086820,0.359278,0.000000
343,data/imagenet.npz,2,100,cpu,cpu,1,1,0.060548,0.178421,0.000000
344,data/imagenet.npz,2,100,cpu,cpu,1,1,0.040412,0.027867,0.000000
345,data/imagenet.npz,2,100,cpu,cpu,1,1,0.055997,0.152263,0.000000
346,data/imagenet.npz,2,100,cpu,cpu,1,1,0.067376,0.177774,0.000000
347,data/imagenet.npz,2,100,cpu,cpu,1,1,0.041664,0.036633,0.000000
348,data/imagenet.npz,2,100,cpu,cpu,1,1,0.142787,0.720031,0.000000
349,data/imagenet.npz,2,100,cpu,cpu,1,1,0.050352,0.086316,0.000000
350,data/imagenet.npz,2,100,cpu,cpu,1,1,0.042654,0.061761,0.000000
351,data/imagenet.npz,2,100,cpu,cpu,1,1,0.055235,0.160916,0.000000
352,data/imagenet.npz,2,100,cpu,cpu,1,1,0.065692,0.189689,0.000000
353,data/imagenet.npz,2,100,cpu,cpu,1,1,0.068597,0.221474,0.000000
354,data/imagenet.npz,2,100,cpu,cpu,1,1,0.063002,0.172815,0.000000
355,data/imagenet.npz,2,100,cpu,cpu,1,1,0.041494,0.019814,0.000000
356,data/imagenet.npz,2,100,cpu,cpu,1,1,0.053924,0.163338,0.000000
357,data/imagenet.npz,2,100,cpu,cpu,1,1,0.062969,0.176600,0.000000
358,data/imagenet.npz,2,100,cpu,cpu,1,1,0.062554,0.174929,0.000000
359,data/imagenet.npz,2,100,cpu,cpu,1,1,0.047569,0.081956,0.000000
360,data/imagenet.npz,2,100,cpu,cpu,1,1,0.058994,0.177155,0.000000
361,data/imagenet.npz,2,100,cpu,cpu,1,1,0.059743,0.199719,0.000000
362,data/imagenet.npz,2,100,cpu,cpu,1,1,0.058860,0.183112,0.000000
363,data/imagenet.npz,2,100,cpu,cpu,1,1,0.066010,0.184179,0.000000
364,data/imagenet.npz,2,100,cpu,cpu,1,1,0.089247,0.344025,0.000000
365,data/imagenet.npz,2,100,cpu,cpu,1,1,0.055284,0.140545,0.000000
366,data/imagenet.npz,2,100,cpu,cpu,1,1,0.061206,0.182214,0.000000
367,data/imagenet.npz,2,100,cpu,cpu,1,1,0.097031,0.440088,0.000000
368,data/imagenet.npz,2,100,cpu,cpu,1,1,0.068456,0.176632,0.000000
369,data/imagenet.npz,2,100,cpu,cpu,1,1,0.062641,0.179821,0.000000
370,data/imagenet.npz,2,100,cpu,cpu,1,1,0.101071,0.482033,0.000000
371,data/imagenet.npz,2,100,cpu,cpu,1,1,0.060978,0.182785,0.000000
372,data/imagenet.npz,2,100,cpu,cpu,1,1,0.040837,0.011775,0.000000
373,data/imagenet.npz,2,100,cpu,cpu,1,1,0.054822,0.165812,0.000000
374,data/imagenet.npz,2,100,cpu,cpu,1,1,0.059836,0.153623,0.000000
375,data/imagenet.npz,2,100,cpu,cpu,1,1,0.384213,2.447878,0.000000
376,data/imagenet.npz,2,100,cpu,cpu,1,1,0.072176,0.226394,0.000000
377,data/imagenet.npz,2,100,cpu,cpu,1,1,0.070515,0.183937,0.000000
378,data/imagenet.npz,2,100,cpu,cpu,1,1,0.063814,0.175170,0.000000
379,data/imagenet.npz,2,100,cpu,cpu,1,1,0.064512,0.171859,0.000000
380,data/imagenet.npz,2,100,cpu,cpu,1,1,0.059256,0.170214,0.000000
381,data/imagenet.npz,2,100,cpu,cpu,1,1,0.072492,0.217435,0.000000
382,data/imagenet.npz,2,100,cpu,cpu,1,1,0.060447,0.183961,0.000000
383,data/imagenet.npz,2,100,cpu,cpu,1,1,0.042809,0.039267,0.000000
384,data/imagenet.npz,2,100,cpu,cpu,1,1,0.058979,0.206659,0.000000
385,data/imagenet.npz,2,100,cpu,cpu,1,1,0.062973,0.197812,0.000000
386,data/imagenet.npz,2,100,cpu,cpu,1,1,0.062388,0.171042,0.000000
387,data/imagenet.npz,2,100,cpu,cpu,1,1,0.064625,0.177306,0.000000
388,data/imagenet.npz,2,100,cpu,cpu,1,1,0.039412,0.009096,0.000000
389,data/imagenet.npz,2,100,cpu,cpu,1,1,0.059355,0.181714,0.000000
390,data/imagenet.npz,2,100,cpu,cpu,1,1,0.059946,0.158295,0.000000
391,data/imagenet.npz,2,100,cpu,cpu,1,1,0.058717,0.170415,0.000000
392,data/imagenet.npz,2,100,cpu,cpu,1,1,0.066527,0.209976,0.000000
393,data/imagenet.npz,2,100,cpu,cpu,1,1,0.042106,0.047595,0.000000
394,data/imagenet.npz,2,100,cpu,cpu,1,1,0.059173,0.131274,0.000000
395,data/imagenet.npz,2,100,cpu,cpu,1,1,0.074353,0.236697,0.000000
396,data/imagenet.npz,2,100,cpu,cpu,1,1,0.062570,0.176645,0.000000
397,data/imagenet.npz,2,100,cpu,cpu,1,1,0.069683,0.222743,0.000000
398,data/imagenet.npz,2,100,cpu,cpu,1,1,0.058595,0.201941,0.000000
399,data/imagenet.npz,2,100,cpu,cpu,1,1,0.057465,0.166340,0.000000
400,data/imagenet.npz,2,100,cpu,cpu,1,1,0.062297,0.158704,0.000000
401,data/imagenet.npz,2,100,cpu,cpu,1,1,0.059816,0.161255,0.000000
402,data/imagenet.npz,2,100,cpu,cpu,1,1,0.051257,0.098496,0.000000
403,data/imagenet.npz,2,100,cpu,cpu,1,1,0.062050,0.191000,0.000000
404,data/imagenet.npz,2,100,cpu,cpu,1,1,0.074956,0.265134,0.000000
405,data/imagenet.npz,2,100,cpu,cpu,1,1,0.042654,0.034856,0.000000
406,data/imagenet.npz,2,100,cpu,cpu,1,1,0.060557,0.177674,0.000000
407,data/imagenet.npz,2,100,cpu,cpu,1,1,0.063376,0.179942,0.000000
408,data/imagenet.npz,2,100,cpu,cpu,1,1,0.063347,0.156414,0.000000
409,data/imagenet.npz,2,100,cpu,cpu,1,1,0.065094,0.164185,0.000000
410,data/imagenet.npz,2,100,cpu,cpu,1,1,0.059647,0.170594,0.000000
411,data/imagenet.npz,2,100,cpu,cpu,1,1,0.063114,0.179121,0.000000
412,data/imagenet.npz,2,100,cpu,cpu,1,1,0.062237,0.210023,0.000000
413,data/imagenet.npz,2,100,cpu,cpu,1,1,0.059862,0.157856,0.000000
414,data/imagenet.npz,2,100,cpu,cpu,1,1,0.040963,0.040632,0.000000
415,data/imagenet.npz,2,100,cpu,cpu,1,1,0.059599,0.154584,0.000000
416,data/imagenet.npz,2,100,cpu,cpu,1,1,0.093008,0.370141,0.000000
417,data/imagenet.npz,2,100,cpu,cpu,1,1,0.044243,0.049358,0.000000
418,data/imagenet.npz,2,100,cpu,cpu,1,1,0.065791,0.194868,0.000000
419,data/imagenet.npz,2,100,cpu,cpu,1,1,0.067089,0.196978,0.000000
420,data/imagenet.npz,2,100,cpu,cpu,1,1,0.068562,0.183868,0.000000
421,data/imagenet.npz,2,100,cpu,cpu,1,1,0.070327,0.237762,0.000000
422,data/imagenet.npz,2,100,cpu,cpu,1,1,0.055950,0.168802,0.000000
423,data/imagenet.npz,2,100,cpu,cpu,1,1,0.091000,0.399454,0.000000
424,data/imagenet.npz,2,100,cpu,cpu,1,1,0.060407,0.179860,0.000000
425,data/imagenet.npz,2,100,cpu,cpu,1,1,0.054132,0.127385,0.000000
426,data/imagenet.npz,2,100,cpu,cpu,1,1,0.062701,0.174265,0.000000
427,data/imagenet.npz,2,100,cpu,cpu,1,1,0.038619,0.009414,0.000000
428,data/imagenet.npz,2,100,cpu,cpu,1,1,0.061468,0.179238,0.000000
429,data/imagenet.npz,2,100,cpu,cpu,1,1,0.059159,0.165911,0.000000
430,data/imagenet.npz,2,100,cpu,cpu,1,1,0.078347,0.301660,0.000000
431,data/imagenet.npz,2,100,cpu,cpu,1,1,0.067818,0.183947,0.000000
432,data/imagenet.npz,2,100,cpu,cpu,1,1,0.063136,0.168402,0.000000
433,data/imagenet.npz,2,100,cpu,cpu,1,1,0.063472,0.189980,0.000000
434,data/imagenet.npz,2,100,cpu,cpu,1,1,0.062964,0.181114,0.000000
435,data/imagenet.npz,2,100,cpu,cpu,1,1,0.060258,0.186057,0.000000
436,data/imagenet.npz,2,100,cpu,cpu,1,1,0.061660,0.144073,0.000000
437,data/imagenet.npz,2,100,cpu,cpu,1,1,0.065187,0.187347,0.000000
438,data/imagenet.npz,2,100,cpu,cpu,1,1,0.062749,0.181359,0.000000
439,data/imagenet.npz,2,100,cpu,cpu,1,1,0.060480,0.168827,0.000000
440,data/imagenet.npz,2,100,cpu,cpu,1,1,0.041713,0.030467,0.000000
441,data/imagenet.npz,2,100,cpu,cpu,1,1,0.055738,0.148194,0.000000
442,data/imagenet.npz,2,100,cpu,cpu,1,1,0.061850,0.173722,0.000000
443,data/imagenet.npz,2,100,cpu,cpu,1,1,0.072215,0.239110,0.000000
444,data/imagenet.npz,2,100,cpu,cpu,1,1,0.056039,0.157076,0.000000
445,data/imagenet.npz,2,100,cpu,cpu,1,1,0.061341,0.176311,0.000000
446,data/imagenet.npz,2,100,cpu,cpu,1,1,0.078032,0.260303,0.000000
447,data/imagenet.npz,2,100,cpu,cpu,1,1,0.062116,0.168500,0.000000
448,data/imagenet.npz,2,100,cpu,cpu,1,1,0.059014,0.169310,0.000000
449,data/imagenet.npz,2,100,cpu,cpu,1,1,0.070425,0.229207,0.000000
450,data/imagenet.npz,2,100,cpu,cpu,1,1,0.067000,0.179301,0.000000
451,data/imagenet.npz,2,100,cpu,cpu,1,1,0.075007,0.267486,0.000000
452,data/imagenet.npz,2,100,cpu,cpu,1,1,0.067696,0.242268,0.000000
453,data/imagenet.npz,2,100,cpu,cpu,1,1,0.085644,0.328166,0.000000
454,data/imagenet.npz,2,100,cpu,cpu,1,1,0.060029,0.176806,0.000000
455,data/imagenet.npz,2,100,cpu,cpu,1,1,0.065694,0.185679,0.000000
456,data/imagenet.npz,2,100,cpu,cpu,1,1,0.058124,0.162011,0.000000
457,data/imagenet.npz,2,100,cpu,cpu,1,1,0.059591,0.155046,0.000000
458,data/imagenet.npz,2,100,cpu,cpu,1,1,0.059262,0.169256,0.000000
459,data/imagenet.npz,2,100,cpu,cpu,1,1,0.066823,0.184585,0.000000
460,data/imagenet.npz,2,100,cpu,cpu,1,1,0.062161,0.183695,0.000000
461,data/imagenet.npz,2,100,cpu,cpu,1,1,0.046521,0.077128,0.000000
462,data/imagenet.npz,2,100,cpu,cpu,1,1,0.061727,0.210095,0.000000
463,data/imagenet.npz,2,100,cpu,cpu,1,1,0.085033,0.328594,0.000000
464,data/imagenet.npz,2,100,cpu,cpu,1,1,0.065170,0.169657,0.000000
465,data/imagenet.npz,2,100,cpu,cpu,1,1,0.059710,0.169106,0.000000
466,data/imagenet.npz,2,100,cpu,cpu,1,1,0.060275,0.172069,0.000000
467,data/imagenet.npz,2,100,cpu,cpu,1,1,0.060413,0.173679,0.000000
468,data/imagenet.npz,2,100,cpu,cpu,1,1,0.045032,0.041240,0.000000
469,data/imagenet.npz,2,100,cpu,cpu,1,1,0.060957,0.193826,0.000000
470,data/imagenet.npz,2,100,cpu,cpu,1,1,0.063316,0.183306,0.000000
471,data/imagenet.npz,2,100,cpu,cpu,1,1,0.066314,0.183760,0.000000
472,data/imagenet.npz,2,100,cpu,cpu,1,1,0.065588,0.195800,0.000000
473,data/imagenet.npz,2,100,cpu,cpu,1,1,0.055714,0.175508,0.000000
474,data/imagenet.npz,2,100,cpu,cpu,1,1,0.060956,0.155752,0.000000
475,data/imagenet.npz,2,100,cpu,cpu,1,1,0.067198,0.178533,0.000000
476,data/imagenet.npz,2,100,cpu,cpu,1,1,0.036467,0.004236,0.000000
477,data/imagenet.npz,2,100,cpu,cpu,1,1,0.054130,0.149541,0.000000
478,data/imagenet.npz,2,100,cpu,cpu,1,1,0.060751,0.174399,0.000000
479,data/imagenet.npz,2,100,cpu,cpu,1,1,0.060778,0.182639,0.000000
480,data/imagenet.npz,2,100,cpu,cpu,1,1,0.073465,0.209810,0.000000
481,data/imagenet.npz,2,100,cpu,cpu,1,1,0.060008,0.192168,0.000000
482,data/imagenet.npz,2,100,cpu,cpu,1,1,0.062202,0.164408,0.000000
483,data/imagenet.npz,2,100,cpu,cpu,1,1,0.058716,0.171597,0.000000
484,data/imagenet.npz,2,100,cpu,cpu,1,1,0.046555,0.080020,0.000000
485,data/imagenet.npz,2,100,cpu,cpu,1,1,0.055749,0.211218,0.000000
486,data/imagenet.npz,2,100,cpu,cpu,1,1,0.091166,0.383470,0.000000
487,data/imagenet.npz,2,100,cpu,cpu,1,1,0.295558,2.056490,0.000000
488,data/imagenet.npz,2,100,cpu,cpu,1,1,0.062058,0.165347,0.000000
489,data/imagenet.npz,2,100,cpu,cpu,1,1,0.045193,0.045346,0.000000
490,data/imagenet.npz,2,100,cpu,cpu,1,1,0.059815,0.175704,0.000000
491,data/imagenet.npz,2,100,cpu,cpu,1,1,0.086040,0.361627,0.000000
492,data/imagenet.npz,2,100,cpu,cpu,1,1,0.066292,0.238932,0.000000
493,data/imagenet.npz,2,100,cpu,cpu,1,1,0.065065,0.177708,0.000000
494,data/imagenet.npz,2,100,cpu,cpu,1,1,0.063280,0.192039,0.000000
495,data/imagenet.npz,2,100,cpu,cpu,1,1,0.058551,0.157715,0.000000
496,data/imagenet.npz,2,100,cpu,cpu,1,1,0.065537,0.179285,0.000000
497,data/imagenet.npz,2,100,cpu,cpu,1,1,0.064661,0.187812,0.000000
498,data/imagenet.npz,2,100,cpu,cpu,1,1,0.067146,0.180985,0.000000
499,data/imagenet.npz,2,100,cpu,cpu,1,1,0.074378,0.253901,0.000000
500,data/imagenet.npz,2,100,cpu,cpu,1,1,0.060191,0.173395,0.000000
501,data/imagenet.npz,2,100,cpu,cpu,1,1,0.063716,0.175301,0.000000
502,data/imagenet.npz,2,100,cpu,cpu,1,1,0.059508,0.169066,0.000000
503,data/imagenet.npz,2,100,cpu,cpu,1,1,0.062383,0.177115,0.000000
504,data/imagenet.npz,2,100,cpu,cpu,1,1,0.052480,0.153097,0.000000
505,data/imagenet.npz,2,100,cpu,cpu,1,1,0.057135,0.155476,0.000000
506,data/imagenet.npz,2,100,cpu,cpu,1,1,0.125176,0.575801,0.000000
507,data/imagenet.npz,2,100,cpu,cpu,1,1,0.061381,0.175693,0.000000
508,data/imagenet.npz,2,100,cpu,cpu,1,1,0.064251,0.178380,0.000000
509,data/imagenet.npz,2,100,cpu,cpu,1,1,0.148482,3.038493,0.000000
510,data/imagenet.npz,2,100,cpu,cpu,1,1,0.077313,0.240991,0.000000
511,data/imagenet.npz,2,100,cpu,cpu,1,1,0.056307,0.110744,0.000000
512,data/imagenet.npz,2,100,cpu,cpu,1,1,0.058514,0.169620,0.000000
513,data/imagenet.npz,2,100,cpu,cpu,1,1,0.056388,0.161235,0.000000
514,data/imagenet.npz,2,100,cpu,cpu,1,1,0.071276,0.233189,0.000000
515,data/imagenet.npz,2,100,cpu,cpu,1,1,0.090470,0.348715,0.000000
516,data/imagenet.npz,2,100,cpu,cpu,1,1,0.049565,0.051926,0.000000
517,data/imagenet.npz,2,100,cpu,cpu,1,1,0.062693,0.216848,0.000000
518,data/imagenet.npz,2,100,cpu,cpu,1,1,0.060837,0.183582,0.000000
519,data/imagenet.npz,2,100,cpu,cpu,1,1,0.041940,0.024843,0.000000
520,data/imagenet.npz,2,100,cpu,cpu,1,1,0.058996,0.212894,0.000000
521,data/imagenet.npz,2,100,cpu,cpu,1,1,0.062838,0.181105,0.000000
522,data/imagenet.npz,2,100,cpu,cpu,1,1,0.055098,0.150536,0.000000
523,data/imagenet.npz,2,100,cpu,cpu,1,1,0.057554,0.160794,0.000000
524,data/imagenet.npz,2,100,cpu,cpu,1,1,0.096922,0.388526,0.000000
525,data/imagenet.npz,2,100,cpu,cpu,1,1,0.090597,0.358138,0.000000
526,data/imagenet.npz,2,100,cpu,cpu,1,1,0.061434,0.183109,0.000000
527,data/imagenet.npz,2,100,cpu,cpu,1,1,0.065819,0.154519,0.000000
528,data/imagenet.npz,2,100,cpu,cpu,1,1,0.061066,0.175415,0.000000
529,data/imagenet.npz,2,100,cpu,cpu,1,1,0.119065,0.542562,0.000000
530,data/imagenet.npz,2,100,cpu,cpu,1,1,0.063792,0.181448,0.000000
531,data/imagenet.npz,2,100,cpu,cpu,1,1,0.061741,0.153161,0.000000
532,data/imagenet.npz,2,100,cpu,cpu,1,1,0.061936,0.168339,0.000000
533,data/imagenet.npz,2,100,cpu,cpu,1,1,0.067016,0.170437,0.000000
534,data/imagenet.npz,2,100,cpu,cpu,1,1,0.063359,0.184340,0.000000
535,data/imagenet.npz,2,100,cpu,cpu,1,1,0.070666,0.218882,0.000000
536,data/imagenet.npz,2,100,cpu,cpu,1,1,0.060658,0.171912,0.000000
537,data/imagenet.npz,2,100,cpu,cpu,1,1,0.062309,0.181746,0.000000
538,data/imagenet.npz,2,100,cpu,cpu,1,1,0.061394,0.177103,0.000000
539,data/imagenet.npz,2,100,cpu,cpu,1,1,0.066824,0.176123,0.000000
540,data/imagenet.npz,2,100,cpu,cpu,1,1,0.059787,0.178740,0.000000
541,data/imagenet.npz,2,100,cpu,cpu,1,1,0.063441,0.153908,0.000000
542,data/imagenet.npz,2,100,cpu,cpu,1,1,0.065261,0.161790,0.000000
543,data/imagenet.npz,2,100,cpu,cpu,1,1,0.061302,0.167795,0.000000
544,data/imagenet.npz,2,100,cpu,cpu,1,1,0.071971,0.229627,0.000000
545,data/imagenet.npz,2,100,cpu,cpu,1,1,0.059594,0.187895,0.000000
546,data/imagenet.npz,2,100,cpu,cpu,1,1,0.057417,0.166499,0.000000
547,data/imagenet.npz,2,100,cpu,cpu,1,1,0.089710,0.348441,0.000000
548,data/imagenet.npz,2,100,cpu,cpu,1,1,0.061827,0.156384,0.000000
549,data/imagenet.npz,2,100,cpu,cpu,1,1,0.069137,0.228939,0.000000
550,data/imagenet.npz,2,100,cpu,cpu,1,1,0.060017,0.162639,0.000000
551,data/imagenet.npz,2,100,cpu,cpu,1,1,0.064403,0.175101,0.000000
552,data/imagenet.npz,2,100,cpu,cpu,1,1,0.063855,0.186580,0.000000
553,data/imagenet.npz,2,100,cpu,cpu,1,1,0.058325,0.154870,0.000000
554,data/imagenet.npz,2,100,cpu,cpu,1,1,0.084581,0.337785,0.000000
555,data/imagenet.npz,2,100,cpu,cpu,1,1,0.054910,0.170147,0.000000
556,data/imagenet.npz,2,100,cpu,cpu,1,1,0.076616,0.283648,0.000000
557,data/imagenet.npz,2,100,cpu,cpu,1,1,0.061876,0.155103,0.000000
558,data/imagenet.npz,2,100,cpu,cpu,1,1,0.056995,0.164359,0.000000
559,data/imagenet.npz,2,100,cpu,cpu,1,1,0.063901,0.171110,0.000000
560,data/imagenet.npz,2,100,cpu,cpu,1,1,0.068954,0.222321,0.000000
561,data/imagenet.npz,2,100,cpu,cpu,1,1,0.068965,0.155727,0.000000
562,data/imagenet.npz,2,100,cpu,cpu,1,1,0.064140,0.184544,0.000000
563,data/imagenet.npz,2,100,cpu,cpu,1,1,0.056497,0.150242,0.000000
564,data/imagenet.npz,2,100,cpu,cpu,1,1,0.062873,0.182545,0.000000
565,data/imagenet.npz,2,100,cpu,cpu,1,1,0.074563,0.231924,0.000000
566,data/imagenet.npz,2,100,cpu,cpu,1,1,0.058193,0.160295,0.000000
567,data/imagenet.npz,2,100,cpu,cpu,1,1,0.064497,0.155681,0.000000
568,data/imagenet.npz,2,100,cpu,cpu,1,1,0.060569,0.153511,0.000000
569,data/imagenet.npz,2,100,cpu,cpu,1,1,0.058248,0.176153,0.000000
570,data/imagenet.npz,2,100,cpu,cpu,1,1,0.049157,0.111009,0.000000
571,data/imagenet.npz,2,100,cpu,cpu,1,1,0.093883,0.407657,0.000000
572,data/imagenet.npz,2,100,cpu,cpu,1,1,0.041720,0.037729,0.000000
573,data/imagenet.npz,2,100,cpu,cpu,1,1,0.061481,0.178464,0.000000
574,data/imagenet.npz,2,100,cpu,cpu,1,1,0.044396,0.040860,0.000000
575,data/imagenet.npz,2,100,cpu,cpu,1,1,0.060843,0.229281,0.000000
576,data/imagenet.npz,2,100,cpu,cpu,1,1,0.046338,0.063313,0.000000
577,data/imagenet.npz,2,100,cpu,cpu,1,1,0.058076,0.179935,0.000000
578,data/imagenet.npz,2,100,cpu,cpu,1,1,0.064748,0.199111,0.000000
579,data/imagenet.npz,2,100,cpu,cpu,1,1,0.066499,0.172702,0.000000
580,data/imagenet.npz,2,100,cpu,cpu,1,1,0.052324,0.074589,0.000000
581,data/imagenet.npz,2,100,cpu,cpu,1,1,0.061297,0.158453,0.000000
582,data/imagenet.npz,2,100,cpu,cpu,1,1,0.090525,0.266663,0.000000
583,data/imagenet.npz,2,100,cpu,cpu,1,1,0.060021,0.174339,0.000000
584,data/imagenet.npz,2,100,cpu,cpu,1,1,0.040809,0.048348,0.000000
585,data/imagenet.npz,2,100,cpu,cpu,1,1,0.057563,0.173128,0.000000
586,data/imagenet.npz,2,100,cpu,cpu,1,1,0.285413,1.674340,0.000000
587,data/imagenet.npz,2,100,cpu,cpu,1,1,0.100035,0.443126,0.000000
588,data/imagenet.npz,2,100,cpu,cpu,1,1,0.086999,0.266477,0.000000
589,data/imagenet.npz,2,100,cpu,cpu,1,1,0.063500,0.191424,0.000000
590,data/imagenet.npz,2,100,cpu,cpu,1,1,0.064888,0.170023,0.000000
591,data/imagenet.npz,2,100,cpu,cpu,1,1,0.105518,0.448668,0.000000
592,data/imagenet.npz,2,100,cpu,cpu,1,1,0.069663,0.190767,0.000000
593,data/imagenet.npz,2,100,cpu,cpu,1,1,0.068870,0.224167,0.000000
594,data/imagenet.npz,2,100,cpu,cpu,1,1,0.062661,0.195917,0.000000
595,data/imagenet.npz,2,100,cpu,cpu,1,1,0.075015,0.281856,0.000000
596,data/imagenet.npz,2,100,cpu,cpu,1,1,0.056524,0.160909,0.000000
597,data/imagenet.npz,2,100,cpu,cpu,1,1,0.061508,0.183699,0.000000
598,data/imagenet.npz,2,100,cpu,cpu,1,1,0.059006,0.166855,0.000000
599,data/imagenet.npz,2,100,cpu,cpu,1,1,0.066504,0.191268,0.000000
600,data/imagenet.npz,2,100,cpu,cpu,1,1,0.061542,0.153806,0.000000
601,data/imagenet.npz,2,100,cpu,cpu,1,1,0.061869,0.155713,0.000000
602,data/imagenet.npz,2,100,cpu,cpu,1,1,0.060613,0.174482,0.000000
603,data/imagenet.npz,2,100,cpu,cpu,1,1,0.067203,0.246151,0.000000
604,data/imagenet.npz,2,100,cpu,cpu,1,1,0.062562,0.174320,0.000000
605,data/imagenet.npz,2,100,cpu,cpu,1,1,0.076427,0.247289,0.000000
606,data/imagenet.npz,2,100,cpu,cpu,1,1,0.062039,0.175336,0.000000
607,data/imagenet.npz,2,100,cpu,cpu,1,1,0.058608,0.174372,0.000000
608,data/imagenet.npz,2,100,cpu,cpu,1,1,0.063076,0.172054,0.000000
609,data/imagenet.npz,2,100,cpu,cpu,1,1,0.053796,0.116488,0.000000
610,data/imagenet.npz,2,100,cpu,cpu,1,1,0.057810,0.156951,0.000000
611,data/imagenet.npz,2,100,cpu,cpu,1,1,0.064203,0.180362,0.000000
612,data/imagenet.npz,2,100,cpu,cpu,1,1,0.061801,0.176233,0.000000
613,data/imagenet.npz,2,100,cpu,cpu,1,1,0.074048,0.224385,0.000000
614,data/imagenet.npz,2,100,cpu,cpu,1,1,0.061174,0.178843,0.000000
615,data/imagenet.npz,2,100,cpu,cpu,1,1,0.055431,0.140303,0.000000
616,data/imagenet.npz,2,100,cpu,cpu,1,1,0.066088,0.171990,0.000000
617,data/imagenet.npz,2,100,cpu,cpu,1,1,0.065820,0.172127,0.000000
618,data/imagenet.npz,2,100,cpu,cpu,1,1,0.045539,0.069725,0.000000
619,data/imagenet.npz,2,100,cpu,cpu,1,1,0.051832,0.090014,0.000000
620,data/imagenet.npz,2,100,cpu,cpu,1,1,0.057265,0.162006,0.000000
621,data/imagenet.npz,2,100,cpu,cpu,1,1,0.066462,0.170968,0.000000
622,data/imagenet.npz,2,100,cpu,cpu,1,1,0.066498,0.180221,0.000000
623,data/imagenet.npz,2,100,cpu,cpu,1,1,0.058689,0.159062,0.000000
624,data/imagenet.npz,2,100,cpu,cpu,1,1,0.057380,0.154748,0.000000
625,data/imagenet.npz,2,100,cpu,cpu,1,1,0.077515,0.291891,0.000000
626,data/imagenet.npz,2,100,cpu,cpu,1,1,0.060400,0.183797,0.000000
627,data/imagenet.npz,2,100,cpu,cpu,1,1,0.056124,0.131691,0.000000
628,data/imagenet.npz,2,100,cpu,cpu,1,1,0.046070,0.081065,0.000000
629,data/imagenet.npz,2,100,cpu,cpu,1,1,0.052620,0.112705,0.000000
630,data/imagenet.npz,2,100,cpu,cpu,1,1,0.063471,0.153204,0.000000
631,data/imagenet.npz,2,100,cpu,cpu,1,1,0.065495,0.178835,0.000000
632,data/imagenet.npz,2,100,cpu,cpu,1,1,0.055818,0.158807,0.000000
633,data/imagenet.npz,2,100,cpu,cpu,1,1,0.062422,0.171162,0.000000
634,data/imagenet.npz,2,100,cpu,cpu,1,1,0.069973,0.250630,0.000000
635,data/imagenet.npz,2,100,cpu,cpu,1,1,0.053012,0.119233,0.000000
636,data/imagenet.npz,2,100,cpu,cpu,1,1,0.054619,0.144659,0.000000
637,data/imagenet.npz,2,100,cpu,cpu,1,1,0.056797,0.164675,0.000000
638,data/imagenet.npz,2,100,cpu,cpu,1,1,0.058349,0.191825,0.000000
639,data/imagenet.npz,2,100,cpu,cpu,1,1,0.159512,0.862266,0.000000
640,data/imagenet.npz,2,100,cpu,cpu,1,1,0.060698,0.143773,0.000000
641,data/imagenet.npz,2,100,cpu,cpu,1,1,0.067358,0.175059,0.000000
642,data/imagenet.npz,2,100,cpu,cpu,1,1,0.059614,0.200594,0.000000
643,data/imagenet.npz,2,100,cpu,cpu,1,1,0.059979,0.184306,0.000000
644,data/imagenet.npz,2,100,cpu,cpu,1,1,0.064620,0.172904,0.000000
645,data/imagenet.npz,2,100,cpu,cpu,1,1,0.045432,0.067250,0.000000
646,data/imagenet.npz,2,100,cpu,cpu,1,1,0.048418,0.080513,0.000000
647,data/imagenet.npz,2,100,cpu,cpu,1,1,0.063287,0.169672,0.000000
648,data/imagenet.npz,2,100,cpu,cpu,1,1,0.045078,0.061872,0.000000
649,data/imagenet.npz,2,100,cpu,cpu,1,1,0.063425,0.174743,0.000000
650,data/imagenet.npz,2,100,cpu,cpu,1,1,0.061880,0.176885,0.000000
651,data/imagenet.npz,2,100,cpu,cpu,1,1,0.064608,0.177325,0.000000
652,data/imagenet.npz,2,100,cpu,cpu,1,1,0.065420,0.182933,0.000000
653,data/imagenet.npz,2,100,cpu,cpu,1,1,0.066129,0.171270,0.000000
654,data/imagenet.npz,2,100,cpu,cpu,1,1,0.043223,0.040625,0.000000
655,data/imagenet.npz,2,100,cpu,cpu,1,1,0.070558,0.264287,0.000000
656,data/imagenet.npz,2,100,cpu,cpu,1,1,0.065897,0.171592,0.000000
657,data/imagenet.npz,2,100,cpu,cpu,1,1,0.061833,0.171652,0.000000
658,data/imagenet.npz,2,100,cpu,cpu,1,1,0.063868,0.175185,0.000000
659,data/imagenet.npz,2,100,cpu,cpu,1,1,0.052841,0.118874,0.000000
660,data/imagenet.npz,2,100,cpu,cpu,1,1,0.059529,0.159699,0.000000
661,data/imagenet.npz,2,100,cpu,cpu,1,1,0.059511,0.172721,0.000000
662,data/imagenet.npz,2,100,cpu,cpu,1,1,0.062519,0.186299,0.000000
663,data/imagenet.npz,2,100,cpu,cpu,1,1,0.057781,0.159944,0.000000
664,data/imagenet.npz,2,100,cpu,cpu,1,1,0.073871,0.251923,0.000000
665,data/imagenet.npz,2,100,cpu,cpu,1,1,0.063874,0.167189,0.000000
666,data/imagenet.npz,2,100,cpu,cpu,1,1,0.059663,0.173430,0.000000
667,data/imagenet.npz,2,100,cpu,cpu,1,1,0.221526,5.019523,0.000000
668,data/imagenet.npz,2,100,cpu,cpu,1,1,0.042139,0.035097,0.000000
669,data/imagenet.npz,2,100,cpu,cpu,1,1,0.057222,0.171315,0.000000
670,data/imagenet.npz,2,100,cpu,cpu,1,1,0.059126,0.169899,0.000000
671,data/imagenet.npz,2,100,cpu,cpu,1,1,0.050771,0.105355,0.000000
672,data/imagenet.npz,2,100,cpu,cpu,1,1,0.054780,0.163348,0.000000
673,data/imagenet.npz,2,100,cpu,cpu,1,1,0.065834,0.176610,0.000000
674,data/imagenet.npz,2,100,cpu,cpu,1,1,0.072611,0.203184,0.000000
675,data/imagenet.npz,2,100,cpu,cpu,1,1,0.061426,0.169006,0.000000
676,data/imagenet.npz,2,100,cpu,cpu,1,1,0.056929,0.158252,0.000000
677,data/imagenet.npz,2,100,cpu,cpu,1,1,0.039155,0.014924,0.000000
678,data/imagenet.npz,2,100,cpu,cpu,1,1,0.044219,0.085402,0.000000
679,data/imagenet.npz,2,100,cpu,cpu,1,1,0.057571,0.183755,0.000000
680,data/imagenet.npz,2,100,cpu,cpu,1,1,0.060317,0.155123,0.000000
681,data/imagenet.npz,2,100,cpu,cpu,1,1,0.039063,0.021305,0.000000
682,data/imagenet.npz,2,100,cpu,cpu,1,1,0.040462,0.058787,0.000000
683,data/imagenet.npz,2,100,cpu,cpu,1,1,0.055746,0.154356,0.000000
684,data/imagenet.npz,2,100,cpu,cpu,1,1,0.057616,0.160967,0.000000
685,data/imagenet.npz,2,100,cpu,cpu,1,1,0.060720,0.153087,0.000000
686,data/imagenet.npz,2,100,cpu,cpu,1,1,0.061542,0.177266,0.000000
687,data/imagenet.npz,2,100,cpu,cpu,1,1,0.075829,0.270036,0.000000
688,data/imagenet.npz,2,100,cpu,cpu,1,1,0.063423,0.176252,0.000000
689,data/imagenet.npz,2,100,cpu,cpu,1,1,0.061140,0.175457,0.000000
690,data/imagenet.npz,2,100,cpu,cpu,1,1,0.061141,0.172099,0.000000
691,data/imagenet.npz,2,100,cpu,cpu,1,1,0.060073,0.153633,0.000000
692,data/imagenet.npz,2,100,cpu,cpu,1,1,0.067166,0.231847,0.000000
693,data/imagenet.npz,2,100,cpu,cpu,1,1,0.065537,0.186618,0.000000
694,data/imagenet.npz,2,100,cpu,cpu,1,1,0.061735,0.175768,0.000000
695,data/imagenet.npz,2,100,cpu,cpu,1,1,0.048202,0.092635,0.000000
696,data/imagenet.npz,2,100,cpu,cpu,1,1,0.176191,0.922044,0.000000
697,data/imagenet.npz,2,100,cpu,cpu,1,1,0.051929,0.068183,0.000000
698,data/imagenet.npz,2,100,cpu,cpu,1,1,0.051706,0.090696,0.000000
699,data/imagenet.npz,2,100,cpu,cpu,1,1,0.139306,0.765916,0.000000
700,data/imagenet.npz,2,100,cpu,cpu,1,1,0.049859,0.102090,0.000000
701,data/imagenet.npz,2,100,cpu,cpu,1,1,0.061245,0.157834,0.000000
702,data/imagenet.npz,2,100,cpu,cpu,1,1,0.062159,0.179536,0.000000
703,data/imagenet.npz,2,100,cpu,cpu,1,1,0.110097,0.511795,0.000000
704,data/imagenet.npz,2,100,cpu,cpu,1,1,0.066142,0.199671,0.000000
705,data/imagenet.npz,2,100,cpu,cpu,1,1,0.052847,0.111825,0.000000
706,data/imagenet.npz,2,100,cpu,cpu,1,1,0.061065,0.179384,0.000000
707,data/imagenet.npz,2,100,cpu,cpu,1,1,0.060981,0.187700,0.000000
708,data/imagenet.npz,2,100,cpu,cpu,1,1,0.060382,0.174740,0.000000
709,data/imagenet.npz,2,100,cpu,cpu,1,1,0.068786,0.184083,0.000000
710,data/imagenet.npz,2,100,cpu,cpu,1,1,0.065005,0.176717,0.000000
711,data/imagenet.npz,2,100,cpu,cpu,1,1,0.063779,0.181863,0.000000
712,data/imagenet.npz,2,100,cpu,cpu,1,1,0.061538,0.175992,0.000000
713,data/imagenet.npz,2,100,cpu,cpu,1,1,0.062069,0.178597,0.000000
714,data/imagenet.npz,2,100,cpu,cpu,1,1,0.065101,0.173724,0.000000
715,data/imagenet.npz,2,100,cpu,cpu,1,1,0.069920,0.183658,0.000000
716,data/imagenet.npz,2,100,cpu,cpu,1,1,0.066978,0.186781,0.000000
717,data/imagenet.npz,2,100,cpu,cpu,1,1,0.065897,0.182912,0.000000
718,data/imagenet.npz,2,100,cpu,cpu,1,1,0.067852,0.172577,0.000000
719,data/imagenet.npz,2,100,cpu,cpu,1,1,0.058183,0.153908,0.000000
720,data/imagenet.npz,2,100,cpu,cpu,1,1,0.059837,0.157418,0.000000
721,data/imagenet.npz,2,100,cpu,cpu,1,1,0.069320,0.190455,0.000000
722,data/imagenet.npz,2,100,cpu,cpu,1,1,0.065517,0.151646,0.000000
723,data/imagenet.npz,2,100,cpu,cpu,1,1,0.056056,0.140529,0.000000
724,data/imagenet.npz,2,100,cpu,cpu,1,1,0.048147,0.112922,0.000000
725,data/imagenet.npz,2,100,cpu,cpu,1,1,0.061959,0.146111,0.000000
726,data/imagenet.npz,2,100,cpu,cpu,1,1,0.050692,0.067118,0.000000
727,data/imagenet.npz,2,100,cpu,cpu,1,1,0.061833,0.176199,0.000000
728,data/imagenet.npz,2,100,cpu,cpu,1,1,0.061233,0.183249,0.000000
729,data/imagenet.npz,2,100,cpu,cpu,1,1,0.044401,0.057803,0.000000
730,data/imagenet.npz,2,100,cpu,cpu,1,1,0.059012,0.179379,0.000000
731,data/imagenet.npz,2,100,cpu,cpu,1,1,0.057308,0.160853,0.000000
732,data/imagenet.npz,2,100,cpu,cpu,1,1,0.055599,0.144634,0.000000
733,data/imagenet.npz,2,100,cpu,cpu,1,1,0.071877,0.251236,0.000000
734,data/imagenet.npz,2,100,cpu,cpu,1,1,0.064339,0.170776,0.000000
735,data/imagenet.npz,2,100,cpu,cpu,1,1,0.064566,0.158250,0.000000
736,data/imagenet.npz,2,100,cpu,cpu,1,1,0.058752,0.159705,0.000000
737,data/imagenet.npz,2,100,cpu,cpu,1,1,0.060378,0.181877,0.000000
738,data/imagenet.npz,2,100,cpu,cpu,1,1,0.058500,0.174097,0.000000
739,data/imagenet.npz,2,100,cpu,cpu,1,1,0.082024,0.294129,0.000000
740,data/imagenet.npz,2,100,cpu,cpu,1,1,0.058296,0.166598,0.000000
741,data/imagenet.npz,2,100,cpu,cpu,1,1,0.064172,0.174002,0.000000
742,data/imagenet.npz,2,100,cpu,cpu,1,1,0.043230,0.034904,0.000000
743,data/imagenet.npz,2,100,cpu,cpu,1,1,0.054490,0.163684,0.000000
744,data/imagenet.npz,2,100,cpu,cpu,1,1,0.058268,0.150237,0.000000
745,data/imagenet.npz,2,100,cpu,cpu,1,1,0.064621,0.174557,0.000000
746,data/imagenet.npz,2,100,cpu,cpu,1,1,0.060941,0.155777,0.000000
747,data/imagenet.npz,2,100,cpu,cpu,1,1,0.064309,0.180300,0.000000
748,data/imagenet.npz,2,100,cpu,cpu,1,1,0.048291,0.089944,0.000000
749,data/imagenet.npz,2,100,cpu,cpu,1,1,0.076242,0.362583,0.000000
750,data/imagenet.npz,2,100,cpu,cpu,1,1,0.041279,0.044490,0.000000
751,data/imagenet.npz,2,100,cpu,cpu,1,1,0.054906,0.152316,0.000000
752,data/imagenet.npz,2,100,cpu,cpu,1,1,0.060206,0.177771,0.000000
753,data/imagenet.npz,2,100,cpu,cpu,1,1,0.070168,0.244790,0.000000
754,data/imagenet.npz,2,100,cpu,cpu,1,1,0.060767,0.125372,0.000000
755,data/imagenet.npz,2,100,cpu,cpu,1,1,0.057270,0.162248,0.000000
756,data/imagenet.npz,2,100,cpu,cpu,1,1,0.061004,0.185786,0.000000
757,data/imagenet.npz,2,100,cpu,cpu,1,1,0.065010,0.178797,0.000000
758,data/imagenet.npz,2,100,cpu,cpu,1,1,0.062261,0.181199,0.000000
759,data/imagenet.npz,2,100,cpu,cpu,1,1,0.063222,0.173933,0.000000
760,data/imagenet.npz,2,100,cpu,cpu,1,1,0.056019,0.165051,0.000000
761,data/imagenet.npz,2,100,cpu,cpu,1,1,0.060216,0.179897,0.000000
762,data/imagenet.npz,2,100,cpu,cpu,1,1,0.062532,0.173703,0.000000
763,data/imagenet.npz,2,100,cpu,cpu,1,1,0.065220,0.199653,0.000000
764,data/imagenet.npz,2,100,cpu,cpu,1,1,0.056736,0.154183,0.000000
765,data/imagenet.npz,2,100,cpu,cpu,1,1,0.058741,0.157260,0.000000
766,data/imagenet.npz,2,100,cpu,cpu,1,1,0.096345,0.341175,0.000000
767,data/imagenet.npz,2,100,cpu,cpu,1,1,0.042119,0.048369,0.000000
768,data/imagenet.npz,2,100,cpu,cpu,1,1,0.054443,0.108918,0.000000
769,data/imagenet.npz,2,100,cpu,cpu,1,1,0.058795,0.173294,0.000000
770,data/imagenet.npz,2,100,cpu,cpu,1,1,0.077573,0.354279,0.000000
771,data/imagenet.npz,2,100,cpu,cpu,1,1,0.076371,0.234969,0.000000
772,data/imagenet.npz,2,100,cpu,cpu,1,1,0.063023,0.198955,0.000000
773,data/imagenet.npz,2,100,cpu,cpu,1,1,0.080108,0.309527,0.000000
774,data/imagenet.npz,2,100,cpu,cpu,1,1,0.058946,0.157714,0.000000
775,data/imagenet.npz,2,100,cpu,cpu,1,1,0.070357,0.270435,0.000000
776,data/imagenet.npz,2,100,cpu,cpu,1,1,0.063994,0.173563,0.000000
777,data/imagenet.npz,2,100,cpu,cpu,1,1,0.068172,0.174241,0.000000
778,data/imagenet.npz,2,100,cpu,cpu,1,1,0.059059,0.160946,0.000000
779,data/imagenet.npz,2,100,cpu,cpu,1,1,0.060469,0.176686,0.000000
780,data/imagenet.npz,2,100,cpu,cpu,1,1,0.061317,0.179230,0.000000
781,data/imagenet.npz,2,100,cpu,cpu,1,1,0.048449,0.097931,0.000000
782,data/imagenet.npz,2,100,cpu,cpu,1,1,0.062072,0.154132,0.000000
783,data/imagenet.npz,2,100,cpu,cpu,1,1,0.059099,0.167279,0.000000
784,data/imagenet.npz,2,100,cpu,cpu,1,1,0.066528,0.180194,0.000000
785,data/imagenet.npz,2,100,cpu,cpu,1,1,0.062519,0.164726,0.000000
786,data/imagenet.npz,2,100,cpu,cpu,1,1,0.063946,0.180896,0.000000
787,data/imagenet.npz,2,100,cpu,cpu,1,1,0.060260,0.145244,0.000000
788,data/imagenet.npz,2,100,cpu,cpu,1,1,0.048004,0.084892,0.000000
789,data/imagenet.npz,2,100,cpu,cpu,1,1,0.057823,0.173961,0.000000
790,data/imagenet.npz,2,100,cpu,cpu,1,1,0.063213,0.165566,0.000000
791,data/imagenet.npz,2,100,cpu,cpu,1,1,0.048820,0.111111,0.000000
792,data/imagenet.npz,2,100,cpu,cpu,1,1,0.060563,0.180340,0.000000
793,data/imagenet.npz,2,100,cpu,cpu,1,1,0.061603,0.173140,0.000000
794,data/imagenet.npz,2,100,cpu,cpu,1,1,0.059135,0.151478,0.000000
795,data/imagenet.npz,2,100,cpu,cpu,1,1,0.060648,0.159831,0.000000
796,data/imagenet.npz,2,100,cpu,cpu,1,1,0.060544,0.165828,0.000000
797,data/imagenet.npz,2,100,cpu,cpu,1,1,0.058394,0.165757,0.000000
798,data/imagenet.npz,2,100,cpu,cpu,1,1,0.059481,0.147449,0.000000
799,data/imagenet.npz,2,100,cpu,cpu,1,1,0.096468,1.510507,0.000000
800,data/imagenet.npz,2,100,cpu,cpu,1,1,0.061187,0.200181,0.000000
801,data/imagenet.npz,2,100,cpu,cpu,1,1,0.044761,0.052676,0.000000
802,data/imagenet.npz,2,100,cpu,cpu,1,1,0.048713,0.090683,0.000000
803,data/imagenet.npz,2,100,cpu,cpu,1,1,0.066694,0.171202,0.000000
804,data/imagenet.npz,2,100,cpu,cpu,1,1,0.066754,0.176541,0.000000
805,data/imagenet.npz,2,100,cpu,cpu,1,1,0.041970,0.024756,0.000000
806,data/imagenet.npz,2,100,cpu,cpu,1,1,0.053616,0.131565,0.000000
807,data/imagenet.npz,2,100,cpu,cpu,1,1,0.061466,0.175233,0.000000
808,data/imagenet.npz,2,100,cpu,cpu,1,1,0.064117,0.174022,0.000000
809,data/imagenet.npz,2,100,cpu,cpu,1,1,0.066314,0.186487,0.000000
810,data/imagenet.npz,2,100,cpu,cpu,1,1,0.073462,0.252402,0.000000
811,data/imagenet.npz,2,100,cpu,cpu,1,1,0.058104,0.170212,0.000000
812,data/imagenet.npz,2,100,cpu,cpu,1,1,0.061808,0.162581,0.000000
813,data/imagenet.npz,2,100,cpu,cpu,1,1,0.058093,0.178411,0.000000
814,data/imagenet.npz,2,100,cpu,cpu,1,1,0.063064,0.154014,0.000000
815,data/imagenet.npz,2,100,cpu,cpu,1,1,0.041959,0.023341,0.000000
816,data/imagenet.npz,2,100,cpu,cpu,1,1,0.052475,0.154845,0.000000
817,data/imagenet.npz,2,100,cpu,cpu,1,1,0.060662,0.171635,0.000000
818,data/imagenet.npz,2,100,cpu,cpu,1,1,0.064428,0.171282,0.000000
819,data/imagenet.npz,2,100,cpu,cpu,1,1,0.059736,0.174030,0.000000
820,data/imagenet.npz,2,100,cpu,cpu,1,1,0.072862,0.250998,0.000000
821,data/imagenet.npz,2,100,cpu,cpu,1,1,0.059232,0.174247,0.000000
822,data/imagenet.npz,2,100,cpu,cpu,1,1,0.063934,0.162761,0.000000
823,data/imagenet.npz,2,100,cpu,cpu,1,1,0.055194,0.160356,0.000000
824,data/imagenet.npz,2,100,cpu,cpu,1,1,0.050801,0.065236,0.000000
825,data/imagenet.npz,2,100,cpu,cpu,1,1,0.059377,0.187801,0.000000
826,data/imagenet.npz,2,100,cpu,cpu,1,1,0.065312,0.209165,0.000000
827,data/imagenet.npz,2,100,cpu,cpu,1,1,0.065591,0.194055,0.000000
828,data/imagenet.npz,2,100,cpu,cpu,1,1,0.058987,0.158878,0.000000
829,data/imagenet.npz,2,100,cpu,cpu,1,1,0.040717,0.026547,0.000000
830,data/imagenet.npz,2,100,cpu,cpu,1,1,0.059684,0.173701,0.000000
831,data/imagenet.npz,2,100,cpu,cpu,1,1,0.058504,0.166952,0.000000
832,data/imagenet.npz,2,100,cpu,cpu,1,1,0.061535,0.174329,0.000000
833,data/imagenet.npz,2,100,cpu,cpu,1,1,0.100775,0.453046,0.000000
834,data/imagenet.npz,2,100,cpu,cpu,1,1,0.066881,0.233497,0.000000
835,data/imagenet.npz,2,100,cpu,cpu,1,1,0.044164,0.045690,0.000000
836,data/imagenet.npz,2,100,cpu,cpu,1,1,0.044311,0.057843,0.000000
837,data/imagenet.npz,2,100,cpu,cpu,1,1,0.058701,0.177725,0.000000
838,data/imagenet.npz,2,100,cpu,cpu,1,1,0.061097,0.160873,0.000000
839,data/imagenet.npz,2,100,cpu,cpu,1,1,0.067444,0.217674,0.000000
840,data/imagenet.npz,2,100,cpu,cpu,1,1,0.098593,0.433585,0.000000
841,data/imagenet.npz,2,100,cpu,cpu,1,1,0.060979,0.165194,0.000000
842,data/imagenet.npz,2,100,cpu,cpu,1,1,0.062224,0.172363,0.000000
843,data/imagenet.npz,2,100,cpu,cpu,1,1,0.063513,0.156404,0.000000
844,data/imagenet.npz,2,100,cpu,cpu,1,1,0.059374,0.175483,0.000000
845,data/imagenet.npz,2,100,cpu,cpu,1,1,0.056601,0.140001,0.000000
846,data/imagenet.npz,2,100,cpu,cpu,1,1,0.056265,0.130006,0.000000
847,data/imagenet.npz,2,100,cpu,cpu,1,1,0.043019,0.030049,0.000000
848,data/imagenet.npz,2,100,cpu,cpu,1,1,0.060842,0.168068,0.000000
849,data/imagenet.npz,2,100,cpu,cpu,1,1,0.066446,0.178740,0.000000
850,data/imagenet.npz,2,100,cpu,cpu,1,1,0.040542,0.040158,0.000000
851,data/imagenet.npz,2,100,cpu,cpu,1,1,0.534765,4.036481,0.000000
852,data/imagenet.npz,2,100,cpu,cpu,1,1,0.063952,0.167234,0.000000
853,data/imagenet.npz,2,100,cpu,cpu,1,1,0.067618,0.172189,0.000000
854,data/imagenet.npz,2,100,cpu,cpu,1,1,0.057740,0.160314,0.000000
855,data/imagenet.npz,2,100,cpu,cpu,1,1,0.067206,0.182200,0.000000
856,data/imagenet.npz,2,100,cpu,cpu,1,1,0.046799,0.065870,0.000000
857,data/imagenet.npz,2,100,cpu,cpu,1,1,0.071754,0.179427,0.000000
858,data/imagenet.npz,2,100,cpu,cpu,1,1,0.041170,0.025924,0.000000
859,data/imagenet.npz,2,100,cpu,cpu,1,1,0.054187,0.156905,0.000000
860,data/imagenet.npz,2,100,cpu,cpu,1,1,0.047255,0.090251,0.000000
861,data/imagenet.npz,2,100,cpu,cpu,1,1,0.040727,0.024448,0.000000
862,data/imagenet.npz,2,100,cpu,cpu,1,1,0.066038,0.197319,0.000000
863,data/imagenet.npz,2,100,cpu,cpu,1,1,0.036220,0.006361,0.000000
864,data/imagenet.npz,2,100,cpu,cpu,1,1,0.056971,0.169758,0.000000
865,data/imagenet.npz,2,100,cpu,cpu,1,1,0.069692,0.207840,0.000000
866,data/imagenet.npz,2,100,cpu,cpu,1,1,0.046063,0.042936,0.000000
867,data/imagenet.npz,2,100,cpu,cpu,1,1,0.069518,0.196688,0.000000
868,data/imagenet.npz,2,100,cpu,cpu,1,1,0.039559,0.019507,0.000000
869,data/imagenet.npz,2,100,cpu,cpu,1,1,0.043265,0.066136,0.000000
870,data/imagenet.npz,2,100,cpu,cpu,1,1,0.055841,0.151044,0.000000
871,data/imagenet.npz,2,100,cpu,cpu,1,1,0.207113,1.121661,0.000000
872,data/imagenet.npz,2,100,cpu,cpu,1,1,0.074302,0.235025,0.000000
873,data/imagenet.npz,2,100,cpu,cpu,1,1,0.039958,0.025016,0.000000
874,data/imagenet.npz,2,100,cpu,cpu,1,1,0.289713,1.760356,0.000000
875,data/imagenet.npz,2,100,cpu,cpu,1,1,0.067058,0.166325,0.000000
876,data/imagenet.npz,2,100,cpu,cpu,1,1,0.065257,0.174535,0.000000
877,data/imagenet.npz,2,100,cpu,cpu,1,1,0.060806,0.162257,0.000000
878,data/imagenet.npz,2,100,cpu,cpu,1,1,0.059963,0.159212,0.000000
879,data/imagenet.npz,2,100,cpu,cpu,1,1,0.064814,0.156082,0.000000
880,data/imagenet.npz,2,100,cpu,cpu,1,1,0.068108,0.133390,0.000000
881,data/imagenet.npz,2,100,cpu,cpu,1,1,0.114150,0.441437,0.000000
882,data/imagenet.npz,2,100,cpu,cpu,1,1,0.068123,0.183557,0.000000
883,data/imagenet.npz,2,100,cpu,cpu,1,1,0.056812,0.144231,0.000000
884,data/imagenet.npz,2,100,cpu,cpu,1,1,0.059295,0.173423,0.000000
885,data/imagenet.npz,2,100,cpu,cpu,1,1,0.039899,0.016501,0.000000
886,data/imagenet.npz,2,100,cpu,cpu,1,1,0.060847,0.189039,0.000000
887,data/imagenet.npz,2,100,cpu,cpu,1,1,0.065563,0.172723,0.000000
888,data/imagenet.npz,2,100,cpu,cpu,1,1,0.063813,0.188526,0.000000
889,data/imagenet.npz,2,100,cpu,cpu,1,1,0.066789,0.168882,0.000000
890,data/imagenet.npz,2,100,cpu,cpu,1,1,0.065451,0.180682,0.000000
891,data/imagenet.npz,2,100,cpu,cpu,1,1,0.060250,0.184222,0.000000
892,data/imagenet.npz,2,100,cpu,cpu,1,1,0.065661,0.181641,0.000000
893,data/imagenet.npz,2,100,cpu,cpu,1,1,0.061332,0.157218,0.000000
894,data/imagenet.npz,2,100,cpu,cpu,1,1,0.065005,0.169351,0.000000
895,data/imagenet.npz,2,100,cpu,cpu,1,1,0.064327,0.164641,0.000000
896,data/imagenet.npz,2,100,cpu,cpu,1,1,0.064343,0.228164,0.000000
897,data/imagenet.npz,2,100,cpu,cpu,1,1,0.062890,0.166537,0.000000
898,data/imagenet.npz,2,100,cpu,cpu,1,1,0.062672,0.181515,0.000000
899,data/imagenet.npz,2,100,cpu,cpu,1,1,0.063535,0.171315,0.000000
900,data/imagenet.npz,2,100,cpu,cpu,1,1,0.061133,0.156880,0.000000
901,data/imagenet.npz,2,100,cpu,cpu,1,1,0.056145,0.152627,0.000000
902,data/imagenet.npz,2,100,cpu,cpu,1,1,0.059901,0.180208,0.000000
903,data/imagenet.npz,2,100,cpu,cpu,1,1,0.056503,0.138836,0.000000
904,data/imagenet.npz,2,100,cpu,cpu,1,1,0.053926,0.112282,0.000000
905,data/imagenet.npz,2,100,cpu,cpu,1,1,0.062794,0.182056,0.000000
906,data/imagenet.npz,2,100,cpu,cpu,1,1,0.063242,0.172580,0.000000
907,data/imagenet.npz,2,100,cpu,cpu,1,1,0.059106,0.179146,0.000000
908,data/imagenet.npz,2,100,cpu,cpu,1,1,0.058289,0.192206,0.000000
909,data/imagenet.npz,2,100,cpu,cpu,1,1,0.061455,0.211817,0.000000
910,data/imagenet.npz,2,100,cpu,cpu,1,1,0.060371,0.184789,0.000000
911,data/imagenet.npz,2,100,cpu,cpu,1,1,0.057084,0.161922,0.000000
912,data/imagenet.npz,2,100,cpu,cpu,1,1,0.069382,0.183852,0.000000
913,data/imagenet.npz,2,100,cpu,cpu,1,1,0.060211,0.171206,0.000000
914,data/imagenet.npz,2,100,cpu,cpu,1,1,0.042484,0.054342,0.000000
915,data/imagenet.npz,2,100,cpu,cpu,1,1,0.055642,0.172555,0.000000
916,data/imagenet.npz,2,100,cpu,cpu,1,1,0.057894,0.208261,0.000000
917,data/imagenet.npz,2,100,cpu,cpu,1,1,0.056212,0.147499,0.000000
918,data/imagenet.npz,2,100,cpu,cpu,1,1,0.051121,0.126318,0.000000
919,data/imagenet.npz,2,100,cpu,cpu,1,1,0.062419,0.169061,0.000000
920,data/imagenet.npz,2,100,cpu,cpu,1,1,0.064761,0.207018,0.000000
921,data/imagenet.npz,2,100,cpu,cpu,1,1,0.062503,0.170385,0.000000
922,data/imagenet.npz,2,100,cpu,cpu,1,1,0.064343,0.196496,0.000000
923,data/imagenet.npz,2,100,cpu,cpu,1,1,0.071582,0.180951,0.000000
924,data/imagenet.npz,2,100,cpu,cpu,1,1,0.061845,0.160894,0.000000
925,data/imagenet.npz,2,100,cpu,cpu,1,1,0.057849,0.154187,0.000000
926,data/imagenet.npz,2,100,cpu,cpu,1,1,0.057572,0.111744,0.000000
927,data/imagenet.npz,2,100,cpu,cpu,1,1,0.062629,0.150773,0.000000
928,data/imagenet.npz,2,100,cpu,cpu,1,1,0.067993,0.183029,0.000000
929,data/imagenet.npz,2,100,cpu,cpu,1,1,0.052832,0.146561,0.000000
930,data/imagenet.npz,2,100,cpu,cpu,1,1,0.058699,0.119516,0.000000
931,data/imagenet.npz,2,100,cpu,cpu,1,1,0.052692,0.142705,0.000000
932,data/imagenet.npz,2,100,cpu,cpu,1,1,0.061587,0.170768,0.000000
933,data/imagenet.npz,2,100,cpu,cpu,1,1,0.047166,0.079099,0.000000
934,data/imagenet.npz,2,100,cpu,cpu,1,1,0.062978,0.164784,0.000000
935,data/imagenet.npz,2,100,cpu,cpu,1,1,0.054048,0.123180,0.000000
936,data/imagenet.npz,2,100,cpu,cpu,1,1,0.060988,0.157358,0.000000
937,data/imagenet.npz,2,100,cpu,cpu,1,1,0.058720,0.168061,0.000000
938,data/imagenet.npz,2,100,cpu,cpu,1,1,0.070856,0.238786,0.000000
939,data/imagenet.npz,2,100,cpu,cpu,1,1,0.056135,0.150725,0.000000
940,data/imagenet.npz,2,100,cpu,cpu,1,1,0.060798,0.171616,0.000000
941,data/imagenet.npz,2,100,cpu,cpu,1,1,0.062974,0.171876,0.000000
942,data/imagenet.npz,2,100,cpu,cpu,1,1,0.058662,0.165797,0.000000
943,data/imagenet.npz,2,100,cpu,cpu,1,1,0.064009,0.151893,0.000000
944,data/imagenet.npz,2,100,cpu,cpu,1,1,0.059519,0.158952,0.000000
945,data/imagenet.npz,2,100,cpu,cpu,1,1,0.064555,0.179542,0.000000
946,data/imagenet.npz,2,100,cpu,cpu,1,1,0.058668,0.154291,0.000000
947,data/imagenet.npz,2,100,cpu,cpu,1,1,0.062094,0.173469,0.000000
948,data/imagenet.npz,2,100,cpu,cpu,1,1,0.066009,0.173023,0.000000
949,data/imagenet.npz,2,100,cpu,cpu,1,1,0.059714,0.170921,0.000000
950,data/imagenet.npz,2,100,cpu,cpu,1,1,0.065269,0.172267,0.000000
951,data/imagenet.npz,2,100,cpu,cpu,1,1,0.060924,0.207358,0.000000
952,data/imagenet.npz,2,100,cpu,cpu,1,1,0.060667,0.175048,0.000000
953,data/imagenet.npz,2,100,cpu,cpu,1,1,0.057880,0.110767,0.000000
954,data/imagenet.npz,2,100,cpu,cpu,1,1,0.049109,0.090061,0.000000
955,data/imagenet.npz,2,100,cpu,cpu,1,1,0.055583,0.154254,0.000000
956,data/imagenet.npz,2,100,cpu,cpu,1,1,0.058897,0.172257,0.000000
957,data/imagenet.npz,2,100,cpu,cpu,1,1,0.056609,0.136352,0.000000
958,data/imagenet.npz,2,100,cpu,cpu,1,1,0.052541,0.139536,0.000000
959,data/imagenet.npz,2,100,cpu,cpu,1,1,0.065921,0.208488,0.000000
960,data/imagenet.npz,2,100,cpu,cpu,1,1,0.061200,0.180894,0.000000
961,data/imagenet.npz,2,100,cpu,cpu,1,1,0.061042,0.173262,0.000000
962,data/imagenet.npz,2,100,cpu,cpu,1,1,0.059296,0.156460,0.000000
963,data/imagenet.npz,2,100,cpu,cpu,1,1,0.062320,0.167823,0.000000
964,data/imagenet.npz,2,100,cpu,cpu,1,1,0.061089,0.158007,0.000000
965,data/imagenet.npz,2,100,cpu,cpu,1,1,0.060053,0.154510,0.000000
966,data/imagenet.npz,2,100,cpu,cpu,1,1,0.057277,0.169660,0.000000
967,data/imagenet.npz,2,100,cpu,cpu,1,1,0.062210,0.183574,0.000000
968,data/imagenet.npz,2,100,cpu,cpu,1,1,0.055502,0.152280,0.000000
969,data/imagenet.npz,2,100,cpu,cpu,1,1,0.059527,0.181391,0.000000
970,data/imagenet.npz,2,100,cpu,cpu,1,1,0.062638,0.183688,0.000000
971,data/imagenet.npz,2,100,cpu,cpu,1,1,0.046198,0.088633,0.000000
972,data/imagenet.npz,2,100,cpu,cpu,1,1,0.042475,0.040774,0.000000
973,data/imagenet.npz,2,100,cpu,cpu,1,1,0.057797,0.179339,0.000000
974,data/imagenet.npz,2,100,cpu,cpu,1,1,0.043100,0.040575,0.000000
975,data/imagenet.npz,2,100,cpu,cpu,1,1,0.059568,0.176173,0.000000
976,data/imagenet.npz,2,100,cpu,cpu,1,1,0.058600,0.157516,0.000000
977,data/imagenet.npz,2,100,cpu,cpu,1,1,0.065859,0.185130,0.000000
978,data/imagenet.npz,2,100,cpu,cpu,1,1,0.058303,0.160774,0.000000
979,data/imagenet.npz,2,100,cpu,cpu,1,1,0.063266,0.189920,0.000000
980,data/imagenet.npz,2,100,cpu,cpu,1,1,0.060913,0.171079,0.000000
981,data/imagenet.npz,2,100,cpu,cpu,1,1,0.067221,0.173793,0.000000
982,data/imagenet.npz,2,100,cpu,cpu,1,1,0.066332,0.175760,0.000000
983,data/imagenet.npz,2,100,cpu,cpu,1,1,0.064935,0.176372,0.000000
984,data/imagenet.npz,2,100,cpu,cpu,1,1,0.059518,0.153969,0.000000
985,data/imagenet.npz,2,100,cpu,cpu,1,1,0.043202,0.050723,0.000000
986,data/imagenet.npz,2,100,cpu,cpu,1,1,0.119587,0.544335,0.000000
987,data/imagenet.npz,2,100,cpu,cpu,1,1,0.062235,0.202790,0.000000
988,data/imagenet.npz,2,100,cpu,cpu,1,1,0.047156,0.078378,0.000000
989,data/imagenet.npz,2,100,cpu,cpu,1,1,0.058901,0.192320,0.000000
990,data/imagenet.npz,2,100,cpu,cpu,1,1,0.064112,0.163820,0.000000
991,data/imagenet.npz,2,100,cpu,cpu,1,1,0.057079,0.146354,0.000000
992,data/imagenet.npz,2,100,cpu,cpu,1,1,0.059610,0.146177,0.000000
993,data/imagenet.npz,2,100,cpu,cpu,1,1,0.058760,0.187523,0.000000
994,data/imagenet.npz,2,100,cpu,cpu,1,1,0.075997,0.245475,0.000000
995,data/imagenet.npz,2,100,cpu,cpu,1,1,0.066620,0.201560,0.000000
996,data/imagenet.npz,2,100,cpu,cpu,1,1,0.059767,0.183039,0.000000
997,data/imagenet.npz,2,100,cpu,cpu,1,1,0.052651,0.133540,0.000000
998,data/imagenet.npz,2,100,cpu,cpu,1,1,0.067987,0.177975,0.000000
999,data/imagenet.npz,2,100,cpu,cpu,1,1,0.051799,0.102313,0.000000
