image_index,data_path,num_directions,num_timesteps,device_requested,device_used,batch_size,num_cores,complex_construction_time,computation_time,vectorization_time
0,data/imagenet.npz,32,100,cpu,cpu,1,1,0.076036,1.782704,0.000000
1,data/imagenet.npz,32,100,cpu,cpu,1,1,0.071029,1.775494,0.000000
2,data/imagenet.npz,32,100,cpu,cpu,1,1,0.056912,1.762949,0.000000
3,data/imagenet.npz,32,100,cpu,cpu,1,1,0.059600,1.769944,0.000000
4,data/imagenet.npz,32,100,cpu,cpu,1,1,0.061793,2.137406,0.000000
5,data/imagenet.npz,32,100,cpu,cpu,1,1,0.058711,1.994123,0.000000
6,data/imagenet.npz,32,100,cpu,cpu,1,1,0.059993,1.779540,0.000000
7,data/imagenet.npz,32,100,cpu,cpu,1,1,0.059353,1.715433,0.000000
8,data/imagenet.npz,32,100,cpu,cpu,1,1,0.074902,3.231868,0.000000
9,data/imagenet.npz,32,100,cpu,cpu,1,1,0.057385,1.792769,0.000000
10,data/imagenet.npz,32,100,cpu,cpu,1,1,0.057547,1.758160,0.000000
11,data/imagenet.npz,32,100,cpu,cpu,1,1,0.051090,1.119975,0.000000
12,data/imagenet.npz,32,100,cpu,cpu,1,1,0.060808,2.017326,0.000000
13,data/imagenet.npz,32,100,cpu,cpu,1,1,0.065065,1.998952,0.000000
14,data/imagenet.npz,32,100,cpu,cpu,1,1,0.059395,2.134538,0.000000
15,data/imagenet.npz,32,100,cpu,cpu,1,1,0.063552,2.000953,0.000000
16,data/imagenet.npz,32,100,cpu,cpu,1,1,0.056840,2.033158,0.000000
17,data/imagenet.npz,32,100,cpu,cpu,1,1,0.062361,1.890314,0.000000
18,data/imagenet.npz,32,100,cpu,cpu,1,1,0.057067,1.765658,0.000000
19,data/imagenet.npz,32,100,cpu,cpu,1,1,0.044212,0.819858,0.000000
20,data/imagenet.npz,32,100,cpu,cpu,1,1,0.062829,2.043695,0.000000
21,data/imagenet.npz,32,100,cpu,cpu,1,1,0.068354,2.004856,0.000000
22,data/imagenet.npz,32,100,cpu,cpu,1,1,0.058907,1.807155,0.000000
23,data/imagenet.npz,32,100,cpu,cpu,1,1,0.050081,1.490528,0.000000
24,data/imagenet.npz,32,100,cpu,cpu,1,1,0.064085,1.984361,0.000000
25,data/imagenet.npz,32,100,cpu,cpu,1,1,0.043050,0.818068,0.000000
26,data/imagenet.npz,32,100,cpu,cpu,1,1,0.049277,1.460122,0.000000
27,data/imagenet.npz,32,100,cpu,cpu,1,1,0.063269,2.026480,0.000000
28,data/imagenet.npz,32,100,cpu,cpu,1,1,0.056741,1.791152,0.000000
29,data/imagenet.npz,32,100,cpu,cpu,1,1,0.054398,1.551698,0.000000
30,data/imagenet.npz,32,100,cpu,cpu,1,1,0.064956,2.015011,0.000000
31,data/imagenet.npz,32,100,cpu,cpu,1,1,0.059791,1.786661,0.000000
32,data/imagenet.npz,32,100,cpu,cpu,1,1,0.055576,1.987499,0.000000
33,data/imagenet.npz,32,100,cpu,cpu,1,1,0.040277,0.226787,0.000000
34,data/imagenet.npz,32,100,cpu,cpu,1,1,0.053945,1.796719,0.000000
35,data/imagenet.npz,32,100,cpu,cpu,1,1,0.058290,2.011680,0.000000
36,data/imagenet.npz,32,100,cpu,cpu,1,1,0.060266,1.815262,0.000000
37,data/imagenet.npz,32,100,cpu,cpu,1,1,0.068751,2.666985,0.000000
38,data/imagenet.npz,32,100,cpu,cpu,1,1,0.141263,8.897438,0.000000
39,data/imagenet.npz,32,100,cpu,cpu,1,1,0.065908,1.883149,0.000000
40,data/imagenet.npz,32,100,cpu,cpu,1,1,0.065991,2.019250,0.000000
41,data/imagenet.npz,32,100,cpu,cpu,1,1,0.059492,1.795221,0.000000
42,data/imagenet.npz,32,100,cpu,cpu,1,1,0.034805,0.140787,0.000000
43,data/imagenet.npz,32,100,cpu,cpu,1,1,0.061609,2.013080,0.000000
44,data/imagenet.npz,32,100,cpu,cpu,1,1,0.060446,2.127394,0.000000
45,data/imagenet.npz,32,100,cpu,cpu,1,1,0.070940,2.009223,0.000000
46,data/imagenet.npz,32,100,cpu,cpu,1,1,0.067463,2.940380,0.000000
47,data/imagenet.npz,32,100,cpu,cpu,1,1,0.060454,1.997325,0.000000
48,data/imagenet.npz,32,100,cpu,cpu,1,1,0.061661,1.994856,0.000000
49,data/imagenet.npz,32,100,cpu,cpu,1,1,0.055886,2.159203,0.000000
50,data/imagenet.npz,32,100,cpu,cpu,1,1,0.059181,2.147635,0.000000
51,data/imagenet.npz,32,100,cpu,cpu,1,1,0.063337,2.004663,0.000000
52,data/imagenet.npz,32,100,cpu,cpu,1,1,0.061604,1.890748,0.000000
53,data/imagenet.npz,32,100,cpu,cpu,1,1,0.069821,2.893529,0.000000
54,data/imagenet.npz,32,100,cpu,cpu,1,1,0.087880,4.229744,0.000000
55,data/imagenet.npz,32,100,cpu,cpu,1,1,0.056311,2.038796,0.000000
56,data/imagenet.npz,32,100,cpu,cpu,1,1,0.060234,2.358929,0.000000
57,data/imagenet.npz,32,100,cpu,cpu,1,1,0.058538,1.883476,0.000000
58,data/imagenet.npz,32,100,cpu,cpu,1,1,0.058722,1.771683,0.000000
59,data/imagenet.npz,32,100,cpu,cpu,1,1,0.056215,2.004015,0.000000
60,data/imagenet.npz,32,100,cpu,cpu,1,1,0.051579,1.419054,0.000000
61,data/imagenet.npz,32,100,cpu,cpu,1,1,0.051654,1.556731,0.000000
62,data/imagenet.npz,32,100,cpu,cpu,1,1,0.060638,1.823120,0.000000
63,data/imagenet.npz,32,100,cpu,cpu,1,1,0.094821,4.821755,0.000000
64,data/imagenet.npz,32,100,cpu,cpu,1,1,0.062081,1.868936,0.000000
65,data/imagenet.npz,32,100,cpu,cpu,1,1,0.058310,1.834819,0.000000
66,data/imagenet.npz,32,100,cpu,cpu,1,1,0.061808,1.798083,0.000000
67,data/imagenet.npz,32,100,cpu,cpu,1,1,0.059191,2.034469,0.000000
68,data/imagenet.npz,32,100,cpu,cpu,1,1,0.058596,1.884228,0.000000
69,data/imagenet.npz,32,100,cpu,cpu,1,1,0.053882,1.782127,0.000000
70,data/imagenet.npz,32,100,cpu,cpu,1,1,0.061289,2.006072,0.000000
71,data/imagenet.npz,32,100,cpu,cpu,1,1,0.058794,1.980474,0.000000
72,data/imagenet.npz,32,100,cpu,cpu,1,1,0.070424,2.014490,0.000000
73,data/imagenet.npz,32,100,cpu,cpu,1,1,0.064462,2.022664,0.000000
74,data/imagenet.npz,32,100,cpu,cpu,1,1,0.061384,2.028513,0.000000
75,data/imagenet.npz,32,100,cpu,cpu,1,1,0.072078,3.040417,0.000000
76,data/imagenet.npz,32,100,cpu,cpu,1,1,0.067357,2.922984,0.000000
77,data/imagenet.npz,32,100,cpu,cpu,1,1,0.064400,2.009827,0.000000
78,data/imagenet.npz,32,100,cpu,cpu,1,1,0.061781,1.805629,0.000000
79,data/imagenet.npz,32,100,cpu,cpu,1,1,0.055390,1.748224,0.000000
80,data/imagenet.npz,32,100,cpu,cpu,1,1,0.057706,1.993814,0.000000
81,data/imagenet.npz,32,100,cpu,cpu,1,1,0.065973,2.587851,0.000000
82,data/imagenet.npz,32,100,cpu,cpu,1,1,0.062816,1.971632,0.000000
83,data/imagenet.npz,32,100,cpu,cpu,1,1,0.060138,2.032184,0.000000
84,data/imagenet.npz,32,100,cpu,cpu,1,1,0.057720,2.000019,0.000000
85,data/imagenet.npz,32,100,cpu,cpu,1,1,0.057571,1.770286,0.000000
86,data/imagenet.npz,32,100,cpu,cpu,1,1,0.062036,2.145348,0.000000
87,data/imagenet.npz,32,100,cpu,cpu,1,1,0.064197,2.485474,0.000000
88,data/imagenet.npz,32,100,cpu,cpu,1,1,0.060011,2.249719,0.000000
89,data/imagenet.npz,32,100,cpu,cpu,1,1,0.061366,1.996934,0.000000
90,data/imagenet.npz,32,100,cpu,cpu,1,1,0.055887,1.822801,0.000000
91,data/imagenet.npz,32,100,cpu,cpu,1,1,0.052849,1.509267,0.000000
92,data/imagenet.npz,32,100,cpu,cpu,1,1,0.057630,1.838348,0.000000
93,data/imagenet.npz,32,100,cpu,cpu,1,1,0.054450,1.683543,0.000000
94,data/imagenet.npz,32,100,cpu,cpu,1,1,0.063768,1.984174,0.000000
95,data/imagenet.npz,32,100,cpu,cpu,1,1,0.057855,1.789369,0.000000
96,data/imagenet.npz,32,100,cpu,cpu,1,1,0.059802,1.773649,0.000000
97,data/imagenet.npz,32,100,cpu,cpu,1,1,0.061938,1.744309,0.000000
98,data/imagenet.npz,32,100,cpu,cpu,1,1,0.047433,1.343136,0.000000
99,data/imagenet.npz,32,100,cpu,cpu,1,1,0.037681,0.245083,0.000000
100,data/imagenet.npz,32,100,cpu,cpu,1,1,0.054001,1.778045,0.000000
101,data/imagenet.npz,32,100,cpu,cpu,1,1,0.098803,4.918207,0.000000
102,data/imagenet.npz,32,100,cpu,cpu,1,1,0.056510,2.032493,0.000000
103,data/imagenet.npz,32,100,cpu,cpu,1,1,0.061160,2.079112,0.000000
104,data/imagenet.npz,32,100,cpu,cpu,1,1,0.060294,1.756474,0.000000
105,data/imagenet.npz,32,100,cpu,cpu,1,1,0.058410,2.003700,0.000000
106,data/imagenet.npz,32,100,cpu,cpu,1,1,0.055710,1.792466,0.000000
107,data/imagenet.npz,32,100,cpu,cpu,1,1,0.066496,2.690346,0.000000
108,data/imagenet.npz,32,100,cpu,cpu,1,1,0.055779,1.874651,0.000000
109,data/imagenet.npz,32,100,cpu,cpu,1,1,0.052710,1.428515,0.000000
110,data/imagenet.npz,32,100,cpu,cpu,1,1,0.054403,1.791337,0.000000
111,data/imagenet.npz,32,100,cpu,cpu,1,1,0.123846,7.440669,0.000000
112,data/imagenet.npz,32,100,cpu,cpu,1,1,0.064247,1.988210,0.000000
113,data/imagenet.npz,32,100,cpu,cpu,1,1,0.056158,1.792861,0.000000
114,data/imagenet.npz,32,100,cpu,cpu,1,1,0.061391,1.727490,0.000000
115,data/imagenet.npz,32,100,cpu,cpu,1,1,0.048327,1.254485,0.000000
116,data/imagenet.npz,32,100,cpu,cpu,1,1,0.055844,1.806407,0.000000
117,data/imagenet.npz,32,100,cpu,cpu,1,1,0.057359,1.771627,0.000000
118,data/imagenet.npz,32,100,cpu,cpu,1,1,0.061663,1.920124,0.000000
119,data/imagenet.npz,32,100,cpu,cpu,1,1,0.041789,0.632627,0.000000
120,data/imagenet.npz,32,100,cpu,cpu,1,1,0.103533,4.992086,0.000000
121,data/imagenet.npz,32,100,cpu,cpu,1,1,0.052848,1.730683,0.000000
122,data/imagenet.npz,32,100,cpu,cpu,1,1,0.051848,1.724620,0.000000
123,data/imagenet.npz,32,100,cpu,cpu,1,1,0.059637,1.791013,0.000000
124,data/imagenet.npz,32,100,cpu,cpu,1,1,0.060500,2.022569,0.000000
125,data/imagenet.npz,32,100,cpu,cpu,1,1,0.061284,1.994490,0.000000
126,data/imagenet.npz,32,100,cpu,cpu,1,1,0.048333,1.250011,0.000000
127,data/imagenet.npz,32,100,cpu,cpu,1,1,0.060509,2.021459,0.000000
128,data/imagenet.npz,32,100,cpu,cpu,1,1,0.053837,1.721310,0.000000
129,data/imagenet.npz,32,100,cpu,cpu,1,1,0.058189,1.779540,0.000000
130,data/imagenet.npz,32,100,cpu,cpu,1,1,0.057610,2.015236,0.000000
131,data/imagenet.npz,32,100,cpu,cpu,1,1,0.059552,2.008651,0.000000
132,data/imagenet.npz,32,100,cpu,cpu,1,1,0.109808,5.039917,0.000000
133,data/imagenet.npz,32,100,cpu,cpu,1,1,0.038785,0.303655,0.000000
134,data/imagenet.npz,32,100,cpu,cpu,1,1,0.060326,1.763825,0.000000
135,data/imagenet.npz,32,100,cpu,cpu,1,1,0.058532,2.002162,0.000000
136,data/imagenet.npz,32,100,cpu,cpu,1,1,0.053939,1.765038,0.000000
137,data/imagenet.npz,32,100,cpu,cpu,1,1,0.059481,1.771728,0.000000
138,data/imagenet.npz,32,100,cpu,cpu,1,1,0.057840,1.989710,0.000000
139,data/imagenet.npz,32,100,cpu,cpu,1,1,0.062421,1.841839,0.000000
140,data/imagenet.npz,32,100,cpu,cpu,1,1,0.056987,1.770923,0.000000
141,data/imagenet.npz,32,100,cpu,cpu,1,1,0.062458,2.315558,0.000000
142,data/imagenet.npz,32,100,cpu,cpu,1,1,0.124786,6.486227,0.000000
143,data/imagenet.npz,32,100,cpu,cpu,1,1,0.046514,0.908866,0.000000
144,data/imagenet.npz,32,100,cpu,cpu,1,1,0.057257,1.916475,0.000000
145,data/imagenet.npz,32,100,cpu,cpu,1,1,0.066583,2.001364,0.000000
146,data/imagenet.npz,32,100,cpu,cpu,1,1,0.064238,2.149759,0.000000
147,data/imagenet.npz,32,100,cpu,cpu,1,1,0.057182,2.013938,0.000000
148,data/imagenet.npz,32,100,cpu,cpu,1,1,0.046939,1.257556,0.000000
149,data/imagenet.npz,32,100,cpu,cpu,1,1,0.042941,0.814236,0.000000
150,data/imagenet.npz,32,100,cpu,cpu,1,1,0.057043,1.446460,0.000000
151,data/imagenet.npz,32,100,cpu,cpu,1,1,0.048678,0.812046,0.000000
152,data/imagenet.npz,32,100,cpu,cpu,1,1,0.043819,0.994404,0.000000
153,data/imagenet.npz,32,100,cpu,cpu,1,1,0.062801,1.979568,0.000000
154,data/imagenet.npz,32,100,cpu,cpu,1,1,0.052833,1.734880,0.000000
155,data/imagenet.npz,32,100,cpu,cpu,1,1,0.060749,1.786246,0.000000
156,data/imagenet.npz,32,100,cpu,cpu,1,1,0.055676,1.663802,0.000000
157,data/imagenet.npz,32,100,cpu,cpu,1,1,0.067017,2.369445,0.000000
158,data/imagenet.npz,32,100,cpu,cpu,1,1,0.057488,1.799855,0.000000
159,data/imagenet.npz,32,100,cpu,cpu,1,1,0.065944,1.996163,0.000000
160,data/imagenet.npz,32,100,cpu,cpu,1,1,0.099748,5.027452,0.000000
161,data/imagenet.npz,32,100,cpu,cpu,1,1,0.060377,1.746075,0.000000
162,data/imagenet.npz,32,100,cpu,cpu,1,1,0.063154,1.991800,0.000000
163,data/imagenet.npz,32,100,cpu,cpu,1,1,0.057987,1.749502,0.000000
164,data/imagenet.npz,32,100,cpu,cpu,1,1,0.055228,1.965037,0.000000
165,data/imagenet.npz,32,100,cpu,cpu,1,1,0.055994,1.759600,0.000000
166,data/imagenet.npz,32,100,cpu,cpu,1,1,0.056925,1.757531,0.000000
167,data/imagenet.npz,32,100,cpu,cpu,1,1,0.053154,1.791519,0.000000
168,data/imagenet.npz,32,100,cpu,cpu,1,1,0.053050,1.774189,0.000000
169,data/imagenet.npz,32,100,cpu,cpu,1,1,0.067726,2.740389,0.000000
170,data/imagenet.npz,32,100,cpu,cpu,1,1,0.053231,1.956246,0.000000
171,data/imagenet.npz,32,100,cpu,cpu,1,1,0.064738,2.467502,0.000000
172,data/imagenet.npz,32,100,cpu,cpu,1,1,0.066402,1.999707,0.000000
173,data/imagenet.npz,32,100,cpu,cpu,1,1,0.052787,1.740849,0.000000
174,data/imagenet.npz,32,100,cpu,cpu,1,1,0.047730,1.484465,0.000000
175,data/imagenet.npz,32,100,cpu,cpu,1,1,0.055208,1.973109,0.000000
176,data/imagenet.npz,32,100,cpu,cpu,1,1,0.056073,1.745952,0.000000
177,data/imagenet.npz,32,100,cpu,cpu,1,1,0.058067,1.965548,0.000000
178,data/imagenet.npz,32,100,cpu,cpu,1,1,0.058394,1.824888,0.000000
179,data/imagenet.npz,32,100,cpu,cpu,1,1,0.059105,1.962012,0.000000
180,data/imagenet.npz,32,100,cpu,cpu,1,1,0.076890,3.267165,0.000000
181,data/imagenet.npz,32,100,cpu,cpu,1,1,0.061446,2.096864,0.000000
182,data/imagenet.npz,32,100,cpu,cpu,1,1,0.056726,1.791355,0.000000
183,data/imagenet.npz,32,100,cpu,cpu,1,1,0.060893,1.825508,0.000000
184,data/imagenet.npz,32,100,cpu,cpu,1,1,0.055854,1.720817,0.000000
185,data/imagenet.npz,32,100,cpu,cpu,1,1,0.055192,1.726205,0.000000
186,data/imagenet.npz,32,100,cpu,cpu,1,1,0.057855,1.809556,0.000000
187,data/imagenet.npz,32,100,cpu,cpu,1,1,0.062602,1.950543,0.000000
188,data/imagenet.npz,32,100,cpu,cpu,1,1,0.062178,1.984964,0.000000
189,data/imagenet.npz,32,100,cpu,cpu,1,1,0.107002,5.565148,0.000000
190,data/imagenet.npz,32,100,cpu,cpu,1,1,0.057933,1.735255,0.000000
191,data/imagenet.npz,32,100,cpu,cpu,1,1,0.185424,11.304767,0.000000
192,data/imagenet.npz,32,100,cpu,cpu,1,1,0.089085,4.150178,0.000000
193,data/imagenet.npz,32,100,cpu,cpu,1,1,0.062505,2.016484,0.000000
194,data/imagenet.npz,32,100,cpu,cpu,1,1,0.062621,2.110753,0.000000
195,data/imagenet.npz,32,100,cpu,cpu,1,1,0.043882,0.759766,0.000000
196,data/imagenet.npz,32,100,cpu,cpu,1,1,0.058287,2.001288,0.000000
197,data/imagenet.npz,32,100,cpu,cpu,1,1,0.059218,1.601169,0.000000
198,data/imagenet.npz,32,100,cpu,cpu,1,1,0.063639,2.077297,0.000000
199,data/imagenet.npz,32,100,cpu,cpu,1,1,0.046390,0.905902,0.000000
200,data/imagenet.npz,32,100,cpu,cpu,1,1,0.055185,1.757729,0.000000
201,data/imagenet.npz,32,100,cpu,cpu,1,1,0.057856,1.947951,0.000000
202,data/imagenet.npz,32,100,cpu,cpu,1,1,0.058721,1.984809,0.000000
203,data/imagenet.npz,32,100,cpu,cpu,1,1,0.039415,0.407445,0.000000
204,data/imagenet.npz,32,100,cpu,cpu,1,1,0.057778,1.773390,0.000000
205,data/imagenet.npz,32,100,cpu,cpu,1,1,0.060461,2.007288,0.000000
206,data/imagenet.npz,32,100,cpu,cpu,1,1,0.069267,2.475992,0.000000
207,data/imagenet.npz,32,100,cpu,cpu,1,1,0.082241,3.862726,0.000000
208,data/imagenet.npz,32,100,cpu,cpu,1,1,0.057217,1.971595,0.000000
209,data/imagenet.npz,32,100,cpu,cpu,1,1,0.054664,1.767577,0.000000
210,data/imagenet.npz,32,100,cpu,cpu,1,1,0.039706,0.542745,0.000000
211,data/imagenet.npz,32,100,cpu,cpu,1,1,0.057874,1.890177,0.000000
212,data/imagenet.npz,32,100,cpu,cpu,1,1,0.063074,1.983934,0.000000
213,data/imagenet.npz,32,100,cpu,cpu,1,1,0.054807,1.706194,0.000000
214,data/imagenet.npz,32,100,cpu,cpu,1,1,0.052970,1.779536,0.000000
215,data/imagenet.npz,32,100,cpu,cpu,1,1,0.054883,2.009620,0.000000
216,data/imagenet.npz,32,100,cpu,cpu,1,1,0.059833,1.718020,0.000000
217,data/imagenet.npz,32,100,cpu,cpu,1,1,0.037157,0.392966,0.000000
218,data/imagenet.npz,32,100,cpu,cpu,1,1,0.060669,2.057810,0.000000
219,data/imagenet.npz,32,100,cpu,cpu,1,1,0.061727,2.027720,0.000000
220,data/imagenet.npz,32,100,cpu,cpu,1,1,0.061132,1.959542,0.000000
221,data/imagenet.npz,32,100,cpu,cpu,1,1,0.052880,1.786835,0.000000
222,data/imagenet.npz,32,100,cpu,cpu,1,1,0.059475,2.012000,0.000000
223,data/imagenet.npz,32,100,cpu,cpu,1,1,0.090526,4.517246,0.000000
224,data/imagenet.npz,32,100,cpu,cpu,1,1,0.063336,2.279258,0.000000
225,data/imagenet.npz,32,100,cpu,cpu,1,1,0.062048,1.707555,0.000000
226,data/imagenet.npz,32,100,cpu,cpu,1,1,0.061481,1.997687,0.000000
227,data/imagenet.npz,32,100,cpu,cpu,1,1,0.056113,1.843526,0.000000
228,data/imagenet.npz,32,100,cpu,cpu,1,1,0.056880,1.802539,0.000000
229,data/imagenet.npz,32,100,cpu,cpu,1,1,0.061207,1.769684,0.000000
230,data/imagenet.npz,32,100,cpu,cpu,1,1,0.063404,2.047175,0.000000
231,data/imagenet.npz,32,100,cpu,cpu,1,1,0.072124,2.640654,0.000000
232,data/imagenet.npz,32,100,cpu,cpu,1,1,0.056426,1.797214,0.000000
233,data/imagenet.npz,32,100,cpu,cpu,1,1,0.061573,2.001191,0.000000
234,data/imagenet.npz,32,100,cpu,cpu,1,1,0.058893,1.783294,0.000000
235,data/imagenet.npz,32,100,cpu,cpu,1,1,0.060462,2.071931,0.000000
236,data/imagenet.npz,32,100,cpu,cpu,1,1,0.057060,1.588547,0.000000
237,data/imagenet.npz,32,100,cpu,cpu,1,1,0.058640,2.040940,0.000000
238,data/imagenet.npz,32,100,cpu,cpu,1,1,0.040471,0.494172,0.000000
239,data/imagenet.npz,32,100,cpu,cpu,1,1,0.054704,1.786918,0.000000
240,data/imagenet.npz,32,100,cpu,cpu,1,1,0.056189,2.002664,0.000000
241,data/imagenet.npz,32,100,cpu,cpu,1,1,0.062640,1.989007,0.000000
242,data/imagenet.npz,32,100,cpu,cpu,1,1,0.060414,2.035176,0.000000
243,data/imagenet.npz,32,100,cpu,cpu,1,1,0.081401,3.580640,0.000000
244,data/imagenet.npz,32,100,cpu,cpu,1,1,0.061350,2.017755,0.000000
245,data/imagenet.npz,32,100,cpu,cpu,1,1,0.058164,1.831074,0.000000
246,data/imagenet.npz,32,100,cpu,cpu,1,1,0.056190,2.031669,0.000000
247,data/imagenet.npz,32,100,cpu,cpu,1,1,0.052729,1.571312,0.000000
248,data/imagenet.npz,32,100,cpu,cpu,1,1,0.084338,4.107856,0.000000
249,data/imagenet.npz,32,100,cpu,cpu,1,1,0.094356,5.046914,0.000000
250,data/imagenet.npz,32,100,cpu,cpu,1,1,0.148304,9.095576,0.000000
251,data/imagenet.npz,32,100,cpu,cpu,1,1,0.068749,1.951823,0.000000
252,data/imagenet.npz,32,100,cpu,cpu,1,1,0.057483,1.675322,0.000000
253,data/imagenet.npz,32,100,cpu,cpu,1,1,0.047152,1.218668,0.000000
254,data/imagenet.npz,32,100,cpu,cpu,1,1,0.057386,2.013118,0.000000
255,data/imagenet.npz,32,100,cpu,cpu,1,1,0.099868,5.064801,0.000000
256,data/imagenet.npz,32,100,cpu,cpu,1,1,0.068416,2.644755,0.000000
257,data/imagenet.npz,32,100,cpu,cpu,1,1,0.056817,1.899373,0.000000
258,data/imagenet.npz,32,100,cpu,cpu,1,1,0.056295,1.767480,0.000000
259,data/imagenet.npz,32,100,cpu,cpu,1,1,0.065796,2.691219,0.000000
260,data/imagenet.npz,32,100,cpu,cpu,1,1,0.056985,1.770484,0.000000
261,data/imagenet.npz,32,100,cpu,cpu,1,1,0.043361,0.653834,0.000000
262,data/imagenet.npz,32,100,cpu,cpu,1,1,0.055811,1.778998,0.000000
263,data/imagenet.npz,32,100,cpu,cpu,1,1,0.053065,1.157465,0.000000
264,data/imagenet.npz,32,100,cpu,cpu,1,1,0.054542,1.758595,0.000000
265,data/imagenet.npz,32,100,cpu,cpu,1,1,0.060905,1.992037,0.000000
266,data/imagenet.npz,32,100,cpu,cpu,1,1,0.055467,0.882777,0.000000
267,data/imagenet.npz,32,100,cpu,cpu,1,1,0.062518,1.971342,0.000000
268,data/imagenet.npz,32,100,cpu,cpu,1,1,0.052608,1.369646,0.000000
269,data/imagenet.npz,32,100,cpu,cpu,1,1,0.059681,1.753593,0.000000
270,data/imagenet.npz,32,100,cpu,cpu,1,1,0.045981,0.974489,0.000000
271,data/imagenet.npz,32,100,cpu,cpu,1,1,0.057423,1.813422,0.000000
272,data/imagenet.npz,32,100,cpu,cpu,1,1,0.061223,1.771664,0.000000
273,data/imagenet.npz,32,100,cpu,cpu,1,1,0.057138,1.996133,0.000000
274,data/imagenet.npz,32,100,cpu,cpu,1,1,0.058709,1.575473,0.000000
275,data/imagenet.npz,32,100,cpu,cpu,1,1,0.062195,2.204162,0.000000
276,data/imagenet.npz,32,100,cpu,cpu,1,1,0.067340,2.027039,0.000000
277,data/imagenet.npz,32,100,cpu,cpu,1,1,0.063608,2.402692,0.000000
278,data/imagenet.npz,32,100,cpu,cpu,1,1,0.099475,5.098247,0.000000
279,data/imagenet.npz,32,100,cpu,cpu,1,1,0.074262,2.548310,0.000000
280,data/imagenet.npz,32,100,cpu,cpu,1,1,0.059749,1.714845,0.000000
281,data/imagenet.npz,32,100,cpu,cpu,1,1,0.040888,0.286313,0.000000
282,data/imagenet.npz,32,100,cpu,cpu,1,1,0.090580,4.107931,0.000000
283,data/imagenet.npz,32,100,cpu,cpu,1,1,0.066428,1.654190,0.000000
284,data/imagenet.npz,32,100,cpu,cpu,1,1,0.061513,1.985302,0.000000
285,data/imagenet.npz,32,100,cpu,cpu,1,1,0.060270,1.983506,0.000000
286,data/imagenet.npz,32,100,cpu,cpu,1,1,0.056289,1.961231,0.000000
287,data/imagenet.npz,32,100,cpu,cpu,1,1,0.057962,1.738969,0.000000
288,data/imagenet.npz,32,100,cpu,cpu,1,1,0.062182,2.412494,0.000000
289,data/imagenet.npz,32,100,cpu,cpu,1,1,0.057061,1.767922,0.000000
290,data/imagenet.npz,32,100,cpu,cpu,1,1,0.060081,1.927341,0.000000
291,data/imagenet.npz,32,100,cpu,cpu,1,1,0.052675,1.541620,0.000000
292,data/imagenet.npz,32,100,cpu,cpu,1,1,0.061191,2.080684,0.000000
293,data/imagenet.npz,32,100,cpu,cpu,1,1,0.067936,2.621818,0.000000
294,data/imagenet.npz,32,100,cpu,cpu,1,1,0.042339,0.394573,0.000000
295,data/imagenet.npz,32,100,cpu,cpu,1,1,0.054931,1.735486,0.000000
296,data/imagenet.npz,32,100,cpu,cpu,1,1,0.059134,1.770245,0.000000
297,data/imagenet.npz,32,100,cpu,cpu,1,1,0.062823,1.997417,0.000000
298,data/imagenet.npz,32,100,cpu,cpu,1,1,0.076884,3.321385,0.000000
299,data/imagenet.npz,32,100,cpu,cpu,1,1,0.062181,1.960801,0.000000
300,data/imagenet.npz,32,100,cpu,cpu,1,1,0.041149,0.310711,0.000000
301,data/imagenet.npz,32,100,cpu,cpu,1,1,0.044663,1.118710,0.000000
302,data/imagenet.npz,32,100,cpu,cpu,1,1,0.039477,0.411599,0.000000
303,data/imagenet.npz,32,100,cpu,cpu,1,1,0.053277,1.723716,0.000000
304,data/imagenet.npz,32,100,cpu,cpu,1,1,0.062548,1.980318,0.000000
305,data/imagenet.npz,32,100,cpu,cpu,1,1,0.060388,1.977990,0.000000
306,data/imagenet.npz,32,100,cpu,cpu,1,1,0.054306,1.241293,0.000000
307,data/imagenet.npz,32,100,cpu,cpu,1,1,0.050005,1.242436,0.000000
308,data/imagenet.npz,32,100,cpu,cpu,1,1,0.056801,1.949760,0.000000
309,data/imagenet.npz,32,100,cpu,cpu,1,1,0.090891,4.443398,0.000000
310,data/imagenet.npz,32,100,cpu,cpu,1,1,0.058321,1.963619,0.000000
311,data/imagenet.npz,32,100,cpu,cpu,1,1,0.053839,1.743896,0.000000
312,data/imagenet.npz,32,100,cpu,cpu,1,1,0.060329,1.842629,0.000000
313,data/imagenet.npz,32,100,cpu,cpu,1,1,0.051609,1.015247,0.000000
314,data/imagenet.npz,32,100,cpu,cpu,1,1,0.064590,2.533622,0.000000
315,data/imagenet.npz,32,100,cpu,cpu,1,1,0.056600,1.952940,0.000000
316,data/imagenet.npz,32,100,cpu,cpu,1,1,0.063144,1.981082,0.000000
317,data/imagenet.npz,32,100,cpu,cpu,1,1,0.053274,1.900906,0.000000
318,data/imagenet.npz,32,100,cpu,cpu,1,1,0.071034,3.180652,0.000000
319,data/imagenet.npz,32,100,cpu,cpu,1,1,0.106628,6.071835,0.000000
320,data/imagenet.npz,32,100,cpu,cpu,1,1,0.058969,1.983936,0.000000
321,data/imagenet.npz,32,100,cpu,cpu,1,1,0.066043,2.495455,0.000000
322,data/imagenet.npz,32,100,cpu,cpu,1,1,0.056348,1.751762,0.000000
323,data/imagenet.npz,32,100,cpu,cpu,1,1,0.058456,1.762293,0.000000
324,data/imagenet.npz,32,100,cpu,cpu,1,1,0.058235,1.446215,0.000000
325,data/imagenet.npz,32,100,cpu,cpu,1,1,0.063940,2.414074,0.000000
326,data/imagenet.npz,32,100,cpu,cpu,1,1,0.054644,1.731999,0.000000
327,data/imagenet.npz,32,100,cpu,cpu,1,1,0.046846,1.090268,0.000000
328,data/imagenet.npz,32,100,cpu,cpu,1,1,0.049153,1.251264,0.000000
329,data/imagenet.npz,32,100,cpu,cpu,1,1,0.052279,1.245493,0.000000
330,data/imagenet.npz,32,100,cpu,cpu,1,1,0.057241,1.697903,0.000000
331,data/imagenet.npz,32,100,cpu,cpu,1,1,0.052301,1.309850,0.000000
332,data/imagenet.npz,32,100,cpu,cpu,1,1,0.059503,1.934146,0.000000
333,data/imagenet.npz,32,100,cpu,cpu,1,1,0.060901,1.974475,0.000000
334,data/imagenet.npz,32,100,cpu,cpu,1,1,0.057601,1.974559,0.000000
335,data/imagenet.npz,32,100,cpu,cpu,1,1,0.054869,1.867564,0.000000
336,data/imagenet.npz,32,100,cpu,cpu,1,1,0.054581,1.506237,0.000000
337,data/imagenet.npz,32,100,cpu,cpu,1,1,0.054638,1.665412,0.000000
338,data/imagenet.npz,32,100,cpu,cpu,1,1,0.059293,1.720357,0.000000
339,data/imagenet.npz,32,100,cpu,cpu,1,1,0.055199,1.962850,0.000000
340,data/imagenet.npz,32,100,cpu,cpu,1,1,0.055934,1.729379,0.000000
341,data/imagenet.npz,32,100,cpu,cpu,1,1,0.064111,2.197100,0.000000
342,data/imagenet.npz,32,100,cpu,cpu,1,1,0.078461,4.019789,0.000000
343,data/imagenet.npz,32,100,cpu,cpu,1,1,0.061182,1.941282,0.000000
344,data/imagenet.npz,32,100,cpu,cpu,1,1,0.037590,0.295066,0.000000
345,data/imagenet.npz,32,100,cpu,cpu,1,1,0.059693,1.730030,0.000000
346,data/imagenet.npz,32,100,cpu,cpu,1,1,0.060421,1.929627,0.000000
347,data/imagenet.npz,32,100,cpu,cpu,1,1,0.037402,0.298301,0.000000
348,data/imagenet.npz,32,100,cpu,cpu,1,1,0.130360,7.840167,0.000000
349,data/imagenet.npz,32,100,cpu,cpu,1,1,0.049879,0.920408,0.000000
350,data/imagenet.npz,32,100,cpu,cpu,1,1,0.040498,0.571662,0.000000
351,data/imagenet.npz,32,100,cpu,cpu,1,1,0.053964,1.770939,0.000000
352,data/imagenet.npz,32,100,cpu,cpu,1,1,0.064002,1.998240,0.000000
353,data/imagenet.npz,32,100,cpu,cpu,1,1,0.063334,2.388719,0.000000
354,data/imagenet.npz,32,100,cpu,cpu,1,1,0.059017,2.019182,0.000000
355,data/imagenet.npz,32,100,cpu,cpu,1,1,0.040526,0.216704,0.000000
356,data/imagenet.npz,32,100,cpu,cpu,1,1,0.059691,1.777639,0.000000
357,data/imagenet.npz,32,100,cpu,cpu,1,1,0.059595,2.002351,0.000000
358,data/imagenet.npz,32,100,cpu,cpu,1,1,0.060095,1.962342,0.000000
359,data/imagenet.npz,32,100,cpu,cpu,1,1,0.047206,0.773414,0.000000
360,data/imagenet.npz,32,100,cpu,cpu,1,1,0.059432,1.959642,0.000000
361,data/imagenet.npz,32,100,cpu,cpu,1,1,0.062745,1.993438,0.000000
362,data/imagenet.npz,32,100,cpu,cpu,1,1,0.057398,1.948987,0.000000
363,data/imagenet.npz,32,100,cpu,cpu,1,1,0.056964,1.997934,0.000000
364,data/imagenet.npz,32,100,cpu,cpu,1,1,0.087255,3.691901,0.000000
365,data/imagenet.npz,32,100,cpu,cpu,1,1,0.060082,1.530554,0.000000
366,data/imagenet.npz,32,100,cpu,cpu,1,1,0.056754,1.980292,0.000000
367,data/imagenet.npz,32,100,cpu,cpu,1,1,0.090179,4.384860,0.000000
368,data/imagenet.npz,32,100,cpu,cpu,1,1,0.064590,1.993920,0.000000
369,data/imagenet.npz,32,100,cpu,cpu,1,1,0.061806,1.984983,0.000000
370,data/imagenet.npz,32,100,cpu,cpu,1,1,0.095323,5.003558,0.000000
371,data/imagenet.npz,32,100,cpu,cpu,1,1,0.062101,1.968172,0.000000
372,data/imagenet.npz,32,100,cpu,cpu,1,1,0.041625,0.102844,0.000000
373,data/imagenet.npz,32,100,cpu,cpu,1,1,0.060879,1.728471,0.000000
374,data/imagenet.npz,32,100,cpu,cpu,1,1,0.053506,1.631805,0.000000
