image_index,data_path,num_directions,num_timesteps,device_requested,device_used,batch_size,num_cores,complex_construction_time,computation_time,vectorization_time
0,data/imagenet.npz,4,1000,cpu,cpu,1,1,0.081948,3.352366,0.000000
1,data/imagenet.npz,4,1000,cpu,cpu,1,1,0.070380,4.396894,0.000000
2,data/imagenet.npz,4,1000,cpu,cpu,1,1,0.055077,2.769112,0.000000
3,data/imagenet.npz,4,1000,cpu,cpu,1,1,0.066043,2.588114,0.000000
4,data/imagenet.npz,4,1000,cpu,cpu,1,1,0.064432,2.996817,0.000000
5,data/imagenet.npz,4,1000,cpu,cpu,1,1,0.074487,3.965782,0.000000
6,data/imagenet.npz,4,1000,cpu,cpu,1,1,0.056139,3.216939,0.000000
7,data/imagenet.npz,4,1000,cpu,cpu,1,1,0.059244,2.914567,0.000000
8,data/imagenet.npz,4,1000,cpu,cpu,1,1,0.086691,4.992112,0.000000
9,data/imagenet.npz,4,1000,cpu,cpu,1,1,0.062622,3.543510,0.000000
10,data/imagenet.npz,4,1000,cpu,cpu,1,1,0.068826,4.060887,0.000000
11,data/imagenet.npz,4,1000,cpu,cpu,1,1,0.050051,2.364005,0.000000
12,data/imagenet.npz,4,1000,cpu,cpu,1,1,0.072462,4.111893,0.000000
13,data/imagenet.npz,4,1000,cpu,cpu,1,1,0.070097,3.031498,0.000000
14,data/imagenet.npz,4,1000,cpu,cpu,1,1,0.062961,3.028725,0.000000
15,data/imagenet.npz,4,1000,cpu,cpu,1,1,0.065792,2.889693,0.000000
16,data/imagenet.npz,4,1000,cpu,cpu,1,1,0.056309,2.774608,0.000000
17,data/imagenet.npz,4,1000,cpu,cpu,1,1,0.057356,3.894247,0.000000
18,data/imagenet.npz,4,1000,cpu,cpu,1,1,0.061517,2.677956,0.000000
19,data/imagenet.npz,4,1000,cpu,cpu,1,1,0.043967,1.088560,0.000000
20,data/imagenet.npz,4,1000,cpu,cpu,1,1,0.057624,4.888851,0.000000
21,data/imagenet.npz,4,1000,cpu,cpu,1,1,0.077071,3.392702,0.000000
22,data/imagenet.npz,4,1000,cpu,cpu,1,1,0.057061,2.637078,0.000000
23,data/imagenet.npz,4,1000,cpu,cpu,1,1,0.055050,2.318077,0.000000
24,data/imagenet.npz,4,1000,cpu,cpu,1,1,0.062207,3.418437,0.000000
25,data/imagenet.npz,4,1000,cpu,cpu,1,1,0.043140,1.161034,0.000000
26,data/imagenet.npz,4,1000,cpu,cpu,1,1,0.051276,2.251892,0.000000
27,data/imagenet.npz,4,1000,cpu,cpu,1,1,0.062009,3.222291,0.000000
28,data/imagenet.npz,4,1000,cpu,cpu,1,1,0.066933,2.789914,0.000000
29,data/imagenet.npz,4,1000,cpu,cpu,1,1,0.057242,2.564543,0.000000
30,data/imagenet.npz,4,1000,cpu,cpu,1,1,0.068088,4.681727,0.000000
31,data/imagenet.npz,4,1000,cpu,cpu,1,1,0.054881,3.234722,0.000000
32,data/imagenet.npz,4,1000,cpu,cpu,1,1,0.060194,3.180148,0.000000
33,data/imagenet.npz,4,1000,cpu,cpu,1,1,0.042250,0.391340,0.000000
34,data/imagenet.npz,4,1000,cpu,cpu,1,1,0.073361,2.712021,0.000000
35,data/imagenet.npz,4,1000,cpu,cpu,1,1,0.062761,4.160482,0.000000
36,data/imagenet.npz,4,1000,cpu,cpu,1,1,0.059835,2.863426,0.000000
37,data/imagenet.npz,4,1000,cpu,cpu,1,1,0.079158,3.660394,0.000000
38,data/imagenet.npz,4,1000,cpu,cpu,1,1,0.160614,44.562306,0.000000
39,data/imagenet.npz,4,1000,cpu,cpu,1,1,0.067780,3.071649,0.000000
40,data/imagenet.npz,4,1000,cpu,cpu,1,1,0.063912,2.865425,0.000000
41,data/imagenet.npz,4,1000,cpu,cpu,1,1,0.066502,3.151491,0.000000
42,data/imagenet.npz,4,1000,cpu,cpu,1,1,0.037322,0.487429,0.000000
43,data/imagenet.npz,4,1000,cpu,cpu,1,1,0.060386,3.104655,0.000000
44,data/imagenet.npz,4,1000,cpu,cpu,1,1,0.078474,4.111013,0.000000
45,data/imagenet.npz,4,1000,cpu,cpu,1,1,0.064639,3.673829,0.000000
46,data/imagenet.npz,4,1000,cpu,cpu,1,1,0.077559,5.875186,0.000000
47,data/imagenet.npz,4,1000,cpu,cpu,1,1,0.070670,2.980715,0.000000
48,data/imagenet.npz,4,1000,cpu,cpu,1,1,0.072515,3.459412,0.000000
49,data/imagenet.npz,4,1000,cpu,cpu,1,1,0.069864,3.632904,0.000000
50,data/imagenet.npz,4,1000,cpu,cpu,1,1,0.062428,3.796518,0.000000
51,data/imagenet.npz,4,1000,cpu,cpu,1,1,0.068217,3.420547,0.000000
52,data/imagenet.npz,4,1000,cpu,cpu,1,1,0.065974,2.833722,0.000000
53,data/imagenet.npz,4,1000,cpu,cpu,1,1,0.074643,4.747949,0.000000
54,data/imagenet.npz,4,1000,cpu,cpu,1,1,0.089744,11.981789,0.000000
55,data/imagenet.npz,4,1000,cpu,cpu,1,1,0.072921,3.108852,0.000000
56,data/imagenet.npz,4,1000,cpu,cpu,1,1,0.066718,3.735068,0.000000
57,data/imagenet.npz,4,1000,cpu,cpu,1,1,0.068091,3.994562,0.000000
58,data/imagenet.npz,4,1000,cpu,cpu,1,1,0.066988,2.766533,0.000000
59,data/imagenet.npz,4,1000,cpu,cpu,1,1,0.066369,4.005920,0.000000
60,data/imagenet.npz,4,1000,cpu,cpu,1,1,0.058865,2.445248,0.000000
61,data/imagenet.npz,4,1000,cpu,cpu,1,1,0.067041,2.515459,0.000000
62,data/imagenet.npz,4,1000,cpu,cpu,1,1,0.070838,4.398776,0.000000
63,data/imagenet.npz,4,1000,cpu,cpu,1,1,0.116185,7.689057,0.000000
64,data/imagenet.npz,4,1000,cpu,cpu,1,1,0.063720,2.661599,0.000000
65,data/imagenet.npz,4,1000,cpu,cpu,1,1,0.064634,3.132659,0.000000
66,data/imagenet.npz,4,1000,cpu,cpu,1,1,0.060404,4.047562,0.000000
67,data/imagenet.npz,4,1000,cpu,cpu,1,1,0.063134,3.217967,0.000000
68,data/imagenet.npz,4,1000,cpu,cpu,1,1,0.063060,2.763406,0.000000
69,data/imagenet.npz,4,1000,cpu,cpu,1,1,0.067863,2.618404,0.000000
70,data/imagenet.npz,4,1000,cpu,cpu,1,1,0.059410,2.798988,0.000000
71,data/imagenet.npz,4,1000,cpu,cpu,1,1,0.065649,2.649076,0.000000
72,data/imagenet.npz,4,1000,cpu,cpu,1,1,0.062216,3.083280,0.000000
73,data/imagenet.npz,4,1000,cpu,cpu,1,1,0.064881,4.201801,0.000000
74,data/imagenet.npz,4,1000,cpu,cpu,1,1,0.071226,4.253492,0.000000
75,data/imagenet.npz,4,1000,cpu,cpu,1,1,0.073854,4.246937,0.000000
76,data/imagenet.npz,4,1000,cpu,cpu,1,1,0.069911,4.086684,0.000000
77,data/imagenet.npz,4,1000,cpu,cpu,1,1,0.061480,2.869177,0.000000
78,data/imagenet.npz,4,1000,cpu,cpu,1,1,0.063511,2.610042,0.000000
79,data/imagenet.npz,4,1000,cpu,cpu,1,1,0.059744,3.308389,0.000000
80,data/imagenet.npz,4,1000,cpu,cpu,1,1,0.057519,3.235032,0.000000
81,data/imagenet.npz,4,1000,cpu,cpu,1,1,0.070276,4.093876,0.000000
82,data/imagenet.npz,4,1000,cpu,cpu,1,1,0.060753,3.102580,0.000000
83,data/imagenet.npz,4,1000,cpu,cpu,1,1,0.071712,2.824138,0.000000
84,data/imagenet.npz,4,1000,cpu,cpu,1,1,0.060660,3.270135,0.000000
85,data/imagenet.npz,4,1000,cpu,cpu,1,1,0.060357,2.879516,0.000000
86,data/imagenet.npz,4,1000,cpu,cpu,1,1,0.063487,3.403251,0.000000
87,data/imagenet.npz,4,1000,cpu,cpu,1,1,0.064506,3.571157,0.000000
88,data/imagenet.npz,4,1000,cpu,cpu,1,1,0.068597,4.023955,0.000000
89,data/imagenet.npz,4,1000,cpu,cpu,1,1,0.072524,3.233382,0.000000
90,data/imagenet.npz,4,1000,cpu,cpu,1,1,0.062213,2.404297,0.000000
91,data/imagenet.npz,4,1000,cpu,cpu,1,1,0.057642,2.502063,0.000000
92,data/imagenet.npz,4,1000,cpu,cpu,1,1,0.070082,3.006442,0.000000
93,data/imagenet.npz,4,1000,cpu,cpu,1,1,0.061503,2.359459,0.000000
94,data/imagenet.npz,4,1000,cpu,cpu,1,1,0.059338,3.722580,0.000000
95,data/imagenet.npz,4,1000,cpu,cpu,1,1,0.066036,3.631943,0.000000
96,data/imagenet.npz,4,1000,cpu,cpu,1,1,0.064701,2.447285,0.000000
97,data/imagenet.npz,4,1000,cpu,cpu,1,1,0.069271,2.793630,0.000000
98,data/imagenet.npz,4,1000,cpu,cpu,1,1,0.055003,1.858632,0.000000
99,data/imagenet.npz,4,1000,cpu,cpu,1,1,0.038417,0.332972,0.000000
100,data/imagenet.npz,4,1000,cpu,cpu,1,1,0.058842,2.444591,0.000000
101,data/imagenet.npz,4,1000,cpu,cpu,1,1,0.099662,7.365356,0.000000
102,data/imagenet.npz,4,1000,cpu,cpu,1,1,0.058838,3.645295,0.000000
103,data/imagenet.npz,4,1000,cpu,cpu,1,1,0.066362,3.184303,0.000000
104,data/imagenet.npz,4,1000,cpu,cpu,1,1,0.058212,2.978174,0.000000
105,data/imagenet.npz,4,1000,cpu,cpu,1,1,0.061959,2.846276,0.000000
106,data/imagenet.npz,4,1000,cpu,cpu,1,1,0.064819,2.492566,0.000000
107,data/imagenet.npz,4,1000,cpu,cpu,1,1,0.074747,3.978518,0.000000
108,data/imagenet.npz,4,1000,cpu,cpu,1,1,0.067343,2.642803,0.000000
109,data/imagenet.npz,4,1000,cpu,cpu,1,1,0.052989,2.215798,0.000000
110,data/imagenet.npz,4,1000,cpu,cpu,1,1,0.060597,2.320480,0.000000
111,data/imagenet.npz,4,1000,cpu,cpu,1,1,0.128542,11.504942,0.000000
112,data/imagenet.npz,4,1000,cpu,cpu,1,1,0.066656,3.362636,0.000000
113,data/imagenet.npz,4,1000,cpu,cpu,1,1,0.056946,2.796172,0.000000
114,data/imagenet.npz,4,1000,cpu,cpu,1,1,0.056514,2.750735,0.000000
115,data/imagenet.npz,4,1000,cpu,cpu,1,1,0.055257,1.750815,0.000000
116,data/imagenet.npz,4,1000,cpu,cpu,1,1,0.067745,2.435393,0.000000
117,data/imagenet.npz,4,1000,cpu,cpu,1,1,0.060322,3.006408,0.000000
118,data/imagenet.npz,4,1000,cpu,cpu,1,1,0.068890,3.505343,0.000000
119,data/imagenet.npz,4,1000,cpu,cpu,1,1,0.043408,1.021550,0.000000
120,data/imagenet.npz,4,1000,cpu,cpu,1,1,0.111743,9.026871,0.000000
121,data/imagenet.npz,4,1000,cpu,cpu,1,1,0.065298,2.784499,0.000000
122,data/imagenet.npz,4,1000,cpu,cpu,1,1,0.066527,2.701757,0.000000
123,data/imagenet.npz,4,1000,cpu,cpu,1,1,0.055813,3.354126,0.000000
124,data/imagenet.npz,4,1000,cpu,cpu,1,1,0.070868,3.892601,0.000000
125,data/imagenet.npz,4,1000,cpu,cpu,1,1,0.066674,2.734888,0.000000
126,data/imagenet.npz,4,1000,cpu,cpu,1,1,0.054257,2.104811,0.000000
127,data/imagenet.npz,4,1000,cpu,cpu,1,1,0.065927,3.054488,0.000000
128,data/imagenet.npz,4,1000,cpu,cpu,1,1,0.065415,2.322292,0.000000
129,data/imagenet.npz,4,1000,cpu,cpu,1,1,0.060079,2.336840,0.000000
130,data/imagenet.npz,4,1000,cpu,cpu,1,1,0.062513,2.929010,0.000000
131,data/imagenet.npz,4,1000,cpu,cpu,1,1,0.064075,2.769969,0.000000
132,data/imagenet.npz,4,1000,cpu,cpu,1,1,0.096173,6.766383,0.000000
133,data/imagenet.npz,4,1000,cpu,cpu,1,1,0.045431,0.500272,0.000000
134,data/imagenet.npz,4,1000,cpu,cpu,1,1,0.062134,2.377256,0.000000
135,data/imagenet.npz,4,1000,cpu,cpu,1,1,0.061832,3.088812,0.000000
136,data/imagenet.npz,4,1000,cpu,cpu,1,1,0.060287,2.777432,0.000000
137,data/imagenet.npz,4,1000,cpu,cpu,1,1,0.060898,2.641336,0.000000
138,data/imagenet.npz,4,1000,cpu,cpu,1,1,0.056992,3.206199,0.000000
139,data/imagenet.npz,4,1000,cpu,cpu,1,1,0.063542,3.147661,0.000000
140,data/imagenet.npz,4,1000,cpu,cpu,1,1,0.061955,3.880832,0.000000
141,data/imagenet.npz,4,1000,cpu,cpu,1,1,0.071628,3.287159,0.000000
142,data/imagenet.npz,4,1000,cpu,cpu,1,1,0.115076,10.697558,0.000000
143,data/imagenet.npz,4,1000,cpu,cpu,1,1,0.054582,1.833779,0.000000
144,data/imagenet.npz,4,1000,cpu,cpu,1,1,0.069949,3.334240,0.000000
145,data/imagenet.npz,4,1000,cpu,cpu,1,1,0.061673,3.107294,0.000000
146,data/imagenet.npz,4,1000,cpu,cpu,1,1,0.073883,4.509942,0.000000
147,data/imagenet.npz,4,1000,cpu,cpu,1,1,0.064173,4.567273,0.000000
148,data/imagenet.npz,4,1000,cpu,cpu,1,1,0.056429,2.207611,0.000000
149,data/imagenet.npz,4,1000,cpu,cpu,1,1,0.054151,1.298592,0.000000
150,data/imagenet.npz,4,1000,cpu,cpu,1,1,0.059451,2.037186,0.000000
151,data/imagenet.npz,4,1000,cpu,cpu,1,1,0.044516,1.125991,0.000000
152,data/imagenet.npz,4,1000,cpu,cpu,1,1,0.053249,1.501916,0.000000
153,data/imagenet.npz,4,1000,cpu,cpu,1,1,0.067707,2.913581,0.000000
154,data/imagenet.npz,4,1000,cpu,cpu,1,1,0.064815,2.672783,0.000000
155,data/imagenet.npz,4,1000,cpu,cpu,1,1,0.060757,2.645587,0.000000
156,data/imagenet.npz,4,1000,cpu,cpu,1,1,0.064343,2.762218,0.000000
157,data/imagenet.npz,4,1000,cpu,cpu,1,1,0.064123,3.231678,0.000000
158,data/imagenet.npz,4,1000,cpu,cpu,1,1,0.064457,2.997837,0.000000
159,data/imagenet.npz,4,1000,cpu,cpu,1,1,0.068377,3.496854,0.000000
160,data/imagenet.npz,4,1000,cpu,cpu,1,1,0.110516,8.201407,0.000000
161,data/imagenet.npz,4,1000,cpu,cpu,1,1,0.062645,2.343419,0.000000
162,data/imagenet.npz,4,1000,cpu,cpu,1,1,0.069240,2.713364,0.000000
163,data/imagenet.npz,4,1000,cpu,cpu,1,1,0.055798,2.357366,0.000000
164,data/imagenet.npz,4,1000,cpu,cpu,1,1,0.055563,2.634698,0.000000
165,data/imagenet.npz,4,1000,cpu,cpu,1,1,0.061516,2.334689,0.000000
166,data/imagenet.npz,4,1000,cpu,cpu,1,1,0.065922,2.945132,0.000000
167,data/imagenet.npz,4,1000,cpu,cpu,1,1,0.070067,3.003963,0.000000
168,data/imagenet.npz,4,1000,cpu,cpu,1,1,0.058910,3.235628,0.000000
169,data/imagenet.npz,4,1000,cpu,cpu,1,1,0.077848,3.960838,0.000000
170,data/imagenet.npz,4,1000,cpu,cpu,1,1,0.061541,3.172936,0.000000
171,data/imagenet.npz,4,1000,cpu,cpu,1,1,0.074153,3.925276,0.000000
172,data/imagenet.npz,4,1000,cpu,cpu,1,1,0.067441,3.218971,0.000000
173,data/imagenet.npz,4,1000,cpu,cpu,1,1,0.064434,2.505152,0.000000
174,data/imagenet.npz,4,1000,cpu,cpu,1,1,0.056677,1.982769,0.000000
175,data/imagenet.npz,4,1000,cpu,cpu,1,1,0.061212,2.809129,0.000000
176,data/imagenet.npz,4,1000,cpu,cpu,1,1,0.064835,2.279720,0.000000
177,data/imagenet.npz,4,1000,cpu,cpu,1,1,0.062797,2.915294,0.000000
178,data/imagenet.npz,4,1000,cpu,cpu,1,1,0.074684,2.693268,0.000000
179,data/imagenet.npz,4,1000,cpu,cpu,1,1,0.061288,2.935085,0.000000
180,data/imagenet.npz,4,1000,cpu,cpu,1,1,0.072022,4.630768,0.000000
181,data/imagenet.npz,4,1000,cpu,cpu,1,1,0.065534,3.300895,0.000000
182,data/imagenet.npz,4,1000,cpu,cpu,1,1,0.055644,2.494229,0.000000
183,data/imagenet.npz,4,1000,cpu,cpu,1,1,0.067174,3.009164,0.000000
184,data/imagenet.npz,4,1000,cpu,cpu,1,1,0.070600,2.854822,0.000000
185,data/imagenet.npz,4,1000,cpu,cpu,1,1,0.070562,2.727624,0.000000
186,data/imagenet.npz,4,1000,cpu,cpu,1,1,0.058620,3.169810,0.000000
187,data/imagenet.npz,4,1000,cpu,cpu,1,1,0.063619,2.929274,0.000000
188,data/imagenet.npz,4,1000,cpu,cpu,1,1,0.067244,3.653488,0.000000
189,data/imagenet.npz,4,1000,cpu,cpu,1,1,0.133721,8.854463,0.000000
190,data/imagenet.npz,4,1000,cpu,cpu,1,1,0.059630,2.590943,0.000000
191,data/imagenet.npz,4,1000,cpu,cpu,1,1,0.179655,18.920698,0.000000
192,data/imagenet.npz,4,1000,cpu,cpu,1,1,0.095781,7.303001,0.000000
193,data/imagenet.npz,4,1000,cpu,cpu,1,1,0.062909,2.811072,0.000000
194,data/imagenet.npz,4,1000,cpu,cpu,1,1,0.077055,3.218067,0.000000
195,data/imagenet.npz,4,1000,cpu,cpu,1,1,0.044213,1.112134,0.000000
196,data/imagenet.npz,4,1000,cpu,cpu,1,1,0.061596,2.573313,0.000000
197,data/imagenet.npz,4,1000,cpu,cpu,1,1,0.060704,2.167710,0.000000
198,data/imagenet.npz,4,1000,cpu,cpu,1,1,0.065115,2.764350,0.000000
199,data/imagenet.npz,4,1000,cpu,cpu,1,1,0.047316,1.185504,0.000000
200,data/imagenet.npz,4,1000,cpu,cpu,1,1,0.060884,2.554658,0.000000
201,data/imagenet.npz,4,1000,cpu,cpu,1,1,0.068132,2.577319,0.000000
202,data/imagenet.npz,4,1000,cpu,cpu,1,1,0.060679,3.501153,0.000000
203,data/imagenet.npz,4,1000,cpu,cpu,1,1,0.042849,0.561193,0.000000
204,data/imagenet.npz,4,1000,cpu,cpu,1,1,0.063085,2.813470,0.000000
205,data/imagenet.npz,4,1000,cpu,cpu,1,1,0.063403,2.819351,0.000000
206,data/imagenet.npz,4,1000,cpu,cpu,1,1,0.073427,3.787768,0.000000
207,data/imagenet.npz,4,1000,cpu,cpu,1,1,0.105078,5.623544,0.000000
208,data/imagenet.npz,4,1000,cpu,cpu,1,1,0.064546,4.300745,0.000000
209,data/imagenet.npz,4,1000,cpu,cpu,1,1,0.072348,3.516758,0.000000
210,data/imagenet.npz,4,1000,cpu,cpu,1,1,0.042620,0.799127,0.000000
211,data/imagenet.npz,4,1000,cpu,cpu,1,1,0.069536,2.810129,0.000000
212,data/imagenet.npz,4,1000,cpu,cpu,1,1,0.062145,2.621522,0.000000
213,data/imagenet.npz,4,1000,cpu,cpu,1,1,0.060963,2.260526,0.000000
214,data/imagenet.npz,4,1000,cpu,cpu,1,1,0.062172,2.336305,0.000000
215,data/imagenet.npz,4,1000,cpu,cpu,1,1,0.062425,2.620974,0.000000
216,data/imagenet.npz,4,1000,cpu,cpu,1,1,0.060176,2.986571,0.000000
217,data/imagenet.npz,4,1000,cpu,cpu,1,1,0.041025,0.590456,0.000000
218,data/imagenet.npz,4,1000,cpu,cpu,1,1,0.069935,3.112528,0.000000
219,data/imagenet.npz,4,1000,cpu,cpu,1,1,0.062520,3.208540,0.000000
220,data/imagenet.npz,4,1000,cpu,cpu,1,1,0.058991,3.043644,0.000000
221,data/imagenet.npz,4,1000,cpu,cpu,1,1,0.064504,2.261580,0.000000
222,data/imagenet.npz,4,1000,cpu,cpu,1,1,0.062385,2.931500,0.000000
223,data/imagenet.npz,4,1000,cpu,cpu,1,1,0.089825,6.863273,0.000000
224,data/imagenet.npz,4,1000,cpu,cpu,1,1,0.063830,3.246293,0.000000
225,data/imagenet.npz,4,1000,cpu,cpu,1,1,0.064163,2.518047,0.000000
226,data/imagenet.npz,4,1000,cpu,cpu,1,1,0.067024,3.338716,0.000000
227,data/imagenet.npz,4,1000,cpu,cpu,1,1,0.060207,2.712155,0.000000
228,data/imagenet.npz,4,1000,cpu,cpu,1,1,0.060755,2.915850,0.000000
229,data/imagenet.npz,4,1000,cpu,cpu,1,1,0.065745,2.517620,0.000000
230,data/imagenet.npz,4,1000,cpu,cpu,1,1,0.066822,2.872427,0.000000
231,data/imagenet.npz,4,1000,cpu,cpu,1,1,0.072432,4.419829,0.000000
232,data/imagenet.npz,4,1000,cpu,cpu,1,1,0.062262,2.831917,0.000000
233,data/imagenet.npz,4,1000,cpu,cpu,1,1,0.074408,3.297128,0.000000
234,data/imagenet.npz,4,1000,cpu,cpu,1,1,0.059820,2.647310,0.000000
235,data/imagenet.npz,4,1000,cpu,cpu,1,1,0.057877,3.823390,0.000000
236,data/imagenet.npz,4,1000,cpu,cpu,1,1,0.059455,2.968362,0.000000
237,data/imagenet.npz,4,1000,cpu,cpu,1,1,0.071853,3.308084,0.000000
238,data/imagenet.npz,4,1000,cpu,cpu,1,1,0.043708,0.718753,0.000000
239,data/imagenet.npz,4,1000,cpu,cpu,1,1,0.056967,2.620340,0.000000
240,data/imagenet.npz,4,1000,cpu,cpu,1,1,0.059899,2.891097,0.000000
241,data/imagenet.npz,4,1000,cpu,cpu,1,1,0.064316,2.880952,0.000000
242,data/imagenet.npz,4,1000,cpu,cpu,1,1,0.065988,2.593030,0.000000
243,data/imagenet.npz,4,1000,cpu,cpu,1,1,0.088496,5.147150,0.000000
244,data/imagenet.npz,4,1000,cpu,cpu,1,1,0.059079,2.785614,0.000000
245,data/imagenet.npz,4,1000,cpu,cpu,1,1,0.066713,2.636063,0.000000
246,data/imagenet.npz,4,1000,cpu,cpu,1,1,0.064133,2.928325,0.000000
247,data/imagenet.npz,4,1000,cpu,cpu,1,1,0.061533,2.320028,0.000000
248,data/imagenet.npz,4,1000,cpu,cpu,1,1,0.094677,7.147794,0.000000
249,data/imagenet.npz,4,1000,cpu,cpu,1,1,0.098289,7.926379,0.000000
250,data/imagenet.npz,4,1000,cpu,cpu,1,1,0.185844,13.270620,0.000000
251,data/imagenet.npz,4,1000,cpu,cpu,1,1,0.068427,3.042964,0.000000
252,data/imagenet.npz,4,1000,cpu,cpu,1,1,0.058815,2.642707,0.000000
253,data/imagenet.npz,4,1000,cpu,cpu,1,1,0.050574,1.703203,0.000000
254,data/imagenet.npz,4,1000,cpu,cpu,1,1,0.062296,2.876430,0.000000
255,data/imagenet.npz,4,1000,cpu,cpu,1,1,0.106396,7.277243,0.000000
256,data/imagenet.npz,4,1000,cpu,cpu,1,1,0.075833,3.614845,0.000000
257,data/imagenet.npz,4,1000,cpu,cpu,1,1,0.064419,2.453559,0.000000
258,data/imagenet.npz,4,1000,cpu,cpu,1,1,0.055592,2.406260,0.000000
259,data/imagenet.npz,4,1000,cpu,cpu,1,1,0.072199,3.582967,0.000000
260,data/imagenet.npz,4,1000,cpu,cpu,1,1,0.070293,2.562836,0.000000
261,data/imagenet.npz,4,1000,cpu,cpu,1,1,0.045086,0.895681,0.000000
262,data/imagenet.npz,4,1000,cpu,cpu,1,1,0.061450,2.307359,0.000000
263,data/imagenet.npz,4,1000,cpu,cpu,1,1,0.054087,1.533111,0.000000
264,data/imagenet.npz,4,1000,cpu,cpu,1,1,0.063218,2.359864,0.000000
265,data/imagenet.npz,4,1000,cpu,cpu,1,1,0.060946,2.599620,0.000000
266,data/imagenet.npz,4,1000,cpu,cpu,1,1,0.056628,1.268721,0.000000
267,data/imagenet.npz,4,1000,cpu,cpu,1,1,0.060421,2.721206,0.000000
268,data/imagenet.npz,4,1000,cpu,cpu,1,1,0.054563,2.013608,0.000000
269,data/imagenet.npz,4,1000,cpu,cpu,1,1,0.061622,2.312464,0.000000
270,data/imagenet.npz,4,1000,cpu,cpu,1,1,0.049806,1.274363,0.000000
271,data/imagenet.npz,4,1000,cpu,cpu,1,1,0.057182,2.465190,0.000000
272,data/imagenet.npz,4,1000,cpu,cpu,1,1,0.057948,2.428424,0.000000
273,data/imagenet.npz,4,1000,cpu,cpu,1,1,0.067684,2.752034,0.000000
274,data/imagenet.npz,4,1000,cpu,cpu,1,1,0.053596,2.165087,0.000000
275,data/imagenet.npz,4,1000,cpu,cpu,1,1,0.067482,3.303221,0.000000
276,data/imagenet.npz,4,1000,cpu,cpu,1,1,0.062693,2.794177,0.000000
277,data/imagenet.npz,4,1000,cpu,cpu,1,1,0.061566,3.186106,0.000000
278,data/imagenet.npz,4,1000,cpu,cpu,1,1,0.097720,8.247536,0.000000
279,data/imagenet.npz,4,1000,cpu,cpu,1,1,0.073758,3.618860,0.000000
280,data/imagenet.npz,4,1000,cpu,cpu,1,1,0.058227,2.485586,0.000000
281,data/imagenet.npz,4,1000,cpu,cpu,1,1,0.039927,0.444864,0.000000
282,data/imagenet.npz,4,1000,cpu,cpu,1,1,0.090955,5.926558,0.000000
283,data/imagenet.npz,4,1000,cpu,cpu,1,1,0.058820,2.941068,0.000000
284,data/imagenet.npz,4,1000,cpu,cpu,1,1,0.065455,3.423935,0.000000
285,data/imagenet.npz,4,1000,cpu,cpu,1,1,0.066862,3.524843,0.000000
286,data/imagenet.npz,4,1000,cpu,cpu,1,1,0.060798,3.902293,0.000000
287,data/imagenet.npz,4,1000,cpu,cpu,1,1,0.064053,2.884856,0.000000
288,data/imagenet.npz,4,1000,cpu,cpu,1,1,0.075519,3.434691,0.000000
289,data/imagenet.npz,4,1000,cpu,cpu,1,1,0.056096,2.452144,0.000000
290,data/imagenet.npz,4,1000,cpu,cpu,1,1,0.061915,2.710130,0.000000
291,data/imagenet.npz,4,1000,cpu,cpu,1,1,0.066907,2.159438,0.000000
292,data/imagenet.npz,4,1000,cpu,cpu,1,1,0.067467,2.867981,0.000000
293,data/imagenet.npz,4,1000,cpu,cpu,1,1,0.071126,4.388167,0.000000
294,data/imagenet.npz,4,1000,cpu,cpu,1,1,0.048749,0.722281,0.000000
295,data/imagenet.npz,4,1000,cpu,cpu,1,1,0.067943,2.484501,0.000000
296,data/imagenet.npz,4,1000,cpu,cpu,1,1,0.057935,2.442113,0.000000
297,data/imagenet.npz,4,1000,cpu,cpu,1,1,0.065599,2.809627,0.000000
298,data/imagenet.npz,4,1000,cpu,cpu,1,1,0.078250,4.877940,0.000000
299,data/imagenet.npz,4,1000,cpu,cpu,1,1,0.062544,2.882230,0.000000
300,data/imagenet.npz,4,1000,cpu,cpu,1,1,0.047089,0.439367,0.000000
301,data/imagenet.npz,4,1000,cpu,cpu,1,1,0.053638,1.582292,0.000000
302,data/imagenet.npz,4,1000,cpu,cpu,1,1,0.042003,0.700122,0.000000
303,data/imagenet.npz,4,1000,cpu,cpu,1,1,0.062448,2.622747,0.000000
304,data/imagenet.npz,4,1000,cpu,cpu,1,1,0.065202,2.737524,0.000000
305,data/imagenet.npz,4,1000,cpu,cpu,1,1,0.065606,2.860276,0.000000
306,data/imagenet.npz,4,1000,cpu,cpu,1,1,0.057914,2.178651,0.000000
307,data/imagenet.npz,4,1000,cpu,cpu,1,1,0.056330,1.889161,0.000000
308,data/imagenet.npz,4,1000,cpu,cpu,1,1,0.068209,2.824771,0.000000
309,data/imagenet.npz,4,1000,cpu,cpu,1,1,0.111088,7.284350,0.000000
310,data/imagenet.npz,4,1000,cpu,cpu,1,1,0.065723,2.544050,0.000000
311,data/imagenet.npz,4,1000,cpu,cpu,1,1,0.063149,2.831236,0.000000
312,data/imagenet.npz,4,1000,cpu,cpu,1,1,0.057475,2.766857,0.000000
313,data/imagenet.npz,4,1000,cpu,cpu,1,1,0.057212,1.621513,0.000000
314,data/imagenet.npz,4,1000,cpu,cpu,1,1,0.068786,3.729815,0.000000
315,data/imagenet.npz,4,1000,cpu,cpu,1,1,0.061491,2.977820,0.000000
316,data/imagenet.npz,4,1000,cpu,cpu,1,1,0.059098,2.919035,0.000000
317,data/imagenet.npz,4,1000,cpu,cpu,1,1,0.070679,2.815899,0.000000
318,data/imagenet.npz,4,1000,cpu,cpu,1,1,0.074874,4.597901,0.000000
319,data/imagenet.npz,4,1000,cpu,cpu,1,1,0.108566,8.933184,0.000000
320,data/imagenet.npz,4,1000,cpu,cpu,1,1,0.069466,2.995870,0.000000
321,data/imagenet.npz,4,1000,cpu,cpu,1,1,0.066423,4.227640,0.000000
322,data/imagenet.npz,4,1000,cpu,cpu,1,1,0.070804,2.960747,0.000000
323,data/imagenet.npz,4,1000,cpu,cpu,1,1,0.065913,2.827808,0.000000
324,data/imagenet.npz,4,1000,cpu,cpu,1,1,0.059667,2.168359,0.000000
325,data/imagenet.npz,4,1000,cpu,cpu,1,1,0.063936,4.423178,0.000000
326,data/imagenet.npz,4,1000,cpu,cpu,1,1,0.065693,2.871786,0.000000
327,data/imagenet.npz,4,1000,cpu,cpu,1,1,0.061479,1.483921,0.000000
328,data/imagenet.npz,4,1000,cpu,cpu,1,1,0.056639,2.040916,0.000000
329,data/imagenet.npz,4,1000,cpu,cpu,1,1,0.049877,2.098579,0.000000
330,data/imagenet.npz,4,1000,cpu,cpu,1,1,0.062505,3.075031,0.000000
331,data/imagenet.npz,4,1000,cpu,cpu,1,1,0.062631,1.988596,0.000000
332,data/imagenet.npz,4,1000,cpu,cpu,1,1,0.069328,3.123403,0.000000
333,data/imagenet.npz,4,1000,cpu,cpu,1,1,0.070986,2.741482,0.000000
334,data/imagenet.npz,4,1000,cpu,cpu,1,1,0.059401,2.841946,0.000000
335,data/imagenet.npz,4,1000,cpu,cpu,1,1,0.059605,2.699888,0.000000
336,data/imagenet.npz,4,1000,cpu,cpu,1,1,0.062711,2.664851,0.000000
337,data/imagenet.npz,4,1000,cpu,cpu,1,1,0.068383,2.251859,0.000000
338,data/imagenet.npz,4,1000,cpu,cpu,1,1,0.057166,2.550750,0.000000
339,data/imagenet.npz,4,1000,cpu,cpu,1,1,0.055941,2.649528,0.000000
340,data/imagenet.npz,4,1000,cpu,cpu,1,1,0.060443,2.481088,0.000000
341,data/imagenet.npz,4,1000,cpu,cpu,1,1,0.074351,3.367819,0.000000
342,data/imagenet.npz,4,1000,cpu,cpu,1,1,0.090435,6.523817,0.000000
343,data/imagenet.npz,4,1000,cpu,cpu,1,1,0.064773,2.691288,0.000000
344,data/imagenet.npz,4,1000,cpu,cpu,1,1,0.047675,0.482211,0.000000
345,data/imagenet.npz,4,1000,cpu,cpu,1,1,0.059766,2.653820,0.000000
346,data/imagenet.npz,4,1000,cpu,cpu,1,1,0.065854,2.718850,0.000000
347,data/imagenet.npz,4,1000,cpu,cpu,1,1,0.039426,0.489838,0.000000
348,data/imagenet.npz,4,1000,cpu,cpu,1,1,0.141850,12.928201,0.000000
349,data/imagenet.npz,4,1000,cpu,cpu,1,1,0.055184,1.536829,0.000000
350,data/imagenet.npz,4,1000,cpu,cpu,1,1,0.040992,0.883126,0.000000
351,data/imagenet.npz,4,1000,cpu,cpu,1,1,0.065342,2.970599,0.000000
352,data/imagenet.npz,4,1000,cpu,cpu,1,1,0.071540,3.410311,0.000000
353,data/imagenet.npz,4,1000,cpu,cpu,1,1,0.071803,3.603449,0.000000
354,data/imagenet.npz,4,1000,cpu,cpu,1,1,0.061393,3.469191,0.000000
355,data/imagenet.npz,4,1000,cpu,cpu,1,1,0.042131,0.353301,0.000000
356,data/imagenet.npz,4,1000,cpu,cpu,1,1,0.055027,2.621464,0.000000
357,data/imagenet.npz,4,1000,cpu,cpu,1,1,0.062965,2.922297,0.000000
358,data/imagenet.npz,4,1000,cpu,cpu,1,1,0.067262,2.733369,0.000000
359,data/imagenet.npz,4,1000,cpu,cpu,1,1,0.045660,1.457525,0.000000
360,data/imagenet.npz,4,1000,cpu,cpu,1,1,0.059786,2.991574,0.000000
361,data/imagenet.npz,4,1000,cpu,cpu,1,1,0.059872,2.995479,0.000000
362,data/imagenet.npz,4,1000,cpu,cpu,1,1,0.069647,2.834141,0.000000
363,data/imagenet.npz,4,1000,cpu,cpu,1,1,0.072458,3.554322,0.000000
364,data/imagenet.npz,4,1000,cpu,cpu,1,1,0.105569,6.321518,0.000000
365,data/imagenet.npz,4,1000,cpu,cpu,1,1,0.057096,2.442014,0.000000
366,data/imagenet.npz,4,1000,cpu,cpu,1,1,0.055917,2.573101,0.000000
367,data/imagenet.npz,4,1000,cpu,cpu,1,1,0.088299,7.637638,0.000000
368,data/imagenet.npz,4,1000,cpu,cpu,1,1,0.072718,2.560257,0.000000
369,data/imagenet.npz,4,1000,cpu,cpu,1,1,0.059707,3.167027,0.000000
370,data/imagenet.npz,4,1000,cpu,cpu,1,1,0.108237,8.381743,0.000000
371,data/imagenet.npz,4,1000,cpu,cpu,1,1,0.064158,2.648776,0.000000
372,data/imagenet.npz,4,1000,cpu,cpu,1,1,0.039129,0.225164,0.000000
373,data/imagenet.npz,4,1000,cpu,cpu,1,1,0.061954,3.463119,0.000000
374,data/imagenet.npz,4,1000,cpu,cpu,1,1,0.056102,2.751094,0.000000
