image_index,data_path,num_directions,num_timesteps,device_requested,device_used,batch_size,num_cores,complex_construction_time,computation_time,vectorization_time
0,data/imagenet.npz,64,10,cuda,cuda,1,1,0.073127,0.006628,0.000000
1,data/imagenet.npz,64,10,cuda,cuda,1,1,0.001262,0.006709,0.000000
2,data/imagenet.npz,64,10,cuda,cuda,1,1,0.001292,0.004270,0.000000
3,data/imagenet.npz,64,10,cuda,cuda,1,1,0.001207,0.004369,0.000000
4,data/imagenet.npz,64,10,cuda,cuda,1,1,0.001593,0.005172,0.000000
5,data/imagenet.npz,64,10,cuda,cuda,1,1,0.001205,0.004743,0.000000
6,data/imagenet.npz,64,10,cuda,cuda,1,1,0.001197,0.004378,0.000000
7,data/imagenet.npz,64,10,cuda,cuda,1,1,0.001201,0.004109,0.000000
8,data/imagenet.npz,64,10,cuda,cuda,1,1,0.001200,0.007979,0.000000
9,data/imagenet.npz,64,10,cuda,cuda,1,1,0.001453,0.004370,0.000000
10,data/imagenet.npz,64,10,cuda,cuda,1,1,0.001208,0.004275,0.000000
11,data/imagenet.npz,64,10,cuda,cuda,1,1,0.001622,0.002757,0.000000
12,data/imagenet.npz,64,10,cuda,cuda,1,1,0.001218,0.004911,0.000000
13,data/imagenet.npz,64,10,cuda,cuda,1,1,0.001192,0.004785,0.000000
14,data/imagenet.npz,64,10,cuda,cuda,1,1,0.001183,0.005110,0.000000
15,data/imagenet.npz,64,10,cuda,cuda,1,1,0.001205,0.004944,0.000000
16,data/imagenet.npz,64,10,cuda,cuda,1,1,0.001224,0.007098,0.000000
17,data/imagenet.npz,64,10,cuda,cuda,1,1,0.001186,0.004597,0.000000
18,data/imagenet.npz,64,10,cuda,cuda,1,1,0.001219,0.004279,0.000000
19,data/imagenet.npz,64,10,cuda,cuda,1,1,0.001194,0.002038,0.000000
20,data/imagenet.npz,64,10,cuda,cuda,1,1,0.001223,0.004970,0.000000
21,data/imagenet.npz,64,10,cuda,cuda,1,1,0.001201,0.004802,0.000000
22,data/imagenet.npz,64,10,cuda,cuda,1,1,0.001194,0.004281,0.000000
23,data/imagenet.npz,64,10,cuda,cuda,1,1,0.001207,0.003619,0.000000
24,data/imagenet.npz,64,10,cuda,cuda,1,1,0.001198,0.004799,0.000000
25,data/imagenet.npz,64,10,cuda,cuda,1,1,0.001195,0.002081,0.000000
26,data/imagenet.npz,64,10,cuda,cuda,1,1,0.001190,0.003487,0.000000
27,data/imagenet.npz,64,10,cuda,cuda,1,1,0.001222,0.004810,0.000000
28,data/imagenet.npz,64,10,cuda,cuda,1,1,0.001219,0.006492,0.000000
29,data/imagenet.npz,64,10,cuda,cuda,1,1,0.001204,0.003788,0.000000
30,data/imagenet.npz,64,10,cuda,cuda,1,1,0.001202,0.004823,0.000000
31,data/imagenet.npz,64,10,cuda,cuda,1,1,0.001185,0.004375,0.000000
32,data/imagenet.npz,64,10,cuda,cuda,1,1,0.001204,0.004915,0.000000
33,data/imagenet.npz,64,10,cuda,cuda,1,1,0.001199,0.000764,0.000000
34,data/imagenet.npz,64,10,cuda,cuda,1,1,0.001207,0.004367,0.000000
35,data/imagenet.npz,64,10,cuda,cuda,1,1,0.001211,0.004868,0.000000
36,data/imagenet.npz,64,10,cuda,cuda,1,1,0.001207,0.004357,0.000000
37,data/imagenet.npz,64,10,cuda,cuda,1,1,0.001195,0.006514,0.000000
38,data/imagenet.npz,64,10,cuda,cuda,1,1,0.001313,0.019802,0.000000
39,data/imagenet.npz,64,10,cuda,cuda,1,1,0.001201,0.004546,0.000000
40,data/imagenet.npz,64,10,cuda,cuda,1,1,0.001192,0.004916,0.000000
41,data/imagenet.npz,64,10,cuda,cuda,1,1,0.001186,0.004276,0.000000
42,data/imagenet.npz,64,10,cuda,cuda,1,1,0.001202,0.000428,0.000000
43,data/imagenet.npz,64,10,cuda,cuda,1,1,0.001213,0.004877,0.000000
44,data/imagenet.npz,64,10,cuda,cuda,1,1,0.001226,0.005115,0.000000
45,data/imagenet.npz,64,10,cuda,cuda,1,1,0.001201,0.007102,0.000000
46,data/imagenet.npz,64,10,cuda,cuda,1,1,0.001204,0.006923,0.000000
47,data/imagenet.npz,64,10,cuda,cuda,1,1,0.001191,0.004907,0.000000
48,data/imagenet.npz,64,10,cuda,cuda,1,1,0.001205,0.004790,0.000000
49,data/imagenet.npz,64,10,cuda,cuda,1,1,0.001188,0.005191,0.000000
50,data/imagenet.npz,64,10,cuda,cuda,1,1,0.001199,0.005275,0.000000
51,data/imagenet.npz,64,10,cuda,cuda,1,1,0.001194,0.004810,0.000000
52,data/imagenet.npz,64,10,cuda,cuda,1,1,0.001195,0.004690,0.000000
53,data/imagenet.npz,64,10,cuda,cuda,1,1,0.001207,0.007002,0.000000
54,data/imagenet.npz,64,10,cuda,cuda,1,1,0.001192,0.009965,0.000000
55,data/imagenet.npz,64,10,cuda,cuda,1,1,0.001210,0.004911,0.000000
56,data/imagenet.npz,64,10,cuda,cuda,1,1,0.001196,0.005791,0.000000
57,data/imagenet.npz,64,10,cuda,cuda,1,1,0.001180,0.004476,0.000000
58,data/imagenet.npz,64,10,cuda,cuda,1,1,0.001225,0.004340,0.000000
59,data/imagenet.npz,64,10,cuda,cuda,1,1,0.001191,0.007079,0.000000
60,data/imagenet.npz,64,10,cuda,cuda,1,1,0.001197,0.003506,0.000000
61,data/imagenet.npz,64,10,cuda,cuda,1,1,0.001189,0.003887,0.000000
62,data/imagenet.npz,64,10,cuda,cuda,1,1,0.001188,0.004316,0.000000
63,data/imagenet.npz,64,10,cuda,cuda,1,1,0.001208,0.011531,0.000000
64,data/imagenet.npz,64,10,cuda,cuda,1,1,0.001190,0.004430,0.000000
65,data/imagenet.npz,64,10,cuda,cuda,1,1,0.001199,0.004427,0.000000
66,data/imagenet.npz,64,10,cuda,cuda,1,1,0.001187,0.004538,0.000000
67,data/imagenet.npz,64,10,cuda,cuda,1,1,0.001196,0.004808,0.000000
68,data/imagenet.npz,64,10,cuda,cuda,1,1,0.001199,0.004573,0.000000
69,data/imagenet.npz,64,10,cuda,cuda,1,1,0.001210,0.004352,0.000000
70,data/imagenet.npz,64,10,cuda,cuda,1,1,0.001190,0.004782,0.000000
71,data/imagenet.npz,64,10,cuda,cuda,1,1,0.001216,0.004913,0.000000
72,data/imagenet.npz,64,10,cuda,cuda,1,1,0.001207,0.004809,0.000000
73,data/imagenet.npz,64,10,cuda,cuda,1,1,0.001198,0.004791,0.000000
74,data/imagenet.npz,64,10,cuda,cuda,1,1,0.001206,0.004916,0.000000
75,data/imagenet.npz,64,10,cuda,cuda,1,1,0.001191,0.007325,0.000000
76,data/imagenet.npz,64,10,cuda,cuda,1,1,0.001189,0.006853,0.000000
77,data/imagenet.npz,64,10,cuda,cuda,1,1,0.001205,0.004880,0.000000
78,data/imagenet.npz,64,10,cuda,cuda,1,1,0.001200,0.006324,0.000000
79,data/imagenet.npz,64,10,cuda,cuda,1,1,0.001184,0.004348,0.000000
80,data/imagenet.npz,64,10,cuda,cuda,1,1,0.001199,0.004911,0.000000
81,data/imagenet.npz,64,10,cuda,cuda,1,1,0.001199,0.006176,0.000000
82,data/imagenet.npz,64,10,cuda,cuda,1,1,0.001194,0.004797,0.000000
83,data/imagenet.npz,64,10,cuda,cuda,1,1,0.001202,0.004863,0.000000
84,data/imagenet.npz,64,10,cuda,cuda,1,1,0.001213,0.004808,0.000000
85,data/imagenet.npz,64,10,cuda,cuda,1,1,0.001183,0.004270,0.000000
86,data/imagenet.npz,64,10,cuda,cuda,1,1,0.001202,0.005274,0.000000
87,data/imagenet.npz,64,10,cuda,cuda,1,1,0.001195,0.006004,0.000000
88,data/imagenet.npz,64,10,cuda,cuda,1,1,0.001198,0.005366,0.000000
89,data/imagenet.npz,64,10,cuda,cuda,1,1,0.001190,0.004918,0.000000
90,data/imagenet.npz,64,10,cuda,cuda,1,1,0.001218,0.006311,0.000000
91,data/imagenet.npz,64,10,cuda,cuda,1,1,0.001191,0.003686,0.000000
92,data/imagenet.npz,64,10,cuda,cuda,1,1,0.001208,0.004367,0.000000
93,data/imagenet.npz,64,10,cuda,cuda,1,1,0.001201,0.004005,0.000000
94,data/imagenet.npz,64,10,cuda,cuda,1,1,0.001187,0.004917,0.000000
95,data/imagenet.npz,64,10,cuda,cuda,1,1,0.001193,0.004268,0.000000
96,data/imagenet.npz,64,10,cuda,cuda,1,1,0.001190,0.004335,0.000000
97,data/imagenet.npz,64,10,cuda,cuda,1,1,0.001189,0.004319,0.000000
98,data/imagenet.npz,64,10,cuda,cuda,1,1,0.001210,0.003314,0.000000
99,data/imagenet.npz,64,10,cuda,cuda,1,1,0.001196,0.000656,0.000000
100,data/imagenet.npz,64,10,cuda,cuda,1,1,0.001186,0.004344,0.000000
101,data/imagenet.npz,64,10,cuda,cuda,1,1,0.001215,0.011769,0.000000
102,data/imagenet.npz,64,10,cuda,cuda,1,1,0.001202,0.004998,0.000000
103,data/imagenet.npz,64,10,cuda,cuda,1,1,0.001191,0.004880,0.000000
104,data/imagenet.npz,64,10,cuda,cuda,1,1,0.001192,0.004268,0.000000
105,data/imagenet.npz,64,10,cuda,cuda,1,1,0.001191,0.004906,0.000000
106,data/imagenet.npz,64,10,cuda,cuda,1,1,0.001188,0.004256,0.000000
107,data/imagenet.npz,64,10,cuda,cuda,1,1,0.001189,0.006618,0.000000
108,data/imagenet.npz,64,10,cuda,cuda,1,1,0.001192,0.004454,0.000000
109,data/imagenet.npz,64,10,cuda,cuda,1,1,0.001183,0.003504,0.000000
110,data/imagenet.npz,64,10,cuda,cuda,1,1,0.001190,0.004279,0.000000
111,data/imagenet.npz,64,10,cuda,cuda,1,1,0.001253,0.017902,0.000000
112,data/imagenet.npz,64,10,cuda,cuda,1,1,0.001194,0.004809,0.000000
113,data/imagenet.npz,64,10,cuda,cuda,1,1,0.001194,0.004275,0.000000
114,data/imagenet.npz,64,10,cuda,cuda,1,1,0.001202,0.004343,0.000000
115,data/imagenet.npz,64,10,cuda,cuda,1,1,0.001198,0.003166,0.000000
116,data/imagenet.npz,64,10,cuda,cuda,1,1,0.001191,0.004376,0.000000
117,data/imagenet.npz,64,10,cuda,cuda,1,1,0.001187,0.004366,0.000000
118,data/imagenet.npz,64,10,cuda,cuda,1,1,0.001194,0.004815,0.000000
119,data/imagenet.npz,64,10,cuda,cuda,1,1,0.001596,0.001605,0.000000
120,data/imagenet.npz,64,10,cuda,cuda,1,1,0.001197,0.012126,0.000000
121,data/imagenet.npz,64,10,cuda,cuda,1,1,0.001190,0.004352,0.000000
122,data/imagenet.npz,64,10,cuda,cuda,1,1,0.001201,0.004246,0.000000
123,data/imagenet.npz,64,10,cuda,cuda,1,1,0.001190,0.004382,0.000000
124,data/imagenet.npz,64,10,cuda,cuda,1,1,0.001199,0.004803,0.000000
125,data/imagenet.npz,64,10,cuda,cuda,1,1,0.001206,0.004826,0.000000
126,data/imagenet.npz,64,10,cuda,cuda,1,1,0.001212,0.003174,0.000000
127,data/imagenet.npz,64,10,cuda,cuda,1,1,0.001184,0.004904,0.000000
128,data/imagenet.npz,64,10,cuda,cuda,1,1,0.001206,0.004191,0.000000
129,data/imagenet.npz,64,10,cuda,cuda,1,1,0.001199,0.004276,0.000000
130,data/imagenet.npz,64,10,cuda,cuda,1,1,0.001203,0.004822,0.000000
131,data/imagenet.npz,64,10,cuda,cuda,1,1,0.001195,0.004961,0.000000
132,data/imagenet.npz,64,10,cuda,cuda,1,1,0.001195,0.012042,0.000000
133,data/imagenet.npz,64,10,cuda,cuda,1,1,0.001199,0.000800,0.000000
134,data/imagenet.npz,64,10,cuda,cuda,1,1,0.001189,0.004370,0.000000
135,data/imagenet.npz,64,10,cuda,cuda,1,1,0.001196,0.004788,0.000000
136,data/imagenet.npz,64,10,cuda,cuda,1,1,0.001190,0.004377,0.000000
137,data/imagenet.npz,64,10,cuda,cuda,1,1,0.001190,0.004275,0.000000
138,data/imagenet.npz,64,10,cuda,cuda,1,1,0.001200,0.004795,0.000000
139,data/imagenet.npz,64,10,cuda,cuda,1,1,0.001189,0.004648,0.000000
140,data/imagenet.npz,64,10,cuda,cuda,1,1,0.001200,0.004268,0.000000
141,data/imagenet.npz,64,10,cuda,cuda,1,1,0.001200,0.005719,0.000000
142,data/imagenet.npz,64,10,cuda,cuda,1,1,0.001221,0.015668,0.000000
143,data/imagenet.npz,64,10,cuda,cuda,1,1,0.001212,0.002250,0.000000
144,data/imagenet.npz,64,10,cuda,cuda,1,1,0.001213,0.004767,0.000000
145,data/imagenet.npz,64,10,cuda,cuda,1,1,0.001203,0.004796,0.000000
146,data/imagenet.npz,64,10,cuda,cuda,1,1,0.001195,0.005445,0.000000
147,data/imagenet.npz,64,10,cuda,cuda,1,1,0.001195,0.004887,0.000000
148,data/imagenet.npz,64,10,cuda,cuda,1,1,0.001201,0.003845,0.000000
149,data/imagenet.npz,64,10,cuda,cuda,1,1,0.001199,0.002077,0.000000
150,data/imagenet.npz,64,10,cuda,cuda,1,1,0.001212,0.003632,0.000000
151,data/imagenet.npz,64,10,cuda,cuda,1,1,0.001190,0.002023,0.000000
152,data/imagenet.npz,64,10,cuda,cuda,1,1,0.001222,0.002502,0.000000
153,data/imagenet.npz,64,10,cuda,cuda,1,1,0.001191,0.004784,0.000000
154,data/imagenet.npz,64,10,cuda,cuda,1,1,0.001200,0.004276,0.000000
155,data/imagenet.npz,64,10,cuda,cuda,1,1,0.001187,0.004328,0.000000
156,data/imagenet.npz,64,10,cuda,cuda,1,1,0.001200,0.004049,0.000000
157,data/imagenet.npz,64,10,cuda,cuda,1,1,0.001202,0.005921,0.000000
158,data/imagenet.npz,64,10,cuda,cuda,1,1,0.001202,0.004278,0.000000
159,data/imagenet.npz,64,10,cuda,cuda,1,1,0.001189,0.004889,0.000000
160,data/imagenet.npz,64,10,cuda,cuda,1,1,0.001201,0.012355,0.000000
161,data/imagenet.npz,64,10,cuda,cuda,1,1,0.001190,0.004258,0.000000
162,data/imagenet.npz,64,10,cuda,cuda,1,1,0.001200,0.004793,0.000000
163,data/imagenet.npz,64,10,cuda,cuda,1,1,0.001201,0.004365,0.000000
164,data/imagenet.npz,64,10,cuda,cuda,1,1,0.001193,0.006956,0.000000
165,data/imagenet.npz,64,10,cuda,cuda,1,1,0.001196,0.004276,0.000000
166,data/imagenet.npz,64,10,cuda,cuda,1,1,0.001193,0.004276,0.000000
167,data/imagenet.npz,64,10,cuda,cuda,1,1,0.001193,0.004355,0.000000
168,data/imagenet.npz,64,10,cuda,cuda,1,1,0.001199,0.006319,0.000000
169,data/imagenet.npz,64,10,cuda,cuda,1,1,0.001203,0.006685,0.000000
170,data/imagenet.npz,64,10,cuda,cuda,1,1,0.001195,0.004794,0.000000
171,data/imagenet.npz,64,10,cuda,cuda,1,1,0.001187,0.005883,0.000000
172,data/imagenet.npz,64,10,cuda,cuda,1,1,0.001194,0.004897,0.000000
173,data/imagenet.npz,64,10,cuda,cuda,1,1,0.001199,0.004277,0.000000
174,data/imagenet.npz,64,10,cuda,cuda,1,1,0.001206,0.003671,0.000000
175,data/imagenet.npz,64,10,cuda,cuda,1,1,0.001193,0.004927,0.000000
176,data/imagenet.npz,64,10,cuda,cuda,1,1,0.001190,0.006291,0.000000
177,data/imagenet.npz,64,10,cuda,cuda,1,1,0.001188,0.004875,0.000000
178,data/imagenet.npz,64,10,cuda,cuda,1,1,0.001188,0.004581,0.000000
179,data/imagenet.npz,64,10,cuda,cuda,1,1,0.001205,0.004811,0.000000
180,data/imagenet.npz,64,10,cuda,cuda,1,1,0.001185,0.007975,0.000000
181,data/imagenet.npz,64,10,cuda,cuda,1,1,0.001208,0.005107,0.000000
182,data/imagenet.npz,64,10,cuda,cuda,1,1,0.001191,0.004306,0.000000
183,data/imagenet.npz,64,10,cuda,cuda,1,1,0.001195,0.004507,0.000000
184,data/imagenet.npz,64,10,cuda,cuda,1,1,0.001192,0.004266,0.000000
185,data/imagenet.npz,64,10,cuda,cuda,1,1,0.001202,0.004359,0.000000
186,data/imagenet.npz,64,10,cuda,cuda,1,1,0.001379,0.004472,0.000000
187,data/imagenet.npz,64,10,cuda,cuda,1,1,0.001194,0.004879,0.000000
188,data/imagenet.npz,64,10,cuda,cuda,1,1,0.001216,0.004792,0.000000
189,data/imagenet.npz,64,10,cuda,cuda,1,1,0.001205,0.013312,0.000000
190,data/imagenet.npz,64,10,cuda,cuda,1,1,0.001201,0.004372,0.000000
191,data/imagenet.npz,64,10,cuda,cuda,1,1,0.001597,0.027160,0.000000
192,data/imagenet.npz,64,10,cuda,cuda,1,1,0.001195,0.009969,0.000000
193,data/imagenet.npz,64,10,cuda,cuda,1,1,0.001208,0.004899,0.000000
194,data/imagenet.npz,64,10,cuda,cuda,1,1,0.001190,0.005104,0.000000
195,data/imagenet.npz,64,10,cuda,cuda,1,1,0.001208,0.001996,0.000000
196,data/imagenet.npz,64,10,cuda,cuda,1,1,0.001218,0.004789,0.000000
197,data/imagenet.npz,64,10,cuda,cuda,1,1,0.001209,0.003862,0.000000
198,data/imagenet.npz,64,10,cuda,cuda,1,1,0.001190,0.005019,0.000000
199,data/imagenet.npz,64,10,cuda,cuda,1,1,0.001205,0.002212,0.000000
200,data/imagenet.npz,64,10,cuda,cuda,1,1,0.001201,0.004280,0.000000
201,data/imagenet.npz,64,10,cuda,cuda,1,1,0.001201,0.004674,0.000000
202,data/imagenet.npz,64,10,cuda,cuda,1,1,0.001211,0.004881,0.000000
203,data/imagenet.npz,64,10,cuda,cuda,1,1,0.001214,0.001029,0.000000
204,data/imagenet.npz,64,10,cuda,cuda,1,1,0.001205,0.004385,0.000000
205,data/imagenet.npz,64,10,cuda,cuda,1,1,0.001203,0.004932,0.000000
206,data/imagenet.npz,64,10,cuda,cuda,1,1,0.001206,0.005866,0.000000
207,data/imagenet.npz,64,10,cuda,cuda,1,1,0.001199,0.009430,0.000000
208,data/imagenet.npz,64,10,cuda,cuda,1,1,0.001191,0.004805,0.000000
209,data/imagenet.npz,64,10,cuda,cuda,1,1,0.001197,0.004235,0.000000
210,data/imagenet.npz,64,10,cuda,cuda,1,1,0.001192,0.001385,0.000000
211,data/imagenet.npz,64,10,cuda,cuda,1,1,0.001199,0.004550,0.000000
212,data/imagenet.npz,64,10,cuda,cuda,1,1,0.001190,0.004907,0.000000
213,data/imagenet.npz,64,10,cuda,cuda,1,1,0.001202,0.004211,0.000000
214,data/imagenet.npz,64,10,cuda,cuda,1,1,0.001192,0.004325,0.000000
215,data/imagenet.npz,64,10,cuda,cuda,1,1,0.001201,0.004903,0.000000
216,data/imagenet.npz,64,10,cuda,cuda,1,1,0.001195,0.004218,0.000000
217,data/imagenet.npz,64,10,cuda,cuda,1,1,0.001191,0.000991,0.000000
218,data/imagenet.npz,64,10,cuda,cuda,1,1,0.001218,0.005055,0.000000
219,data/imagenet.npz,64,10,cuda,cuda,1,1,0.001191,0.005947,0.000000
220,data/imagenet.npz,64,10,cuda,cuda,1,1,0.001198,0.004911,0.000000
221,data/imagenet.npz,64,10,cuda,cuda,1,1,0.001188,0.004369,0.000000
222,data/imagenet.npz,64,10,cuda,cuda,1,1,0.001215,0.004798,0.000000
223,data/imagenet.npz,64,10,cuda,cuda,1,1,0.001203,0.011038,0.000000
224,data/imagenet.npz,64,10,cuda,cuda,1,1,0.001202,0.005454,0.000000
225,data/imagenet.npz,64,10,cuda,cuda,1,1,0.001190,0.003977,0.000000
226,data/imagenet.npz,64,10,cuda,cuda,1,1,0.001221,0.004877,0.000000
227,data/imagenet.npz,64,10,cuda,cuda,1,1,0.001197,0.004282,0.000000
228,data/imagenet.npz,64,10,cuda,cuda,1,1,0.001202,0.004307,0.000000
229,data/imagenet.npz,64,10,cuda,cuda,1,1,0.001181,0.004337,0.000000
230,data/imagenet.npz,64,10,cuda,cuda,1,1,0.001201,0.004794,0.000000
231,data/imagenet.npz,64,10,cuda,cuda,1,1,0.001210,0.006291,0.000000
232,data/imagenet.npz,64,10,cuda,cuda,1,1,0.001190,0.004275,0.000000
233,data/imagenet.npz,64,10,cuda,cuda,1,1,0.001202,0.007193,0.000000
234,data/imagenet.npz,64,10,cuda,cuda,1,1,0.001200,0.004377,0.000000
235,data/imagenet.npz,64,10,cuda,cuda,1,1,0.001198,0.004793,0.000000
236,data/imagenet.npz,64,10,cuda,cuda,1,1,0.001201,0.003867,0.000000
237,data/imagenet.npz,64,10,cuda,cuda,1,1,0.001209,0.004886,0.000000
238,data/imagenet.npz,64,10,cuda,cuda,1,1,0.001202,0.001292,0.000000
239,data/imagenet.npz,64,10,cuda,cuda,1,1,0.001198,0.006325,0.000000
240,data/imagenet.npz,64,10,cuda,cuda,1,1,0.001274,0.004878,0.000000
241,data/imagenet.npz,64,10,cuda,cuda,1,1,0.001205,0.004840,0.000000
242,data/imagenet.npz,64,10,cuda,cuda,1,1,0.001204,0.004807,0.000000
243,data/imagenet.npz,64,10,cuda,cuda,1,1,0.001210,0.008984,0.000000
244,data/imagenet.npz,64,10,cuda,cuda,1,1,0.001205,0.004810,0.000000
245,data/imagenet.npz,64,10,cuda,cuda,1,1,0.001200,0.004448,0.000000
246,data/imagenet.npz,64,10,cuda,cuda,1,1,0.001218,0.004910,0.000000
247,data/imagenet.npz,64,10,cuda,cuda,1,1,0.001196,0.003865,0.000000
248,data/imagenet.npz,64,10,cuda,cuda,1,1,0.001202,0.009757,0.000000
249,data/imagenet.npz,64,10,cuda,cuda,1,1,0.001196,0.012027,0.000000
250,data/imagenet.npz,64,10,cuda,cuda,1,1,0.001374,0.022008,0.000000
251,data/imagenet.npz,64,10,cuda,cuda,1,1,0.001257,0.007069,0.000000
252,data/imagenet.npz,64,10,cuda,cuda,1,1,0.001195,0.004207,0.000000
253,data/imagenet.npz,64,10,cuda,cuda,1,1,0.001197,0.002985,0.000000
254,data/imagenet.npz,64,10,cuda,cuda,1,1,0.001203,0.004876,0.000000
255,data/imagenet.npz,64,10,cuda,cuda,1,1,0.001208,0.012130,0.000000
256,data/imagenet.npz,64,10,cuda,cuda,1,1,0.001194,0.006484,0.000000
257,data/imagenet.npz,64,10,cuda,cuda,1,1,0.001219,0.005700,0.000000
258,data/imagenet.npz,64,10,cuda,cuda,1,1,0.001199,0.004359,0.000000
259,data/imagenet.npz,64,10,cuda,cuda,1,1,0.001207,0.006470,0.000000
260,data/imagenet.npz,64,10,cuda,cuda,1,1,0.001191,0.004301,0.000000
261,data/imagenet.npz,64,10,cuda,cuda,1,1,0.001193,0.001662,0.000000
262,data/imagenet.npz,64,10,cuda,cuda,1,1,0.001211,0.004369,0.000000
263,data/imagenet.npz,64,10,cuda,cuda,1,1,0.001196,0.003591,0.000000
264,data/imagenet.npz,64,10,cuda,cuda,1,1,0.001211,0.004363,0.000000
265,data/imagenet.npz,64,10,cuda,cuda,1,1,0.001346,0.004829,0.000000
266,data/imagenet.npz,64,10,cuda,cuda,1,1,0.001227,0.003250,0.000000
267,data/imagenet.npz,64,10,cuda,cuda,1,1,0.001208,0.004879,0.000000
268,data/imagenet.npz,64,10,cuda,cuda,1,1,0.001220,0.003291,0.000000
269,data/imagenet.npz,64,10,cuda,cuda,1,1,0.001209,0.004296,0.000000
270,data/imagenet.npz,64,10,cuda,cuda,1,1,0.001226,0.002405,0.000000
271,data/imagenet.npz,64,10,cuda,cuda,1,1,0.001196,0.004270,0.000000
272,data/imagenet.npz,64,10,cuda,cuda,1,1,0.001210,0.004280,0.000000
273,data/imagenet.npz,64,10,cuda,cuda,1,1,0.001205,0.004873,0.000000
274,data/imagenet.npz,64,10,cuda,cuda,1,1,0.001198,0.004711,0.000000
275,data/imagenet.npz,64,10,cuda,cuda,1,1,0.001198,0.005400,0.000000
276,data/imagenet.npz,64,10,cuda,cuda,1,1,0.001193,0.004881,0.000000
277,data/imagenet.npz,64,10,cuda,cuda,1,1,0.001210,0.005731,0.000000
278,data/imagenet.npz,64,10,cuda,cuda,1,1,0.001204,0.012425,0.000000
279,data/imagenet.npz,64,10,cuda,cuda,1,1,0.001198,0.006118,0.000000
280,data/imagenet.npz,64,10,cuda,cuda,1,1,0.001193,0.004291,0.000000
281,data/imagenet.npz,64,10,cuda,cuda,1,1,0.001196,0.000801,0.000000
282,data/imagenet.npz,64,10,cuda,cuda,1,1,0.001204,0.010078,0.000000
283,data/imagenet.npz,64,10,cuda,cuda,1,1,0.001238,0.004038,0.000000
284,data/imagenet.npz,64,10,cuda,cuda,1,1,0.001204,0.004913,0.000000
285,data/imagenet.npz,64,10,cuda,cuda,1,1,0.001208,0.004806,0.000000
286,data/imagenet.npz,64,10,cuda,cuda,1,1,0.001190,0.004792,0.000000
287,data/imagenet.npz,64,10,cuda,cuda,1,1,0.001190,0.004352,0.000000
288,data/imagenet.npz,64,10,cuda,cuda,1,1,0.001215,0.007344,0.000000
289,data/imagenet.npz,64,10,cuda,cuda,1,1,0.001200,0.004360,0.000000
290,data/imagenet.npz,64,10,cuda,cuda,1,1,0.001198,0.004705,0.000000
291,data/imagenet.npz,64,10,cuda,cuda,1,1,0.001213,0.003860,0.000000
292,data/imagenet.npz,64,10,cuda,cuda,1,1,0.001204,0.006325,0.000000
293,data/imagenet.npz,64,10,cuda,cuda,1,1,0.001200,0.006468,0.000000
294,data/imagenet.npz,64,10,cuda,cuda,1,1,0.001193,0.001033,0.000000
295,data/imagenet.npz,64,10,cuda,cuda,1,1,0.001205,0.004365,0.000000
296,data/imagenet.npz,64,10,cuda,cuda,1,1,0.001205,0.004274,0.000000
297,data/imagenet.npz,64,10,cuda,cuda,1,1,0.001189,0.005041,0.000000
298,data/imagenet.npz,64,10,cuda,cuda,1,1,0.001194,0.008450,0.000000
299,data/imagenet.npz,64,10,cuda,cuda,1,1,0.001194,0.004813,0.000000
300,data/imagenet.npz,64,10,cuda,cuda,1,1,0.001196,0.000845,0.000000
301,data/imagenet.npz,64,10,cuda,cuda,1,1,0.001196,0.002766,0.000000
302,data/imagenet.npz,64,10,cuda,cuda,1,1,0.001197,0.001090,0.000000
303,data/imagenet.npz,64,10,cuda,cuda,1,1,0.001200,0.004271,0.000000
304,data/imagenet.npz,64,10,cuda,cuda,1,1,0.001202,0.004809,0.000000
305,data/imagenet.npz,64,10,cuda,cuda,1,1,0.001199,0.004876,0.000000
306,data/imagenet.npz,64,10,cuda,cuda,1,1,0.001196,0.004595,0.000000
307,data/imagenet.npz,64,10,cuda,cuda,1,1,0.001204,0.003146,0.000000
308,data/imagenet.npz,64,10,cuda,cuda,1,1,0.001197,0.007088,0.000000
309,data/imagenet.npz,64,10,cuda,cuda,1,1,0.001216,0.011022,0.000000
310,data/imagenet.npz,64,10,cuda,cuda,1,1,0.001202,0.004791,0.000000
311,data/imagenet.npz,64,10,cuda,cuda,1,1,0.001204,0.004162,0.000000
312,data/imagenet.npz,64,10,cuda,cuda,1,1,0.001189,0.004647,0.000000
313,data/imagenet.npz,64,10,cuda,cuda,1,1,0.001191,0.002570,0.000000
314,data/imagenet.npz,64,10,cuda,cuda,1,1,0.001195,0.006086,0.000000
315,data/imagenet.npz,64,10,cuda,cuda,1,1,0.001201,0.004912,0.000000
316,data/imagenet.npz,64,10,cuda,cuda,1,1,0.001193,0.004813,0.000000
317,data/imagenet.npz,64,10,cuda,cuda,1,1,0.001205,0.004867,0.000000
318,data/imagenet.npz,64,10,cuda,cuda,1,1,0.001202,0.007924,0.000000
319,data/imagenet.npz,64,10,cuda,cuda,1,1,0.001212,0.014976,0.000000
320,data/imagenet.npz,64,10,cuda,cuda,1,1,0.001193,0.004794,0.000000
321,data/imagenet.npz,64,10,cuda,cuda,1,1,0.001200,0.006277,0.000000
322,data/imagenet.npz,64,10,cuda,cuda,1,1,0.001221,0.004290,0.000000
323,data/imagenet.npz,64,10,cuda,cuda,1,1,0.001194,0.004280,0.000000
324,data/imagenet.npz,64,10,cuda,cuda,1,1,0.001195,0.003709,0.000000
325,data/imagenet.npz,64,10,cuda,cuda,1,1,0.001199,0.005848,0.000000
326,data/imagenet.npz,64,10,cuda,cuda,1,1,0.001222,0.004269,0.000000
327,data/imagenet.npz,64,10,cuda,cuda,1,1,0.001220,0.002832,0.000000
328,data/imagenet.npz,64,10,cuda,cuda,1,1,0.001191,0.004454,0.000000
329,data/imagenet.npz,64,10,cuda,cuda,1,1,0.001196,0.003197,0.000000
330,data/imagenet.npz,64,10,cuda,cuda,1,1,0.001199,0.004180,0.000000
331,data/imagenet.npz,64,10,cuda,cuda,1,1,0.001195,0.003159,0.000000
332,data/imagenet.npz,64,10,cuda,cuda,1,1,0.001204,0.004932,0.000000
333,data/imagenet.npz,64,10,cuda,cuda,1,1,0.001209,0.004803,0.000000
334,data/imagenet.npz,64,10,cuda,cuda,1,1,0.001195,0.004919,0.000000
335,data/imagenet.npz,64,10,cuda,cuda,1,1,0.001201,0.004660,0.000000
336,data/imagenet.npz,64,10,cuda,cuda,1,1,0.001198,0.005482,0.000000
337,data/imagenet.npz,64,10,cuda,cuda,1,1,0.001196,0.004235,0.000000
338,data/imagenet.npz,64,10,cuda,cuda,1,1,0.001203,0.004279,0.000000
339,data/imagenet.npz,64,10,cuda,cuda,1,1,0.001197,0.004797,0.000000
340,data/imagenet.npz,64,10,cuda,cuda,1,1,0.001202,0.004335,0.000000
341,data/imagenet.npz,64,10,cuda,cuda,1,1,0.001208,0.005418,0.000000
342,data/imagenet.npz,64,10,cuda,cuda,1,1,0.001198,0.009906,0.000000
343,data/imagenet.npz,64,10,cuda,cuda,1,1,0.001195,0.004795,0.000000
344,data/imagenet.npz,64,10,cuda,cuda,1,1,0.001208,0.000820,0.000000
345,data/imagenet.npz,64,10,cuda,cuda,1,1,0.001197,0.005303,0.000000
346,data/imagenet.npz,64,10,cuda,cuda,1,1,0.001215,0.004799,0.000000
347,data/imagenet.npz,64,10,cuda,cuda,1,1,0.001221,0.000847,0.000000
348,data/imagenet.npz,64,10,cuda,cuda,1,1,0.001295,0.018792,0.000000
349,data/imagenet.npz,64,10,cuda,cuda,1,1,0.001213,0.002362,0.000000
350,data/imagenet.npz,64,10,cuda,cuda,1,1,0.001215,0.001474,0.000000
351,data/imagenet.npz,64,10,cuda,cuda,1,1,0.001206,0.004302,0.000000
352,data/imagenet.npz,64,10,cuda,cuda,1,1,0.001197,0.004803,0.000000
353,data/imagenet.npz,64,10,cuda,cuda,1,1,0.001202,0.005971,0.000000
354,data/imagenet.npz,64,10,cuda,cuda,1,1,0.001194,0.004804,0.000000
355,data/imagenet.npz,64,10,cuda,cuda,1,1,0.001208,0.000595,0.000000
356,data/imagenet.npz,64,10,cuda,cuda,1,1,0.001209,0.004402,0.000000
357,data/imagenet.npz,64,10,cuda,cuda,1,1,0.001197,0.007099,0.000000
358,data/imagenet.npz,64,10,cuda,cuda,1,1,0.001194,0.004869,0.000000
359,data/imagenet.npz,64,10,cuda,cuda,1,1,0.001202,0.001969,0.000000
360,data/imagenet.npz,64,10,cuda,cuda,1,1,0.001211,0.004808,0.000000
361,data/imagenet.npz,64,10,cuda,cuda,1,1,0.001201,0.004798,0.000000
362,data/imagenet.npz,64,10,cuda,cuda,1,1,0.001205,0.004777,0.000000
363,data/imagenet.npz,64,10,cuda,cuda,1,1,0.001204,0.004890,0.000000
364,data/imagenet.npz,64,10,cuda,cuda,1,1,0.001234,0.008860,0.000000
365,data/imagenet.npz,64,10,cuda,cuda,1,1,0.001194,0.003750,0.000000
366,data/imagenet.npz,64,10,cuda,cuda,1,1,0.001202,0.004810,0.000000
367,data/imagenet.npz,64,10,cuda,cuda,1,1,0.001216,0.011046,0.000000
368,data/imagenet.npz,64,10,cuda,cuda,1,1,0.001215,0.004798,0.000000
369,data/imagenet.npz,64,10,cuda,cuda,1,1,0.001200,0.004912,0.000000
370,data/imagenet.npz,64,10,cuda,cuda,1,1,0.001214,0.012425,0.000000
371,data/imagenet.npz,64,10,cuda,cuda,1,1,0.001218,0.004798,0.000000
372,data/imagenet.npz,64,10,cuda,cuda,1,1,0.001211,0.000355,0.000000
373,data/imagenet.npz,64,10,cuda,cuda,1,1,0.001200,0.004319,0.000000
374,data/imagenet.npz,64,10,cuda,cuda,1,1,0.001205,0.003998,0.000000
375,data/imagenet.npz,64,10,cuda,cuda,1,1,0.003015,0.063761,0.000000
376,data/imagenet.npz,64,10,cuda,cuda,1,1,0.001210,0.006020,0.000000
377,data/imagenet.npz,64,10,cuda,cuda,1,1,0.001207,0.004785,0.000000
378,data/imagenet.npz,64,10,cuda,cuda,1,1,0.001196,0.004918,0.000000
379,data/imagenet.npz,64,10,cuda,cuda,1,1,0.001205,0.004720,0.000000
380,data/imagenet.npz,64,10,cuda,cuda,1,1,0.001206,0.004316,0.000000
381,data/imagenet.npz,64,10,cuda,cuda,1,1,0.001203,0.005823,0.000000
382,data/imagenet.npz,64,10,cuda,cuda,1,1,0.001213,0.004811,0.000000
383,data/imagenet.npz,64,10,cuda,cuda,1,1,0.001219,0.001064,0.000000
384,data/imagenet.npz,64,10,cuda,cuda,1,1,0.001210,0.004900,0.000000
385,data/imagenet.npz,64,10,cuda,cuda,1,1,0.001203,0.005256,0.000000
386,data/imagenet.npz,64,10,cuda,cuda,1,1,0.001212,0.004384,0.000000
387,data/imagenet.npz,64,10,cuda,cuda,1,1,0.001203,0.004804,0.000000
388,data/imagenet.npz,64,10,cuda,cuda,1,1,0.001198,0.000450,0.000000
389,data/imagenet.npz,64,10,cuda,cuda,1,1,0.001189,0.004876,0.000000
390,data/imagenet.npz,64,10,cuda,cuda,1,1,0.001200,0.004271,0.000000
391,data/imagenet.npz,64,10,cuda,cuda,1,1,0.001200,0.004361,0.000000
392,data/imagenet.npz,64,10,cuda,cuda,1,1,0.001204,0.005061,0.000000
393,data/imagenet.npz,64,10,cuda,cuda,1,1,0.001198,0.001363,0.000000
394,data/imagenet.npz,64,10,cuda,cuda,1,1,0.001199,0.003621,0.000000
395,data/imagenet.npz,64,10,cuda,cuda,1,1,0.001201,0.006526,0.000000
396,data/imagenet.npz,64,10,cuda,cuda,1,1,0.001210,0.005949,0.000000
397,data/imagenet.npz,64,10,cuda,cuda,1,1,0.001200,0.005672,0.000000
398,data/imagenet.npz,64,10,cuda,cuda,1,1,0.001200,0.004873,0.000000
399,data/imagenet.npz,64,10,cuda,cuda,1,1,0.001195,0.004261,0.000000
400,data/imagenet.npz,64,10,cuda,cuda,1,1,0.001220,0.004367,0.000000
401,data/imagenet.npz,64,10,cuda,cuda,1,1,0.001194,0.004265,0.000000
402,data/imagenet.npz,64,10,cuda,cuda,1,1,0.001202,0.002587,0.000000
403,data/imagenet.npz,64,10,cuda,cuda,1,1,0.001199,0.004384,0.000000
404,data/imagenet.npz,64,10,cuda,cuda,1,1,0.001201,0.006663,0.000000
405,data/imagenet.npz,64,10,cuda,cuda,1,1,0.001199,0.000964,0.000000
406,data/imagenet.npz,64,10,cuda,cuda,1,1,0.001198,0.004375,0.000000
407,data/imagenet.npz,64,10,cuda,cuda,1,1,0.001195,0.007106,0.000000
408,data/imagenet.npz,64,10,cuda,cuda,1,1,0.001204,0.004163,0.000000
409,data/imagenet.npz,64,10,cuda,cuda,1,1,0.001194,0.004262,0.000000
410,data/imagenet.npz,64,10,cuda,cuda,1,1,0.001202,0.004268,0.000000
411,data/imagenet.npz,64,10,cuda,cuda,1,1,0.001207,0.004754,0.000000
412,data/imagenet.npz,64,10,cuda,cuda,1,1,0.001207,0.006283,0.000000
413,data/imagenet.npz,64,10,cuda,cuda,1,1,0.001202,0.004363,0.000000
414,data/imagenet.npz,64,10,cuda,cuda,1,1,0.001199,0.001108,0.000000
415,data/imagenet.npz,64,10,cuda,cuda,1,1,0.001211,0.004268,0.000000
416,data/imagenet.npz,64,10,cuda,cuda,1,1,0.001193,0.010275,0.000000
417,data/imagenet.npz,64,10,cuda,cuda,1,1,0.001219,0.001309,0.000000
418,data/imagenet.npz,64,10,cuda,cuda,1,1,0.001211,0.004945,0.000000
419,data/imagenet.npz,64,10,cuda,cuda,1,1,0.001207,0.004908,0.000000
420,data/imagenet.npz,64,10,cuda,cuda,1,1,0.001197,0.004799,0.000000
421,data/imagenet.npz,64,10,cuda,cuda,1,1,0.001202,0.006477,0.000000
422,data/imagenet.npz,64,10,cuda,cuda,1,1,0.001189,0.004592,0.000000
423,data/imagenet.npz,64,10,cuda,cuda,1,1,0.001199,0.010771,0.000000
424,data/imagenet.npz,64,10,cuda,cuda,1,1,0.001206,0.004903,0.000000
425,data/imagenet.npz,64,10,cuda,cuda,1,1,0.001210,0.003122,0.000000
426,data/imagenet.npz,64,10,cuda,cuda,1,1,0.001191,0.004803,0.000000
427,data/imagenet.npz,64,10,cuda,cuda,1,1,0.001206,0.000380,0.000000
428,data/imagenet.npz,64,10,cuda,cuda,1,1,0.001195,0.004919,0.000000
429,data/imagenet.npz,64,10,cuda,cuda,1,1,0.001193,0.004398,0.000000
430,data/imagenet.npz,64,10,cuda,cuda,1,1,0.001195,0.008033,0.000000
431,data/imagenet.npz,64,10,cuda,cuda,1,1,0.001199,0.004913,0.000000
432,data/imagenet.npz,64,10,cuda,cuda,1,1,0.001208,0.004267,0.000000
433,data/imagenet.npz,64,10,cuda,cuda,1,1,0.001198,0.004553,0.000000
434,data/imagenet.npz,64,10,cuda,cuda,1,1,0.001197,0.004898,0.000000
435,data/imagenet.npz,64,10,cuda,cuda,1,1,0.001195,0.005828,0.000000
436,data/imagenet.npz,64,10,cuda,cuda,1,1,0.001198,0.004003,0.000000
437,data/imagenet.npz,64,10,cuda,cuda,1,1,0.001212,0.005198,0.000000
438,data/imagenet.npz,64,10,cuda,cuda,1,1,0.001208,0.004819,0.000000
439,data/imagenet.npz,64,10,cuda,cuda,1,1,0.001203,0.004351,0.000000
440,data/imagenet.npz,64,10,cuda,cuda,1,1,0.001198,0.000852,0.000000
441,data/imagenet.npz,64,10,cuda,cuda,1,1,0.001192,0.004130,0.000000
442,data/imagenet.npz,64,10,cuda,cuda,1,1,0.001204,0.004820,0.000000
443,data/imagenet.npz,64,10,cuda,cuda,1,1,0.001212,0.006109,0.000000
444,data/imagenet.npz,64,10,cuda,cuda,1,1,0.001214,0.004237,0.000000
445,data/imagenet.npz,64,10,cuda,cuda,1,1,0.001214,0.004366,0.000000
446,data/imagenet.npz,64,10,cuda,cuda,1,1,0.001187,0.010190,0.000000
447,data/imagenet.npz,64,10,cuda,cuda,1,1,0.001203,0.004609,0.000000
448,data/imagenet.npz,64,10,cuda,cuda,1,1,0.001207,0.004253,0.000000
449,data/imagenet.npz,64,10,cuda,cuda,1,1,0.001206,0.005857,0.000000
450,data/imagenet.npz,64,10,cuda,cuda,1,1,0.001201,0.004906,0.000000
451,data/imagenet.npz,64,10,cuda,cuda,1,1,0.001191,0.007068,0.000000
452,data/imagenet.npz,64,10,cuda,cuda,1,1,0.001195,0.006111,0.000000
453,data/imagenet.npz,64,10,cuda,cuda,1,1,0.001190,0.008905,0.000000
454,data/imagenet.npz,64,10,cuda,cuda,1,1,0.001204,0.004367,0.000000
455,data/imagenet.npz,64,10,cuda,cuda,1,1,0.001213,0.004855,0.000000
456,data/imagenet.npz,64,10,cuda,cuda,1,1,0.001180,0.004270,0.000000
457,data/imagenet.npz,64,10,cuda,cuda,1,1,0.001194,0.004369,0.000000
458,data/imagenet.npz,64,10,cuda,cuda,1,1,0.001209,0.006326,0.000000
459,data/imagenet.npz,64,10,cuda,cuda,1,1,0.001203,0.004877,0.000000
460,data/imagenet.npz,64,10,cuda,cuda,1,1,0.001189,0.005047,0.000000
461,data/imagenet.npz,64,10,cuda,cuda,1,1,0.001191,0.002028,0.000000
462,data/imagenet.npz,64,10,cuda,cuda,1,1,0.001207,0.005247,0.000000
463,data/imagenet.npz,64,10,cuda,cuda,1,1,0.001200,0.008564,0.000000
464,data/imagenet.npz,64,10,cuda,cuda,1,1,0.001196,0.004576,0.000000
465,data/imagenet.npz,64,10,cuda,cuda,1,1,0.001195,0.004657,0.000000
466,data/imagenet.npz,64,10,cuda,cuda,1,1,0.001209,0.004637,0.000000
467,data/imagenet.npz,64,10,cuda,cuda,1,1,0.001198,0.004879,0.000000
468,data/imagenet.npz,64,10,cuda,cuda,1,1,0.001196,0.001101,0.000000
469,data/imagenet.npz,64,10,cuda,cuda,1,1,0.001213,0.004807,0.000000
470,data/imagenet.npz,64,10,cuda,cuda,1,1,0.001198,0.004910,0.000000
471,data/imagenet.npz,64,10,cuda,cuda,1,1,0.001209,0.004787,0.000000
472,data/imagenet.npz,64,10,cuda,cuda,1,1,0.001202,0.005208,0.000000
473,data/imagenet.npz,64,10,cuda,cuda,1,1,0.001196,0.004332,0.000000
474,data/imagenet.npz,64,10,cuda,cuda,1,1,0.001201,0.003813,0.000000
475,data/imagenet.npz,64,10,cuda,cuda,1,1,0.001207,0.004779,0.000000
476,data/imagenet.npz,64,10,cuda,cuda,1,1,0.001198,0.000285,0.000000
477,data/imagenet.npz,64,10,cuda,cuda,1,1,0.001177,0.004105,0.000000
478,data/imagenet.npz,64,10,cuda,cuda,1,1,0.001183,0.004264,0.000000
479,data/imagenet.npz,64,10,cuda,cuda,1,1,0.001211,0.004810,0.000000
480,data/imagenet.npz,64,10,cuda,cuda,1,1,0.001194,0.005659,0.000000
481,data/imagenet.npz,64,10,cuda,cuda,1,1,0.001204,0.004811,0.000000
482,data/imagenet.npz,64,10,cuda,cuda,1,1,0.001207,0.004604,0.000000
483,data/imagenet.npz,64,10,cuda,cuda,1,1,0.001210,0.004590,0.000000
484,data/imagenet.npz,64,10,cuda,cuda,1,1,0.001195,0.002200,0.000000
485,data/imagenet.npz,64,10,cuda,cuda,1,1,0.001201,0.004378,0.000000
486,data/imagenet.npz,64,10,cuda,cuda,1,1,0.001196,0.009913,0.000000
487,data/imagenet.npz,64,10,cuda,cuda,1,1,0.002394,0.049534,0.000000
488,data/imagenet.npz,64,10,cuda,cuda,1,1,0.001220,0.004573,0.000000
489,data/imagenet.npz,64,10,cuda,cuda,1,1,0.001201,0.001178,0.000000
490,data/imagenet.npz,64,10,cuda,cuda,1,1,0.001196,0.004802,0.000000
491,data/imagenet.npz,64,10,cuda,cuda,1,1,0.001195,0.009821,0.000000
492,data/imagenet.npz,64,10,cuda,cuda,1,1,0.001219,0.005832,0.000000
493,data/imagenet.npz,64,10,cuda,cuda,1,1,0.001202,0.004434,0.000000
494,data/imagenet.npz,64,10,cuda,cuda,1,1,0.001198,0.005220,0.000000
495,data/imagenet.npz,64,10,cuda,cuda,1,1,0.001210,0.004283,0.000000
496,data/imagenet.npz,64,10,cuda,cuda,1,1,0.001209,0.004469,0.000000
497,data/imagenet.npz,64,10,cuda,cuda,1,1,0.001209,0.004791,0.000000
498,data/imagenet.npz,64,10,cuda,cuda,1,1,0.001216,0.004806,0.000000
499,data/imagenet.npz,64,10,cuda,cuda,1,1,0.001197,0.006188,0.000000
500,data/imagenet.npz,64,10,cuda,cuda,1,1,0.001198,0.004881,0.000000
501,data/imagenet.npz,64,10,cuda,cuda,1,1,0.001208,0.005847,0.000000
502,data/imagenet.npz,64,10,cuda,cuda,1,1,0.001227,0.004804,0.000000
503,data/imagenet.npz,64,10,cuda,cuda,1,1,0.001195,0.004812,0.000000
504,data/imagenet.npz,64,10,cuda,cuda,1,1,0.001205,0.003294,0.000000
505,data/imagenet.npz,64,10,cuda,cuda,1,1,0.001208,0.004469,0.000000
506,data/imagenet.npz,64,10,cuda,cuda,1,1,0.001234,0.015995,0.000000
507,data/imagenet.npz,64,10,cuda,cuda,1,1,0.001194,0.007103,0.000000
508,data/imagenet.npz,64,10,cuda,cuda,1,1,0.001212,0.004872,0.000000
509,data/imagenet.npz,64,10,cuda,cuda,1,1,0.001309,0.019800,0.000000
510,data/imagenet.npz,64,10,cuda,cuda,1,1,0.001211,0.006210,0.000000
511,data/imagenet.npz,64,10,cuda,cuda,1,1,0.001202,0.002992,0.000000
512,data/imagenet.npz,64,10,cuda,cuda,1,1,0.001198,0.004271,0.000000
513,data/imagenet.npz,64,10,cuda,cuda,1,1,0.001192,0.003630,0.000000
514,data/imagenet.npz,64,10,cuda,cuda,1,1,0.001203,0.006545,0.000000
515,data/imagenet.npz,64,10,cuda,cuda,1,1,0.001222,0.009473,0.000000
516,data/imagenet.npz,64,10,cuda,cuda,1,1,0.001204,0.001471,0.000000
517,data/imagenet.npz,64,10,cuda,cuda,1,1,0.001202,0.005341,0.000000
518,data/imagenet.npz,64,10,cuda,cuda,1,1,0.001214,0.004272,0.000000
519,data/imagenet.npz,64,10,cuda,cuda,1,1,0.001197,0.000596,0.000000
520,data/imagenet.npz,64,10,cuda,cuda,1,1,0.001211,0.005968,0.000000
521,data/imagenet.npz,64,10,cuda,cuda,1,1,0.001198,0.004911,0.000000
522,data/imagenet.npz,64,10,cuda,cuda,1,1,0.001198,0.004254,0.000000
523,data/imagenet.npz,64,10,cuda,cuda,1,1,0.001194,0.005339,0.000000
524,data/imagenet.npz,64,10,cuda,cuda,1,1,0.001213,0.010764,0.000000
525,data/imagenet.npz,64,10,cuda,cuda,1,1,0.001205,0.009993,0.000000
526,data/imagenet.npz,64,10,cuda,cuda,1,1,0.001202,0.004895,0.000000
527,data/imagenet.npz,64,10,cuda,cuda,1,1,0.001190,0.004097,0.000000
528,data/imagenet.npz,64,10,cuda,cuda,1,1,0.001194,0.004878,0.000000
529,data/imagenet.npz,64,10,cuda,cuda,1,1,0.001205,0.014506,0.000000
530,data/imagenet.npz,64,10,cuda,cuda,1,1,0.001203,0.004792,0.000000
531,data/imagenet.npz,64,10,cuda,cuda,1,1,0.001205,0.004393,0.000000
532,data/imagenet.npz,64,10,cuda,cuda,1,1,0.001206,0.004604,0.000000
533,data/imagenet.npz,64,10,cuda,cuda,1,1,0.001203,0.004799,0.000000
534,data/imagenet.npz,64,10,cuda,cuda,1,1,0.001200,0.004797,0.000000
535,data/imagenet.npz,64,10,cuda,cuda,1,1,0.001236,0.006197,0.000000
536,data/imagenet.npz,64,10,cuda,cuda,1,1,0.001216,0.004772,0.000000
537,data/imagenet.npz,64,10,cuda,cuda,1,1,0.001190,0.004791,0.000000
538,data/imagenet.npz,64,10,cuda,cuda,1,1,0.001199,0.004918,0.000000
539,data/imagenet.npz,64,10,cuda,cuda,1,1,0.001200,0.004789,0.000000
540,data/imagenet.npz,64,10,cuda,cuda,1,1,0.001199,0.004349,0.000000
541,data/imagenet.npz,64,10,cuda,cuda,1,1,0.001199,0.004378,0.000000
542,data/imagenet.npz,64,10,cuda,cuda,1,1,0.001195,0.004427,0.000000
543,data/imagenet.npz,64,10,cuda,cuda,1,1,0.001206,0.005453,0.000000
544,data/imagenet.npz,64,10,cuda,cuda,1,1,0.001195,0.006365,0.000000
545,data/imagenet.npz,64,10,cuda,cuda,1,1,0.001210,0.004804,0.000000
546,data/imagenet.npz,64,10,cuda,cuda,1,1,0.001193,0.004364,0.000000
547,data/imagenet.npz,64,10,cuda,cuda,1,1,0.001197,0.009325,0.000000
548,data/imagenet.npz,64,10,cuda,cuda,1,1,0.001209,0.004364,0.000000
549,data/imagenet.npz,64,10,cuda,cuda,1,1,0.001214,0.006513,0.000000
550,data/imagenet.npz,64,10,cuda,cuda,1,1,0.001206,0.004287,0.000000
551,data/imagenet.npz,64,10,cuda,cuda,1,1,0.001197,0.005967,0.000000
552,data/imagenet.npz,64,10,cuda,cuda,1,1,0.001209,0.004802,0.000000
553,data/imagenet.npz,64,10,cuda,cuda,1,1,0.001220,0.004256,0.000000
554,data/imagenet.npz,64,10,cuda,cuda,1,1,0.001197,0.007926,0.000000
555,data/imagenet.npz,64,10,cuda,cuda,1,1,0.001196,0.004309,0.000000
556,data/imagenet.npz,64,10,cuda,cuda,1,1,0.001195,0.009525,0.000000
557,data/imagenet.npz,64,10,cuda,cuda,1,1,0.001193,0.004359,0.000000
558,data/imagenet.npz,64,10,cuda,cuda,1,1,0.001197,0.004272,0.000000
559,data/imagenet.npz,64,10,cuda,cuda,1,1,0.001198,0.005843,0.000000
560,data/imagenet.npz,64,10,cuda,cuda,1,1,0.001192,0.006058,0.000000
561,data/imagenet.npz,64,10,cuda,cuda,1,1,0.001204,0.004358,0.000000
562,data/imagenet.npz,64,10,cuda,cuda,1,1,0.001197,0.007092,0.000000
563,data/imagenet.npz,64,10,cuda,cuda,1,1,0.001197,0.004206,0.000000
564,data/imagenet.npz,64,10,cuda,cuda,1,1,0.001203,0.005146,0.000000
565,data/imagenet.npz,64,10,cuda,cuda,1,1,0.001203,0.006146,0.000000
566,data/imagenet.npz,64,10,cuda,cuda,1,1,0.001205,0.004377,0.000000
567,data/imagenet.npz,64,10,cuda,cuda,1,1,0.001201,0.004301,0.000000
568,data/imagenet.npz,64,10,cuda,cuda,1,1,0.001202,0.004343,0.000000
569,data/imagenet.npz,64,10,cuda,cuda,1,1,0.001203,0.004584,0.000000
570,data/imagenet.npz,64,10,cuda,cuda,1,1,0.001203,0.003113,0.000000
571,data/imagenet.npz,64,10,cuda,cuda,1,1,0.001209,0.010803,0.000000
572,data/imagenet.npz,64,10,cuda,cuda,1,1,0.001199,0.001064,0.000000
573,data/imagenet.npz,64,10,cuda,cuda,1,1,0.001202,0.007101,0.000000
574,data/imagenet.npz,64,10,cuda,cuda,1,1,0.001198,0.001104,0.000000
575,data/imagenet.npz,64,10,cuda,cuda,1,1,0.001191,0.006111,0.000000
576,data/imagenet.npz,64,10,cuda,cuda,1,1,0.001194,0.001692,0.000000
577,data/imagenet.npz,64,10,cuda,cuda,1,1,0.001188,0.004981,0.000000
578,data/imagenet.npz,64,10,cuda,cuda,1,1,0.001202,0.005343,0.000000
579,data/imagenet.npz,64,10,cuda,cuda,1,1,0.001199,0.004803,0.000000
580,data/imagenet.npz,64,10,cuda,cuda,1,1,0.001195,0.002114,0.000000
581,data/imagenet.npz,64,10,cuda,cuda,1,1,0.001188,0.004378,0.000000
582,data/imagenet.npz,64,10,cuda,cuda,1,1,0.001197,0.007244,0.000000
583,data/imagenet.npz,64,10,cuda,cuda,1,1,0.001197,0.004920,0.000000
584,data/imagenet.npz,64,10,cuda,cuda,1,1,0.001200,0.001203,0.000000
585,data/imagenet.npz,64,10,cuda,cuda,1,1,0.001198,0.004794,0.000000
586,data/imagenet.npz,64,10,cuda,cuda,1,1,0.002324,0.047098,0.000000
587,data/imagenet.npz,64,10,cuda,cuda,1,1,0.001214,0.012101,0.000000
588,data/imagenet.npz,64,10,cuda,cuda,1,1,0.001199,0.007535,0.000000
589,data/imagenet.npz,64,10,cuda,cuda,1,1,0.001219,0.004951,0.000000
590,data/imagenet.npz,64,10,cuda,cuda,1,1,0.001193,0.005195,0.000000
591,data/imagenet.npz,64,10,cuda,cuda,1,1,0.001210,0.012410,0.000000
592,data/imagenet.npz,64,10,cuda,cuda,1,1,0.001192,0.005293,0.000000
593,data/imagenet.npz,64,10,cuda,cuda,1,1,0.001208,0.006229,0.000000
594,data/imagenet.npz,64,10,cuda,cuda,1,1,0.001203,0.004876,0.000000
595,data/imagenet.npz,64,10,cuda,cuda,1,1,0.001200,0.007818,0.000000
596,data/imagenet.npz,64,10,cuda,cuda,1,1,0.001208,0.004270,0.000000
597,data/imagenet.npz,64,10,cuda,cuda,1,1,0.001207,0.005231,0.000000
598,data/imagenet.npz,64,10,cuda,cuda,1,1,0.001206,0.004008,0.000000
599,data/imagenet.npz,64,10,cuda,cuda,1,1,0.001202,0.004785,0.000000
600,data/imagenet.npz,64,10,cuda,cuda,1,1,0.001198,0.004361,0.000000
601,data/imagenet.npz,64,10,cuda,cuda,1,1,0.001196,0.004265,0.000000
602,data/imagenet.npz,64,10,cuda,cuda,1,1,0.001194,0.004911,0.000000
603,data/imagenet.npz,64,10,cuda,cuda,1,1,0.001212,0.006375,0.000000
604,data/imagenet.npz,64,10,cuda,cuda,1,1,0.001219,0.004805,0.000000
605,data/imagenet.npz,64,10,cuda,cuda,1,1,0.001192,0.006633,0.000000
606,data/imagenet.npz,64,10,cuda,cuda,1,1,0.001198,0.004884,0.000000
607,data/imagenet.npz,64,10,cuda,cuda,1,1,0.001218,0.004732,0.000000
608,data/imagenet.npz,64,10,cuda,cuda,1,1,0.001208,0.004786,0.000000
609,data/imagenet.npz,64,10,cuda,cuda,1,1,0.001206,0.003087,0.000000
610,data/imagenet.npz,64,10,cuda,cuda,1,1,0.001200,0.004274,0.000000
611,data/imagenet.npz,64,10,cuda,cuda,1,1,0.001208,0.004784,0.000000
612,data/imagenet.npz,64,10,cuda,cuda,1,1,0.001196,0.004891,0.000000
613,data/imagenet.npz,64,10,cuda,cuda,1,1,0.001193,0.009076,0.000000
614,data/imagenet.npz,64,10,cuda,cuda,1,1,0.001190,0.004904,0.000000
615,data/imagenet.npz,64,10,cuda,cuda,1,1,0.001196,0.003519,0.000000
616,data/imagenet.npz,64,10,cuda,cuda,1,1,0.001201,0.004798,0.000000
617,data/imagenet.npz,64,10,cuda,cuda,1,1,0.001194,0.004878,0.000000
618,data/imagenet.npz,64,10,cuda,cuda,1,1,0.001211,0.001879,0.000000
619,data/imagenet.npz,64,10,cuda,cuda,1,1,0.001188,0.002416,0.000000
620,data/imagenet.npz,64,10,cuda,cuda,1,1,0.001196,0.004421,0.000000
621,data/imagenet.npz,64,10,cuda,cuda,1,1,0.001202,0.004754,0.000000
622,data/imagenet.npz,64,10,cuda,cuda,1,1,0.001203,0.004760,0.000000
623,data/imagenet.npz,64,10,cuda,cuda,1,1,0.001192,0.004284,0.000000
624,data/imagenet.npz,64,10,cuda,cuda,1,1,0.001195,0.004381,0.000000
625,data/imagenet.npz,64,10,cuda,cuda,1,1,0.001201,0.007977,0.000000
626,data/imagenet.npz,64,10,cuda,cuda,1,1,0.001200,0.004692,0.000000
627,data/imagenet.npz,64,10,cuda,cuda,1,1,0.001199,0.003620,0.000000
628,data/imagenet.npz,64,10,cuda,cuda,1,1,0.001196,0.002037,0.000000
629,data/imagenet.npz,64,10,cuda,cuda,1,1,0.001202,0.003225,0.000000
630,data/imagenet.npz,64,10,cuda,cuda,1,1,0.001209,0.004376,0.000000
631,data/imagenet.npz,64,10,cuda,cuda,1,1,0.001208,0.005840,0.000000
632,data/imagenet.npz,64,10,cuda,cuda,1,1,0.001229,0.004339,0.000000
633,data/imagenet.npz,64,10,cuda,cuda,1,1,0.001206,0.004809,0.000000
634,data/imagenet.npz,64,10,cuda,cuda,1,1,0.001209,0.006889,0.000000
635,data/imagenet.npz,64,10,cuda,cuda,1,1,0.001205,0.003323,0.000000
636,data/imagenet.npz,64,10,cuda,cuda,1,1,0.001217,0.004033,0.000000
637,data/imagenet.npz,64,10,cuda,cuda,1,1,0.001202,0.004557,0.000000
638,data/imagenet.npz,64,10,cuda,cuda,1,1,0.001212,0.005843,0.000000
639,data/imagenet.npz,64,10,cuda,cuda,1,1,0.001362,0.021998,0.000000
640,data/imagenet.npz,64,10,cuda,cuda,1,1,0.001211,0.003192,0.000000
641,data/imagenet.npz,64,10,cuda,cuda,1,1,0.001217,0.004780,0.000000
642,data/imagenet.npz,64,10,cuda,cuda,1,1,0.001202,0.004873,0.000000
643,data/imagenet.npz,64,10,cuda,cuda,1,1,0.001201,0.004816,0.000000
644,data/imagenet.npz,64,10,cuda,cuda,1,1,0.001198,0.004899,0.000000
645,data/imagenet.npz,64,10,cuda,cuda,1,1,0.001213,0.001696,0.000000
646,data/imagenet.npz,64,10,cuda,cuda,1,1,0.001205,0.002273,0.000000
647,data/imagenet.npz,64,10,cuda,cuda,1,1,0.001202,0.004272,0.000000
648,data/imagenet.npz,64,10,cuda,cuda,1,1,0.001202,0.001696,0.000000
649,data/imagenet.npz,64,10,cuda,cuda,1,1,0.001208,0.004881,0.000000
650,data/imagenet.npz,64,10,cuda,cuda,1,1,0.001197,0.005943,0.000000
651,data/imagenet.npz,64,10,cuda,cuda,1,1,0.001202,0.004809,0.000000
652,data/imagenet.npz,64,10,cuda,cuda,1,1,0.001209,0.004790,0.000000
653,data/imagenet.npz,64,10,cuda,cuda,1,1,0.001212,0.004674,0.000000
654,data/imagenet.npz,64,10,cuda,cuda,1,1,0.001218,0.001099,0.000000
655,data/imagenet.npz,64,10,cuda,cuda,1,1,0.001230,0.006968,0.000000
656,data/imagenet.npz,64,10,cuda,cuda,1,1,0.001213,0.004796,0.000000
657,data/imagenet.npz,64,10,cuda,cuda,1,1,0.001204,0.004375,0.000000
658,data/imagenet.npz,64,10,cuda,cuda,1,1,0.001201,0.004815,0.000000
659,data/imagenet.npz,64,10,cuda,cuda,1,1,0.001206,0.003249,0.000000
660,data/imagenet.npz,64,10,cuda,cuda,1,1,0.001217,0.004367,0.000000
661,data/imagenet.npz,64,10,cuda,cuda,1,1,0.001203,0.004804,0.000000
662,data/imagenet.npz,64,10,cuda,cuda,1,1,0.001209,0.005256,0.000000
663,data/imagenet.npz,64,10,cuda,cuda,1,1,0.001191,0.004359,0.000000
664,data/imagenet.npz,64,10,cuda,cuda,1,1,0.001204,0.006874,0.000000
665,data/imagenet.npz,64,10,cuda,cuda,1,1,0.001196,0.004718,0.000000
666,data/imagenet.npz,64,10,cuda,cuda,1,1,0.001217,0.004889,0.000000
667,data/imagenet.npz,64,10,cuda,cuda,1,1,0.001805,0.040239,0.000000
668,data/imagenet.npz,64,10,cuda,cuda,1,1,0.001201,0.001558,0.000000
669,data/imagenet.npz,64,10,cuda,cuda,1,1,0.001200,0.004880,0.000000
670,data/imagenet.npz,64,10,cuda,cuda,1,1,0.001211,0.004279,0.000000
671,data/imagenet.npz,64,10,cuda,cuda,1,1,0.001214,0.002786,0.000000
672,data/imagenet.npz,64,10,cuda,cuda,1,1,0.001222,0.004359,0.000000
673,data/imagenet.npz,64,10,cuda,cuda,1,1,0.001205,0.004798,0.000000
674,data/imagenet.npz,64,10,cuda,cuda,1,1,0.001206,0.005682,0.000000
675,data/imagenet.npz,64,10,cuda,cuda,1,1,0.001199,0.004265,0.000000
676,data/imagenet.npz,64,10,cuda,cuda,1,1,0.001199,0.004370,0.000000
677,data/imagenet.npz,64,10,cuda,cuda,1,1,0.001200,0.000416,0.000000
678,data/imagenet.npz,64,10,cuda,cuda,1,1,0.001192,0.002370,0.000000
679,data/imagenet.npz,64,10,cuda,cuda,1,1,0.001213,0.004793,0.000000
680,data/imagenet.npz,64,10,cuda,cuda,1,1,0.001211,0.004344,0.000000
681,data/imagenet.npz,64,10,cuda,cuda,1,1,0.001208,0.000565,0.000000
682,data/imagenet.npz,64,10,cuda,cuda,1,1,0.001201,0.001608,0.000000
683,data/imagenet.npz,64,10,cuda,cuda,1,1,0.001208,0.004322,0.000000
684,data/imagenet.npz,64,10,cuda,cuda,1,1,0.001198,0.004237,0.000000
685,data/imagenet.npz,64,10,cuda,cuda,1,1,0.001203,0.005268,0.000000
686,data/imagenet.npz,64,10,cuda,cuda,1,1,0.001199,0.004783,0.000000
687,data/imagenet.npz,64,10,cuda,cuda,1,1,0.001201,0.007590,0.000000
688,data/imagenet.npz,64,10,cuda,cuda,1,1,0.001213,0.004899,0.000000
689,data/imagenet.npz,64,10,cuda,cuda,1,1,0.001204,0.004917,0.000000
690,data/imagenet.npz,64,10,cuda,cuda,1,1,0.001206,0.004922,0.000000
691,data/imagenet.npz,64,10,cuda,cuda,1,1,0.001222,0.006319,0.000000
692,data/imagenet.npz,64,10,cuda,cuda,1,1,0.001217,0.006008,0.000000
693,data/imagenet.npz,64,10,cuda,cuda,1,1,0.001214,0.004797,0.000000
694,data/imagenet.npz,64,10,cuda,cuda,1,1,0.001208,0.004796,0.000000
695,data/imagenet.npz,64,10,cuda,cuda,1,1,0.001211,0.002524,0.000000
696,data/imagenet.npz,64,10,cuda,cuda,1,1,0.001465,0.024575,0.000000
697,data/imagenet.npz,64,10,cuda,cuda,1,1,0.001209,0.002030,0.000000
698,data/imagenet.npz,64,10,cuda,cuda,1,1,0.001208,0.004066,0.000000
699,data/imagenet.npz,64,10,cuda,cuda,1,1,0.001337,0.020403,0.000000
700,data/imagenet.npz,64,10,cuda,cuda,1,1,0.001204,0.002999,0.000000
701,data/imagenet.npz,64,10,cuda,cuda,1,1,0.001204,0.004389,0.000000
702,data/imagenet.npz,64,10,cuda,cuda,1,1,0.001206,0.004812,0.000000
703,data/imagenet.npz,64,10,cuda,cuda,1,1,0.001205,0.014587,0.000000
704,data/imagenet.npz,64,10,cuda,cuda,1,1,0.001210,0.004810,0.000000
705,data/imagenet.npz,64,10,cuda,cuda,1,1,0.001216,0.003185,0.000000
706,data/imagenet.npz,64,10,cuda,cuda,1,1,0.001209,0.004794,0.000000
707,data/imagenet.npz,64,10,cuda,cuda,1,1,0.001194,0.004782,0.000000
708,data/imagenet.npz,64,10,cuda,cuda,1,1,0.001206,0.004350,0.000000
709,data/imagenet.npz,64,10,cuda,cuda,1,1,0.001194,0.004802,0.000000
710,data/imagenet.npz,64,10,cuda,cuda,1,1,0.001206,0.004906,0.000000
711,data/imagenet.npz,64,10,cuda,cuda,1,1,0.001197,0.004807,0.000000
712,data/imagenet.npz,64,10,cuda,cuda,1,1,0.001199,0.004787,0.000000
713,data/imagenet.npz,64,10,cuda,cuda,1,1,0.001199,0.004804,0.000000
714,data/imagenet.npz,64,10,cuda,cuda,1,1,0.001211,0.004905,0.000000
715,data/imagenet.npz,64,10,cuda,cuda,1,1,0.001210,0.005060,0.000000
716,data/imagenet.npz,64,10,cuda,cuda,1,1,0.001200,0.005192,0.000000
717,data/imagenet.npz,64,10,cuda,cuda,1,1,0.001203,0.004892,0.000000
718,data/imagenet.npz,64,10,cuda,cuda,1,1,0.001216,0.004799,0.000000
719,data/imagenet.npz,64,10,cuda,cuda,1,1,0.001207,0.004254,0.000000
720,data/imagenet.npz,64,10,cuda,cuda,1,1,0.001218,0.004239,0.000000
721,data/imagenet.npz,64,10,cuda,cuda,1,1,0.001199,0.005940,0.000000
722,data/imagenet.npz,64,10,cuda,cuda,1,1,0.001210,0.004398,0.000000
723,data/imagenet.npz,64,10,cuda,cuda,1,1,0.001199,0.003639,0.000000
724,data/imagenet.npz,64,10,cuda,cuda,1,1,0.001214,0.003077,0.000000
725,data/imagenet.npz,64,10,cuda,cuda,1,1,0.001203,0.003858,0.000000
726,data/imagenet.npz,64,10,cuda,cuda,1,1,0.001205,0.002033,0.000000
727,data/imagenet.npz,64,10,cuda,cuda,1,1,0.001227,0.004795,0.000000
728,data/imagenet.npz,64,10,cuda,cuda,1,1,0.001198,0.004818,0.000000
729,data/imagenet.npz,64,10,cuda,cuda,1,1,0.001188,0.001885,0.000000
730,data/imagenet.npz,64,10,cuda,cuda,1,1,0.001203,0.004910,0.000000
731,data/imagenet.npz,64,10,cuda,cuda,1,1,0.001211,0.004339,0.000000
732,data/imagenet.npz,64,10,cuda,cuda,1,1,0.001202,0.003983,0.000000
733,data/imagenet.npz,64,10,cuda,cuda,1,1,0.001203,0.007035,0.000000
734,data/imagenet.npz,64,10,cuda,cuda,1,1,0.001207,0.004797,0.000000
735,data/imagenet.npz,64,10,cuda,cuda,1,1,0.001203,0.004360,0.000000
736,data/imagenet.npz,64,10,cuda,cuda,1,1,0.001217,0.004267,0.000000
737,data/imagenet.npz,64,10,cuda,cuda,1,1,0.001201,0.004807,0.000000
738,data/imagenet.npz,64,10,cuda,cuda,1,1,0.001202,0.004663,0.000000
739,data/imagenet.npz,64,10,cuda,cuda,1,1,0.001211,0.011789,0.000000
740,data/imagenet.npz,64,10,cuda,cuda,1,1,0.001202,0.004344,0.000000
741,data/imagenet.npz,64,10,cuda,cuda,1,1,0.001213,0.004798,0.000000
742,data/imagenet.npz,64,10,cuda,cuda,1,1,0.001210,0.000893,0.000000
743,data/imagenet.npz,64,10,cuda,cuda,1,1,0.001198,0.004367,0.000000
744,data/imagenet.npz,64,10,cuda,cuda,1,1,0.001214,0.004249,0.000000
745,data/imagenet.npz,64,10,cuda,cuda,1,1,0.001203,0.004707,0.000000
746,data/imagenet.npz,64,10,cuda,cuda,1,1,0.001203,0.004259,0.000000
747,data/imagenet.npz,64,10,cuda,cuda,1,1,0.001208,0.004759,0.000000
748,data/imagenet.npz,64,10,cuda,cuda,1,1,0.001195,0.002341,0.000000
749,data/imagenet.npz,64,10,cuda,cuda,1,1,0.001195,0.007782,0.000000
750,data/imagenet.npz,64,10,cuda,cuda,1,1,0.001199,0.001260,0.000000
751,data/imagenet.npz,64,10,cuda,cuda,1,1,0.001198,0.004270,0.000000
752,data/imagenet.npz,64,10,cuda,cuda,1,1,0.001209,0.004688,0.000000
753,data/imagenet.npz,64,10,cuda,cuda,1,1,0.001203,0.006870,0.000000
754,data/imagenet.npz,64,10,cuda,cuda,1,1,0.001198,0.003331,0.000000
755,data/imagenet.npz,64,10,cuda,cuda,1,1,0.001198,0.004366,0.000000
756,data/imagenet.npz,64,10,cuda,cuda,1,1,0.001203,0.004910,0.000000
757,data/imagenet.npz,64,10,cuda,cuda,1,1,0.001205,0.004801,0.000000
758,data/imagenet.npz,64,10,cuda,cuda,1,1,0.001205,0.004810,0.000000
759,data/imagenet.npz,64,10,cuda,cuda,1,1,0.001202,0.004906,0.000000
760,data/imagenet.npz,64,10,cuda,cuda,1,1,0.001215,0.004380,0.000000
761,data/imagenet.npz,64,10,cuda,cuda,1,1,0.001210,0.004806,0.000000
762,data/imagenet.npz,64,10,cuda,cuda,1,1,0.001202,0.004911,0.000000
763,data/imagenet.npz,64,10,cuda,cuda,1,1,0.001202,0.005421,0.000000
764,data/imagenet.npz,64,10,cuda,cuda,1,1,0.001218,0.004394,0.000000
765,data/imagenet.npz,64,10,cuda,cuda,1,1,0.001212,0.004273,0.000000
766,data/imagenet.npz,64,10,cuda,cuda,1,1,0.001197,0.009509,0.000000
767,data/imagenet.npz,64,10,cuda,cuda,1,1,0.001205,0.001293,0.000000
768,data/imagenet.npz,64,10,cuda,cuda,1,1,0.001203,0.003155,0.000000
769,data/imagenet.npz,64,10,cuda,cuda,1,1,0.001192,0.004384,0.000000
770,data/imagenet.npz,64,10,cuda,cuda,1,1,0.001197,0.007797,0.000000
771,data/imagenet.npz,64,10,cuda,cuda,1,1,0.001208,0.006563,0.000000
772,data/imagenet.npz,64,10,cuda,cuda,1,1,0.001197,0.004796,0.000000
773,data/imagenet.npz,64,10,cuda,cuda,1,1,0.001212,0.007782,0.000000
774,data/imagenet.npz,64,10,cuda,cuda,1,1,0.001211,0.004360,0.000000
775,data/imagenet.npz,64,10,cuda,cuda,1,1,0.001211,0.006355,0.000000
776,data/imagenet.npz,64,10,cuda,cuda,1,1,0.001201,0.004792,0.000000
777,data/imagenet.npz,64,10,cuda,cuda,1,1,0.001218,0.004912,0.000000
778,data/imagenet.npz,64,10,cuda,cuda,1,1,0.001202,0.006447,0.000000
779,data/imagenet.npz,64,10,cuda,cuda,1,1,0.001202,0.004904,0.000000
780,data/imagenet.npz,64,10,cuda,cuda,1,1,0.001201,0.004817,0.000000
781,data/imagenet.npz,64,10,cuda,cuda,1,1,0.001206,0.002585,0.000000
782,data/imagenet.npz,64,10,cuda,cuda,1,1,0.001213,0.004282,0.000000
783,data/imagenet.npz,64,10,cuda,cuda,1,1,0.001207,0.004333,0.000000
784,data/imagenet.npz,64,10,cuda,cuda,1,1,0.001201,0.007093,0.000000
785,data/imagenet.npz,64,10,cuda,cuda,1,1,0.001202,0.004234,0.000000
786,data/imagenet.npz,64,10,cuda,cuda,1,1,0.001215,0.004914,0.000000
787,data/imagenet.npz,64,10,cuda,cuda,1,1,0.001200,0.004111,0.000000
788,data/imagenet.npz,64,10,cuda,cuda,1,1,0.001207,0.002141,0.000000
789,data/imagenet.npz,64,10,cuda,cuda,1,1,0.001201,0.004801,0.000000
790,data/imagenet.npz,64,10,cuda,cuda,1,1,0.001197,0.004609,0.000000
791,data/imagenet.npz,64,10,cuda,cuda,1,1,0.001207,0.003070,0.000000
792,data/imagenet.npz,64,10,cuda,cuda,1,1,0.001225,0.007100,0.000000
793,data/imagenet.npz,64,10,cuda,cuda,1,1,0.001208,0.004877,0.000000
794,data/imagenet.npz,64,10,cuda,cuda,1,1,0.001203,0.003828,0.000000
795,data/imagenet.npz,64,10,cuda,cuda,1,1,0.001195,0.004280,0.000000
796,data/imagenet.npz,64,10,cuda,cuda,1,1,0.001208,0.004269,0.000000
797,data/imagenet.npz,64,10,cuda,cuda,1,1,0.001202,0.004376,0.000000
798,data/imagenet.npz,64,10,cuda,cuda,1,1,0.001206,0.004041,0.000000
799,data/imagenet.npz,64,10,cuda,cuda,1,1,0.001207,0.010228,0.000000
800,data/imagenet.npz,64,10,cuda,cuda,1,1,0.001202,0.005055,0.000000
801,data/imagenet.npz,64,10,cuda,cuda,1,1,0.001212,0.001585,0.000000
802,data/imagenet.npz,64,10,cuda,cuda,1,1,0.001214,0.002232,0.000000
803,data/imagenet.npz,64,10,cuda,cuda,1,1,0.001217,0.004906,0.000000
804,data/imagenet.npz,64,10,cuda,cuda,1,1,0.001213,0.004795,0.000000
805,data/imagenet.npz,64,10,cuda,cuda,1,1,0.001202,0.000783,0.000000
806,data/imagenet.npz,64,10,cuda,cuda,1,1,0.001193,0.003527,0.000000
807,data/imagenet.npz,64,10,cuda,cuda,1,1,0.001202,0.004803,0.000000
808,data/imagenet.npz,64,10,cuda,cuda,1,1,0.001220,0.004914,0.000000
809,data/imagenet.npz,64,10,cuda,cuda,1,1,0.001210,0.004808,0.000000
810,data/imagenet.npz,64,10,cuda,cuda,1,1,0.001206,0.007106,0.000000
811,data/imagenet.npz,64,10,cuda,cuda,1,1,0.001211,0.004804,0.000000
812,data/imagenet.npz,64,10,cuda,cuda,1,1,0.001214,0.004223,0.000000
813,data/imagenet.npz,64,10,cuda,cuda,1,1,0.001199,0.004691,0.000000
814,data/imagenet.npz,64,10,cuda,cuda,1,1,0.001188,0.004281,0.000000
815,data/imagenet.npz,64,10,cuda,cuda,1,1,0.001197,0.000720,0.000000
816,data/imagenet.npz,64,10,cuda,cuda,1,1,0.001216,0.004274,0.000000
817,data/imagenet.npz,64,10,cuda,cuda,1,1,0.001198,0.004799,0.000000
818,data/imagenet.npz,64,10,cuda,cuda,1,1,0.001200,0.004723,0.000000
819,data/imagenet.npz,64,10,cuda,cuda,1,1,0.001203,0.004271,0.000000
820,data/imagenet.npz,64,10,cuda,cuda,1,1,0.001206,0.007036,0.000000
821,data/imagenet.npz,64,10,cuda,cuda,1,1,0.001201,0.004574,0.000000
822,data/imagenet.npz,64,10,cuda,cuda,1,1,0.001207,0.004281,0.000000
823,data/imagenet.npz,64,10,cuda,cuda,1,1,0.001195,0.004355,0.000000
824,data/imagenet.npz,64,10,cuda,cuda,1,1,0.001206,0.001857,0.000000
825,data/imagenet.npz,64,10,cuda,cuda,1,1,0.001202,0.004700,0.000000
826,data/imagenet.npz,64,10,cuda,cuda,1,1,0.001200,0.005661,0.000000
827,data/imagenet.npz,64,10,cuda,cuda,1,1,0.001192,0.005318,0.000000
828,data/imagenet.npz,64,10,cuda,cuda,1,1,0.001199,0.004386,0.000000
829,data/imagenet.npz,64,10,cuda,cuda,1,1,0.001210,0.000723,0.000000
830,data/imagenet.npz,64,10,cuda,cuda,1,1,0.001201,0.004786,0.000000
831,data/imagenet.npz,64,10,cuda,cuda,1,1,0.001203,0.004372,0.000000
832,data/imagenet.npz,64,10,cuda,cuda,1,1,0.001196,0.004795,0.000000
833,data/imagenet.npz,64,10,cuda,cuda,1,1,0.001200,0.012407,0.000000
834,data/imagenet.npz,64,10,cuda,cuda,1,1,0.001240,0.009590,0.000000
835,data/imagenet.npz,64,10,cuda,cuda,1,1,0.001205,0.001244,0.000000
836,data/imagenet.npz,64,10,cuda,cuda,1,1,0.001197,0.001664,0.000000
837,data/imagenet.npz,64,10,cuda,cuda,1,1,0.001203,0.004784,0.000000
838,data/imagenet.npz,64,10,cuda,cuda,1,1,0.001193,0.004362,0.000000
839,data/imagenet.npz,64,10,cuda,cuda,1,1,0.001200,0.008517,0.000000
840,data/imagenet.npz,64,10,cuda,cuda,1,1,0.001195,0.012344,0.000000
841,data/imagenet.npz,64,10,cuda,cuda,1,1,0.001199,0.004275,0.000000
842,data/imagenet.npz,64,10,cuda,cuda,1,1,0.001198,0.004798,0.000000
843,data/imagenet.npz,64,10,cuda,cuda,1,1,0.001189,0.004369,0.000000
844,data/imagenet.npz,64,10,cuda,cuda,1,1,0.001193,0.004782,0.000000
845,data/imagenet.npz,64,10,cuda,cuda,1,1,0.001192,0.003627,0.000000
846,data/imagenet.npz,64,10,cuda,cuda,1,1,0.001200,0.003697,0.000000
847,data/imagenet.npz,64,10,cuda,cuda,1,1,0.001215,0.001262,0.000000
848,data/imagenet.npz,64,10,cuda,cuda,1,1,0.001196,0.004677,0.000000
849,data/imagenet.npz,64,10,cuda,cuda,1,1,0.001195,0.004780,0.000000
850,data/imagenet.npz,64,10,cuda,cuda,1,1,0.001195,0.001036,0.000000
851,data/imagenet.npz,64,10,cuda,cuda,1,1,0.004264,0.100801,0.000000
852,data/imagenet.npz,64,10,cuda,cuda,1,1,0.001227,0.004642,0.000000
853,data/imagenet.npz,64,10,cuda,cuda,1,1,0.001196,0.004372,0.000000
854,data/imagenet.npz,64,10,cuda,cuda,1,1,0.001198,0.004268,0.000000
855,data/imagenet.npz,64,10,cuda,cuda,1,1,0.001593,0.004845,0.000000
856,data/imagenet.npz,64,10,cuda,cuda,1,1,0.001211,0.001800,0.000000
857,data/imagenet.npz,64,10,cuda,cuda,1,1,0.001213,0.004982,0.000000
858,data/imagenet.npz,64,10,cuda,cuda,1,1,0.001209,0.000667,0.000000
859,data/imagenet.npz,64,10,cuda,cuda,1,1,0.001196,0.005286,0.000000
860,data/imagenet.npz,64,10,cuda,cuda,1,1,0.001618,0.002352,0.000000
861,data/imagenet.npz,64,10,cuda,cuda,1,1,0.001187,0.000771,0.000000
862,data/imagenet.npz,64,10,cuda,cuda,1,1,0.001195,0.005379,0.000000
863,data/imagenet.npz,64,10,cuda,cuda,1,1,0.001217,0.000259,0.000000
864,data/imagenet.npz,64,10,cuda,cuda,1,1,0.001189,0.004890,0.000000
865,data/imagenet.npz,64,10,cuda,cuda,1,1,0.001195,0.005821,0.000000
866,data/imagenet.npz,64,10,cuda,cuda,1,1,0.001201,0.001673,0.000000
867,data/imagenet.npz,64,10,cuda,cuda,1,1,0.001196,0.005530,0.000000
868,data/imagenet.npz,64,10,cuda,cuda,1,1,0.001191,0.000583,0.000000
869,data/imagenet.npz,64,10,cuda,cuda,1,1,0.001191,0.001795,0.000000
870,data/imagenet.npz,64,10,cuda,cuda,1,1,0.001205,0.004180,0.000000
871,data/imagenet.npz,64,10,cuda,cuda,1,1,0.001726,0.030899,0.000000
872,data/imagenet.npz,64,10,cuda,cuda,1,1,0.001200,0.006115,0.000000
873,data/imagenet.npz,64,10,cuda,cuda,1,1,0.001208,0.000695,0.000000
874,data/imagenet.npz,64,10,cuda,cuda,1,1,0.002383,0.048415,0.000000
875,data/imagenet.npz,64,10,cuda,cuda,1,1,0.001202,0.004798,0.000000
876,data/imagenet.npz,64,10,cuda,cuda,1,1,0.001208,0.005084,0.000000
877,data/imagenet.npz,64,10,cuda,cuda,1,1,0.001190,0.004777,0.000000
878,data/imagenet.npz,64,10,cuda,cuda,1,1,0.001201,0.004786,0.000000
879,data/imagenet.npz,64,10,cuda,cuda,1,1,0.001198,0.004378,0.000000
880,data/imagenet.npz,64,10,cuda,cuda,1,1,0.001205,0.003426,0.000000
881,data/imagenet.npz,64,10,cuda,cuda,1,1,0.001206,0.012094,0.000000
882,data/imagenet.npz,64,10,cuda,cuda,1,1,0.001193,0.004805,0.000000
883,data/imagenet.npz,64,10,cuda,cuda,1,1,0.001192,0.004125,0.000000
884,data/imagenet.npz,64,10,cuda,cuda,1,1,0.001203,0.004803,0.000000
885,data/imagenet.npz,64,10,cuda,cuda,1,1,0.001202,0.000503,0.000000
886,data/imagenet.npz,64,10,cuda,cuda,1,1,0.001187,0.004787,0.000000
887,data/imagenet.npz,64,10,cuda,cuda,1,1,0.001196,0.004911,0.000000
888,data/imagenet.npz,64,10,cuda,cuda,1,1,0.001194,0.005827,0.000000
889,data/imagenet.npz,64,10,cuda,cuda,1,1,0.001206,0.004666,0.000000
890,data/imagenet.npz,64,10,cuda,cuda,1,1,0.001194,0.004808,0.000000
891,data/imagenet.npz,64,10,cuda,cuda,1,1,0.001197,0.004794,0.000000
892,data/imagenet.npz,64,10,cuda,cuda,1,1,0.001199,0.004916,0.000000
893,data/imagenet.npz,64,10,cuda,cuda,1,1,0.001204,0.004292,0.000000
894,data/imagenet.npz,64,10,cuda,cuda,1,1,0.001191,0.004679,0.000000
895,data/imagenet.npz,64,10,cuda,cuda,1,1,0.001198,0.004374,0.000000
896,data/imagenet.npz,64,10,cuda,cuda,1,1,0.001192,0.006413,0.000000
897,data/imagenet.npz,64,10,cuda,cuda,1,1,0.001197,0.004640,0.000000
898,data/imagenet.npz,64,10,cuda,cuda,1,1,0.001191,0.004791,0.000000
899,data/imagenet.npz,64,10,cuda,cuda,1,1,0.001212,0.004798,0.000000
900,data/imagenet.npz,64,10,cuda,cuda,1,1,0.001196,0.004379,0.000000
901,data/imagenet.npz,64,10,cuda,cuda,1,1,0.001187,0.004370,0.000000
902,data/imagenet.npz,64,10,cuda,cuda,1,1,0.001197,0.004777,0.000000
903,data/imagenet.npz,64,10,cuda,cuda,1,1,0.001191,0.003801,0.000000
904,data/imagenet.npz,64,10,cuda,cuda,1,1,0.001208,0.003115,0.000000
905,data/imagenet.npz,64,10,cuda,cuda,1,1,0.001197,0.004905,0.000000
906,data/imagenet.npz,64,10,cuda,cuda,1,1,0.001200,0.004913,0.000000
907,data/imagenet.npz,64,10,cuda,cuda,1,1,0.001190,0.004801,0.000000
908,data/imagenet.npz,64,10,cuda,cuda,1,1,0.001202,0.004380,0.000000
909,data/imagenet.npz,64,10,cuda,cuda,1,1,0.001193,0.004518,0.000000
910,data/imagenet.npz,64,10,cuda,cuda,1,1,0.001197,0.004790,0.000000
911,data/imagenet.npz,64,10,cuda,cuda,1,1,0.001182,0.004393,0.000000
912,data/imagenet.npz,64,10,cuda,cuda,1,1,0.001199,0.006386,0.000000
913,data/imagenet.npz,64,10,cuda,cuda,1,1,0.001197,0.004884,0.000000
914,data/imagenet.npz,64,10,cuda,cuda,1,1,0.001606,0.001652,0.000000
915,data/imagenet.npz,64,10,cuda,cuda,1,1,0.001201,0.004851,0.000000
916,data/imagenet.npz,64,10,cuda,cuda,1,1,0.001196,0.005945,0.000000
917,data/imagenet.npz,64,10,cuda,cuda,1,1,0.001188,0.004248,0.000000
918,data/imagenet.npz,64,10,cuda,cuda,1,1,0.001195,0.003502,0.000000
919,data/imagenet.npz,64,10,cuda,cuda,1,1,0.001205,0.004728,0.000000
920,data/imagenet.npz,64,10,cuda,cuda,1,1,0.001198,0.005740,0.000000
921,data/imagenet.npz,64,10,cuda,cuda,1,1,0.001205,0.004786,0.000000
922,data/imagenet.npz,64,10,cuda,cuda,1,1,0.001186,0.004969,0.000000
923,data/imagenet.npz,64,10,cuda,cuda,1,1,0.001208,0.004883,0.000000
924,data/imagenet.npz,64,10,cuda,cuda,1,1,0.001194,0.004361,0.000000
925,data/imagenet.npz,64,10,cuda,cuda,1,1,0.001206,0.004266,0.000000
926,data/imagenet.npz,64,10,cuda,cuda,1,1,0.001210,0.003115,0.000000
927,data/imagenet.npz,64,10,cuda,cuda,1,1,0.001192,0.004392,0.000000
928,data/imagenet.npz,64,10,cuda,cuda,1,1,0.001209,0.004913,0.000000
929,data/imagenet.npz,64,10,cuda,cuda,1,1,0.001191,0.003789,0.000000
930,data/imagenet.npz,64,10,cuda,cuda,1,1,0.001204,0.003273,0.000000
931,data/imagenet.npz,64,10,cuda,cuda,1,1,0.001195,0.003826,0.000000
932,data/imagenet.npz,64,10,cuda,cuda,1,1,0.001197,0.004464,0.000000
933,data/imagenet.npz,64,10,cuda,cuda,1,1,0.001191,0.002086,0.000000
934,data/imagenet.npz,64,10,cuda,cuda,1,1,0.001191,0.004353,0.000000
935,data/imagenet.npz,64,10,cuda,cuda,1,1,0.001199,0.003173,0.000000
936,data/imagenet.npz,64,10,cuda,cuda,1,1,0.001198,0.004392,0.000000
937,data/imagenet.npz,64,10,cuda,cuda,1,1,0.001181,0.004506,0.000000
938,data/imagenet.npz,64,10,cuda,cuda,1,1,0.001202,0.006362,0.000000
939,data/imagenet.npz,64,10,cuda,cuda,1,1,0.001187,0.004055,0.000000
940,data/imagenet.npz,64,10,cuda,cuda,1,1,0.001199,0.004795,0.000000
941,data/imagenet.npz,64,10,cuda,cuda,1,1,0.001191,0.004804,0.000000
942,data/imagenet.npz,64,10,cuda,cuda,1,1,0.001214,0.004376,0.000000
943,data/imagenet.npz,64,10,cuda,cuda,1,1,0.001189,0.004282,0.000000
944,data/imagenet.npz,64,10,cuda,cuda,1,1,0.001206,0.004347,0.000000
945,data/imagenet.npz,64,10,cuda,cuda,1,1,0.001195,0.004806,0.000000
946,data/imagenet.npz,64,10,cuda,cuda,1,1,0.001203,0.004338,0.000000
947,data/imagenet.npz,64,10,cuda,cuda,1,1,0.001185,0.004910,0.000000
948,data/imagenet.npz,64,10,cuda,cuda,1,1,0.001196,0.005852,0.000000
949,data/imagenet.npz,64,10,cuda,cuda,1,1,0.001185,0.004376,0.000000
950,data/imagenet.npz,64,10,cuda,cuda,1,1,0.001186,0.004801,0.000000
951,data/imagenet.npz,64,10,cuda,cuda,1,1,0.001185,0.004904,0.000000
952,data/imagenet.npz,64,10,cuda,cuda,1,1,0.001202,0.004903,0.000000
953,data/imagenet.npz,64,10,cuda,cuda,1,1,0.001199,0.004599,0.000000
954,data/imagenet.npz,64,10,cuda,cuda,1,1,0.001192,0.002459,0.000000
955,data/imagenet.npz,64,10,cuda,cuda,1,1,0.001195,0.004278,0.000000
956,data/imagenet.npz,64,10,cuda,cuda,1,1,0.001200,0.004712,0.000000
957,data/imagenet.npz,64,10,cuda,cuda,1,1,0.001191,0.003832,0.000000
958,data/imagenet.npz,64,10,cuda,cuda,1,1,0.001195,0.005472,0.000000
959,data/imagenet.npz,64,10,cuda,cuda,1,1,0.001202,0.005556,0.000000
960,data/imagenet.npz,64,10,cuda,cuda,1,1,0.001192,0.004400,0.000000
961,data/imagenet.npz,64,10,cuda,cuda,1,1,0.001194,0.004365,0.000000
962,data/imagenet.npz,64,10,cuda,cuda,1,1,0.001191,0.004328,0.000000
963,data/imagenet.npz,64,10,cuda,cuda,1,1,0.001191,0.004579,0.000000
964,data/imagenet.npz,64,10,cuda,cuda,1,1,0.001190,0.004218,0.000000
965,data/imagenet.npz,64,10,cuda,cuda,1,1,0.001189,0.004235,0.000000
966,data/imagenet.npz,64,10,cuda,cuda,1,1,0.001200,0.004789,0.000000
967,data/imagenet.npz,64,10,cuda,cuda,1,1,0.001174,0.004806,0.000000
968,data/imagenet.npz,64,10,cuda,cuda,1,1,0.001187,0.004207,0.000000
969,data/imagenet.npz,64,10,cuda,cuda,1,1,0.001184,0.004902,0.000000
970,data/imagenet.npz,64,10,cuda,cuda,1,1,0.001192,0.007080,0.000000
971,data/imagenet.npz,64,10,cuda,cuda,1,1,0.001194,0.002505,0.000000
972,data/imagenet.npz,64,10,cuda,cuda,1,1,0.001205,0.001161,0.000000
973,data/imagenet.npz,64,10,cuda,cuda,1,1,0.001192,0.005022,0.000000
974,data/imagenet.npz,64,10,cuda,cuda,1,1,0.001197,0.001145,0.000000
975,data/imagenet.npz,64,10,cuda,cuda,1,1,0.001186,0.004898,0.000000
976,data/imagenet.npz,64,10,cuda,cuda,1,1,0.001192,0.004334,0.000000
977,data/imagenet.npz,64,10,cuda,cuda,1,1,0.001199,0.005093,0.000000
978,data/imagenet.npz,64,10,cuda,cuda,1,1,0.001186,0.004147,0.000000
979,data/imagenet.npz,64,10,cuda,cuda,1,1,0.001201,0.004789,0.000000
980,data/imagenet.npz,64,10,cuda,cuda,1,1,0.001191,0.004778,0.000000
981,data/imagenet.npz,64,10,cuda,cuda,1,1,0.001190,0.005702,0.000000
982,data/imagenet.npz,64,10,cuda,cuda,1,1,0.001204,0.004907,0.000000
983,data/imagenet.npz,64,10,cuda,cuda,1,1,0.001187,0.004888,0.000000
984,data/imagenet.npz,64,10,cuda,cuda,1,1,0.001203,0.004283,0.000000
985,data/imagenet.npz,64,10,cuda,cuda,1,1,0.001212,0.001246,0.000000
986,data/imagenet.npz,64,10,cuda,cuda,1,1,0.001199,0.014417,0.000000
987,data/imagenet.npz,64,10,cuda,cuda,1,1,0.001192,0.005735,0.000000
988,data/imagenet.npz,64,10,cuda,cuda,1,1,0.001178,0.002198,0.000000
989,data/imagenet.npz,64,10,cuda,cuda,1,1,0.001188,0.004677,0.000000
990,data/imagenet.npz,64,10,cuda,cuda,1,1,0.001200,0.004571,0.000000
991,data/imagenet.npz,64,10,cuda,cuda,1,1,0.001211,0.003902,0.000000
992,data/imagenet.npz,64,10,cuda,cuda,1,1,0.001193,0.003680,0.000000
993,data/imagenet.npz,64,10,cuda,cuda,1,1,0.001190,0.004272,0.000000
994,data/imagenet.npz,64,10,cuda,cuda,1,1,0.001183,0.007037,0.000000
995,data/imagenet.npz,64,10,cuda,cuda,1,1,0.001193,0.005368,0.000000
996,data/imagenet.npz,64,10,cuda,cuda,1,1,0.001181,0.004756,0.000000
997,data/imagenet.npz,64,10,cuda,cuda,1,1,0.001199,0.003427,0.000000
998,data/imagenet.npz,64,10,cuda,cuda,1,1,0.001193,0.004783,0.000000
999,data/imagenet.npz,64,10,cuda,cuda,1,1,0.001194,0.002800,0.000000
