image_index,data_path,num_directions,num_timesteps,device_requested,device_used,batch_size,num_cores,complex_construction_time,computation_time,vectorization_time
0,data/fashionmnist.npz,8,1000,cpu,cpu,1,1,0.000853,0.010463,0.018539
1,data/fashionmnist.npz,8,1000,cpu,cpu,1,1,0.000763,0.009545,0.024804
2,data/fashionmnist.npz,8,1000,cpu,cpu,1,1,0.000820,0.008138,0.014824
3,data/fashionmnist.npz,8,1000,cpu,cpu,1,1,0.001146,0.007308,0.014811
4,data/fashionmnist.npz,8,1000,cpu,cpu,1,1,0.000796,0.012776,0.015339
5,data/fashionmnist.npz,8,1000,cpu,cpu,1,1,0.001061,0.007744,0.014971
6,data/fashionmnist.npz,8,1000,cpu,cpu,1,1,0.000943,0.008245,0.014692
7,data/fashionmnist.npz,8,1000,cpu,cpu,1,1,0.000762,0.008665,0.015137
8,data/fashionmnist.npz,8,1000,cpu,cpu,1,1,0.000760,0.008638,0.015421
9,data/fashionmnist.npz,8,1000,cpu,cpu,1,1,0.000828,0.007896,0.014990
10,data/fashionmnist.npz,8,1000,cpu,cpu,1,1,0.000742,0.018388,0.015148
11,data/fashionmnist.npz,8,1000,cpu,cpu,1,1,0.000769,0.007789,0.015467
12,data/fashionmnist.npz,8,1000,cpu,cpu,1,1,0.000825,0.010511,0.014913
13,data/fashionmnist.npz,8,1000,cpu,cpu,1,1,0.000751,0.009427,0.015130
14,data/fashionmnist.npz,8,1000,cpu,cpu,1,1,0.000829,0.013966,0.015709
15,data/fashionmnist.npz,8,1000,cpu,cpu,1,1,0.000807,0.009229,0.015318
16,data/fashionmnist.npz,8,1000,cpu,cpu,1,1,0.000770,0.007779,0.015114
17,data/fashionmnist.npz,8,1000,cpu,cpu,1,1,0.000810,0.010356,0.016278
18,data/fashionmnist.npz,8,1000,cpu,cpu,1,1,0.000787,0.009314,0.015193
19,data/fashionmnist.npz,8,1000,cpu,cpu,1,1,0.000783,0.009058,0.015248
20,data/fashionmnist.npz,8,1000,cpu,cpu,1,1,0.000765,0.008286,0.015329
21,data/fashionmnist.npz,8,1000,cpu,cpu,1,1,0.000895,0.008558,0.015288
22,data/fashionmnist.npz,8,1000,cpu,cpu,1,1,0.000831,0.011286,0.015037
23,data/fashionmnist.npz,8,1000,cpu,cpu,1,1,0.000831,0.009915,0.015405
24,data/fashionmnist.npz,8,1000,cpu,cpu,1,1,0.000801,0.012335,0.014966
25,data/fashionmnist.npz,8,1000,cpu,cpu,1,1,0.000821,0.014099,0.015844
26,data/fashionmnist.npz,8,1000,cpu,cpu,1,1,0.000820,0.009515,0.015299
27,data/fashionmnist.npz,8,1000,cpu,cpu,1,1,0.000754,0.012373,0.015169
28,data/fashionmnist.npz,8,1000,cpu,cpu,1,1,0.000808,0.014167,0.014883
29,data/fashionmnist.npz,8,1000,cpu,cpu,1,1,0.001461,0.020709,0.015017
30,data/fashionmnist.npz,8,1000,cpu,cpu,1,1,0.000882,0.010508,0.014796
31,data/fashionmnist.npz,8,1000,cpu,cpu,1,1,0.000832,0.010509,0.015446
32,data/fashionmnist.npz,8,1000,cpu,cpu,1,1,0.001216,0.009250,0.015478
33,data/fashionmnist.npz,8,1000,cpu,cpu,1,1,0.000768,0.009342,0.015497
34,data/fashionmnist.npz,8,1000,cpu,cpu,1,1,0.000845,0.009102,0.015772
35,data/fashionmnist.npz,8,1000,cpu,cpu,1,1,0.000768,0.010938,0.015537
36,data/fashionmnist.npz,8,1000,cpu,cpu,1,1,0.001065,0.011628,0.017481
37,data/fashionmnist.npz,8,1000,cpu,cpu,1,1,0.000827,0.011521,0.015504
38,data/fashionmnist.npz,8,1000,cpu,cpu,1,1,0.000816,0.015811,0.015501
39,data/fashionmnist.npz,8,1000,cpu,cpu,1,1,0.000747,0.009310,0.015990
40,data/fashionmnist.npz,8,1000,cpu,cpu,1,1,0.000789,0.007696,0.015466
41,data/fashionmnist.npz,8,1000,cpu,cpu,1,1,0.000751,0.008774,0.016070
42,data/fashionmnist.npz,8,1000,cpu,cpu,1,1,0.000743,0.007942,0.015185
43,data/fashionmnist.npz,8,1000,cpu,cpu,1,1,0.000806,0.007483,0.015175
44,data/fashionmnist.npz,8,1000,cpu,cpu,1,1,0.000867,0.008520,0.015589
45,data/fashionmnist.npz,8,1000,cpu,cpu,1,1,0.000881,0.009545,0.015155
46,data/fashionmnist.npz,8,1000,cpu,cpu,1,1,0.000795,0.008899,0.015120
47,data/fashionmnist.npz,8,1000,cpu,cpu,1,1,0.000774,0.010298,0.014939
48,data/fashionmnist.npz,8,1000,cpu,cpu,1,1,0.000881,0.011581,0.015334
49,data/fashionmnist.npz,8,1000,cpu,cpu,1,1,0.000785,0.009528,0.015394
50,data/fashionmnist.npz,8,1000,cpu,cpu,1,1,0.000799,0.010963,0.015662
51,data/fashionmnist.npz,8,1000,cpu,cpu,1,1,0.000876,0.008911,0.015623
52,data/fashionmnist.npz,8,1000,cpu,cpu,1,1,0.000849,0.011584,0.015596
53,data/fashionmnist.npz,8,1000,cpu,cpu,1,1,0.000808,0.008915,0.015169
54,data/fashionmnist.npz,8,1000,cpu,cpu,1,1,0.000834,0.008139,0.015708
55,data/fashionmnist.npz,8,1000,cpu,cpu,1,1,0.000778,0.007627,0.015074
56,data/fashionmnist.npz,8,1000,cpu,cpu,1,1,0.000737,0.009599,0.014997
57,data/fashionmnist.npz,8,1000,cpu,cpu,1,1,0.000841,0.007902,0.014968
58,data/fashionmnist.npz,8,1000,cpu,cpu,1,1,0.000748,0.018956,0.015613
59,data/fashionmnist.npz,8,1000,cpu,cpu,1,1,0.000800,0.008160,0.015265
60,data/fashionmnist.npz,8,1000,cpu,cpu,1,1,0.000780,0.012525,0.015720
61,data/fashionmnist.npz,8,1000,cpu,cpu,1,1,0.000773,0.008565,0.015332
62,data/fashionmnist.npz,8,1000,cpu,cpu,1,1,0.000772,0.012615,0.015712
63,data/fashionmnist.npz,8,1000,cpu,cpu,1,1,0.001312,0.008809,0.015501
64,data/fashionmnist.npz,8,1000,cpu,cpu,1,1,0.000759,0.017527,0.015345
65,data/fashionmnist.npz,8,1000,cpu,cpu,1,1,0.000774,0.008962,0.015212
66,data/fashionmnist.npz,8,1000,cpu,cpu,1,1,0.000834,0.009187,0.015163
67,data/fashionmnist.npz,8,1000,cpu,cpu,1,1,0.000769,0.016672,0.018268
68,data/fashionmnist.npz,8,1000,cpu,cpu,1,1,0.001009,0.008184,0.015074
69,data/fashionmnist.npz,8,1000,cpu,cpu,1,1,0.000766,0.007876,0.015080
70,data/fashionmnist.npz,8,1000,cpu,cpu,1,1,0.000846,0.008250,0.015445
71,data/fashionmnist.npz,8,1000,cpu,cpu,1,1,0.000758,0.009072,0.016093
72,data/fashionmnist.npz,8,1000,cpu,cpu,1,1,0.000769,0.007460,0.015350
73,data/fashionmnist.npz,8,1000,cpu,cpu,1,1,0.000814,0.009241,0.014889
74,data/fashionmnist.npz,8,1000,cpu,cpu,1,1,0.000757,0.007364,0.015512
75,data/fashionmnist.npz,8,1000,cpu,cpu,1,1,0.000821,0.007825,0.014917
76,data/fashionmnist.npz,8,1000,cpu,cpu,1,1,0.000759,0.007637,0.016000
77,data/fashionmnist.npz,8,1000,cpu,cpu,1,1,0.000823,0.010675,0.015016
78,data/fashionmnist.npz,8,1000,cpu,cpu,1,1,0.000767,0.008198,0.015628
79,data/fashionmnist.npz,8,1000,cpu,cpu,1,1,0.000766,0.008591,0.015281
80,data/fashionmnist.npz,8,1000,cpu,cpu,1,1,0.000826,0.010199,0.016110
81,data/fashionmnist.npz,8,1000,cpu,cpu,1,1,0.000789,0.008749,0.015144
82,data/fashionmnist.npz,8,1000,cpu,cpu,1,1,0.000767,0.008072,0.015334
83,data/fashionmnist.npz,8,1000,cpu,cpu,1,1,0.000824,0.017866,0.015617
84,data/fashionmnist.npz,8,1000,cpu,cpu,1,1,0.000843,0.008802,0.015667
85,data/fashionmnist.npz,8,1000,cpu,cpu,1,1,0.000783,0.008253,0.015611
86,data/fashionmnist.npz,8,1000,cpu,cpu,1,1,0.000821,0.009388,0.015275
87,data/fashionmnist.npz,8,1000,cpu,cpu,1,1,0.000776,0.009274,0.015365
88,data/fashionmnist.npz,8,1000,cpu,cpu,1,1,0.000831,0.013384,0.015372
89,data/fashionmnist.npz,8,1000,cpu,cpu,1,1,0.000771,0.010466,0.015548
90,data/fashionmnist.npz,8,1000,cpu,cpu,1,1,0.000825,0.009049,0.015415
91,data/fashionmnist.npz,8,1000,cpu,cpu,1,1,0.000770,0.008045,0.334956
92,data/fashionmnist.npz,8,1000,cpu,cpu,1,1,0.000793,0.007615,0.014951
93,data/fashionmnist.npz,8,1000,cpu,cpu,1,1,0.000865,0.008477,0.015745
94,data/fashionmnist.npz,8,1000,cpu,cpu,1,1,0.000762,0.008180,0.015348
95,data/fashionmnist.npz,8,1000,cpu,cpu,1,1,0.000784,0.009949,0.015202
96,data/fashionmnist.npz,8,1000,cpu,cpu,1,1,0.000770,0.007594,0.015534
97,data/fashionmnist.npz,8,1000,cpu,cpu,1,1,0.000904,0.009998,0.015421
98,data/fashionmnist.npz,8,1000,cpu,cpu,1,1,0.000747,0.008092,0.015410
99,data/fashionmnist.npz,8,1000,cpu,cpu,1,1,0.000875,0.011690,0.015053
100,data/fashionmnist.npz,8,1000,cpu,cpu,1,1,0.000752,0.007900,0.016123
101,data/fashionmnist.npz,8,1000,cpu,cpu,1,1,0.000783,0.007716,0.015784
102,data/fashionmnist.npz,8,1000,cpu,cpu,1,1,0.000799,0.007438,0.015132
103,data/fashionmnist.npz,8,1000,cpu,cpu,1,1,0.000787,0.007931,0.015241
104,data/fashionmnist.npz,8,1000,cpu,cpu,1,1,0.000752,0.008684,0.015217
105,data/fashionmnist.npz,8,1000,cpu,cpu,1,1,0.000768,0.010910,0.015561
106,data/fashionmnist.npz,8,1000,cpu,cpu,1,1,0.000773,0.010976,0.015193
107,data/fashionmnist.npz,8,1000,cpu,cpu,1,1,0.000801,0.007688,0.015039
108,data/fashionmnist.npz,8,1000,cpu,cpu,1,1,0.000762,0.011164,0.015687
109,data/fashionmnist.npz,8,1000,cpu,cpu,1,1,0.000791,0.008196,0.015736
110,data/fashionmnist.npz,8,1000,cpu,cpu,1,1,0.000758,0.008343,0.015115
111,data/fashionmnist.npz,8,1000,cpu,cpu,1,1,0.000810,0.008071,0.015848
112,data/fashionmnist.npz,8,1000,cpu,cpu,1,1,0.000784,0.007925,0.016352
113,data/fashionmnist.npz,8,1000,cpu,cpu,1,1,0.000757,0.007984,0.016071
114,data/fashionmnist.npz,8,1000,cpu,cpu,1,1,0.000724,0.007562,0.015504
115,data/fashionmnist.npz,8,1000,cpu,cpu,1,1,0.000789,0.008046,0.015635
116,data/fashionmnist.npz,8,1000,cpu,cpu,1,1,0.001261,0.008882,0.015621
117,data/fashionmnist.npz,8,1000,cpu,cpu,1,1,0.000761,0.009488,0.015704
118,data/fashionmnist.npz,8,1000,cpu,cpu,1,1,0.000821,0.008221,0.015146
119,data/fashionmnist.npz,8,1000,cpu,cpu,1,1,0.000728,0.008897,0.015085
120,data/fashionmnist.npz,8,1000,cpu,cpu,1,1,0.001284,0.007630,0.015300
121,data/fashionmnist.npz,8,1000,cpu,cpu,1,1,0.000791,0.011661,0.015597
122,data/fashionmnist.npz,8,1000,cpu,cpu,1,1,0.000806,0.007484,0.015444
123,data/fashionmnist.npz,8,1000,cpu,cpu,1,1,0.000956,0.008089,0.015376
124,data/fashionmnist.npz,8,1000,cpu,cpu,1,1,0.000764,0.016544,0.016389
125,data/fashionmnist.npz,8,1000,cpu,cpu,1,1,0.000799,0.007448,0.015437
126,data/fashionmnist.npz,8,1000,cpu,cpu,1,1,0.001085,0.009067,0.015430
127,data/fashionmnist.npz,8,1000,cpu,cpu,1,1,0.000772,0.007878,0.015596
128,data/fashionmnist.npz,8,1000,cpu,cpu,1,1,0.000803,0.008035,0.015511
129,data/fashionmnist.npz,8,1000,cpu,cpu,1,1,0.000800,0.008340,0.016484
130,data/fashionmnist.npz,8,1000,cpu,cpu,1,1,0.000811,0.008440,0.015411
131,data/fashionmnist.npz,8,1000,cpu,cpu,1,1,0.000751,0.009046,0.015900
132,data/fashionmnist.npz,8,1000,cpu,cpu,1,1,0.000716,0.007926,0.023569
133,data/fashionmnist.npz,8,1000,cpu,cpu,1,1,0.000843,0.007908,0.015522
134,data/fashionmnist.npz,8,1000,cpu,cpu,1,1,0.000806,0.008326,0.015453
135,data/fashionmnist.npz,8,1000,cpu,cpu,1,1,0.000789,0.009144,0.014911
136,data/fashionmnist.npz,8,1000,cpu,cpu,1,1,0.000802,0.008771,0.015254
137,data/fashionmnist.npz,8,1000,cpu,cpu,1,1,0.000806,0.010454,0.015558
138,data/fashionmnist.npz,8,1000,cpu,cpu,1,1,0.000761,0.007956,0.016050
139,data/fashionmnist.npz,8,1000,cpu,cpu,1,1,0.000781,0.009207,0.015446
140,data/fashionmnist.npz,8,1000,cpu,cpu,1,1,0.000843,0.012443,0.015855
141,data/fashionmnist.npz,8,1000,cpu,cpu,1,1,0.000761,0.009211,0.015128
142,data/fashionmnist.npz,8,1000,cpu,cpu,1,1,0.000759,0.014428,0.015145
143,data/fashionmnist.npz,8,1000,cpu,cpu,1,1,0.000733,0.009801,0.015531
144,data/fashionmnist.npz,8,1000,cpu,cpu,1,1,0.000755,0.012383,0.015972
145,data/fashionmnist.npz,8,1000,cpu,cpu,1,1,0.000779,0.008414,0.015310
146,data/fashionmnist.npz,8,1000,cpu,cpu,1,1,0.000759,0.009640,0.015191
147,data/fashionmnist.npz,8,1000,cpu,cpu,1,1,0.000826,0.007561,0.015159
148,data/fashionmnist.npz,8,1000,cpu,cpu,1,1,0.001142,0.007790,0.014961
149,data/fashionmnist.npz,8,1000,cpu,cpu,1,1,0.000800,0.014287,0.015280
150,data/fashionmnist.npz,8,1000,cpu,cpu,1,1,0.000801,0.012486,0.015770
151,data/fashionmnist.npz,8,1000,cpu,cpu,1,1,0.000854,0.007929,0.015462
152,data/fashionmnist.npz,8,1000,cpu,cpu,1,1,0.000806,0.007569,0.015244
153,data/fashionmnist.npz,8,1000,cpu,cpu,1,1,0.000745,0.008708,0.015288
154,data/fashionmnist.npz,8,1000,cpu,cpu,1,1,0.000749,0.013860,0.015122
155,data/fashionmnist.npz,8,1000,cpu,cpu,1,1,0.000774,0.007968,0.015160
156,data/fashionmnist.npz,8,1000,cpu,cpu,1,1,0.000746,0.010948,0.015236
157,data/fashionmnist.npz,8,1000,cpu,cpu,1,1,0.000783,0.030348,0.015106
158,data/fashionmnist.npz,8,1000,cpu,cpu,1,1,0.000766,0.007700,0.014844
159,data/fashionmnist.npz,8,1000,cpu,cpu,1,1,0.000805,0.006838,0.015165
160,data/fashionmnist.npz,8,1000,cpu,cpu,1,1,0.000760,0.017517,0.015098
161,data/fashionmnist.npz,8,1000,cpu,cpu,1,1,0.000758,0.009921,0.015484
162,data/fashionmnist.npz,8,1000,cpu,cpu,1,1,0.000748,0.008241,0.014934
163,data/fashionmnist.npz,8,1000,cpu,cpu,1,1,0.000741,0.015207,0.015333
164,data/fashionmnist.npz,8,1000,cpu,cpu,1,1,0.000934,0.007181,0.014777
165,data/fashionmnist.npz,8,1000,cpu,cpu,1,1,0.000730,0.007402,0.015740
166,data/fashionmnist.npz,8,1000,cpu,cpu,1,1,0.001014,0.007676,0.014830
167,data/fashionmnist.npz,8,1000,cpu,cpu,1,1,0.000726,0.008488,0.015104
168,data/fashionmnist.npz,8,1000,cpu,cpu,1,1,0.000935,0.008569,0.014843
169,data/fashionmnist.npz,8,1000,cpu,cpu,1,1,0.000732,0.008395,0.015137
170,data/fashionmnist.npz,8,1000,cpu,cpu,1,1,0.000755,0.012591,0.014726
171,data/fashionmnist.npz,8,1000,cpu,cpu,1,1,0.000690,0.008531,0.015049
172,data/fashionmnist.npz,8,1000,cpu,cpu,1,1,0.000729,0.008260,0.015107
173,data/fashionmnist.npz,8,1000,cpu,cpu,1,1,0.000833,0.008640,0.015036
174,data/fashionmnist.npz,8,1000,cpu,cpu,1,1,0.000763,0.009499,0.014984
175,data/fashionmnist.npz,8,1000,cpu,cpu,1,1,0.000768,0.009188,0.015073
176,data/fashionmnist.npz,8,1000,cpu,cpu,1,1,0.000731,0.019018,0.016223
177,data/fashionmnist.npz,8,1000,cpu,cpu,1,1,0.000816,0.007402,0.015126
178,data/fashionmnist.npz,8,1000,cpu,cpu,1,1,0.000831,0.015560,0.015037
179,data/fashionmnist.npz,8,1000,cpu,cpu,1,1,0.000818,0.007483,0.015057
180,data/fashionmnist.npz,8,1000,cpu,cpu,1,1,0.000791,0.007998,0.015228
181,data/fashionmnist.npz,8,1000,cpu,cpu,1,1,0.000976,0.007209,0.016541
182,data/fashionmnist.npz,8,1000,cpu,cpu,1,1,0.000788,0.008576,0.015838
183,data/fashionmnist.npz,8,1000,cpu,cpu,1,1,0.000745,0.007882,0.015084
184,data/fashionmnist.npz,8,1000,cpu,cpu,1,1,0.000742,0.010594,0.015973
185,data/fashionmnist.npz,8,1000,cpu,cpu,1,1,0.000755,0.007773,0.015100
186,data/fashionmnist.npz,8,1000,cpu,cpu,1,1,0.000775,0.011069,0.015222
187,data/fashionmnist.npz,8,1000,cpu,cpu,1,1,0.000776,0.007537,0.015382
188,data/fashionmnist.npz,8,1000,cpu,cpu,1,1,0.000765,0.016348,0.015548
189,data/fashionmnist.npz,8,1000,cpu,cpu,1,1,0.000754,0.007497,0.015123
190,data/fashionmnist.npz,8,1000,cpu,cpu,1,1,0.000753,0.007494,0.015345
191,data/fashionmnist.npz,8,1000,cpu,cpu,1,1,0.000712,0.007784,0.015237
192,data/fashionmnist.npz,8,1000,cpu,cpu,1,1,0.000755,0.009450,0.015054
193,data/fashionmnist.npz,8,1000,cpu,cpu,1,1,0.000752,0.010010,0.015302
194,data/fashionmnist.npz,8,1000,cpu,cpu,1,1,0.000745,0.009367,0.014933
195,data/fashionmnist.npz,8,1000,cpu,cpu,1,1,0.000763,0.009664,0.015228
196,data/fashionmnist.npz,8,1000,cpu,cpu,1,1,0.000756,0.009777,0.015403
197,data/fashionmnist.npz,8,1000,cpu,cpu,1,1,0.000751,0.009093,0.015054
198,data/fashionmnist.npz,8,1000,cpu,cpu,1,1,0.000731,0.009661,0.015620
199,data/fashionmnist.npz,8,1000,cpu,cpu,1,1,0.000786,0.009749,0.015176
200,data/fashionmnist.npz,8,1000,cpu,cpu,1,1,0.000750,0.007983,0.014816
201,data/fashionmnist.npz,8,1000,cpu,cpu,1,1,0.000797,0.008032,0.014877
202,data/fashionmnist.npz,8,1000,cpu,cpu,1,1,0.000781,0.015550,0.014981
203,data/fashionmnist.npz,8,1000,cpu,cpu,1,1,0.000757,0.007451,0.015886
204,data/fashionmnist.npz,8,1000,cpu,cpu,1,1,0.000771,0.008675,0.014949
205,data/fashionmnist.npz,8,1000,cpu,cpu,1,1,0.000740,0.007482,0.014954
206,data/fashionmnist.npz,8,1000,cpu,cpu,1,1,0.000730,0.012175,0.015120
207,data/fashionmnist.npz,8,1000,cpu,cpu,1,1,0.001056,0.007257,0.014973
208,data/fashionmnist.npz,8,1000,cpu,cpu,1,1,0.000746,0.008805,0.015203
209,data/fashionmnist.npz,8,1000,cpu,cpu,1,1,0.000777,0.007950,0.014967
210,data/fashionmnist.npz,8,1000,cpu,cpu,1,1,0.000720,0.008655,0.014949
211,data/fashionmnist.npz,8,1000,cpu,cpu,1,1,0.000746,0.008560,0.014901
212,data/fashionmnist.npz,8,1000,cpu,cpu,1,1,0.000720,0.009838,0.015240
213,data/fashionmnist.npz,8,1000,cpu,cpu,1,1,0.000769,0.007801,0.014893
214,data/fashionmnist.npz,8,1000,cpu,cpu,1,1,0.000794,0.015194,0.015356
215,data/fashionmnist.npz,8,1000,cpu,cpu,1,1,0.000748,0.008025,0.014833
216,data/fashionmnist.npz,8,1000,cpu,cpu,1,1,0.000881,0.007907,0.015129
217,data/fashionmnist.npz,8,1000,cpu,cpu,1,1,0.000755,0.009606,0.015072
218,data/fashionmnist.npz,8,1000,cpu,cpu,1,1,0.000849,0.009760,0.015062
219,data/fashionmnist.npz,8,1000,cpu,cpu,1,1,0.000784,0.010819,0.015312
220,data/fashionmnist.npz,8,1000,cpu,cpu,1,1,0.000786,0.008419,0.014913
221,data/fashionmnist.npz,8,1000,cpu,cpu,1,1,0.000974,0.007939,0.014986
222,data/fashionmnist.npz,8,1000,cpu,cpu,1,1,0.001246,0.009851,0.015245
223,data/fashionmnist.npz,8,1000,cpu,cpu,1,1,0.000720,0.010124,0.015287
224,data/fashionmnist.npz,8,1000,cpu,cpu,1,1,0.000753,0.009894,0.015176
225,data/fashionmnist.npz,8,1000,cpu,cpu,1,1,0.000778,0.007402,0.015343
226,data/fashionmnist.npz,8,1000,cpu,cpu,1,1,0.000735,0.007473,0.015157
227,data/fashionmnist.npz,8,1000,cpu,cpu,1,1,0.000731,0.007239,0.015118
228,data/fashionmnist.npz,8,1000,cpu,cpu,1,1,0.000728,0.008269,0.015014
229,data/fashionmnist.npz,8,1000,cpu,cpu,1,1,0.000752,0.008971,0.015033
230,data/fashionmnist.npz,8,1000,cpu,cpu,1,1,0.000755,0.011623,0.014979
231,data/fashionmnist.npz,8,1000,cpu,cpu,1,1,0.001070,0.009827,0.015014
232,data/fashionmnist.npz,8,1000,cpu,cpu,1,1,0.000748,0.012595,0.014856
233,data/fashionmnist.npz,8,1000,cpu,cpu,1,1,0.000894,0.009966,0.015702
234,data/fashionmnist.npz,8,1000,cpu,cpu,1,1,0.000735,0.007933,0.014858
235,data/fashionmnist.npz,8,1000,cpu,cpu,1,1,0.000744,0.011396,0.342531
236,data/fashionmnist.npz,8,1000,cpu,cpu,1,1,0.000812,0.008343,0.014974
237,data/fashionmnist.npz,8,1000,cpu,cpu,1,1,0.001048,0.006997,0.014962
238,data/fashionmnist.npz,8,1000,cpu,cpu,1,1,0.000744,0.008714,0.015162
239,data/fashionmnist.npz,8,1000,cpu,cpu,1,1,0.000773,0.008455,0.014865
240,data/fashionmnist.npz,8,1000,cpu,cpu,1,1,0.000740,0.007465,0.014914
241,data/fashionmnist.npz,8,1000,cpu,cpu,1,1,0.000760,0.007611,0.015009
242,data/fashionmnist.npz,8,1000,cpu,cpu,1,1,0.000744,0.008458,0.014827
243,data/fashionmnist.npz,8,1000,cpu,cpu,1,1,0.001143,0.007895,0.015066
244,data/fashionmnist.npz,8,1000,cpu,cpu,1,1,0.000724,0.008513,0.014908
245,data/fashionmnist.npz,8,1000,cpu,cpu,1,1,0.000741,0.013330,0.015015
246,data/fashionmnist.npz,8,1000,cpu,cpu,1,1,0.000760,0.013085,0.015436
247,data/fashionmnist.npz,8,1000,cpu,cpu,1,1,0.001147,0.009365,0.015124
248,data/fashionmnist.npz,8,1000,cpu,cpu,1,1,0.000776,0.010648,0.015328
249,data/fashionmnist.npz,8,1000,cpu,cpu,1,1,0.000769,0.014261,0.015195
250,data/fashionmnist.npz,8,1000,cpu,cpu,1,1,0.000741,0.009591,0.015264
251,data/fashionmnist.npz,8,1000,cpu,cpu,1,1,0.000784,0.007469,0.015089
252,data/fashionmnist.npz,8,1000,cpu,cpu,1,1,0.000731,0.014099,0.015174
253,data/fashionmnist.npz,8,1000,cpu,cpu,1,1,0.000756,0.007338,0.015470
254,data/fashionmnist.npz,8,1000,cpu,cpu,1,1,0.000789,0.011624,0.016325
255,data/fashionmnist.npz,8,1000,cpu,cpu,1,1,0.001037,0.007360,0.015086
256,data/fashionmnist.npz,8,1000,cpu,cpu,1,1,0.000769,0.007731,0.014986
257,data/fashionmnist.npz,8,1000,cpu,cpu,1,1,0.000752,0.010695,0.015064
258,data/fashionmnist.npz,8,1000,cpu,cpu,1,1,0.000783,0.007625,0.015128
259,data/fashionmnist.npz,8,1000,cpu,cpu,1,1,0.000767,0.010700,0.014968
260,data/fashionmnist.npz,8,1000,cpu,cpu,1,1,0.000764,0.007483,0.015437
261,data/fashionmnist.npz,8,1000,cpu,cpu,1,1,0.000730,0.008101,0.015236
262,data/fashionmnist.npz,8,1000,cpu,cpu,1,1,0.000724,0.007712,0.016144
263,data/fashionmnist.npz,8,1000,cpu,cpu,1,1,0.000752,0.007224,0.015204
264,data/fashionmnist.npz,8,1000,cpu,cpu,1,1,0.000738,0.008501,0.015173
265,data/fashionmnist.npz,8,1000,cpu,cpu,1,1,0.001694,0.007185,0.015286
266,data/fashionmnist.npz,8,1000,cpu,cpu,1,1,0.000768,0.008440,0.015081
267,data/fashionmnist.npz,8,1000,cpu,cpu,1,1,0.000758,0.009353,0.015193
268,data/fashionmnist.npz,8,1000,cpu,cpu,1,1,0.000777,0.007503,0.015743
269,data/fashionmnist.npz,8,1000,cpu,cpu,1,1,0.000773,0.008825,0.015082
270,data/fashionmnist.npz,8,1000,cpu,cpu,1,1,0.000777,0.010162,0.015044
271,data/fashionmnist.npz,8,1000,cpu,cpu,1,1,0.000764,0.008735,0.015343
272,data/fashionmnist.npz,8,1000,cpu,cpu,1,1,0.000750,0.007720,0.014830
273,data/fashionmnist.npz,8,1000,cpu,cpu,1,1,0.000774,0.007961,0.014832
274,data/fashionmnist.npz,8,1000,cpu,cpu,1,1,0.000767,0.007464,0.015163
275,data/fashionmnist.npz,8,1000,cpu,cpu,1,1,0.000780,0.007591,0.015796
276,data/fashionmnist.npz,8,1000,cpu,cpu,1,1,0.000743,0.007421,0.015720
277,data/fashionmnist.npz,8,1000,cpu,cpu,1,1,0.000769,0.008103,0.015218
278,data/fashionmnist.npz,8,1000,cpu,cpu,1,1,0.000770,0.008402,0.015699
279,data/fashionmnist.npz,8,1000,cpu,cpu,1,1,0.000766,0.011692,0.015504
280,data/fashionmnist.npz,8,1000,cpu,cpu,1,1,0.000744,0.007961,0.015764
281,data/fashionmnist.npz,8,1000,cpu,cpu,1,1,0.000773,0.007670,0.015153
282,data/fashionmnist.npz,8,1000,cpu,cpu,1,1,0.000742,0.013849,0.015850
283,data/fashionmnist.npz,8,1000,cpu,cpu,1,1,0.000749,0.007915,0.015251
284,data/fashionmnist.npz,8,1000,cpu,cpu,1,1,0.000756,0.028532,0.014969
285,data/fashionmnist.npz,8,1000,cpu,cpu,1,1,0.000748,0.010162,0.014963
286,data/fashionmnist.npz,8,1000,cpu,cpu,1,1,0.000762,0.006836,0.015483
287,data/fashionmnist.npz,8,1000,cpu,cpu,1,1,0.000770,0.007434,0.016612
288,data/fashionmnist.npz,8,1000,cpu,cpu,1,1,0.000754,0.007481,0.014982
289,data/fashionmnist.npz,8,1000,cpu,cpu,1,1,0.000762,0.007677,0.015663
290,data/fashionmnist.npz,8,1000,cpu,cpu,1,1,0.000718,0.007676,0.015107
291,data/fashionmnist.npz,8,1000,cpu,cpu,1,1,0.000788,0.007708,0.015567
292,data/fashionmnist.npz,8,1000,cpu,cpu,1,1,0.000754,0.008641,0.015201
293,data/fashionmnist.npz,8,1000,cpu,cpu,1,1,0.000770,0.007589,0.015475
294,data/fashionmnist.npz,8,1000,cpu,cpu,1,1,0.000746,0.009069,0.015463
295,data/fashionmnist.npz,8,1000,cpu,cpu,1,1,0.000724,0.008940,0.015033
296,data/fashionmnist.npz,8,1000,cpu,cpu,1,1,0.000765,0.008018,0.015086
297,data/fashionmnist.npz,8,1000,cpu,cpu,1,1,0.000746,0.010161,0.015245
298,data/fashionmnist.npz,8,1000,cpu,cpu,1,1,0.001241,0.007939,0.014930
299,data/fashionmnist.npz,8,1000,cpu,cpu,1,1,0.000792,0.012383,0.015116
300,data/fashionmnist.npz,8,1000,cpu,cpu,1,1,0.000735,0.008128,0.014967
301,data/fashionmnist.npz,8,1000,cpu,cpu,1,1,0.001056,0.007541,0.015534
302,data/fashionmnist.npz,8,1000,cpu,cpu,1,1,0.000741,0.009761,0.015437
303,data/fashionmnist.npz,8,1000,cpu,cpu,1,1,0.001306,0.007293,0.014957
304,data/fashionmnist.npz,8,1000,cpu,cpu,1,1,0.000732,0.014611,0.015125
305,data/fashionmnist.npz,8,1000,cpu,cpu,1,1,0.000750,0.008694,0.014989
306,data/fashionmnist.npz,8,1000,cpu,cpu,1,1,0.000737,0.007428,0.015097
307,data/fashionmnist.npz,8,1000,cpu,cpu,1,1,0.000875,0.009148,0.015113
308,data/fashionmnist.npz,8,1000,cpu,cpu,1,1,0.001657,0.007559,0.014965
309,data/fashionmnist.npz,8,1000,cpu,cpu,1,1,0.000734,0.007325,0.016012
310,data/fashionmnist.npz,8,1000,cpu,cpu,1,1,0.000739,0.007821,0.014881
311,data/fashionmnist.npz,8,1000,cpu,cpu,1,1,0.000760,0.007391,0.015840
312,data/fashionmnist.npz,8,1000,cpu,cpu,1,1,0.000769,0.007407,0.015145
313,data/fashionmnist.npz,8,1000,cpu,cpu,1,1,0.000798,0.007595,0.014994
314,data/fashionmnist.npz,8,1000,cpu,cpu,1,1,0.000829,0.009596,0.015018
315,data/fashionmnist.npz,8,1000,cpu,cpu,1,1,0.000825,0.009040,0.015043
316,data/fashionmnist.npz,8,1000,cpu,cpu,1,1,0.000763,0.012371,0.015018
317,data/fashionmnist.npz,8,1000,cpu,cpu,1,1,0.000763,0.009731,0.014991
318,data/fashionmnist.npz,8,1000,cpu,cpu,1,1,0.000740,0.008667,0.015010
319,data/fashionmnist.npz,8,1000,cpu,cpu,1,1,0.000731,0.007137,0.015206
320,data/fashionmnist.npz,8,1000,cpu,cpu,1,1,0.000768,0.008421,0.014942
321,data/fashionmnist.npz,8,1000,cpu,cpu,1,1,0.000733,0.012567,0.015163
322,data/fashionmnist.npz,8,1000,cpu,cpu,1,1,0.000989,0.007478,0.014798
323,data/fashionmnist.npz,8,1000,cpu,cpu,1,1,0.000746,0.007534,0.015195
324,data/fashionmnist.npz,8,1000,cpu,cpu,1,1,0.000703,0.008371,0.015165
325,data/fashionmnist.npz,8,1000,cpu,cpu,1,1,0.000794,0.012388,0.015566
326,data/fashionmnist.npz,8,1000,cpu,cpu,1,1,0.000759,0.007700,0.014990
327,data/fashionmnist.npz,8,1000,cpu,cpu,1,1,0.001536,0.008132,0.015078
328,data/fashionmnist.npz,8,1000,cpu,cpu,1,1,0.000748,0.008441,0.015394
329,data/fashionmnist.npz,8,1000,cpu,cpu,1,1,0.000825,0.008731,0.015001
330,data/fashionmnist.npz,8,1000,cpu,cpu,1,1,0.000850,0.009467,0.015643
331,data/fashionmnist.npz,8,1000,cpu,cpu,1,1,0.000797,0.011950,0.015180
332,data/fashionmnist.npz,8,1000,cpu,cpu,1,1,0.000784,0.011098,0.015271
333,data/fashionmnist.npz,8,1000,cpu,cpu,1,1,0.000793,0.009114,0.015093
334,data/fashionmnist.npz,8,1000,cpu,cpu,1,1,0.000986,0.009646,0.015074
335,data/fashionmnist.npz,8,1000,cpu,cpu,1,1,0.000753,0.007817,0.015031
336,data/fashionmnist.npz,8,1000,cpu,cpu,1,1,0.000829,0.009223,0.015537
337,data/fashionmnist.npz,8,1000,cpu,cpu,1,1,0.000910,0.009938,0.015384
338,data/fashionmnist.npz,8,1000,cpu,cpu,1,1,0.000808,0.009755,0.015042
339,data/fashionmnist.npz,8,1000,cpu,cpu,1,1,0.000805,0.008673,0.014870
340,data/fashionmnist.npz,8,1000,cpu,cpu,1,1,0.000806,0.013865,0.015054
341,data/fashionmnist.npz,8,1000,cpu,cpu,1,1,0.000796,0.009021,0.015157
342,data/fashionmnist.npz,8,1000,cpu,cpu,1,1,0.000771,0.008760,0.015255
343,data/fashionmnist.npz,8,1000,cpu,cpu,1,1,0.000761,0.011784,0.015449
344,data/fashionmnist.npz,8,1000,cpu,cpu,1,1,0.000752,0.007752,0.014954
345,data/fashionmnist.npz,8,1000,cpu,cpu,1,1,0.000781,0.008776,0.015248
346,data/fashionmnist.npz,8,1000,cpu,cpu,1,1,0.000812,0.007597,0.015163
347,data/fashionmnist.npz,8,1000,cpu,cpu,1,1,0.000742,0.009174,0.015365
348,data/fashionmnist.npz,8,1000,cpu,cpu,1,1,0.000792,0.008015,0.015923
349,data/fashionmnist.npz,8,1000,cpu,cpu,1,1,0.000744,0.007904,0.015006
350,data/fashionmnist.npz,8,1000,cpu,cpu,1,1,0.000750,0.007839,0.014744
351,data/fashionmnist.npz,8,1000,cpu,cpu,1,1,0.000738,0.008591,0.016090
352,data/fashionmnist.npz,8,1000,cpu,cpu,1,1,0.000728,0.007691,0.014920
353,data/fashionmnist.npz,8,1000,cpu,cpu,1,1,0.000819,0.008986,0.015973
354,data/fashionmnist.npz,8,1000,cpu,cpu,1,1,0.000744,0.007864,0.015134
355,data/fashionmnist.npz,8,1000,cpu,cpu,1,1,0.000874,0.013552,0.015089
356,data/fashionmnist.npz,8,1000,cpu,cpu,1,1,0.000777,0.008894,0.014942
357,data/fashionmnist.npz,8,1000,cpu,cpu,1,1,0.000760,0.007924,0.014986
358,data/fashionmnist.npz,8,1000,cpu,cpu,1,1,0.000792,0.007492,0.015075
359,data/fashionmnist.npz,8,1000,cpu,cpu,1,1,0.000737,0.008328,0.015108
360,data/fashionmnist.npz,8,1000,cpu,cpu,1,1,0.000733,0.008419,0.015228
361,data/fashionmnist.npz,8,1000,cpu,cpu,1,1,0.000759,0.008283,0.015121
362,data/fashionmnist.npz,8,1000,cpu,cpu,1,1,0.000734,0.008655,0.015556
363,data/fashionmnist.npz,8,1000,cpu,cpu,1,1,0.000751,0.009125,0.014893
364,data/fashionmnist.npz,8,1000,cpu,cpu,1,1,0.000797,0.010493,0.016255
365,data/fashionmnist.npz,8,1000,cpu,cpu,1,1,0.000754,0.007530,0.015058
366,data/fashionmnist.npz,8,1000,cpu,cpu,1,1,0.000749,0.007589,0.015250
367,data/fashionmnist.npz,8,1000,cpu,cpu,1,1,0.000726,0.008709,0.015544
368,data/fashionmnist.npz,8,1000,cpu,cpu,1,1,0.000750,0.008148,0.015027
369,data/fashionmnist.npz,8,1000,cpu,cpu,1,1,0.000848,0.007683,0.015234
370,data/fashionmnist.npz,8,1000,cpu,cpu,1,1,0.000819,0.009642,0.015006
371,data/fashionmnist.npz,8,1000,cpu,cpu,1,1,0.001041,0.010924,0.015003
372,data/fashionmnist.npz,8,1000,cpu,cpu,1,1,0.000729,0.008758,0.015181
373,data/fashionmnist.npz,8,1000,cpu,cpu,1,1,0.000774,0.007734,0.014742
374,data/fashionmnist.npz,8,1000,cpu,cpu,1,1,0.000910,0.007619,0.015072
375,data/fashionmnist.npz,8,1000,cpu,cpu,1,1,0.000734,0.008503,0.015294
376,data/fashionmnist.npz,8,1000,cpu,cpu,1,1,0.000746,0.007991,0.015008
377,data/fashionmnist.npz,8,1000,cpu,cpu,1,1,0.000748,0.010984,0.015308
378,data/fashionmnist.npz,8,1000,cpu,cpu,1,1,0.000737,0.007567,0.014885
379,data/fashionmnist.npz,8,1000,cpu,cpu,1,1,0.000726,0.007446,0.014882
380,data/fashionmnist.npz,8,1000,cpu,cpu,1,1,0.000962,0.010027,0.280857
381,data/fashionmnist.npz,8,1000,cpu,cpu,1,1,0.000764,0.009214,0.014876
382,data/fashionmnist.npz,8,1000,cpu,cpu,1,1,0.000737,0.010272,0.014910
383,data/fashionmnist.npz,8,1000,cpu,cpu,1,1,0.000759,0.009849,0.015367
384,data/fashionmnist.npz,8,1000,cpu,cpu,1,1,0.000733,0.009853,0.015035
385,data/fashionmnist.npz,8,1000,cpu,cpu,1,1,0.000760,0.008913,0.015048
386,data/fashionmnist.npz,8,1000,cpu,cpu,1,1,0.000872,0.008091,0.015347
387,data/fashionmnist.npz,8,1000,cpu,cpu,1,1,0.000762,0.013670,0.015225
388,data/fashionmnist.npz,8,1000,cpu,cpu,1,1,0.000790,0.013688,0.015322
389,data/fashionmnist.npz,8,1000,cpu,cpu,1,1,0.000815,0.008997,0.015221
390,data/fashionmnist.npz,8,1000,cpu,cpu,1,1,0.000902,0.012829,0.015180
391,data/fashionmnist.npz,8,1000,cpu,cpu,1,1,0.000762,0.007922,0.015057
392,data/fashionmnist.npz,8,1000,cpu,cpu,1,1,0.000715,0.008195,0.015134
393,data/fashionmnist.npz,8,1000,cpu,cpu,1,1,0.000782,0.016437,0.016144
394,data/fashionmnist.npz,8,1000,cpu,cpu,1,1,0.000736,0.007725,0.015182
395,data/fashionmnist.npz,8,1000,cpu,cpu,1,1,0.000775,0.008592,0.015125
396,data/fashionmnist.npz,8,1000,cpu,cpu,1,1,0.000769,0.008125,0.015195
397,data/fashionmnist.npz,8,1000,cpu,cpu,1,1,0.000764,0.013282,0.016103
398,data/fashionmnist.npz,8,1000,cpu,cpu,1,1,0.000729,0.007836,0.015127
399,data/fashionmnist.npz,8,1000,cpu,cpu,1,1,0.000750,0.011659,0.015999
400,data/fashionmnist.npz,8,1000,cpu,cpu,1,1,0.000732,0.007576,0.015328
401,data/fashionmnist.npz,8,1000,cpu,cpu,1,1,0.000742,0.008905,0.014966
402,data/fashionmnist.npz,8,1000,cpu,cpu,1,1,0.000736,0.012103,0.015172
403,data/fashionmnist.npz,8,1000,cpu,cpu,1,1,0.000774,0.009227,0.015097
404,data/fashionmnist.npz,8,1000,cpu,cpu,1,1,0.000715,0.008205,0.015863
405,data/fashionmnist.npz,8,1000,cpu,cpu,1,1,0.000939,0.007784,0.015307
406,data/fashionmnist.npz,8,1000,cpu,cpu,1,1,0.000798,0.007536,0.015220
407,data/fashionmnist.npz,8,1000,cpu,cpu,1,1,0.000871,0.011122,0.015036
408,data/fashionmnist.npz,8,1000,cpu,cpu,1,1,0.000772,0.010046,0.015072
409,data/fashionmnist.npz,8,1000,cpu,cpu,1,1,0.000742,0.009999,0.015124
410,data/fashionmnist.npz,8,1000,cpu,cpu,1,1,0.000738,0.009649,0.015323
411,data/fashionmnist.npz,8,1000,cpu,cpu,1,1,0.000695,0.009304,0.015383
412,data/fashionmnist.npz,8,1000,cpu,cpu,1,1,0.000743,0.029123,0.016068
413,data/fashionmnist.npz,8,1000,cpu,cpu,1,1,0.000766,0.007659,0.014889
414,data/fashionmnist.npz,8,1000,cpu,cpu,1,1,0.000811,0.013339,0.015499
415,data/fashionmnist.npz,8,1000,cpu,cpu,1,1,0.001456,0.007793,0.015094
416,data/fashionmnist.npz,8,1000,cpu,cpu,1,1,0.000872,0.008119,0.015061
417,data/fashionmnist.npz,8,1000,cpu,cpu,1,1,0.000765,0.012609,0.015329
418,data/fashionmnist.npz,8,1000,cpu,cpu,1,1,0.000753,0.008107,0.015149
419,data/fashionmnist.npz,8,1000,cpu,cpu,1,1,0.000753,0.007840,0.015051
420,data/fashionmnist.npz,8,1000,cpu,cpu,1,1,0.000727,0.008622,0.015031
421,data/fashionmnist.npz,8,1000,cpu,cpu,1,1,0.000768,0.007521,0.015482
422,data/fashionmnist.npz,8,1000,cpu,cpu,1,1,0.000759,0.009079,0.015201
423,data/fashionmnist.npz,8,1000,cpu,cpu,1,1,0.000732,0.007019,0.014999
424,data/fashionmnist.npz,8,1000,cpu,cpu,1,1,0.000768,0.009288,0.015118
425,data/fashionmnist.npz,8,1000,cpu,cpu,1,1,0.000750,0.017282,0.016327
426,data/fashionmnist.npz,8,1000,cpu,cpu,1,1,0.000800,0.007825,0.014973
427,data/fashionmnist.npz,8,1000,cpu,cpu,1,1,0.000708,0.016122,0.015169
428,data/fashionmnist.npz,8,1000,cpu,cpu,1,1,0.000731,0.008132,0.015306
429,data/fashionmnist.npz,8,1000,cpu,cpu,1,1,0.000747,0.008296,0.015317
430,data/fashionmnist.npz,8,1000,cpu,cpu,1,1,0.000736,0.008446,0.015697
431,data/fashionmnist.npz,8,1000,cpu,cpu,1,1,0.000731,0.007779,0.015077
432,data/fashionmnist.npz,8,1000,cpu,cpu,1,1,0.000749,0.012050,0.015034
433,data/fashionmnist.npz,8,1000,cpu,cpu,1,1,0.000776,0.011698,0.015019
434,data/fashionmnist.npz,8,1000,cpu,cpu,1,1,0.001348,0.007244,0.014886
435,data/fashionmnist.npz,8,1000,cpu,cpu,1,1,0.000758,0.009132,0.014924
436,data/fashionmnist.npz,8,1000,cpu,cpu,1,1,0.000727,0.007369,0.015065
437,data/fashionmnist.npz,8,1000,cpu,cpu,1,1,0.000782,0.007800,0.014991
438,data/fashionmnist.npz,8,1000,cpu,cpu,1,1,0.000760,0.011435,0.015288
439,data/fashionmnist.npz,8,1000,cpu,cpu,1,1,0.000759,0.007463,0.015022
440,data/fashionmnist.npz,8,1000,cpu,cpu,1,1,0.000720,0.008203,0.014954
441,data/fashionmnist.npz,8,1000,cpu,cpu,1,1,0.000760,0.007965,0.014974
442,data/fashionmnist.npz,8,1000,cpu,cpu,1,1,0.000727,0.009833,0.014962
443,data/fashionmnist.npz,8,1000,cpu,cpu,1,1,0.000759,0.011896,0.015162
444,data/fashionmnist.npz,8,1000,cpu,cpu,1,1,0.000795,0.009559,0.015708
445,data/fashionmnist.npz,8,1000,cpu,cpu,1,1,0.000798,0.010856,0.015362
446,data/fashionmnist.npz,8,1000,cpu,cpu,1,1,0.000773,0.009598,0.016003
447,data/fashionmnist.npz,8,1000,cpu,cpu,1,1,0.000774,0.007977,0.014953
448,data/fashionmnist.npz,8,1000,cpu,cpu,1,1,0.000743,0.008576,0.015274
449,data/fashionmnist.npz,8,1000,cpu,cpu,1,1,0.000741,0.008032,0.015060
450,data/fashionmnist.npz,8,1000,cpu,cpu,1,1,0.000752,0.009038,0.014944
451,data/fashionmnist.npz,8,1000,cpu,cpu,1,1,0.000724,0.007343,0.015037
452,data/fashionmnist.npz,8,1000,cpu,cpu,1,1,0.000737,0.007855,0.015002
453,data/fashionmnist.npz,8,1000,cpu,cpu,1,1,0.000745,0.009523,0.014982
454,data/fashionmnist.npz,8,1000,cpu,cpu,1,1,0.000762,0.007810,0.015242
455,data/fashionmnist.npz,8,1000,cpu,cpu,1,1,0.000740,0.008558,0.015084
456,data/fashionmnist.npz,8,1000,cpu,cpu,1,1,0.000721,0.008672,0.015904
457,data/fashionmnist.npz,8,1000,cpu,cpu,1,1,0.000789,0.008566,0.015009
458,data/fashionmnist.npz,8,1000,cpu,cpu,1,1,0.000718,0.015514,0.014923
459,data/fashionmnist.npz,8,1000,cpu,cpu,1,1,0.000764,0.008106,0.015048
460,data/fashionmnist.npz,8,1000,cpu,cpu,1,1,0.000912,0.009798,0.016134
461,data/fashionmnist.npz,8,1000,cpu,cpu,1,1,0.000805,0.008063,0.015049
462,data/fashionmnist.npz,8,1000,cpu,cpu,1,1,0.000773,0.009622,0.016951
463,data/fashionmnist.npz,8,1000,cpu,cpu,1,1,0.000809,0.009351,0.015625
464,data/fashionmnist.npz,8,1000,cpu,cpu,1,1,0.000764,0.008431,0.015684
465,data/fashionmnist.npz,8,1000,cpu,cpu,1,1,0.000842,0.007382,0.014902
466,data/fashionmnist.npz,8,1000,cpu,cpu,1,1,0.001085,0.008373,0.014817
467,data/fashionmnist.npz,8,1000,cpu,cpu,1,1,0.000764,0.013493,0.014958
468,data/fashionmnist.npz,8,1000,cpu,cpu,1,1,0.001225,0.008120,0.015054
469,data/fashionmnist.npz,8,1000,cpu,cpu,1,1,0.000748,0.008584,0.015172
470,data/fashionmnist.npz,8,1000,cpu,cpu,1,1,0.000750,0.007666,0.015191
471,data/fashionmnist.npz,8,1000,cpu,cpu,1,1,0.000713,0.007690,0.015752
472,data/fashionmnist.npz,8,1000,cpu,cpu,1,1,0.000750,0.007742,0.015087
473,data/fashionmnist.npz,8,1000,cpu,cpu,1,1,0.000748,0.008643,0.015198
474,data/fashionmnist.npz,8,1000,cpu,cpu,1,1,0.000764,0.007980,0.015467
475,data/fashionmnist.npz,8,1000,cpu,cpu,1,1,0.000760,0.008481,0.015045
476,data/fashionmnist.npz,8,1000,cpu,cpu,1,1,0.000791,0.013144,0.015001
477,data/fashionmnist.npz,8,1000,cpu,cpu,1,1,0.000760,0.008061,0.014987
478,data/fashionmnist.npz,8,1000,cpu,cpu,1,1,0.000732,0.008064,0.015255
479,data/fashionmnist.npz,8,1000,cpu,cpu,1,1,0.000803,0.007319,0.015113
480,data/fashionmnist.npz,8,1000,cpu,cpu,1,1,0.000731,0.013744,0.014977
481,data/fashionmnist.npz,8,1000,cpu,cpu,1,1,0.000733,0.007902,0.015006
482,data/fashionmnist.npz,8,1000,cpu,cpu,1,1,0.000769,0.008862,0.015062
483,data/fashionmnist.npz,8,1000,cpu,cpu,1,1,0.000701,0.009957,0.015205
484,data/fashionmnist.npz,8,1000,cpu,cpu,1,1,0.000732,0.009081,0.015360
485,data/fashionmnist.npz,8,1000,cpu,cpu,1,1,0.000735,0.009494,0.015039
486,data/fashionmnist.npz,8,1000,cpu,cpu,1,1,0.000942,0.012143,0.014906
487,data/fashionmnist.npz,8,1000,cpu,cpu,1,1,0.000779,0.007789,0.015005
488,data/fashionmnist.npz,8,1000,cpu,cpu,1,1,0.000741,0.012710,0.014994
489,data/fashionmnist.npz,8,1000,cpu,cpu,1,1,0.000740,0.007786,0.015761
490,data/fashionmnist.npz,8,1000,cpu,cpu,1,1,0.000698,0.007679,0.015838
491,data/fashionmnist.npz,8,1000,cpu,cpu,1,1,0.000723,0.009029,0.014866
492,data/fashionmnist.npz,8,1000,cpu,cpu,1,1,0.000737,0.007660,0.015605
493,data/fashionmnist.npz,8,1000,cpu,cpu,1,1,0.000744,0.007680,0.015417
494,data/fashionmnist.npz,8,1000,cpu,cpu,1,1,0.000737,0.008916,0.015009
495,data/fashionmnist.npz,8,1000,cpu,cpu,1,1,0.000709,0.008537,0.015013
496,data/fashionmnist.npz,8,1000,cpu,cpu,1,1,0.000825,0.008340,0.015272
497,data/fashionmnist.npz,8,1000,cpu,cpu,1,1,0.000759,0.007243,0.015342
498,data/fashionmnist.npz,8,1000,cpu,cpu,1,1,0.000717,0.008581,0.015888
499,data/fashionmnist.npz,8,1000,cpu,cpu,1,1,0.000705,0.008523,0.015075
500,data/fashionmnist.npz,8,1000,cpu,cpu,1,1,0.000792,0.008278,0.016466
501,data/fashionmnist.npz,8,1000,cpu,cpu,1,1,0.000766,0.008360,0.016893
502,data/fashionmnist.npz,8,1000,cpu,cpu,1,1,0.000792,0.008328,0.015036
503,data/fashionmnist.npz,8,1000,cpu,cpu,1,1,0.000760,0.007785,0.015150
504,data/fashionmnist.npz,8,1000,cpu,cpu,1,1,0.000739,0.007431,0.015392
505,data/fashionmnist.npz,8,1000,cpu,cpu,1,1,0.001187,0.009566,0.016660
506,data/fashionmnist.npz,8,1000,cpu,cpu,1,1,0.001124,0.009362,0.015169
507,data/fashionmnist.npz,8,1000,cpu,cpu,1,1,0.000822,0.007675,0.014979
508,data/fashionmnist.npz,8,1000,cpu,cpu,1,1,0.000768,0.008449,0.015262
509,data/fashionmnist.npz,8,1000,cpu,cpu,1,1,0.000723,0.008275,0.014740
510,data/fashionmnist.npz,8,1000,cpu,cpu,1,1,0.000749,0.009112,0.015650
511,data/fashionmnist.npz,8,1000,cpu,cpu,1,1,0.000745,0.008401,0.015292
512,data/fashionmnist.npz,8,1000,cpu,cpu,1,1,0.000748,0.007753,0.015620
513,data/fashionmnist.npz,8,1000,cpu,cpu,1,1,0.000747,0.007228,0.014734
514,data/fashionmnist.npz,8,1000,cpu,cpu,1,1,0.001112,0.007798,0.014897
515,data/fashionmnist.npz,8,1000,cpu,cpu,1,1,0.000755,0.011987,0.015209
516,data/fashionmnist.npz,8,1000,cpu,cpu,1,1,0.000727,0.007823,0.015657
517,data/fashionmnist.npz,8,1000,cpu,cpu,1,1,0.000757,0.007989,0.014977
518,data/fashionmnist.npz,8,1000,cpu,cpu,1,1,0.000731,0.011228,0.015784
519,data/fashionmnist.npz,8,1000,cpu,cpu,1,1,0.000760,0.008286,0.015001
520,data/fashionmnist.npz,8,1000,cpu,cpu,1,1,0.000734,0.012693,0.015593
521,data/fashionmnist.npz,8,1000,cpu,cpu,1,1,0.000760,0.007633,0.014989
522,data/fashionmnist.npz,8,1000,cpu,cpu,1,1,0.000862,0.007929,0.014999
523,data/fashionmnist.npz,8,1000,cpu,cpu,1,1,0.001008,0.007360,0.015375
524,data/fashionmnist.npz,8,1000,cpu,cpu,1,1,0.000766,0.007834,0.015670
525,data/fashionmnist.npz,8,1000,cpu,cpu,1,1,0.000762,0.007635,0.322870
526,data/fashionmnist.npz,8,1000,cpu,cpu,1,1,0.000758,0.009340,0.014989
527,data/fashionmnist.npz,8,1000,cpu,cpu,1,1,0.000747,0.009217,0.014814
528,data/fashionmnist.npz,8,1000,cpu,cpu,1,1,0.000761,0.008150,0.015386
529,data/fashionmnist.npz,8,1000,cpu,cpu,1,1,0.000789,0.008930,0.015139
530,data/fashionmnist.npz,8,1000,cpu,cpu,1,1,0.000767,0.007222,0.014762
531,data/fashionmnist.npz,8,1000,cpu,cpu,1,1,0.001188,0.007967,0.015936
532,data/fashionmnist.npz,8,1000,cpu,cpu,1,1,0.000912,0.008087,0.014949
533,data/fashionmnist.npz,8,1000,cpu,cpu,1,1,0.001150,0.007411,0.014982
534,data/fashionmnist.npz,8,1000,cpu,cpu,1,1,0.000770,0.008633,0.015325
535,data/fashionmnist.npz,8,1000,cpu,cpu,1,1,0.000760,0.008343,0.014951
536,data/fashionmnist.npz,8,1000,cpu,cpu,1,1,0.000824,0.019808,0.015770
537,data/fashionmnist.npz,8,1000,cpu,cpu,1,1,0.000773,0.010626,0.015294
538,data/fashionmnist.npz,8,1000,cpu,cpu,1,1,0.000817,0.008325,0.015156
539,data/fashionmnist.npz,8,1000,cpu,cpu,1,1,0.000816,0.007916,0.015045
540,data/fashionmnist.npz,8,1000,cpu,cpu,1,1,0.000770,0.024871,0.014962
541,data/fashionmnist.npz,8,1000,cpu,cpu,1,1,0.000766,0.013686,0.015717
542,data/fashionmnist.npz,8,1000,cpu,cpu,1,1,0.000736,0.009592,0.015103
543,data/fashionmnist.npz,8,1000,cpu,cpu,1,1,0.000738,0.008629,0.014779
544,data/fashionmnist.npz,8,1000,cpu,cpu,1,1,0.000749,0.010048,0.015650
545,data/fashionmnist.npz,8,1000,cpu,cpu,1,1,0.000749,0.008229,0.015325
546,data/fashionmnist.npz,8,1000,cpu,cpu,1,1,0.000723,0.009323,0.015247
547,data/fashionmnist.npz,8,1000,cpu,cpu,1,1,0.000874,0.009329,0.014954
548,data/fashionmnist.npz,8,1000,cpu,cpu,1,1,0.001248,0.007736,0.015107
549,data/fashionmnist.npz,8,1000,cpu,cpu,1,1,0.000772,0.007626,0.015290
550,data/fashionmnist.npz,8,1000,cpu,cpu,1,1,0.000805,0.010442,0.014977
551,data/fashionmnist.npz,8,1000,cpu,cpu,1,1,0.000787,0.011644,0.014886
552,data/fashionmnist.npz,8,1000,cpu,cpu,1,1,0.001116,0.009631,0.015363
553,data/fashionmnist.npz,8,1000,cpu,cpu,1,1,0.000775,0.012273,0.015105
554,data/fashionmnist.npz,8,1000,cpu,cpu,1,1,0.000864,0.007317,0.014751
555,data/fashionmnist.npz,8,1000,cpu,cpu,1,1,0.000746,0.008206,0.015081
556,data/fashionmnist.npz,8,1000,cpu,cpu,1,1,0.000786,0.013111,0.015481
557,data/fashionmnist.npz,8,1000,cpu,cpu,1,1,0.001092,0.009119,0.017079
558,data/fashionmnist.npz,8,1000,cpu,cpu,1,1,0.000835,0.008608,0.015194
559,data/fashionmnist.npz,8,1000,cpu,cpu,1,1,0.000785,0.015587,0.015543
560,data/fashionmnist.npz,8,1000,cpu,cpu,1,1,0.000861,0.007902,0.015715
561,data/fashionmnist.npz,8,1000,cpu,cpu,1,1,0.000785,0.011453,0.015069
562,data/fashionmnist.npz,8,1000,cpu,cpu,1,1,0.000794,0.008495,0.015609
563,data/fashionmnist.npz,8,1000,cpu,cpu,1,1,0.000774,0.008425,0.015444
564,data/fashionmnist.npz,8,1000,cpu,cpu,1,1,0.000783,0.008653,0.015501
565,data/fashionmnist.npz,8,1000,cpu,cpu,1,1,0.000813,0.010213,0.015204
566,data/fashionmnist.npz,8,1000,cpu,cpu,1,1,0.000819,0.012498,0.014903
567,data/fashionmnist.npz,8,1000,cpu,cpu,1,1,0.000788,0.011088,0.015204
568,data/fashionmnist.npz,8,1000,cpu,cpu,1,1,0.000815,0.012798,0.014962
569,data/fashionmnist.npz,8,1000,cpu,cpu,1,1,0.000830,0.010190,0.015351
570,data/fashionmnist.npz,8,1000,cpu,cpu,1,1,0.000867,0.011333,0.015781
571,data/fashionmnist.npz,8,1000,cpu,cpu,1,1,0.000854,0.009203,0.015635
572,data/fashionmnist.npz,8,1000,cpu,cpu,1,1,0.000757,0.009629,0.015919
573,data/fashionmnist.npz,8,1000,cpu,cpu,1,1,0.000785,0.009104,0.015260
574,data/fashionmnist.npz,8,1000,cpu,cpu,1,1,0.000768,0.007246,0.016045
575,data/fashionmnist.npz,8,1000,cpu,cpu,1,1,0.000819,0.011658,0.015036
576,data/fashionmnist.npz,8,1000,cpu,cpu,1,1,0.000810,0.008481,0.015059
577,data/fashionmnist.npz,8,1000,cpu,cpu,1,1,0.000774,0.009227,0.015100
578,data/fashionmnist.npz,8,1000,cpu,cpu,1,1,0.000757,0.008242,0.015269
579,data/fashionmnist.npz,8,1000,cpu,cpu,1,1,0.000814,0.008815,0.015069
580,data/fashionmnist.npz,8,1000,cpu,cpu,1,1,0.000760,0.011401,0.014914
581,data/fashionmnist.npz,8,1000,cpu,cpu,1,1,0.000795,0.015519,0.015945
582,data/fashionmnist.npz,8,1000,cpu,cpu,1,1,0.000768,0.007775,0.014959
583,data/fashionmnist.npz,8,1000,cpu,cpu,1,1,0.000746,0.010513,0.015031
584,data/fashionmnist.npz,8,1000,cpu,cpu,1,1,0.000788,0.007591,0.015197
585,data/fashionmnist.npz,8,1000,cpu,cpu,1,1,0.000764,0.009234,0.014900
586,data/fashionmnist.npz,8,1000,cpu,cpu,1,1,0.000756,0.009337,0.016380
587,data/fashionmnist.npz,8,1000,cpu,cpu,1,1,0.000762,0.007806,0.015012
588,data/fashionmnist.npz,8,1000,cpu,cpu,1,1,0.000774,0.009720,0.015150
589,data/fashionmnist.npz,8,1000,cpu,cpu,1,1,0.001100,0.008175,0.015310
590,data/fashionmnist.npz,8,1000,cpu,cpu,1,1,0.000767,0.007781,0.015027
591,data/fashionmnist.npz,8,1000,cpu,cpu,1,1,0.000737,0.007564,0.015212
592,data/fashionmnist.npz,8,1000,cpu,cpu,1,1,0.000909,0.009734,0.015154
593,data/fashionmnist.npz,8,1000,cpu,cpu,1,1,0.000725,0.008532,0.014924
594,data/fashionmnist.npz,8,1000,cpu,cpu,1,1,0.000766,0.007670,0.015110
595,data/fashionmnist.npz,8,1000,cpu,cpu,1,1,0.000809,0.009538,0.015058
596,data/fashionmnist.npz,8,1000,cpu,cpu,1,1,0.000773,0.009652,0.015153
597,data/fashionmnist.npz,8,1000,cpu,cpu,1,1,0.000791,0.007323,0.014851
598,data/fashionmnist.npz,8,1000,cpu,cpu,1,1,0.000831,0.008620,0.015031
599,data/fashionmnist.npz,8,1000,cpu,cpu,1,1,0.000750,0.010706,0.015053
600,data/fashionmnist.npz,8,1000,cpu,cpu,1,1,0.000754,0.007400,0.014886
601,data/fashionmnist.npz,8,1000,cpu,cpu,1,1,0.000799,0.007950,0.015027
602,data/fashionmnist.npz,8,1000,cpu,cpu,1,1,0.000830,0.009710,0.015215
603,data/fashionmnist.npz,8,1000,cpu,cpu,1,1,0.000763,0.009040,0.015030
604,data/fashionmnist.npz,8,1000,cpu,cpu,1,1,0.000780,0.007321,0.014862
605,data/fashionmnist.npz,8,1000,cpu,cpu,1,1,0.000782,0.008301,0.014858
606,data/fashionmnist.npz,8,1000,cpu,cpu,1,1,0.001192,0.008159,0.014890
607,data/fashionmnist.npz,8,1000,cpu,cpu,1,1,0.000829,0.009155,0.014854
608,data/fashionmnist.npz,8,1000,cpu,cpu,1,1,0.000739,0.009823,0.014880
609,data/fashionmnist.npz,8,1000,cpu,cpu,1,1,0.001029,0.009752,0.015732
610,data/fashionmnist.npz,8,1000,cpu,cpu,1,1,0.001308,0.008089,0.014865
611,data/fashionmnist.npz,8,1000,cpu,cpu,1,1,0.000761,0.007580,0.015581
612,data/fashionmnist.npz,8,1000,cpu,cpu,1,1,0.000849,0.008026,0.015422
613,data/fashionmnist.npz,8,1000,cpu,cpu,1,1,0.000760,0.008075,0.016098
614,data/fashionmnist.npz,8,1000,cpu,cpu,1,1,0.000758,0.009787,0.015355
615,data/fashionmnist.npz,8,1000,cpu,cpu,1,1,0.000736,0.010255,0.015168
616,data/fashionmnist.npz,8,1000,cpu,cpu,1,1,0.001609,0.007300,0.015403
617,data/fashionmnist.npz,8,1000,cpu,cpu,1,1,0.000871,0.008431,0.015307
618,data/fashionmnist.npz,8,1000,cpu,cpu,1,1,0.000815,0.016320,0.015253
619,data/fashionmnist.npz,8,1000,cpu,cpu,1,1,0.000828,0.008635,0.015606
620,data/fashionmnist.npz,8,1000,cpu,cpu,1,1,0.000842,0.007810,0.015077
621,data/fashionmnist.npz,8,1000,cpu,cpu,1,1,0.000794,0.008994,0.015378
622,data/fashionmnist.npz,8,1000,cpu,cpu,1,1,0.001646,0.008150,0.014803
623,data/fashionmnist.npz,8,1000,cpu,cpu,1,1,0.000765,0.015983,0.015211
624,data/fashionmnist.npz,8,1000,cpu,cpu,1,1,0.000781,0.008036,0.015110
625,data/fashionmnist.npz,8,1000,cpu,cpu,1,1,0.000773,0.010531,0.015254
626,data/fashionmnist.npz,8,1000,cpu,cpu,1,1,0.000780,0.008439,0.015425
627,data/fashionmnist.npz,8,1000,cpu,cpu,1,1,0.000752,0.008793,0.015218
628,data/fashionmnist.npz,8,1000,cpu,cpu,1,1,0.000792,0.012160,0.015015
629,data/fashionmnist.npz,8,1000,cpu,cpu,1,1,0.000727,0.008147,0.015595
630,data/fashionmnist.npz,8,1000,cpu,cpu,1,1,0.000837,0.007280,0.014948
631,data/fashionmnist.npz,8,1000,cpu,cpu,1,1,0.000731,0.009346,0.015081
632,data/fashionmnist.npz,8,1000,cpu,cpu,1,1,0.000808,0.008058,0.015226
633,data/fashionmnist.npz,8,1000,cpu,cpu,1,1,0.000734,0.009723,0.015073
634,data/fashionmnist.npz,8,1000,cpu,cpu,1,1,0.000811,0.008861,0.015083
635,data/fashionmnist.npz,8,1000,cpu,cpu,1,1,0.000806,0.007474,0.015088
636,data/fashionmnist.npz,8,1000,cpu,cpu,1,1,0.000846,0.011023,0.015141
637,data/fashionmnist.npz,8,1000,cpu,cpu,1,1,0.000777,0.009445,0.015070
638,data/fashionmnist.npz,8,1000,cpu,cpu,1,1,0.000841,0.008206,0.015166
639,data/fashionmnist.npz,8,1000,cpu,cpu,1,1,0.000848,0.007814,0.015063
640,data/fashionmnist.npz,8,1000,cpu,cpu,1,1,0.000847,0.008504,0.014987
641,data/fashionmnist.npz,8,1000,cpu,cpu,1,1,0.000771,0.009173,0.015353
642,data/fashionmnist.npz,8,1000,cpu,cpu,1,1,0.000780,0.011822,0.015106
643,data/fashionmnist.npz,8,1000,cpu,cpu,1,1,0.000847,0.012555,0.014910
644,data/fashionmnist.npz,8,1000,cpu,cpu,1,1,0.000901,0.010226,0.014907
645,data/fashionmnist.npz,8,1000,cpu,cpu,1,1,0.000948,0.010360,0.015449
646,data/fashionmnist.npz,8,1000,cpu,cpu,1,1,0.001217,0.010449,0.015048
647,data/fashionmnist.npz,8,1000,cpu,cpu,1,1,0.000776,0.007632,0.014925
648,data/fashionmnist.npz,8,1000,cpu,cpu,1,1,0.000816,0.007615,0.015060
649,data/fashionmnist.npz,8,1000,cpu,cpu,1,1,0.000734,0.007459,0.014787
650,data/fashionmnist.npz,8,1000,cpu,cpu,1,1,0.000853,0.010863,0.015454
651,data/fashionmnist.npz,8,1000,cpu,cpu,1,1,0.000765,0.008591,0.015028
652,data/fashionmnist.npz,8,1000,cpu,cpu,1,1,0.000785,0.008301,0.014966
653,data/fashionmnist.npz,8,1000,cpu,cpu,1,1,0.000744,0.007489,0.015007
654,data/fashionmnist.npz,8,1000,cpu,cpu,1,1,0.000769,0.007956,0.015235
655,data/fashionmnist.npz,8,1000,cpu,cpu,1,1,0.000792,0.007932,0.015070
656,data/fashionmnist.npz,8,1000,cpu,cpu,1,1,0.000965,0.007948,0.015060
657,data/fashionmnist.npz,8,1000,cpu,cpu,1,1,0.000851,0.008604,0.015036
658,data/fashionmnist.npz,8,1000,cpu,cpu,1,1,0.000774,0.008303,0.014932
659,data/fashionmnist.npz,8,1000,cpu,cpu,1,1,0.000756,0.008564,0.015233
660,data/fashionmnist.npz,8,1000,cpu,cpu,1,1,0.000740,0.007843,0.016246
661,data/fashionmnist.npz,8,1000,cpu,cpu,1,1,0.000911,0.009204,0.014831
662,data/fashionmnist.npz,8,1000,cpu,cpu,1,1,0.000757,0.010653,0.015146
663,data/fashionmnist.npz,8,1000,cpu,cpu,1,1,0.000768,0.014367,0.015511
664,data/fashionmnist.npz,8,1000,cpu,cpu,1,1,0.000775,0.007355,0.014994
665,data/fashionmnist.npz,8,1000,cpu,cpu,1,1,0.000766,0.007673,0.014876
666,data/fashionmnist.npz,8,1000,cpu,cpu,1,1,0.000754,0.009661,0.014989
667,data/fashionmnist.npz,8,1000,cpu,cpu,1,1,0.001185,0.022474,0.015195
668,data/fashionmnist.npz,8,1000,cpu,cpu,1,1,0.000752,0.009336,0.015544
669,data/fashionmnist.npz,8,1000,cpu,cpu,1,1,0.000753,0.006764,0.320087
670,data/fashionmnist.npz,8,1000,cpu,cpu,1,1,0.000777,0.009367,0.015362
671,data/fashionmnist.npz,8,1000,cpu,cpu,1,1,0.000770,0.010074,0.014929
672,data/fashionmnist.npz,8,1000,cpu,cpu,1,1,0.000753,0.009663,0.015318
673,data/fashionmnist.npz,8,1000,cpu,cpu,1,1,0.001182,0.011162,0.015078
674,data/fashionmnist.npz,8,1000,cpu,cpu,1,1,0.000966,0.009676,0.015398
675,data/fashionmnist.npz,8,1000,cpu,cpu,1,1,0.000781,0.010798,0.015524
676,data/fashionmnist.npz,8,1000,cpu,cpu,1,1,0.000784,0.012369,0.015314
677,data/fashionmnist.npz,8,1000,cpu,cpu,1,1,0.000758,0.008647,0.015776
678,data/fashionmnist.npz,8,1000,cpu,cpu,1,1,0.000738,0.010278,0.015068
679,data/fashionmnist.npz,8,1000,cpu,cpu,1,1,0.000751,0.010901,0.015365
680,data/fashionmnist.npz,8,1000,cpu,cpu,1,1,0.000761,0.010111,0.014899
681,data/fashionmnist.npz,8,1000,cpu,cpu,1,1,0.000773,0.008369,0.015372
682,data/fashionmnist.npz,8,1000,cpu,cpu,1,1,0.000794,0.009457,0.014866
683,data/fashionmnist.npz,8,1000,cpu,cpu,1,1,0.000722,0.008727,0.015041
684,data/fashionmnist.npz,8,1000,cpu,cpu,1,1,0.000761,0.008778,0.015192
685,data/fashionmnist.npz,8,1000,cpu,cpu,1,1,0.000769,0.015946,0.015559
686,data/fashionmnist.npz,8,1000,cpu,cpu,1,1,0.000761,0.007884,0.015602
687,data/fashionmnist.npz,8,1000,cpu,cpu,1,1,0.000812,0.008130,0.015405
688,data/fashionmnist.npz,8,1000,cpu,cpu,1,1,0.000739,0.008023,0.015285
689,data/fashionmnist.npz,8,1000,cpu,cpu,1,1,0.000764,0.015792,0.014924
690,data/fashionmnist.npz,8,1000,cpu,cpu,1,1,0.000744,0.009644,0.015160
691,data/fashionmnist.npz,8,1000,cpu,cpu,1,1,0.000775,0.007687,0.015422
692,data/fashionmnist.npz,8,1000,cpu,cpu,1,1,0.000753,0.008441,0.015194
693,data/fashionmnist.npz,8,1000,cpu,cpu,1,1,0.000788,0.007821,0.015713
694,data/fashionmnist.npz,8,1000,cpu,cpu,1,1,0.000757,0.007461,0.014926
695,data/fashionmnist.npz,8,1000,cpu,cpu,1,1,0.000840,0.009100,0.015685
696,data/fashionmnist.npz,8,1000,cpu,cpu,1,1,0.000794,0.011486,0.015023
697,data/fashionmnist.npz,8,1000,cpu,cpu,1,1,0.000784,0.010161,0.015082
698,data/fashionmnist.npz,8,1000,cpu,cpu,1,1,0.000807,0.011385,0.015510
699,data/fashionmnist.npz,8,1000,cpu,cpu,1,1,0.000765,0.009214,0.015006
700,data/fashionmnist.npz,8,1000,cpu,cpu,1,1,0.000755,0.009467,0.015038
701,data/fashionmnist.npz,8,1000,cpu,cpu,1,1,0.000745,0.015297,0.015770
702,data/fashionmnist.npz,8,1000,cpu,cpu,1,1,0.000733,0.007845,0.015542
703,data/fashionmnist.npz,8,1000,cpu,cpu,1,1,0.000726,0.008166,0.014994
704,data/fashionmnist.npz,8,1000,cpu,cpu,1,1,0.000785,0.008749,0.015103
705,data/fashionmnist.npz,8,1000,cpu,cpu,1,1,0.000770,0.009069,0.015290
706,data/fashionmnist.npz,8,1000,cpu,cpu,1,1,0.000802,0.008673,0.015416
707,data/fashionmnist.npz,8,1000,cpu,cpu,1,1,0.000755,0.012822,0.015333
708,data/fashionmnist.npz,8,1000,cpu,cpu,1,1,0.000754,0.010182,0.014956
709,data/fashionmnist.npz,8,1000,cpu,cpu,1,1,0.000784,0.008350,0.015229
710,data/fashionmnist.npz,8,1000,cpu,cpu,1,1,0.000736,0.011236,0.015918
711,data/fashionmnist.npz,8,1000,cpu,cpu,1,1,0.000724,0.008152,0.014950
712,data/fashionmnist.npz,8,1000,cpu,cpu,1,1,0.000796,0.007806,0.014969
713,data/fashionmnist.npz,8,1000,cpu,cpu,1,1,0.000768,0.007913,0.015159
714,data/fashionmnist.npz,8,1000,cpu,cpu,1,1,0.001101,0.009918,0.015148
715,data/fashionmnist.npz,8,1000,cpu,cpu,1,1,0.000898,0.009823,0.015243
716,data/fashionmnist.npz,8,1000,cpu,cpu,1,1,0.000761,0.008096,0.015818
717,data/fashionmnist.npz,8,1000,cpu,cpu,1,1,0.000750,0.008042,0.015166
718,data/fashionmnist.npz,8,1000,cpu,cpu,1,1,0.000867,0.010227,0.014988
719,data/fashionmnist.npz,8,1000,cpu,cpu,1,1,0.000766,0.011177,0.015102
720,data/fashionmnist.npz,8,1000,cpu,cpu,1,1,0.000857,0.011029,0.015237
721,data/fashionmnist.npz,8,1000,cpu,cpu,1,1,0.000756,0.009524,0.015607
722,data/fashionmnist.npz,8,1000,cpu,cpu,1,1,0.000752,0.010722,0.015257
723,data/fashionmnist.npz,8,1000,cpu,cpu,1,1,0.000743,0.010256,0.015347
724,data/fashionmnist.npz,8,1000,cpu,cpu,1,1,0.000777,0.008316,0.015069
725,data/fashionmnist.npz,8,1000,cpu,cpu,1,1,0.000798,0.008794,0.014942
726,data/fashionmnist.npz,8,1000,cpu,cpu,1,1,0.000908,0.007798,0.014739
727,data/fashionmnist.npz,8,1000,cpu,cpu,1,1,0.001089,0.008344,0.015007
728,data/fashionmnist.npz,8,1000,cpu,cpu,1,1,0.000847,0.008888,0.014779
729,data/fashionmnist.npz,8,1000,cpu,cpu,1,1,0.000918,0.007632,0.015694
730,data/fashionmnist.npz,8,1000,cpu,cpu,1,1,0.000729,0.008091,0.015067
731,data/fashionmnist.npz,8,1000,cpu,cpu,1,1,0.000955,0.007677,0.014846
732,data/fashionmnist.npz,8,1000,cpu,cpu,1,1,0.000770,0.008654,0.014987
733,data/fashionmnist.npz,8,1000,cpu,cpu,1,1,0.000763,0.008948,0.015516
734,data/fashionmnist.npz,8,1000,cpu,cpu,1,1,0.000697,0.008801,0.015208
735,data/fashionmnist.npz,8,1000,cpu,cpu,1,1,0.000812,0.007501,0.014737
736,data/fashionmnist.npz,8,1000,cpu,cpu,1,1,0.001503,0.007773,0.015268
737,data/fashionmnist.npz,8,1000,cpu,cpu,1,1,0.000749,0.008870,0.015741
738,data/fashionmnist.npz,8,1000,cpu,cpu,1,1,0.000740,0.008340,0.015161
739,data/fashionmnist.npz,8,1000,cpu,cpu,1,1,0.000760,0.009178,0.014976
740,data/fashionmnist.npz,8,1000,cpu,cpu,1,1,0.000749,0.012434,0.015407
741,data/fashionmnist.npz,8,1000,cpu,cpu,1,1,0.000743,0.008967,0.015062
742,data/fashionmnist.npz,8,1000,cpu,cpu,1,1,0.000771,0.010944,0.014934
743,data/fashionmnist.npz,8,1000,cpu,cpu,1,1,0.000803,0.007773,0.015090
744,data/fashionmnist.npz,8,1000,cpu,cpu,1,1,0.000747,0.008957,0.015180
745,data/fashionmnist.npz,8,1000,cpu,cpu,1,1,0.000743,0.007740,0.014835
746,data/fashionmnist.npz,8,1000,cpu,cpu,1,1,0.000742,0.012607,0.015483
747,data/fashionmnist.npz,8,1000,cpu,cpu,1,1,0.000733,0.007529,0.014874
748,data/fashionmnist.npz,8,1000,cpu,cpu,1,1,0.000738,0.009477,0.015250
749,data/fashionmnist.npz,8,1000,cpu,cpu,1,1,0.000754,0.008175,0.015083
750,data/fashionmnist.npz,8,1000,cpu,cpu,1,1,0.000807,0.007936,0.015320
751,data/fashionmnist.npz,8,1000,cpu,cpu,1,1,0.000773,0.008096,0.015999
752,data/fashionmnist.npz,8,1000,cpu,cpu,1,1,0.000760,0.007914,0.015521
753,data/fashionmnist.npz,8,1000,cpu,cpu,1,1,0.000694,0.008628,0.014829
754,data/fashionmnist.npz,8,1000,cpu,cpu,1,1,0.000741,0.010149,0.015050
755,data/fashionmnist.npz,8,1000,cpu,cpu,1,1,0.000790,0.008158,0.015387
756,data/fashionmnist.npz,8,1000,cpu,cpu,1,1,0.000775,0.020300,0.015445
757,data/fashionmnist.npz,8,1000,cpu,cpu,1,1,0.000756,0.007788,0.015170
758,data/fashionmnist.npz,8,1000,cpu,cpu,1,1,0.000765,0.007548,0.015611
759,data/fashionmnist.npz,8,1000,cpu,cpu,1,1,0.000749,0.007555,0.015773
760,data/fashionmnist.npz,8,1000,cpu,cpu,1,1,0.000769,0.007599,0.015383
761,data/fashionmnist.npz,8,1000,cpu,cpu,1,1,0.000756,0.009393,0.015204
762,data/fashionmnist.npz,8,1000,cpu,cpu,1,1,0.000776,0.007818,0.016289
763,data/fashionmnist.npz,8,1000,cpu,cpu,1,1,0.000759,0.008124,0.014845
764,data/fashionmnist.npz,8,1000,cpu,cpu,1,1,0.000774,0.011669,0.014841
765,data/fashionmnist.npz,8,1000,cpu,cpu,1,1,0.000748,0.010784,0.014875
766,data/fashionmnist.npz,8,1000,cpu,cpu,1,1,0.000759,0.008333,0.015267
767,data/fashionmnist.npz,8,1000,cpu,cpu,1,1,0.000793,0.008338,0.014860
768,data/fashionmnist.npz,8,1000,cpu,cpu,1,1,0.000762,0.007782,0.015221
769,data/fashionmnist.npz,8,1000,cpu,cpu,1,1,0.001162,0.007519,0.015232
770,data/fashionmnist.npz,8,1000,cpu,cpu,1,1,0.000781,0.010905,0.015667
771,data/fashionmnist.npz,8,1000,cpu,cpu,1,1,0.000765,0.007736,0.015198
772,data/fashionmnist.npz,8,1000,cpu,cpu,1,1,0.000992,0.008790,0.015161
773,data/fashionmnist.npz,8,1000,cpu,cpu,1,1,0.000757,0.008408,0.015011
774,data/fashionmnist.npz,8,1000,cpu,cpu,1,1,0.000730,0.011970,0.015208
775,data/fashionmnist.npz,8,1000,cpu,cpu,1,1,0.000790,0.008543,0.015491
776,data/fashionmnist.npz,8,1000,cpu,cpu,1,1,0.000748,0.010132,0.015150
777,data/fashionmnist.npz,8,1000,cpu,cpu,1,1,0.000790,0.007564,0.014969
778,data/fashionmnist.npz,8,1000,cpu,cpu,1,1,0.000861,0.007977,0.014952
779,data/fashionmnist.npz,8,1000,cpu,cpu,1,1,0.000855,0.013212,0.016083
780,data/fashionmnist.npz,8,1000,cpu,cpu,1,1,0.000825,0.007803,0.014884
781,data/fashionmnist.npz,8,1000,cpu,cpu,1,1,0.000787,0.008713,0.015736
782,data/fashionmnist.npz,8,1000,cpu,cpu,1,1,0.000759,0.011044,0.014945
783,data/fashionmnist.npz,8,1000,cpu,cpu,1,1,0.000788,0.009205,0.015283
784,data/fashionmnist.npz,8,1000,cpu,cpu,1,1,0.000765,0.009590,0.015629
785,data/fashionmnist.npz,8,1000,cpu,cpu,1,1,0.001194,0.007287,0.015307
786,data/fashionmnist.npz,8,1000,cpu,cpu,1,1,0.000804,0.007774,0.014948
787,data/fashionmnist.npz,8,1000,cpu,cpu,1,1,0.000752,0.007614,0.015372
788,data/fashionmnist.npz,8,1000,cpu,cpu,1,1,0.000746,0.008550,0.014919
789,data/fashionmnist.npz,8,1000,cpu,cpu,1,1,0.000779,0.014624,0.015799
790,data/fashionmnist.npz,8,1000,cpu,cpu,1,1,0.000772,0.008663,0.015266
791,data/fashionmnist.npz,8,1000,cpu,cpu,1,1,0.000777,0.008126,0.015273
792,data/fashionmnist.npz,8,1000,cpu,cpu,1,1,0.000750,0.008131,0.014948
793,data/fashionmnist.npz,8,1000,cpu,cpu,1,1,0.004188,0.027389,0.015173
794,data/fashionmnist.npz,8,1000,cpu,cpu,1,1,0.000763,0.009752,0.014931
795,data/fashionmnist.npz,8,1000,cpu,cpu,1,1,0.000833,0.007356,0.014957
796,data/fashionmnist.npz,8,1000,cpu,cpu,1,1,0.000756,0.008766,0.015587
797,data/fashionmnist.npz,8,1000,cpu,cpu,1,1,0.000774,0.007861,0.015091
798,data/fashionmnist.npz,8,1000,cpu,cpu,1,1,0.000956,0.007665,0.015166
799,data/fashionmnist.npz,8,1000,cpu,cpu,1,1,0.000763,0.007165,0.014844
800,data/fashionmnist.npz,8,1000,cpu,cpu,1,1,0.001071,0.008628,0.015786
801,data/fashionmnist.npz,8,1000,cpu,cpu,1,1,0.000744,0.007748,0.015197
802,data/fashionmnist.npz,8,1000,cpu,cpu,1,1,0.000740,0.007248,0.014912
803,data/fashionmnist.npz,8,1000,cpu,cpu,1,1,0.000720,0.007532,0.023588
804,data/fashionmnist.npz,8,1000,cpu,cpu,1,1,0.000978,0.008022,0.015043
805,data/fashionmnist.npz,8,1000,cpu,cpu,1,1,0.000748,0.008027,0.014997
806,data/fashionmnist.npz,8,1000,cpu,cpu,1,1,0.000745,0.007851,0.014809
807,data/fashionmnist.npz,8,1000,cpu,cpu,1,1,0.000753,0.008108,0.015363
808,data/fashionmnist.npz,8,1000,cpu,cpu,1,1,0.000764,0.009343,0.015887
809,data/fashionmnist.npz,8,1000,cpu,cpu,1,1,0.000758,0.007161,0.015074
810,data/fashionmnist.npz,8,1000,cpu,cpu,1,1,0.000763,0.015116,0.015830
811,data/fashionmnist.npz,8,1000,cpu,cpu,1,1,0.000746,0.008035,0.015587
812,data/fashionmnist.npz,8,1000,cpu,cpu,1,1,0.000764,0.008552,0.014881
813,data/fashionmnist.npz,8,1000,cpu,cpu,1,1,0.000941,0.007407,0.313833
814,data/fashionmnist.npz,8,1000,cpu,cpu,1,1,0.000749,0.009048,0.015506
815,data/fashionmnist.npz,8,1000,cpu,cpu,1,1,0.000769,0.010567,0.016439
816,data/fashionmnist.npz,8,1000,cpu,cpu,1,1,0.000808,0.007853,0.015255
817,data/fashionmnist.npz,8,1000,cpu,cpu,1,1,0.000729,0.008066,0.015199
818,data/fashionmnist.npz,8,1000,cpu,cpu,1,1,0.000740,0.012584,0.015057
819,data/fashionmnist.npz,8,1000,cpu,cpu,1,1,0.000750,0.011986,0.015263
820,data/fashionmnist.npz,8,1000,cpu,cpu,1,1,0.000740,0.007539,0.016002
821,data/fashionmnist.npz,8,1000,cpu,cpu,1,1,0.000713,0.007782,0.014929
822,data/fashionmnist.npz,8,1000,cpu,cpu,1,1,0.000752,0.008090,0.015061
823,data/fashionmnist.npz,8,1000,cpu,cpu,1,1,0.000721,0.007458,0.015062
824,data/fashionmnist.npz,8,1000,cpu,cpu,1,1,0.000739,0.008966,0.014945
825,data/fashionmnist.npz,8,1000,cpu,cpu,1,1,0.000752,0.007580,0.015009
826,data/fashionmnist.npz,8,1000,cpu,cpu,1,1,0.000772,0.012465,0.015912
827,data/fashionmnist.npz,8,1000,cpu,cpu,1,1,0.000761,0.008759,0.015261
828,data/fashionmnist.npz,8,1000,cpu,cpu,1,1,0.000730,0.010471,0.014923
829,data/fashionmnist.npz,8,1000,cpu,cpu,1,1,0.000741,0.007746,0.014912
830,data/fashionmnist.npz,8,1000,cpu,cpu,1,1,0.000732,0.008894,0.016161
831,data/fashionmnist.npz,8,1000,cpu,cpu,1,1,0.000909,0.007609,0.015070
832,data/fashionmnist.npz,8,1000,cpu,cpu,1,1,0.000752,0.010633,0.014877
833,data/fashionmnist.npz,8,1000,cpu,cpu,1,1,0.000767,0.007855,0.015303
834,data/fashionmnist.npz,8,1000,cpu,cpu,1,1,0.000726,0.007637,0.015305
835,data/fashionmnist.npz,8,1000,cpu,cpu,1,1,0.000744,0.009709,0.015221
836,data/fashionmnist.npz,8,1000,cpu,cpu,1,1,0.000760,0.009780,0.015280
837,data/fashionmnist.npz,8,1000,cpu,cpu,1,1,0.000793,0.010239,0.015046
838,data/fashionmnist.npz,8,1000,cpu,cpu,1,1,0.000775,0.015481,0.014928
839,data/fashionmnist.npz,8,1000,cpu,cpu,1,1,0.001004,0.007246,0.014895
840,data/fashionmnist.npz,8,1000,cpu,cpu,1,1,0.000965,0.007758,0.015141
841,data/fashionmnist.npz,8,1000,cpu,cpu,1,1,0.000715,0.009923,0.015362
842,data/fashionmnist.npz,8,1000,cpu,cpu,1,1,0.000763,0.009556,0.015159
843,data/fashionmnist.npz,8,1000,cpu,cpu,1,1,0.000758,0.008330,0.015292
844,data/fashionmnist.npz,8,1000,cpu,cpu,1,1,0.000768,0.009414,0.015027
845,data/fashionmnist.npz,8,1000,cpu,cpu,1,1,0.000772,0.007895,0.015396
846,data/fashionmnist.npz,8,1000,cpu,cpu,1,1,0.000812,0.007925,0.015409
847,data/fashionmnist.npz,8,1000,cpu,cpu,1,1,0.000781,0.007726,0.015727
848,data/fashionmnist.npz,8,1000,cpu,cpu,1,1,0.000755,0.008527,0.015053
849,data/fashionmnist.npz,8,1000,cpu,cpu,1,1,0.000755,0.014272,0.015224
850,data/fashionmnist.npz,8,1000,cpu,cpu,1,1,0.000767,0.009446,0.015124
851,data/fashionmnist.npz,8,1000,cpu,cpu,1,1,0.000777,0.007311,0.015087
852,data/fashionmnist.npz,8,1000,cpu,cpu,1,1,0.000780,0.009057,0.015039
853,data/fashionmnist.npz,8,1000,cpu,cpu,1,1,0.000936,0.015233,0.015192
854,data/fashionmnist.npz,8,1000,cpu,cpu,1,1,0.000772,0.007802,0.015114
855,data/fashionmnist.npz,8,1000,cpu,cpu,1,1,0.000767,0.015521,0.015364
856,data/fashionmnist.npz,8,1000,cpu,cpu,1,1,0.000736,0.007544,0.015527
857,data/fashionmnist.npz,8,1000,cpu,cpu,1,1,0.000760,0.007694,0.015083
858,data/fashionmnist.npz,8,1000,cpu,cpu,1,1,0.000751,0.007816,0.015166
859,data/fashionmnist.npz,8,1000,cpu,cpu,1,1,0.000774,0.007838,0.015631
860,data/fashionmnist.npz,8,1000,cpu,cpu,1,1,0.000749,0.008028,0.015391
861,data/fashionmnist.npz,8,1000,cpu,cpu,1,1,0.001394,0.008156,0.015109
862,data/fashionmnist.npz,8,1000,cpu,cpu,1,1,0.001015,0.007369,0.015065
863,data/fashionmnist.npz,8,1000,cpu,cpu,1,1,0.000810,0.008087,0.016069
864,data/fashionmnist.npz,8,1000,cpu,cpu,1,1,0.001005,0.007188,0.015351
865,data/fashionmnist.npz,8,1000,cpu,cpu,1,1,0.000974,0.009642,0.015295
866,data/fashionmnist.npz,8,1000,cpu,cpu,1,1,0.000710,0.009816,0.016441
867,data/fashionmnist.npz,8,1000,cpu,cpu,1,1,0.000783,0.008967,0.014939
868,data/fashionmnist.npz,8,1000,cpu,cpu,1,1,0.000759,0.018365,0.015121
869,data/fashionmnist.npz,8,1000,cpu,cpu,1,1,0.000777,0.008183,0.015151
870,data/fashionmnist.npz,8,1000,cpu,cpu,1,1,0.000740,0.008228,0.015212
871,data/fashionmnist.npz,8,1000,cpu,cpu,1,1,0.000723,0.008137,0.015442
872,data/fashionmnist.npz,8,1000,cpu,cpu,1,1,0.000779,0.007552,0.014872
873,data/fashionmnist.npz,8,1000,cpu,cpu,1,1,0.000765,0.009632,0.014887
874,data/fashionmnist.npz,8,1000,cpu,cpu,1,1,0.000849,0.011771,0.015006
875,data/fashionmnist.npz,8,1000,cpu,cpu,1,1,0.000771,0.009660,0.014919
876,data/fashionmnist.npz,8,1000,cpu,cpu,1,1,0.000786,0.010632,0.015124
877,data/fashionmnist.npz,8,1000,cpu,cpu,1,1,0.000863,0.010463,0.015306
878,data/fashionmnist.npz,8,1000,cpu,cpu,1,1,0.000843,0.012521,0.015088
879,data/fashionmnist.npz,8,1000,cpu,cpu,1,1,0.000753,0.008904,0.015453
880,data/fashionmnist.npz,8,1000,cpu,cpu,1,1,0.000747,0.013528,0.015224
881,data/fashionmnist.npz,8,1000,cpu,cpu,1,1,0.001067,0.007727,0.014961
882,data/fashionmnist.npz,8,1000,cpu,cpu,1,1,0.001629,0.007210,0.015057
883,data/fashionmnist.npz,8,1000,cpu,cpu,1,1,0.001001,0.007992,0.015115
884,data/fashionmnist.npz,8,1000,cpu,cpu,1,1,0.000739,0.008417,0.015036
885,data/fashionmnist.npz,8,1000,cpu,cpu,1,1,0.000848,0.007560,0.014967
886,data/fashionmnist.npz,8,1000,cpu,cpu,1,1,0.000917,0.014950,0.014958
887,data/fashionmnist.npz,8,1000,cpu,cpu,1,1,0.000722,0.010329,0.015643
888,data/fashionmnist.npz,8,1000,cpu,cpu,1,1,0.000748,0.007553,0.015037
889,data/fashionmnist.npz,8,1000,cpu,cpu,1,1,0.000774,0.010458,0.015875
890,data/fashionmnist.npz,8,1000,cpu,cpu,1,1,0.000717,0.008005,0.014872
891,data/fashionmnist.npz,8,1000,cpu,cpu,1,1,0.000767,0.008048,0.016005
892,data/fashionmnist.npz,8,1000,cpu,cpu,1,1,0.000733,0.008690,0.015088
893,data/fashionmnist.npz,8,1000,cpu,cpu,1,1,0.000725,0.008235,0.014974
894,data/fashionmnist.npz,8,1000,cpu,cpu,1,1,0.000737,0.008455,0.014931
895,data/fashionmnist.npz,8,1000,cpu,cpu,1,1,0.000740,0.008735,0.015066
896,data/fashionmnist.npz,8,1000,cpu,cpu,1,1,0.000803,0.008432,0.014944
897,data/fashionmnist.npz,8,1000,cpu,cpu,1,1,0.000753,0.012604,0.015046
898,data/fashionmnist.npz,8,1000,cpu,cpu,1,1,0.000908,0.007188,0.014988
899,data/fashionmnist.npz,8,1000,cpu,cpu,1,1,0.000740,0.011290,0.015718
900,data/fashionmnist.npz,8,1000,cpu,cpu,1,1,0.000804,0.007543,0.014907
901,data/fashionmnist.npz,8,1000,cpu,cpu,1,1,0.000751,0.017238,0.015011
902,data/fashionmnist.npz,8,1000,cpu,cpu,1,1,0.000745,0.007472,0.015186
903,data/fashionmnist.npz,8,1000,cpu,cpu,1,1,0.000897,0.009798,0.015126
904,data/fashionmnist.npz,8,1000,cpu,cpu,1,1,0.000772,0.009669,0.015116
905,data/fashionmnist.npz,8,1000,cpu,cpu,1,1,0.000752,0.008495,0.015080
906,data/fashionmnist.npz,8,1000,cpu,cpu,1,1,0.000750,0.015003,0.015390
907,data/fashionmnist.npz,8,1000,cpu,cpu,1,1,0.000772,0.007566,0.015939
908,data/fashionmnist.npz,8,1000,cpu,cpu,1,1,0.000752,0.007682,0.015290
909,data/fashionmnist.npz,8,1000,cpu,cpu,1,1,0.000791,0.008057,0.015522
910,data/fashionmnist.npz,8,1000,cpu,cpu,1,1,0.000789,0.008810,0.015375
911,data/fashionmnist.npz,8,1000,cpu,cpu,1,1,0.000759,0.008899,0.015012
912,data/fashionmnist.npz,8,1000,cpu,cpu,1,1,0.000792,0.007527,0.015030
913,data/fashionmnist.npz,8,1000,cpu,cpu,1,1,0.000750,0.014595,0.015517
914,data/fashionmnist.npz,8,1000,cpu,cpu,1,1,0.000721,0.007446,0.014953
915,data/fashionmnist.npz,8,1000,cpu,cpu,1,1,0.000783,0.015576,0.015097
916,data/fashionmnist.npz,8,1000,cpu,cpu,1,1,0.000772,0.008064,0.014879
917,data/fashionmnist.npz,8,1000,cpu,cpu,1,1,0.000747,0.009748,0.015151
918,data/fashionmnist.npz,8,1000,cpu,cpu,1,1,0.000760,0.007660,0.015304
919,data/fashionmnist.npz,8,1000,cpu,cpu,1,1,0.000771,0.013976,0.017707
920,data/fashionmnist.npz,8,1000,cpu,cpu,1,1,0.001570,0.017780,0.015038
921,data/fashionmnist.npz,8,1000,cpu,cpu,1,1,0.000780,0.010887,0.015124
922,data/fashionmnist.npz,8,1000,cpu,cpu,1,1,0.000783,0.010482,0.016695
923,data/fashionmnist.npz,8,1000,cpu,cpu,1,1,0.000734,0.008364,0.015522
924,data/fashionmnist.npz,8,1000,cpu,cpu,1,1,0.000762,0.008583,0.014939
925,data/fashionmnist.npz,8,1000,cpu,cpu,1,1,0.000766,0.007988,0.015020
926,data/fashionmnist.npz,8,1000,cpu,cpu,1,1,0.000758,0.007649,0.015276
927,data/fashionmnist.npz,8,1000,cpu,cpu,1,1,0.000776,0.014529,0.015488
928,data/fashionmnist.npz,8,1000,cpu,cpu,1,1,0.000841,0.008423,0.015060
929,data/fashionmnist.npz,8,1000,cpu,cpu,1,1,0.000748,0.012921,0.015058
930,data/fashionmnist.npz,8,1000,cpu,cpu,1,1,0.001258,0.007677,0.014967
931,data/fashionmnist.npz,8,1000,cpu,cpu,1,1,0.000767,0.008517,0.015070
932,data/fashionmnist.npz,8,1000,cpu,cpu,1,1,0.000809,0.008932,0.015136
933,data/fashionmnist.npz,8,1000,cpu,cpu,1,1,0.000829,0.007673,0.015228
934,data/fashionmnist.npz,8,1000,cpu,cpu,1,1,0.000762,0.007696,0.015388
935,data/fashionmnist.npz,8,1000,cpu,cpu,1,1,0.000791,0.007452,0.015033
936,data/fashionmnist.npz,8,1000,cpu,cpu,1,1,0.000878,0.009933,0.015065
937,data/fashionmnist.npz,8,1000,cpu,cpu,1,1,0.000774,0.011813,0.015359
938,data/fashionmnist.npz,8,1000,cpu,cpu,1,1,0.000767,0.007835,0.016002
939,data/fashionmnist.npz,8,1000,cpu,cpu,1,1,0.000745,0.008467,0.015156
940,data/fashionmnist.npz,8,1000,cpu,cpu,1,1,0.000778,0.007599,0.015270
941,data/fashionmnist.npz,8,1000,cpu,cpu,1,1,0.000764,0.007972,0.015285
942,data/fashionmnist.npz,8,1000,cpu,cpu,1,1,0.000738,0.014651,0.015512
943,data/fashionmnist.npz,8,1000,cpu,cpu,1,1,0.000753,0.008451,0.015152
944,data/fashionmnist.npz,8,1000,cpu,cpu,1,1,0.000754,0.007784,0.015143
945,data/fashionmnist.npz,8,1000,cpu,cpu,1,1,0.000840,0.007897,0.016362
946,data/fashionmnist.npz,8,1000,cpu,cpu,1,1,0.000866,0.012976,0.015975
947,data/fashionmnist.npz,8,1000,cpu,cpu,1,1,0.000799,0.010006,0.015132
948,data/fashionmnist.npz,8,1000,cpu,cpu,1,1,0.000801,0.009589,0.015405
949,data/fashionmnist.npz,8,1000,cpu,cpu,1,1,0.000789,0.008549,0.015853
950,data/fashionmnist.npz,8,1000,cpu,cpu,1,1,0.000753,0.008557,0.015096
951,data/fashionmnist.npz,8,1000,cpu,cpu,1,1,0.000779,0.008090,0.015019
952,data/fashionmnist.npz,8,1000,cpu,cpu,1,1,0.000747,0.008777,0.015051
953,data/fashionmnist.npz,8,1000,cpu,cpu,1,1,0.000855,0.008568,0.015254
954,data/fashionmnist.npz,8,1000,cpu,cpu,1,1,0.000866,0.007888,0.015307
955,data/fashionmnist.npz,8,1000,cpu,cpu,1,1,0.000768,0.007777,0.015308
956,data/fashionmnist.npz,8,1000,cpu,cpu,1,1,0.000770,0.008040,0.014949
957,data/fashionmnist.npz,8,1000,cpu,cpu,1,1,0.000745,0.010241,0.015244
958,data/fashionmnist.npz,8,1000,cpu,cpu,1,1,0.001043,0.009486,0.292842
959,data/fashionmnist.npz,8,1000,cpu,cpu,1,1,0.000794,0.009949,0.015123
960,data/fashionmnist.npz,8,1000,cpu,cpu,1,1,0.000791,0.010443,0.015380
961,data/fashionmnist.npz,8,1000,cpu,cpu,1,1,0.000743,0.009509,0.015526
962,data/fashionmnist.npz,8,1000,cpu,cpu,1,1,0.000789,0.008375,0.015352
963,data/fashionmnist.npz,8,1000,cpu,cpu,1,1,0.000760,0.009334,0.016131
964,data/fashionmnist.npz,8,1000,cpu,cpu,1,1,0.000773,0.008095,0.015307
965,data/fashionmnist.npz,8,1000,cpu,cpu,1,1,0.000756,0.008887,0.015715
966,data/fashionmnist.npz,8,1000,cpu,cpu,1,1,0.000797,0.007817,0.015263
967,data/fashionmnist.npz,8,1000,cpu,cpu,1,1,0.000791,0.008585,0.014909
968,data/fashionmnist.npz,8,1000,cpu,cpu,1,1,0.000923,0.007384,0.015119
969,data/fashionmnist.npz,8,1000,cpu,cpu,1,1,0.000790,0.008073,0.015581
970,data/fashionmnist.npz,8,1000,cpu,cpu,1,1,0.001023,0.007518,0.015029
971,data/fashionmnist.npz,8,1000,cpu,cpu,1,1,0.000776,0.007433,0.015438
972,data/fashionmnist.npz,8,1000,cpu,cpu,1,1,0.000763,0.007877,0.016478
973,data/fashionmnist.npz,8,1000,cpu,cpu,1,1,0.000766,0.008618,0.015037
974,data/fashionmnist.npz,8,1000,cpu,cpu,1,1,0.000769,0.007797,0.015603
975,data/fashionmnist.npz,8,1000,cpu,cpu,1,1,0.000759,0.007809,0.014821
976,data/fashionmnist.npz,8,1000,cpu,cpu,1,1,0.000758,0.011386,0.015808
977,data/fashionmnist.npz,8,1000,cpu,cpu,1,1,0.000769,0.008232,0.015596
978,data/fashionmnist.npz,8,1000,cpu,cpu,1,1,0.000731,0.007597,0.015284
979,data/fashionmnist.npz,8,1000,cpu,cpu,1,1,0.000773,0.013313,0.015768
980,data/fashionmnist.npz,8,1000,cpu,cpu,1,1,0.000831,0.008218,0.015103
981,data/fashionmnist.npz,8,1000,cpu,cpu,1,1,0.000792,0.010098,0.015128
982,data/fashionmnist.npz,8,1000,cpu,cpu,1,1,0.000759,0.008344,0.014870
983,data/fashionmnist.npz,8,1000,cpu,cpu,1,1,0.000896,0.007484,0.015380
984,data/fashionmnist.npz,8,1000,cpu,cpu,1,1,0.000805,0.008961,0.015324
985,data/fashionmnist.npz,8,1000,cpu,cpu,1,1,0.000755,0.008204,0.015880
986,data/fashionmnist.npz,8,1000,cpu,cpu,1,1,0.000756,0.007812,0.015159
987,data/fashionmnist.npz,8,1000,cpu,cpu,1,1,0.000731,0.008371,0.015603
988,data/fashionmnist.npz,8,1000,cpu,cpu,1,1,0.000762,0.009473,0.014830
989,data/fashionmnist.npz,8,1000,cpu,cpu,1,1,0.001573,0.007804,0.015149
990,data/fashionmnist.npz,8,1000,cpu,cpu,1,1,0.000759,0.016514,0.014806
991,data/fashionmnist.npz,8,1000,cpu,cpu,1,1,0.000751,0.008232,0.015560
992,data/fashionmnist.npz,8,1000,cpu,cpu,1,1,0.000745,0.009362,0.014937
993,data/fashionmnist.npz,8,1000,cpu,cpu,1,1,0.000747,0.012153,0.015113
994,data/fashionmnist.npz,8,1000,cpu,cpu,1,1,0.000692,0.012225,0.016040
995,data/fashionmnist.npz,8,1000,cpu,cpu,1,1,0.000761,0.007658,0.015624
996,data/fashionmnist.npz,8,1000,cpu,cpu,1,1,0.000761,0.010915,0.015275
997,data/fashionmnist.npz,8,1000,cpu,cpu,1,1,0.000739,0.008168,0.015202
998,data/fashionmnist.npz,8,1000,cpu,cpu,1,1,0.000740,0.012629,0.016585
999,data/fashionmnist.npz,8,1000,cpu,cpu,1,1,0.000727,0.007859,0.015053
