image_index,data_path,num_directions,num_timesteps,device_requested,device_used,batch_size,num_cores,complex_construction_time,computation_time,vectorization_time
0,data/imagenet.npz,128,100,cuda,cuda,1,1,0.073081,0.027549,0.000000
1,data/imagenet.npz,128,100,cuda,cuda,1,1,0.001432,0.026895,0.000000
2,data/imagenet.npz,128,100,cuda,cuda,1,1,0.001474,0.026826,0.000000
3,data/imagenet.npz,128,100,cuda,cuda,1,1,0.001265,0.027195,0.000000
4,data/imagenet.npz,128,100,cuda,cuda,1,1,0.001266,0.035468,0.000000
5,data/imagenet.npz,128,100,cuda,cuda,1,1,0.001586,0.031788,0.000000
6,data/imagenet.npz,128,100,cuda,cuda,1,1,0.001317,0.027173,0.000000
7,data/imagenet.npz,128,100,cuda,cuda,1,1,0.001260,0.025618,0.000000
8,data/imagenet.npz,128,100,cuda,cuda,1,1,0.001270,0.073888,0.000000
9,data/imagenet.npz,128,100,cuda,cuda,1,1,0.001480,0.028533,0.000000
10,data/imagenet.npz,128,100,cuda,cuda,1,1,0.001279,0.027779,0.000000
11,data/imagenet.npz,128,100,cuda,cuda,1,1,0.001951,0.013239,0.000000
12,data/imagenet.npz,128,100,cuda,cuda,1,1,0.001404,0.033002,0.000000
13,data/imagenet.npz,128,100,cuda,cuda,1,1,0.001294,0.033225,0.000000
14,data/imagenet.npz,128,100,cuda,cuda,1,1,0.001253,0.036153,0.000000
15,data/imagenet.npz,128,100,cuda,cuda,1,1,0.001420,0.033142,0.000000
16,data/imagenet.npz,128,100,cuda,cuda,1,1,0.001365,0.033583,0.000000
17,data/imagenet.npz,128,100,cuda,cuda,1,1,0.001265,0.032119,0.000000
18,data/imagenet.npz,128,100,cuda,cuda,1,1,0.001286,0.028601,0.000000
19,data/imagenet.npz,128,100,cuda,cuda,1,1,0.001422,0.008660,0.000000
20,data/imagenet.npz,128,100,cuda,cuda,1,1,0.001338,0.034002,0.000000
21,data/imagenet.npz,128,100,cuda,cuda,1,1,0.001287,0.034163,0.000000
22,data/imagenet.npz,128,100,cuda,cuda,1,1,0.001259,0.028058,0.000000
23,data/imagenet.npz,128,100,cuda,cuda,1,1,0.001327,0.020783,0.000000
24,data/imagenet.npz,128,100,cuda,cuda,1,1,0.001376,0.033871,0.000000
25,data/imagenet.npz,128,100,cuda,cuda,1,1,0.001280,0.008184,0.000000
26,data/imagenet.npz,128,100,cuda,cuda,1,1,0.001252,0.019267,0.000000
27,data/imagenet.npz,128,100,cuda,cuda,1,1,0.001267,0.034179,0.000000
28,data/imagenet.npz,128,100,cuda,cuda,1,1,0.001354,0.028342,0.000000
29,data/imagenet.npz,128,100,cuda,cuda,1,1,0.001372,0.022755,0.000000
30,data/imagenet.npz,128,100,cuda,cuda,1,1,0.001256,0.035202,0.000000
31,data/imagenet.npz,128,100,cuda,cuda,1,1,0.001266,0.028563,0.000000
32,data/imagenet.npz,128,100,cuda,cuda,1,1,0.001418,0.033489,0.000000
33,data/imagenet.npz,128,100,cuda,cuda,1,1,0.001332,0.001475,0.000000
34,data/imagenet.npz,128,100,cuda,cuda,1,1,0.001256,0.027816,0.000000
35,data/imagenet.npz,128,100,cuda,cuda,1,1,0.001263,0.032858,0.000000
36,data/imagenet.npz,128,100,cuda,cuda,1,1,0.001260,0.028635,0.000000
37,data/imagenet.npz,128,100,cuda,cuda,1,1,0.001412,0.054214,0.000000
38,data/imagenet.npz,128,100,cuda,cuda,1,1,0.001379,0.273754,0.000000
39,data/imagenet.npz,128,100,cuda,cuda,1,1,0.001448,0.031632,0.000000
40,data/imagenet.npz,128,100,cuda,cuda,1,1,0.001338,0.033817,0.000000
41,data/imagenet.npz,128,100,cuda,cuda,1,1,0.001260,0.028007,0.000000
42,data/imagenet.npz,128,100,cuda,cuda,1,1,0.001257,0.000822,0.000000
43,data/imagenet.npz,128,100,cuda,cuda,1,1,0.001262,0.033585,0.000000
44,data/imagenet.npz,128,100,cuda,cuda,1,1,0.001449,0.037401,0.000000
45,data/imagenet.npz,128,100,cuda,cuda,1,1,0.001250,0.033072,0.000000
46,data/imagenet.npz,128,100,cuda,cuda,1,1,0.001241,0.060117,0.000000
47,data/imagenet.npz,128,100,cuda,cuda,1,1,0.001382,0.032814,0.000000
48,data/imagenet.npz,128,100,cuda,cuda,1,1,0.001252,0.033079,0.000000
49,data/imagenet.npz,128,100,cuda,cuda,1,1,0.001325,0.038795,0.000000
50,data/imagenet.npz,128,100,cuda,cuda,1,1,0.001336,0.038773,0.000000
51,data/imagenet.npz,128,100,cuda,cuda,1,1,0.001243,0.033716,0.000000
52,data/imagenet.npz,128,100,cuda,cuda,1,1,0.001327,0.030922,0.000000
53,data/imagenet.npz,128,100,cuda,cuda,1,1,0.001347,0.062720,0.000000
54,data/imagenet.npz,128,100,cuda,cuda,1,1,0.001291,0.105518,0.000000
55,data/imagenet.npz,128,100,cuda,cuda,1,1,0.001394,0.032734,0.000000
56,data/imagenet.npz,128,100,cuda,cuda,1,1,0.001430,0.044794,0.000000
57,data/imagenet.npz,128,100,cuda,cuda,1,1,0.001260,0.030274,0.000000
58,data/imagenet.npz,128,100,cuda,cuda,1,1,0.001250,0.027195,0.000000
59,data/imagenet.npz,128,100,cuda,cuda,1,1,0.001415,0.032937,0.000000
60,data/imagenet.npz,128,100,cuda,cuda,1,1,0.001268,0.019087,0.000000
61,data/imagenet.npz,128,100,cuda,cuda,1,1,0.001254,0.022746,0.000000
62,data/imagenet.npz,128,100,cuda,cuda,1,1,0.001258,0.028792,0.000000
63,data/imagenet.npz,128,100,cuda,cuda,1,1,0.001435,0.126989,0.000000
64,data/imagenet.npz,128,100,cuda,cuda,1,1,0.001446,0.029905,0.000000
65,data/imagenet.npz,128,100,cuda,cuda,1,1,0.001252,0.030019,0.000000
66,data/imagenet.npz,128,100,cuda,cuda,1,1,0.001264,0.029879,0.000000
67,data/imagenet.npz,128,100,cuda,cuda,1,1,0.001413,0.033652,0.000000
68,data/imagenet.npz,128,100,cuda,cuda,1,1,0.001280,0.031050,0.000000
69,data/imagenet.npz,128,100,cuda,cuda,1,1,0.001262,0.027488,0.000000
70,data/imagenet.npz,128,100,cuda,cuda,1,1,0.001335,0.033026,0.000000
71,data/imagenet.npz,128,100,cuda,cuda,1,1,0.001339,0.032764,0.000000
72,data/imagenet.npz,128,100,cuda,cuda,1,1,0.001249,0.032771,0.000000
73,data/imagenet.npz,128,100,cuda,cuda,1,1,0.001333,0.032300,0.000000
74,data/imagenet.npz,128,100,cuda,cuda,1,1,0.001344,0.033312,0.000000
75,data/imagenet.npz,128,100,cuda,cuda,1,1,0.001254,0.067667,0.000000
76,data/imagenet.npz,128,100,cuda,cuda,1,1,0.001455,0.061425,0.000000
77,data/imagenet.npz,128,100,cuda,cuda,1,1,0.001242,0.033960,0.000000
78,data/imagenet.npz,128,100,cuda,cuda,1,1,0.001419,0.028518,0.000000
79,data/imagenet.npz,128,100,cuda,cuda,1,1,0.001286,0.027919,0.000000
80,data/imagenet.npz,128,100,cuda,cuda,1,1,0.001259,0.033256,0.000000
81,data/imagenet.npz,128,100,cuda,cuda,1,1,0.001329,0.049947,0.000000
82,data/imagenet.npz,128,100,cuda,cuda,1,1,0.001325,0.033938,0.000000
83,data/imagenet.npz,128,100,cuda,cuda,1,1,0.001234,0.033962,0.000000
84,data/imagenet.npz,128,100,cuda,cuda,1,1,0.001407,0.032983,0.000000
85,data/imagenet.npz,128,100,cuda,cuda,1,1,0.001277,0.026923,0.000000
86,data/imagenet.npz,128,100,cuda,cuda,1,1,0.001260,0.036631,0.000000
87,data/imagenet.npz,128,100,cuda,cuda,1,1,0.001423,0.048550,0.000000
88,data/imagenet.npz,128,100,cuda,cuda,1,1,0.001298,0.040610,0.000000
89,data/imagenet.npz,128,100,cuda,cuda,1,1,0.001238,0.033162,0.000000
90,data/imagenet.npz,128,100,cuda,cuda,1,1,0.001386,0.026930,0.000000
91,data/imagenet.npz,128,100,cuda,cuda,1,1,0.001246,0.020825,0.000000
92,data/imagenet.npz,128,100,cuda,cuda,1,1,0.001260,0.027434,0.000000
93,data/imagenet.npz,128,100,cuda,cuda,1,1,0.001253,0.025088,0.000000
94,data/imagenet.npz,128,100,cuda,cuda,1,1,0.001451,0.033418,0.000000
95,data/imagenet.npz,128,100,cuda,cuda,1,1,0.001259,0.027238,0.000000
96,data/imagenet.npz,128,100,cuda,cuda,1,1,0.001248,0.026789,0.000000
97,data/imagenet.npz,128,100,cuda,cuda,1,1,0.001331,0.026821,0.000000
98,data/imagenet.npz,128,100,cuda,cuda,1,1,0.001346,0.017604,0.000000
99,data/imagenet.npz,128,100,cuda,cuda,1,1,0.001248,0.001565,0.000000
100,data/imagenet.npz,128,100,cuda,cuda,1,1,0.001254,0.027209,0.000000
101,data/imagenet.npz,128,100,cuda,cuda,1,1,0.001250,0.130137,0.000000
102,data/imagenet.npz,128,100,cuda,cuda,1,1,0.001381,0.034435,0.000000
103,data/imagenet.npz,128,100,cuda,cuda,1,1,0.001331,0.034793,0.000000
104,data/imagenet.npz,128,100,cuda,cuda,1,1,0.001252,0.027538,0.000000
105,data/imagenet.npz,128,100,cuda,cuda,1,1,0.001241,0.033710,0.000000
106,data/imagenet.npz,128,100,cuda,cuda,1,1,0.001440,0.027217,0.000000
107,data/imagenet.npz,128,100,cuda,cuda,1,1,0.001265,0.053666,0.000000
108,data/imagenet.npz,128,100,cuda,cuda,1,1,0.001245,0.030801,0.000000
109,data/imagenet.npz,128,100,cuda,cuda,1,1,0.001401,0.019930,0.000000
110,data/imagenet.npz,128,100,cuda,cuda,1,1,0.001253,0.028305,0.000000
111,data/imagenet.npz,128,100,cuda,cuda,1,1,0.001299,0.226012,0.000000
112,data/imagenet.npz,128,100,cuda,cuda,1,1,0.001443,0.034331,0.000000
113,data/imagenet.npz,128,100,cuda,cuda,1,1,0.001452,0.027993,0.000000
114,data/imagenet.npz,128,100,cuda,cuda,1,1,0.001255,0.027190,0.000000
115,data/imagenet.npz,128,100,cuda,cuda,1,1,0.001260,0.016366,0.000000
116,data/imagenet.npz,128,100,cuda,cuda,1,1,0.001247,0.029280,0.000000
117,data/imagenet.npz,128,100,cuda,cuda,1,1,0.001434,0.028582,0.000000
118,data/imagenet.npz,128,100,cuda,cuda,1,1,0.001265,0.033081,0.000000
119,data/imagenet.npz,128,100,cuda,cuda,1,1,0.001685,0.005521,0.000000
120,data/imagenet.npz,128,100,cuda,cuda,1,1,0.001246,0.139744,0.000000
121,data/imagenet.npz,128,100,cuda,cuda,1,1,0.001435,0.026206,0.000000
122,data/imagenet.npz,128,100,cuda,cuda,1,1,0.001283,0.027047,0.000000
123,data/imagenet.npz,128,100,cuda,cuda,1,1,0.001255,0.027341,0.000000
124,data/imagenet.npz,128,100,cuda,cuda,1,1,0.001242,0.033841,0.000000
125,data/imagenet.npz,128,100,cuda,cuda,1,1,0.001401,0.034154,0.000000
126,data/imagenet.npz,128,100,cuda,cuda,1,1,0.001263,0.016699,0.000000
127,data/imagenet.npz,128,100,cuda,cuda,1,1,0.001246,0.035756,0.000000
128,data/imagenet.npz,128,100,cuda,cuda,1,1,0.001425,0.024462,0.000000
129,data/imagenet.npz,128,100,cuda,cuda,1,1,0.001275,0.027503,0.000000
130,data/imagenet.npz,128,100,cuda,cuda,1,1,0.001251,0.033122,0.000000
131,data/imagenet.npz,128,100,cuda,cuda,1,1,0.001248,0.032930,0.000000
132,data/imagenet.npz,128,100,cuda,cuda,1,1,0.001377,0.139311,0.000000
133,data/imagenet.npz,128,100,cuda,cuda,1,1,0.001442,0.002179,0.000000
134,data/imagenet.npz,128,100,cuda,cuda,1,1,0.001242,0.028943,0.000000
135,data/imagenet.npz,128,100,cuda,cuda,1,1,0.001254,0.033053,0.000000
136,data/imagenet.npz,128,100,cuda,cuda,1,1,0.001429,0.027325,0.000000
137,data/imagenet.npz,128,100,cuda,cuda,1,1,0.001296,0.026725,0.000000
138,data/imagenet.npz,128,100,cuda,cuda,1,1,0.001247,0.033399,0.000000
139,data/imagenet.npz,128,100,cuda,cuda,1,1,0.001250,0.030654,0.000000
140,data/imagenet.npz,128,100,cuda,cuda,1,1,0.001405,0.026868,0.000000
141,data/imagenet.npz,128,100,cuda,cuda,1,1,0.001252,0.042933,0.000000
142,data/imagenet.npz,128,100,cuda,cuda,1,1,0.001257,0.187161,0.000000
143,data/imagenet.npz,128,100,cuda,cuda,1,1,0.001385,0.009716,0.000000
144,data/imagenet.npz,128,100,cuda,cuda,1,1,0.001236,0.031171,0.000000
145,data/imagenet.npz,128,100,cuda,cuda,1,1,0.001444,0.034072,0.000000
146,data/imagenet.npz,128,100,cuda,cuda,1,1,0.001270,0.040223,0.000000
147,data/imagenet.npz,128,100,cuda,cuda,1,1,0.001241,0.033936,0.000000
148,data/imagenet.npz,128,100,cuda,cuda,1,1,0.001388,0.017123,0.000000
149,data/imagenet.npz,128,100,cuda,cuda,1,1,0.001253,0.008541,0.000000
150,data/imagenet.npz,128,100,cuda,cuda,1,1,0.001251,0.021527,0.000000
151,data/imagenet.npz,128,100,cuda,cuda,1,1,0.001245,0.008354,0.000000
152,data/imagenet.npz,128,100,cuda,cuda,1,1,0.001252,0.011018,0.000000
153,data/imagenet.npz,128,100,cuda,cuda,1,1,0.001248,0.033122,0.000000
154,data/imagenet.npz,128,100,cuda,cuda,1,1,0.001427,0.026935,0.000000
155,data/imagenet.npz,128,100,cuda,cuda,1,1,0.001280,0.027175,0.000000
156,data/imagenet.npz,128,100,cuda,cuda,1,1,0.001245,0.025725,0.000000
157,data/imagenet.npz,128,100,cuda,cuda,1,1,0.001265,0.045066,0.000000
158,data/imagenet.npz,128,100,cuda,cuda,1,1,0.001443,0.027248,0.000000
159,data/imagenet.npz,128,100,cuda,cuda,1,1,0.001263,0.034305,0.000000
160,data/imagenet.npz,128,100,cuda,cuda,1,1,0.001258,0.139689,0.000000
161,data/imagenet.npz,128,100,cuda,cuda,1,1,0.001380,0.027864,0.000000
162,data/imagenet.npz,128,100,cuda,cuda,1,1,0.001327,0.035073,0.000000
163,data/imagenet.npz,128,100,cuda,cuda,1,1,0.001261,0.027676,0.000000
164,data/imagenet.npz,128,100,cuda,cuda,1,1,0.001252,0.032752,0.000000
165,data/imagenet.npz,128,100,cuda,cuda,1,1,0.001432,0.027916,0.000000
166,data/imagenet.npz,128,100,cuda,cuda,1,1,0.001280,0.028507,0.000000
167,data/imagenet.npz,128,100,cuda,cuda,1,1,0.001258,0.028951,0.000000
168,data/imagenet.npz,128,100,cuda,cuda,1,1,0.001257,0.027291,0.000000
169,data/imagenet.npz,128,100,cuda,cuda,1,1,0.001319,0.056143,0.000000
170,data/imagenet.npz,128,100,cuda,cuda,1,1,0.001324,0.031909,0.000000
171,data/imagenet.npz,128,100,cuda,cuda,1,1,0.001246,0.046789,0.000000
172,data/imagenet.npz,128,100,cuda,cuda,1,1,0.001392,0.033415,0.000000
173,data/imagenet.npz,128,100,cuda,cuda,1,1,0.001249,0.027534,0.000000
174,data/imagenet.npz,128,100,cuda,cuda,1,1,0.001240,0.021466,0.000000
175,data/imagenet.npz,128,100,cuda,cuda,1,1,0.001327,0.032626,0.000000
176,data/imagenet.npz,128,100,cuda,cuda,1,1,0.001336,0.027342,0.000000
177,data/imagenet.npz,128,100,cuda,cuda,1,1,0.001235,0.032839,0.000000
178,data/imagenet.npz,128,100,cuda,cuda,1,1,0.001241,0.030551,0.000000
179,data/imagenet.npz,128,100,cuda,cuda,1,1,0.001417,0.034285,0.000000
180,data/imagenet.npz,128,100,cuda,cuda,1,1,0.001274,0.074307,0.000000
181,data/imagenet.npz,128,100,cuda,cuda,1,1,0.001419,0.037331,0.000000
182,data/imagenet.npz,128,100,cuda,cuda,1,1,0.001264,0.029342,0.000000
183,data/imagenet.npz,128,100,cuda,cuda,1,1,0.001238,0.029400,0.000000
184,data/imagenet.npz,128,100,cuda,cuda,1,1,0.001236,0.028374,0.000000
185,data/imagenet.npz,128,100,cuda,cuda,1,1,0.001378,0.027175,0.000000
186,data/imagenet.npz,128,100,cuda,cuda,1,1,0.001241,0.028683,0.000000
187,data/imagenet.npz,128,100,cuda,cuda,1,1,0.001241,0.033835,0.000000
188,data/imagenet.npz,128,100,cuda,cuda,1,1,0.001418,0.033478,0.000000
189,data/imagenet.npz,128,100,cuda,cuda,1,1,0.001288,0.160119,0.000000
190,data/imagenet.npz,128,100,cuda,cuda,1,1,0.001368,0.028295,0.000000
191,data/imagenet.npz,128,100,cuda,cuda,1,1,0.001700,0.339331,0.000000
192,data/imagenet.npz,128,100,cuda,cuda,1,1,0.001435,0.106173,0.000000
193,data/imagenet.npz,128,100,cuda,cuda,1,1,0.001384,0.034174,0.000000
194,data/imagenet.npz,128,100,cuda,cuda,1,1,0.001243,0.037742,0.000000
195,data/imagenet.npz,128,100,cuda,cuda,1,1,0.001370,0.007885,0.000000
196,data/imagenet.npz,128,100,cuda,cuda,1,1,0.001240,0.034106,0.000000
197,data/imagenet.npz,128,100,cuda,cuda,1,1,0.001240,0.022776,0.000000
198,data/imagenet.npz,128,100,cuda,cuda,1,1,0.001242,0.036172,0.000000
199,data/imagenet.npz,128,100,cuda,cuda,1,1,0.001384,0.009327,0.000000
200,data/imagenet.npz,128,100,cuda,cuda,1,1,0.001258,0.027983,0.000000
201,data/imagenet.npz,128,100,cuda,cuda,1,1,0.001245,0.031876,0.000000
202,data/imagenet.npz,128,100,cuda,cuda,1,1,0.001240,0.034365,0.000000
203,data/imagenet.npz,128,100,cuda,cuda,1,1,0.001434,0.002969,0.000000
204,data/imagenet.npz,128,100,cuda,cuda,1,1,0.001237,0.026771,0.000000
205,data/imagenet.npz,128,100,cuda,cuda,1,1,0.001255,0.033648,0.000000
206,data/imagenet.npz,128,100,cuda,cuda,1,1,0.001240,0.047581,0.000000
207,data/imagenet.npz,128,100,cuda,cuda,1,1,0.001429,0.096433,0.000000
208,data/imagenet.npz,128,100,cuda,cuda,1,1,0.001437,0.034182,0.000000
209,data/imagenet.npz,128,100,cuda,cuda,1,1,0.001257,0.027439,0.000000
210,data/imagenet.npz,128,100,cuda,cuda,1,1,0.001241,0.004664,0.000000
211,data/imagenet.npz,128,100,cuda,cuda,1,1,0.001244,0.030546,0.000000
212,data/imagenet.npz,128,100,cuda,cuda,1,1,0.001423,0.034336,0.000000
213,data/imagenet.npz,128,100,cuda,cuda,1,1,0.001251,0.026267,0.000000
214,data/imagenet.npz,128,100,cuda,cuda,1,1,0.001240,0.028714,0.000000
215,data/imagenet.npz,128,100,cuda,cuda,1,1,0.001325,0.034306,0.000000
216,data/imagenet.npz,128,100,cuda,cuda,1,1,0.001322,0.026618,0.000000
217,data/imagenet.npz,128,100,cuda,cuda,1,1,0.001260,0.002803,0.000000
218,data/imagenet.npz,128,100,cuda,cuda,1,1,0.001244,0.035833,0.000000
219,data/imagenet.npz,128,100,cuda,cuda,1,1,0.001236,0.032733,0.000000
220,data/imagenet.npz,128,100,cuda,cuda,1,1,0.001384,0.032861,0.000000
221,data/imagenet.npz,128,100,cuda,cuda,1,1,0.001250,0.027842,0.000000
222,data/imagenet.npz,128,100,cuda,cuda,1,1,0.001240,0.033215,0.000000
223,data/imagenet.npz,128,100,cuda,cuda,1,1,0.001415,0.118817,0.000000
224,data/imagenet.npz,128,100,cuda,cuda,1,1,0.001444,0.041160,0.000000
225,data/imagenet.npz,128,100,cuda,cuda,1,1,0.001253,0.024297,0.000000
226,data/imagenet.npz,128,100,cuda,cuda,1,1,0.001249,0.034107,0.000000
227,data/imagenet.npz,128,100,cuda,cuda,1,1,0.001385,0.028545,0.000000
228,data/imagenet.npz,128,100,cuda,cuda,1,1,0.001246,0.027831,0.000000
229,data/imagenet.npz,128,100,cuda,cuda,1,1,0.001242,0.026971,0.000000
230,data/imagenet.npz,128,100,cuda,cuda,1,1,0.001412,0.034422,0.000000
231,data/imagenet.npz,128,100,cuda,cuda,1,1,0.001281,0.052188,0.000000
232,data/imagenet.npz,128,100,cuda,cuda,1,1,0.001251,0.026320,0.000000
233,data/imagenet.npz,128,100,cuda,cuda,1,1,0.001382,0.034350,0.000000
234,data/imagenet.npz,128,100,cuda,cuda,1,1,0.001284,0.028248,0.000000
235,data/imagenet.npz,128,100,cuda,cuda,1,1,0.001249,0.033418,0.000000
236,data/imagenet.npz,128,100,cuda,cuda,1,1,0.001312,0.023208,0.000000
237,data/imagenet.npz,128,100,cuda,cuda,1,1,0.001328,0.033485,0.000000
238,data/imagenet.npz,128,100,cuda,cuda,1,1,0.001245,0.004216,0.000000
239,data/imagenet.npz,128,100,cuda,cuda,1,1,0.001235,0.027905,0.000000
240,data/imagenet.npz,128,100,cuda,cuda,1,1,0.001244,0.034278,0.000000
241,data/imagenet.npz,128,100,cuda,cuda,1,1,0.001383,0.034677,0.000000
242,data/imagenet.npz,128,100,cuda,cuda,1,1,0.001244,0.035344,0.000000
243,data/imagenet.npz,128,100,cuda,cuda,1,1,0.001252,0.090650,0.000000
244,data/imagenet.npz,128,100,cuda,cuda,1,1,0.001384,0.033460,0.000000
245,data/imagenet.npz,128,100,cuda,cuda,1,1,0.001403,0.029942,0.000000
246,data/imagenet.npz,128,100,cuda,cuda,1,1,0.001288,0.033543,0.000000
247,data/imagenet.npz,128,100,cuda,cuda,1,1,0.001250,0.023498,0.000000
248,data/imagenet.npz,128,100,cuda,cuda,1,1,0.001348,0.103748,0.000000
249,data/imagenet.npz,128,100,cuda,cuda,1,1,0.001401,0.138908,0.000000
250,data/imagenet.npz,128,100,cuda,cuda,1,1,0.001544,0.287741,0.000000
251,data/imagenet.npz,128,100,cuda,cuda,1,1,0.001454,0.033425,0.000000
252,data/imagenet.npz,128,100,cuda,cuda,1,1,0.001286,0.025502,0.000000
253,data/imagenet.npz,128,100,cuda,cuda,1,1,0.001253,0.014470,0.000000
254,data/imagenet.npz,128,100,cuda,cuda,1,1,0.001254,0.032916,0.000000
255,data/imagenet.npz,128,100,cuda,cuda,1,1,0.001432,0.138582,0.000000
256,data/imagenet.npz,128,100,cuda,cuda,1,1,0.001530,0.054286,0.000000
257,data/imagenet.npz,128,100,cuda,cuda,1,1,0.001335,0.030731,0.000000
258,data/imagenet.npz,128,100,cuda,cuda,1,1,0.001344,0.027045,0.000000
259,data/imagenet.npz,128,100,cuda,cuda,1,1,0.001263,0.053703,0.000000
260,data/imagenet.npz,128,100,cuda,cuda,1,1,0.001419,0.027547,0.000000
261,data/imagenet.npz,128,100,cuda,cuda,1,1,0.001280,0.006272,0.000000
262,data/imagenet.npz,128,100,cuda,cuda,1,1,0.001241,0.027702,0.000000
263,data/imagenet.npz,128,100,cuda,cuda,1,1,0.001239,0.014953,0.000000
264,data/imagenet.npz,128,100,cuda,cuda,1,1,0.001277,0.027640,0.000000
265,data/imagenet.npz,128,100,cuda,cuda,1,1,0.001403,0.032777,0.000000
266,data/imagenet.npz,128,100,cuda,cuda,1,1,0.001270,0.009197,0.000000
267,data/imagenet.npz,128,100,cuda,cuda,1,1,0.001260,0.033063,0.000000
268,data/imagenet.npz,128,100,cuda,cuda,1,1,0.001258,0.018537,0.000000
269,data/imagenet.npz,128,100,cuda,cuda,1,1,0.001302,0.027610,0.000000
270,data/imagenet.npz,128,100,cuda,cuda,1,1,0.001329,0.010060,0.000000
271,data/imagenet.npz,128,100,cuda,cuda,1,1,0.001249,0.027240,0.000000
272,data/imagenet.npz,128,100,cuda,cuda,1,1,0.001241,0.027286,0.000000
273,data/imagenet.npz,128,100,cuda,cuda,1,1,0.001265,0.033060,0.000000
274,data/imagenet.npz,128,100,cuda,cuda,1,1,0.001434,0.022458,0.000000
275,data/imagenet.npz,128,100,cuda,cuda,1,1,0.001254,0.038225,0.000000
276,data/imagenet.npz,128,100,cuda,cuda,1,1,0.001241,0.033628,0.000000
277,data/imagenet.npz,128,100,cuda,cuda,1,1,0.001434,0.045274,0.000000
278,data/imagenet.npz,128,100,cuda,cuda,1,1,0.001272,0.139385,0.000000
279,data/imagenet.npz,128,100,cuda,cuda,1,1,0.001388,0.049943,0.000000
280,data/imagenet.npz,128,100,cuda,cuda,1,1,0.001393,0.026152,0.000000
281,data/imagenet.npz,128,100,cuda,cuda,1,1,0.001265,0.001989,0.000000
282,data/imagenet.npz,128,100,cuda,cuda,1,1,0.001243,0.104307,0.000000
283,data/imagenet.npz,128,100,cuda,cuda,1,1,0.001440,0.025770,0.000000
284,data/imagenet.npz,128,100,cuda,cuda,1,1,0.001243,0.034093,0.000000
285,data/imagenet.npz,128,100,cuda,cuda,1,1,0.001343,0.034681,0.000000
286,data/imagenet.npz,128,100,cuda,cuda,1,1,0.001330,0.033529,0.000000
287,data/imagenet.npz,128,100,cuda,cuda,1,1,0.001252,0.028232,0.000000
288,data/imagenet.npz,128,100,cuda,cuda,1,1,0.001243,0.047791,0.000000
289,data/imagenet.npz,128,100,cuda,cuda,1,1,0.001398,0.028551,0.000000
290,data/imagenet.npz,128,100,cuda,cuda,1,1,0.001288,0.031809,0.000000
291,data/imagenet.npz,128,100,cuda,cuda,1,1,0.001237,0.022503,0.000000
292,data/imagenet.npz,128,100,cuda,cuda,1,1,0.001321,0.036253,0.000000
293,data/imagenet.npz,128,100,cuda,cuda,1,1,0.001333,0.053393,0.000000
294,data/imagenet.npz,128,100,cuda,cuda,1,1,0.001251,0.002992,0.000000
295,data/imagenet.npz,128,100,cuda,cuda,1,1,0.001242,0.028166,0.000000
296,data/imagenet.npz,128,100,cuda,cuda,1,1,0.001332,0.027446,0.000000
297,data/imagenet.npz,128,100,cuda,cuda,1,1,0.001340,0.035753,0.000000
298,data/imagenet.npz,128,100,cuda,cuda,1,1,0.001248,0.081256,0.000000
299,data/imagenet.npz,128,100,cuda,cuda,1,1,0.001439,0.033541,0.000000
300,data/imagenet.npz,128,100,cuda,cuda,1,1,0.001247,0.002436,0.000000
301,data/imagenet.npz,128,100,cuda,cuda,1,1,0.001265,0.013363,0.000000
302,data/imagenet.npz,128,100,cuda,cuda,1,1,0.001253,0.003139,0.000000
303,data/imagenet.npz,128,100,cuda,cuda,1,1,0.001248,0.026999,0.000000
304,data/imagenet.npz,128,100,cuda,cuda,1,1,0.001338,0.033686,0.000000
305,data/imagenet.npz,128,100,cuda,cuda,1,1,0.001332,0.033747,0.000000
306,data/imagenet.npz,128,100,cuda,cuda,1,1,0.001266,0.016808,0.000000
307,data/imagenet.npz,128,100,cuda,cuda,1,1,0.001252,0.016954,0.000000
308,data/imagenet.npz,128,100,cuda,cuda,1,1,0.001255,0.034572,0.000000
309,data/imagenet.npz,128,100,cuda,cuda,1,1,0.001409,0.116559,0.000000
310,data/imagenet.npz,128,100,cuda,cuda,1,1,0.001446,0.034075,0.000000
311,data/imagenet.npz,128,100,cuda,cuda,1,1,0.001237,0.026047,0.000000
312,data/imagenet.npz,128,100,cuda,cuda,1,1,0.001234,0.030344,0.000000
313,data/imagenet.npz,128,100,cuda,cuda,1,1,0.001442,0.012044,0.000000
314,data/imagenet.npz,128,100,cuda,cuda,1,1,0.001264,0.049882,0.000000
315,data/imagenet.npz,128,100,cuda,cuda,1,1,0.001256,0.032596,0.000000
316,data/imagenet.npz,128,100,cuda,cuda,1,1,0.001421,0.033098,0.000000
317,data/imagenet.npz,128,100,cuda,cuda,1,1,0.001274,0.032880,0.000000
318,data/imagenet.npz,128,100,cuda,cuda,1,1,0.001245,0.074561,0.000000
319,data/imagenet.npz,128,100,cuda,cuda,1,1,0.001404,0.179276,0.000000
320,data/imagenet.npz,128,100,cuda,cuda,1,1,0.001438,0.033900,0.000000
321,data/imagenet.npz,128,100,cuda,cuda,1,1,0.001261,0.051165,0.000000
322,data/imagenet.npz,128,100,cuda,cuda,1,1,0.001321,0.027700,0.000000
323,data/imagenet.npz,128,100,cuda,cuda,1,1,0.001324,0.027350,0.000000
324,data/imagenet.npz,128,100,cuda,cuda,1,1,0.001240,0.020690,0.000000
325,data/imagenet.npz,128,100,cuda,cuda,1,1,0.001269,0.047006,0.000000
326,data/imagenet.npz,128,100,cuda,cuda,1,1,0.001449,0.028080,0.000000
327,data/imagenet.npz,128,100,cuda,cuda,1,1,0.001264,0.014153,0.000000
328,data/imagenet.npz,128,100,cuda,cuda,1,1,0.001244,0.015414,0.000000
329,data/imagenet.npz,128,100,cuda,cuda,1,1,0.001257,0.016589,0.000000
330,data/imagenet.npz,128,100,cuda,cuda,1,1,0.001242,0.027336,0.000000
331,data/imagenet.npz,128,100,cuda,cuda,1,1,0.001388,0.017068,0.000000
332,data/imagenet.npz,128,100,cuda,cuda,1,1,0.001256,0.034177,0.000000
333,data/imagenet.npz,128,100,cuda,cuda,1,1,0.001244,0.034012,0.000000
334,data/imagenet.npz,128,100,cuda,cuda,1,1,0.001338,0.033891,0.000000
335,data/imagenet.npz,128,100,cuda,cuda,1,1,0.001323,0.028617,0.000000
336,data/imagenet.npz,128,100,cuda,cuda,1,1,0.001266,0.021983,0.000000
337,data/imagenet.npz,128,100,cuda,cuda,1,1,0.001273,0.026402,0.000000
338,data/imagenet.npz,128,100,cuda,cuda,1,1,0.001408,0.027122,0.000000
339,data/imagenet.npz,128,100,cuda,cuda,1,1,0.001275,0.033172,0.000000
340,data/imagenet.npz,128,100,cuda,cuda,1,1,0.001276,0.028958,0.000000
341,data/imagenet.npz,128,100,cuda,cuda,1,1,0.001348,0.040782,0.000000
342,data/imagenet.npz,128,100,cuda,cuda,1,1,0.001339,0.105320,0.000000
343,data/imagenet.npz,128,100,cuda,cuda,1,1,0.001434,0.033578,0.000000
344,data/imagenet.npz,128,100,cuda,cuda,1,1,0.001259,0.002319,0.000000
345,data/imagenet.npz,128,100,cuda,cuda,1,1,0.001250,0.026910,0.000000
346,data/imagenet.npz,128,100,cuda,cuda,1,1,0.001244,0.033149,0.000000
347,data/imagenet.npz,128,100,cuda,cuda,1,1,0.001390,0.002243,0.000000
348,data/imagenet.npz,128,100,cuda,cuda,1,1,0.001313,0.238977,0.000000
349,data/imagenet.npz,128,100,cuda,cuda,1,1,0.001460,0.010518,0.000000
350,data/imagenet.npz,128,100,cuda,cuda,1,1,0.001251,0.005117,0.000000
351,data/imagenet.npz,128,100,cuda,cuda,1,1,0.001250,0.027850,0.000000
352,data/imagenet.npz,128,100,cuda,cuda,1,1,0.001336,0.033407,0.000000
353,data/imagenet.npz,128,100,cuda,cuda,1,1,0.001360,0.046149,0.000000
354,data/imagenet.npz,128,100,cuda,cuda,1,1,0.001253,0.033383,0.000000
355,data/imagenet.npz,128,100,cuda,cuda,1,1,0.001444,0.001380,0.000000
356,data/imagenet.npz,128,100,cuda,cuda,1,1,0.001255,0.027512,0.000000
357,data/imagenet.npz,128,100,cuda,cuda,1,1,0.001271,0.034209,0.000000
358,data/imagenet.npz,128,100,cuda,cuda,1,1,0.001248,0.033229,0.000000
359,data/imagenet.npz,128,100,cuda,cuda,1,1,0.001438,0.007994,0.000000
360,data/imagenet.npz,128,100,cuda,cuda,1,1,0.001271,0.034209,0.000000
361,data/imagenet.npz,128,100,cuda,cuda,1,1,0.001260,0.034041,0.000000
362,data/imagenet.npz,128,100,cuda,cuda,1,1,0.001257,0.035063,0.000000
363,data/imagenet.npz,128,100,cuda,cuda,1,1,0.001428,0.034140,0.000000
364,data/imagenet.npz,128,100,cuda,cuda,1,1,0.001283,0.088416,0.000000
365,data/imagenet.npz,128,100,cuda,cuda,1,1,0.001457,0.022241,0.000000
366,data/imagenet.npz,128,100,cuda,cuda,1,1,0.001238,0.033086,0.000000
367,data/imagenet.npz,128,100,cuda,cuda,1,1,0.001254,0.118864,0.000000
368,data/imagenet.npz,128,100,cuda,cuda,1,1,0.001400,0.033452,0.000000
369,data/imagenet.npz,128,100,cuda,cuda,1,1,0.001326,0.033317,0.000000
370,data/imagenet.npz,128,100,cuda,cuda,1,1,0.001248,0.139508,0.000000
371,data/imagenet.npz,128,100,cuda,cuda,1,1,0.001384,0.033760,0.000000
372,data/imagenet.npz,128,100,cuda,cuda,1,1,0.001336,0.000696,0.000000
373,data/imagenet.npz,128,100,cuda,cuda,1,1,0.001245,0.027752,0.000000
374,data/imagenet.npz,128,100,cuda,cuda,1,1,0.001244,0.025271,0.000000
375,data/imagenet.npz,128,100,cuda,cuda,1,1,0.003005,0.794776,0.000000
376,data/imagenet.npz,128,100,cuda,cuda,1,1,0.001443,0.050202,0.000000
377,data/imagenet.npz,128,100,cuda,cuda,1,1,0.001420,0.035297,0.000000
378,data/imagenet.npz,128,100,cuda,cuda,1,1,0.001695,0.035419,0.000000
379,data/imagenet.npz,128,100,cuda,cuda,1,1,0.001247,0.032497,0.000000
380,data/imagenet.npz,128,100,cuda,cuda,1,1,0.001328,0.028270,0.000000
381,data/imagenet.npz,128,100,cuda,cuda,1,1,0.001336,0.045643,0.000000
382,data/imagenet.npz,128,100,cuda,cuda,1,1,0.001253,0.033531,0.000000
383,data/imagenet.npz,128,100,cuda,cuda,1,1,0.001769,0.002980,0.000000
384,data/imagenet.npz,128,100,cuda,cuda,1,1,0.001234,0.035643,0.000000
385,data/imagenet.npz,128,100,cuda,cuda,1,1,0.001317,0.040156,0.000000
386,data/imagenet.npz,128,100,cuda,cuda,1,1,0.001242,0.028283,0.000000
387,data/imagenet.npz,128,100,cuda,cuda,1,1,0.001418,0.034517,0.000000
388,data/imagenet.npz,128,100,cuda,cuda,1,1,0.001278,0.000589,0.000000
389,data/imagenet.npz,128,100,cuda,cuda,1,1,0.001254,0.033839,0.000000
390,data/imagenet.npz,128,100,cuda,cuda,1,1,0.001250,0.028149,0.000000
391,data/imagenet.npz,128,100,cuda,cuda,1,1,0.001328,0.028083,0.000000
392,data/imagenet.npz,128,100,cuda,cuda,1,1,0.001328,0.036558,0.000000
393,data/imagenet.npz,128,100,cuda,cuda,1,1,0.001268,0.004687,0.000000
394,data/imagenet.npz,128,100,cuda,cuda,1,1,0.001249,0.020943,0.000000
395,data/imagenet.npz,128,100,cuda,cuda,1,1,0.001257,0.053273,0.000000
396,data/imagenet.npz,128,100,cuda,cuda,1,1,0.001381,0.032954,0.000000
397,data/imagenet.npz,128,100,cuda,cuda,1,1,0.001268,0.042862,0.000000
398,data/imagenet.npz,128,100,cuda,cuda,1,1,0.001422,0.034265,0.000000
399,data/imagenet.npz,128,100,cuda,cuda,1,1,0.001290,0.028367,0.000000
400,data/imagenet.npz,128,100,cuda,cuda,1,1,0.001243,0.027346,0.000000
401,data/imagenet.npz,128,100,cuda,cuda,1,1,0.001251,0.027067,0.000000
402,data/imagenet.npz,128,100,cuda,cuda,1,1,0.001369,0.012068,0.000000
403,data/imagenet.npz,128,100,cuda,cuda,1,1,0.001252,0.028263,0.000000
404,data/imagenet.npz,128,100,cuda,cuda,1,1,0.001254,0.057594,0.000000
405,data/imagenet.npz,128,100,cuda,cuda,1,1,0.001443,0.002802,0.000000
406,data/imagenet.npz,128,100,cuda,cuda,1,1,0.001241,0.028169,0.000000
407,data/imagenet.npz,128,100,cuda,cuda,1,1,0.001262,0.033348,0.000000
408,data/imagenet.npz,128,100,cuda,cuda,1,1,0.001239,0.025260,0.000000
409,data/imagenet.npz,128,100,cuda,cuda,1,1,0.001325,0.027435,0.000000
410,data/imagenet.npz,128,100,cuda,cuda,1,1,0.001326,0.027887,0.000000
411,data/imagenet.npz,128,100,cuda,cuda,1,1,0.001252,0.032551,0.000000
412,data/imagenet.npz,128,100,cuda,cuda,1,1,0.001267,0.036455,0.000000
413,data/imagenet.npz,128,100,cuda,cuda,1,1,0.001415,0.027408,0.000000
414,data/imagenet.npz,128,100,cuda,cuda,1,1,0.001273,0.003231,0.000000
415,data/imagenet.npz,128,100,cuda,cuda,1,1,0.001253,0.027451,0.000000
416,data/imagenet.npz,128,100,cuda,cuda,1,1,0.001251,0.112902,0.000000
417,data/imagenet.npz,128,100,cuda,cuda,1,1,0.001407,0.004350,0.000000
418,data/imagenet.npz,128,100,cuda,cuda,1,1,0.001249,0.034073,0.000000
419,data/imagenet.npz,128,100,cuda,cuda,1,1,0.001316,0.032976,0.000000
420,data/imagenet.npz,128,100,cuda,cuda,1,1,0.001325,0.032970,0.000000
421,data/imagenet.npz,128,100,cuda,cuda,1,1,0.001250,0.053557,0.000000
422,data/imagenet.npz,128,100,cuda,cuda,1,1,0.001430,0.028281,0.000000
423,data/imagenet.npz,128,100,cuda,cuda,1,1,0.001277,0.119209,0.000000
424,data/imagenet.npz,128,100,cuda,cuda,1,1,0.001457,0.033522,0.000000
425,data/imagenet.npz,128,100,cuda,cuda,1,1,0.001274,0.016417,0.000000
426,data/imagenet.npz,128,100,cuda,cuda,1,1,0.001245,0.033873,0.000000
427,data/imagenet.npz,128,100,cuda,cuda,1,1,0.001441,0.000601,0.000000
428,data/imagenet.npz,128,100,cuda,cuda,1,1,0.001235,0.034108,0.000000
429,data/imagenet.npz,128,100,cuda,cuda,1,1,0.001252,0.027942,0.000000
430,data/imagenet.npz,128,100,cuda,cuda,1,1,0.001243,0.073538,0.000000
431,data/imagenet.npz,128,100,cuda,cuda,1,1,0.001446,0.034361,0.000000
432,data/imagenet.npz,128,100,cuda,cuda,1,1,0.001244,0.029257,0.000000
433,data/imagenet.npz,128,100,cuda,cuda,1,1,0.001247,0.028861,0.000000
434,data/imagenet.npz,128,100,cuda,cuda,1,1,0.001409,0.033266,0.000000
435,data/imagenet.npz,128,100,cuda,cuda,1,1,0.001284,0.032847,0.000000
436,data/imagenet.npz,128,100,cuda,cuda,1,1,0.001261,0.023513,0.000000
437,data/imagenet.npz,128,100,cuda,cuda,1,1,0.001264,0.036181,0.000000
438,data/imagenet.npz,128,100,cuda,cuda,1,1,0.001395,0.033217,0.000000
439,data/imagenet.npz,128,100,cuda,cuda,1,1,0.001258,0.027213,0.000000
440,data/imagenet.npz,128,100,cuda,cuda,1,1,0.001239,0.002227,0.000000
441,data/imagenet.npz,128,100,cuda,cuda,1,1,0.001257,0.025397,0.000000
442,data/imagenet.npz,128,100,cuda,cuda,1,1,0.001327,0.034270,0.000000
443,data/imagenet.npz,128,100,cuda,cuda,1,1,0.001336,0.048880,0.000000
444,data/imagenet.npz,128,100,cuda,cuda,1,1,0.001252,0.026653,0.000000
445,data/imagenet.npz,128,100,cuda,cuda,1,1,0.001338,0.027547,0.000000
446,data/imagenet.npz,128,100,cuda,cuda,1,1,0.001342,0.061837,0.000000
447,data/imagenet.npz,128,100,cuda,cuda,1,1,0.001254,0.030358,0.000000
448,data/imagenet.npz,128,100,cuda,cuda,1,1,0.001411,0.026386,0.000000
449,data/imagenet.npz,128,100,cuda,cuda,1,1,0.001283,0.046707,0.000000
450,data/imagenet.npz,128,100,cuda,cuda,1,1,0.001254,0.033040,0.000000
451,data/imagenet.npz,128,100,cuda,cuda,1,1,0.001417,0.063209,0.000000
452,data/imagenet.npz,128,100,cuda,cuda,1,1,0.001271,0.049186,0.000000
453,data/imagenet.npz,128,100,cuda,cuda,1,1,0.001439,0.090000,0.000000
454,data/imagenet.npz,128,100,cuda,cuda,1,1,0.001424,0.028546,0.000000
455,data/imagenet.npz,128,100,cuda,cuda,1,1,0.001290,0.033567,0.000000
456,data/imagenet.npz,128,100,cuda,cuda,1,1,0.001253,0.028546,0.000000
457,data/imagenet.npz,128,100,cuda,cuda,1,1,0.001334,0.028234,0.000000
458,data/imagenet.npz,128,100,cuda,cuda,1,1,0.001346,0.028000,0.000000
459,data/imagenet.npz,128,100,cuda,cuda,1,1,0.001265,0.033868,0.000000
460,data/imagenet.npz,128,100,cuda,cuda,1,1,0.001259,0.036556,0.000000
461,data/imagenet.npz,128,100,cuda,cuda,1,1,0.001428,0.008353,0.000000
462,data/imagenet.npz,128,100,cuda,cuda,1,1,0.001248,0.037632,0.000000
463,data/imagenet.npz,128,100,cuda,cuda,1,1,0.001269,0.086215,0.000000
464,data/imagenet.npz,128,100,cuda,cuda,1,1,0.001437,0.031233,0.000000
465,data/imagenet.npz,128,100,cuda,cuda,1,1,0.001257,0.031330,0.000000
466,data/imagenet.npz,128,100,cuda,cuda,1,1,0.001246,0.032256,0.000000
467,data/imagenet.npz,128,100,cuda,cuda,1,1,0.001384,0.033416,0.000000
468,data/imagenet.npz,128,100,cuda,cuda,1,1,0.001264,0.003299,0.000000
469,data/imagenet.npz,128,100,cuda,cuda,1,1,0.001252,0.032487,0.000000
470,data/imagenet.npz,128,100,cuda,cuda,1,1,0.001254,0.032800,0.000000
471,data/imagenet.npz,128,100,cuda,cuda,1,1,0.001386,0.032828,0.000000
472,data/imagenet.npz,128,100,cuda,cuda,1,1,0.001257,0.038055,0.000000
473,data/imagenet.npz,128,100,cuda,cuda,1,1,0.001251,0.027621,0.000000
474,data/imagenet.npz,128,100,cuda,cuda,1,1,0.001385,0.023620,0.000000
475,data/imagenet.npz,128,100,cuda,cuda,1,1,0.001248,0.033699,0.000000
476,data/imagenet.npz,128,100,cuda,cuda,1,1,0.001257,0.000431,0.000000
477,data/imagenet.npz,128,100,cuda,cuda,1,1,0.001253,0.025803,0.000000
478,data/imagenet.npz,128,100,cuda,cuda,1,1,0.001331,0.028299,0.000000
479,data/imagenet.npz,128,100,cuda,cuda,1,1,0.001345,0.032682,0.000000
480,data/imagenet.npz,128,100,cuda,cuda,1,1,0.001252,0.043865,0.000000
481,data/imagenet.npz,128,100,cuda,cuda,1,1,0.001242,0.033026,0.000000
482,data/imagenet.npz,128,100,cuda,cuda,1,1,0.001375,0.029523,0.000000
483,data/imagenet.npz,128,100,cuda,cuda,1,1,0.001246,0.031462,0.000000
484,data/imagenet.npz,128,100,cuda,cuda,1,1,0.001255,0.009202,0.000000
485,data/imagenet.npz,128,100,cuda,cuda,1,1,0.001235,0.028642,0.000000
486,data/imagenet.npz,128,100,cuda,cuda,1,1,0.001391,0.105709,0.000000
487,data/imagenet.npz,128,100,cuda,cuda,1,1,0.002534,0.659477,0.000000
488,data/imagenet.npz,128,100,cuda,cuda,1,1,0.001460,0.030892,0.000000
489,data/imagenet.npz,128,100,cuda,cuda,1,1,0.001424,0.003600,0.000000
490,data/imagenet.npz,128,100,cuda,cuda,1,1,0.001253,0.033055,0.000000
491,data/imagenet.npz,128,100,cuda,cuda,1,1,0.001249,0.100942,0.000000
492,data/imagenet.npz,128,100,cuda,cuda,1,1,0.001442,0.046289,0.000000
493,data/imagenet.npz,128,100,cuda,cuda,1,1,0.001267,0.028708,0.000000
494,data/imagenet.npz,128,100,cuda,cuda,1,1,0.001395,0.036330,0.000000
495,data/imagenet.npz,128,100,cuda,cuda,1,1,0.001262,0.028812,0.000000
496,data/imagenet.npz,128,100,cuda,cuda,1,1,0.001242,0.030140,0.000000
497,data/imagenet.npz,128,100,cuda,cuda,1,1,0.001435,0.033931,0.000000
498,data/imagenet.npz,128,100,cuda,cuda,1,1,0.001249,0.032493,0.000000
499,data/imagenet.npz,128,100,cuda,cuda,1,1,0.001253,0.049650,0.000000
500,data/imagenet.npz,128,100,cuda,cuda,1,1,0.001444,0.032860,0.000000
501,data/imagenet.npz,128,100,cuda,cuda,1,1,0.001255,0.032956,0.000000
502,data/imagenet.npz,128,100,cuda,cuda,1,1,0.001238,0.031714,0.000000
503,data/imagenet.npz,128,100,cuda,cuda,1,1,0.001430,0.033278,0.000000
504,data/imagenet.npz,128,100,cuda,cuda,1,1,0.001279,0.015848,0.000000
505,data/imagenet.npz,128,100,cuda,cuda,1,1,0.001241,0.029170,0.000000
506,data/imagenet.npz,128,100,cuda,cuda,1,1,0.001267,0.195934,0.000000
507,data/imagenet.npz,128,100,cuda,cuda,1,1,0.001392,0.033867,0.000000
508,data/imagenet.npz,128,100,cuda,cuda,1,1,0.001425,0.032981,0.000000
509,data/imagenet.npz,128,100,cuda,cuda,1,1,0.001364,0.271716,0.000000
510,data/imagenet.npz,128,100,cuda,cuda,1,1,0.001468,0.050798,0.000000
511,data/imagenet.npz,128,100,cuda,cuda,1,1,0.001296,0.014289,0.000000
512,data/imagenet.npz,128,100,cuda,cuda,1,1,0.001232,0.026914,0.000000
513,data/imagenet.npz,128,100,cuda,cuda,1,1,0.001326,0.021379,0.000000
514,data/imagenet.npz,128,100,cuda,cuda,1,1,0.001325,0.053955,0.000000
515,data/imagenet.npz,128,100,cuda,cuda,1,1,0.001256,0.099458,0.000000
516,data/imagenet.npz,128,100,cuda,cuda,1,1,0.001818,0.004901,0.000000
517,data/imagenet.npz,128,100,cuda,cuda,1,1,0.001249,0.041180,0.000000
518,data/imagenet.npz,128,100,cuda,cuda,1,1,0.001324,0.027683,0.000000
519,data/imagenet.npz,128,100,cuda,cuda,1,1,0.001326,0.001403,0.000000
520,data/imagenet.npz,128,100,cuda,cuda,1,1,0.001260,0.045493,0.000000
521,data/imagenet.npz,128,100,cuda,cuda,1,1,0.001250,0.033725,0.000000
522,data/imagenet.npz,128,100,cuda,cuda,1,1,0.001410,0.027409,0.000000
523,data/imagenet.npz,128,100,cuda,cuda,1,1,0.001269,0.027326,0.000000
524,data/imagenet.npz,128,100,cuda,cuda,1,1,0.001265,0.117916,0.000000
525,data/imagenet.npz,128,100,cuda,cuda,1,1,0.001371,0.106559,0.000000
526,data/imagenet.npz,128,100,cuda,cuda,1,1,0.001375,0.032639,0.000000
527,data/imagenet.npz,128,100,cuda,cuda,1,1,0.001430,0.024251,0.000000
528,data/imagenet.npz,128,100,cuda,cuda,1,1,0.001255,0.032735,0.000000
529,data/imagenet.npz,128,100,cuda,cuda,1,1,0.001258,0.170660,0.000000
530,data/imagenet.npz,128,100,cuda,cuda,1,1,0.001437,0.033168,0.000000
531,data/imagenet.npz,128,100,cuda,cuda,1,1,0.001340,0.027218,0.000000
532,data/imagenet.npz,128,100,cuda,cuda,1,1,0.001254,0.030329,0.000000
533,data/imagenet.npz,128,100,cuda,cuda,1,1,0.001387,0.033418,0.000000
534,data/imagenet.npz,128,100,cuda,cuda,1,1,0.001239,0.034087,0.000000
535,data/imagenet.npz,128,100,cuda,cuda,1,1,0.001246,0.048331,0.000000
536,data/imagenet.npz,128,100,cuda,cuda,1,1,0.001373,0.032343,0.000000
537,data/imagenet.npz,128,100,cuda,cuda,1,1,0.001247,0.032783,0.000000
538,data/imagenet.npz,128,100,cuda,cuda,1,1,0.001260,0.033586,0.000000
539,data/imagenet.npz,128,100,cuda,cuda,1,1,0.001389,0.033745,0.000000
540,data/imagenet.npz,128,100,cuda,cuda,1,1,0.001236,0.028219,0.000000
541,data/imagenet.npz,128,100,cuda,cuda,1,1,0.001243,0.028008,0.000000
542,data/imagenet.npz,128,100,cuda,cuda,1,1,0.001420,0.030232,0.000000
543,data/imagenet.npz,128,100,cuda,cuda,1,1,0.001275,0.029334,0.000000
544,data/imagenet.npz,128,100,cuda,cuda,1,1,0.001257,0.054006,0.000000
545,data/imagenet.npz,128,100,cuda,cuda,1,1,0.001436,0.033698,0.000000
546,data/imagenet.npz,128,100,cuda,cuda,1,1,0.001249,0.027362,0.000000
547,data/imagenet.npz,128,100,cuda,cuda,1,1,0.001241,0.096039,0.000000
548,data/imagenet.npz,128,100,cuda,cuda,1,1,0.001380,0.026989,0.000000
549,data/imagenet.npz,128,100,cuda,cuda,1,1,0.001334,0.054373,0.000000
550,data/imagenet.npz,128,100,cuda,cuda,1,1,0.001309,0.028394,0.000000
551,data/imagenet.npz,128,100,cuda,cuda,1,1,0.001229,0.033352,0.000000
552,data/imagenet.npz,128,100,cuda,cuda,1,1,0.001418,0.032867,0.000000
553,data/imagenet.npz,128,100,cuda,cuda,1,1,0.001266,0.027189,0.000000
554,data/imagenet.npz,128,100,cuda,cuda,1,1,0.001244,0.073344,0.000000
555,data/imagenet.npz,128,100,cuda,cuda,1,1,0.001451,0.027030,0.000000
556,data/imagenet.npz,128,100,cuda,cuda,1,1,0.001238,0.074551,0.000000
557,data/imagenet.npz,128,100,cuda,cuda,1,1,0.001427,0.028484,0.000000
558,data/imagenet.npz,128,100,cuda,cuda,1,1,0.001255,0.026913,0.000000
559,data/imagenet.npz,128,100,cuda,cuda,1,1,0.001232,0.032954,0.000000
560,data/imagenet.npz,128,100,cuda,cuda,1,1,0.001238,0.047982,0.000000
561,data/imagenet.npz,128,100,cuda,cuda,1,1,0.001383,0.027155,0.000000
562,data/imagenet.npz,128,100,cuda,cuda,1,1,0.001239,0.033004,0.000000
563,data/imagenet.npz,128,100,cuda,cuda,1,1,0.001242,0.026929,0.000000
564,data/imagenet.npz,128,100,cuda,cuda,1,1,0.001428,0.036999,0.000000
565,data/imagenet.npz,128,100,cuda,cuda,1,1,0.001251,0.050076,0.000000
566,data/imagenet.npz,128,100,cuda,cuda,1,1,0.001252,0.027385,0.000000
567,data/imagenet.npz,128,100,cuda,cuda,1,1,0.001383,0.027195,0.000000
568,data/imagenet.npz,128,100,cuda,cuda,1,1,0.001253,0.027132,0.000000
569,data/imagenet.npz,128,100,cuda,cuda,1,1,0.001248,0.030464,0.000000
570,data/imagenet.npz,128,100,cuda,cuda,1,1,0.001240,0.016555,0.000000
571,data/imagenet.npz,128,100,cuda,cuda,1,1,0.001333,0.118151,0.000000
572,data/imagenet.npz,128,100,cuda,cuda,1,1,0.001427,0.003189,0.000000
573,data/imagenet.npz,128,100,cuda,cuda,1,1,0.001244,0.033042,0.000000
574,data/imagenet.npz,128,100,cuda,cuda,1,1,0.001271,0.003391,0.000000
575,data/imagenet.npz,128,100,cuda,cuda,1,1,0.001254,0.049607,0.000000
576,data/imagenet.npz,128,100,cuda,cuda,1,1,0.001241,0.005910,0.000000
577,data/imagenet.npz,128,100,cuda,cuda,1,1,0.001255,0.034968,0.000000
578,data/imagenet.npz,128,100,cuda,cuda,1,1,0.001377,0.036933,0.000000
579,data/imagenet.npz,128,100,cuda,cuda,1,1,0.001264,0.033295,0.000000
580,data/imagenet.npz,128,100,cuda,cuda,1,1,0.001243,0.008587,0.000000
581,data/imagenet.npz,128,100,cuda,cuda,1,1,0.001230,0.027277,0.000000
582,data/imagenet.npz,128,100,cuda,cuda,1,1,0.001380,0.064651,0.000000
583,data/imagenet.npz,128,100,cuda,cuda,1,1,0.001258,0.032473,0.000000
584,data/imagenet.npz,128,100,cuda,cuda,1,1,0.001336,0.003614,0.000000
585,data/imagenet.npz,128,100,cuda,cuda,1,1,0.001358,0.034265,0.000000
586,data/imagenet.npz,128,100,cuda,cuda,1,1,0.002357,0.631369,0.000000
587,data/imagenet.npz,128,100,cuda,cuda,1,1,0.001461,0.140698,0.000000
588,data/imagenet.npz,128,100,cuda,cuda,1,1,0.001381,0.072274,0.000000
589,data/imagenet.npz,128,100,cuda,cuda,1,1,0.001318,0.033422,0.000000
590,data/imagenet.npz,128,100,cuda,cuda,1,1,0.001323,0.027163,0.000000
591,data/imagenet.npz,128,100,cuda,cuda,1,1,0.001330,0.140488,0.000000
592,data/imagenet.npz,128,100,cuda,cuda,1,1,0.001413,0.037899,0.000000
593,data/imagenet.npz,128,100,cuda,cuda,1,1,0.001338,0.052137,0.000000
594,data/imagenet.npz,128,100,cuda,cuda,1,1,0.001319,0.032804,0.000000
595,data/imagenet.npz,128,100,cuda,cuda,1,1,0.001245,0.073622,0.000000
596,data/imagenet.npz,128,100,cuda,cuda,1,1,0.001376,0.027240,0.000000
597,data/imagenet.npz,128,100,cuda,cuda,1,1,0.001262,0.037881,0.000000
598,data/imagenet.npz,128,100,cuda,cuda,1,1,0.001427,0.024748,0.000000
599,data/imagenet.npz,128,100,cuda,cuda,1,1,0.001252,0.033832,0.000000
600,data/imagenet.npz,128,100,cuda,cuda,1,1,0.001256,0.027718,0.000000
601,data/imagenet.npz,128,100,cuda,cuda,1,1,0.001408,0.027455,0.000000
602,data/imagenet.npz,128,100,cuda,cuda,1,1,0.001276,0.033631,0.000000
603,data/imagenet.npz,128,100,cuda,cuda,1,1,0.001246,0.054248,0.000000
604,data/imagenet.npz,128,100,cuda,cuda,1,1,0.001409,0.033320,0.000000
605,data/imagenet.npz,128,100,cuda,cuda,1,1,0.001278,0.057555,0.000000
606,data/imagenet.npz,128,100,cuda,cuda,1,1,0.001318,0.032927,0.000000
607,data/imagenet.npz,128,100,cuda,cuda,1,1,0.001329,0.031427,0.000000
608,data/imagenet.npz,128,100,cuda,cuda,1,1,0.001251,0.035063,0.000000
609,data/imagenet.npz,128,100,cuda,cuda,1,1,0.001265,0.015571,0.000000
610,data/imagenet.npz,128,100,cuda,cuda,1,1,0.001404,0.028537,0.000000
611,data/imagenet.npz,128,100,cuda,cuda,1,1,0.001278,0.033921,0.000000
612,data/imagenet.npz,128,100,cuda,cuda,1,1,0.001241,0.033139,0.000000
613,data/imagenet.npz,128,100,cuda,cuda,1,1,0.001327,0.049172,0.000000
614,data/imagenet.npz,128,100,cuda,cuda,1,1,0.001323,0.033308,0.000000
615,data/imagenet.npz,128,100,cuda,cuda,1,1,0.001272,0.019771,0.000000
616,data/imagenet.npz,128,100,cuda,cuda,1,1,0.001330,0.033657,0.000000
617,data/imagenet.npz,128,100,cuda,cuda,1,1,0.001320,0.033709,0.000000
618,data/imagenet.npz,128,100,cuda,cuda,1,1,0.001247,0.007536,0.000000
619,data/imagenet.npz,128,100,cuda,cuda,1,1,0.001242,0.010660,0.000000
620,data/imagenet.npz,128,100,cuda,cuda,1,1,0.001232,0.028922,0.000000
621,data/imagenet.npz,128,100,cuda,cuda,1,1,0.001332,0.031089,0.000000
622,data/imagenet.npz,128,100,cuda,cuda,1,1,0.001327,0.031794,0.000000
623,data/imagenet.npz,128,100,cuda,cuda,1,1,0.001251,0.027233,0.000000
624,data/imagenet.npz,128,100,cuda,cuda,1,1,0.001240,0.027091,0.000000
625,data/imagenet.npz,128,100,cuda,cuda,1,1,0.001385,0.075199,0.000000
626,data/imagenet.npz,128,100,cuda,cuda,1,1,0.001261,0.032268,0.000000
627,data/imagenet.npz,128,100,cuda,cuda,1,1,0.001394,0.021126,0.000000
628,data/imagenet.npz,128,100,cuda,cuda,1,1,0.001245,0.008627,0.000000
629,data/imagenet.npz,128,100,cuda,cuda,1,1,0.001258,0.016418,0.000000
630,data/imagenet.npz,128,100,cuda,cuda,1,1,0.001232,0.028616,0.000000
631,data/imagenet.npz,128,100,cuda,cuda,1,1,0.001339,0.033204,0.000000
632,data/imagenet.npz,128,100,cuda,cuda,1,1,0.001323,0.027215,0.000000
633,data/imagenet.npz,128,100,cuda,cuda,1,1,0.001252,0.032776,0.000000
634,data/imagenet.npz,128,100,cuda,cuda,1,1,0.001239,0.060918,0.000000
635,data/imagenet.npz,128,100,cuda,cuda,1,1,0.001383,0.019478,0.000000
636,data/imagenet.npz,128,100,cuda,cuda,1,1,0.001232,0.024777,0.000000
637,data/imagenet.npz,128,100,cuda,cuda,1,1,0.001245,0.026864,0.000000
638,data/imagenet.npz,128,100,cuda,cuda,1,1,0.001427,0.033519,0.000000
639,data/imagenet.npz,128,100,cuda,cuda,1,1,0.001382,0.287024,0.000000
640,data/imagenet.npz,128,100,cuda,cuda,1,1,0.001450,0.017080,0.000000
641,data/imagenet.npz,128,100,cuda,cuda,1,1,0.001253,0.033070,0.000000
642,data/imagenet.npz,128,100,cuda,cuda,1,1,0.001249,0.033468,0.000000
643,data/imagenet.npz,128,100,cuda,cuda,1,1,0.001446,0.033592,0.000000
644,data/imagenet.npz,128,100,cuda,cuda,1,1,0.001247,0.033986,0.000000
645,data/imagenet.npz,128,100,cuda,cuda,1,1,0.001245,0.006528,0.000000
646,data/imagenet.npz,128,100,cuda,cuda,1,1,0.001246,0.009802,0.000000
647,data/imagenet.npz,128,100,cuda,cuda,1,1,0.001317,0.028289,0.000000
648,data/imagenet.npz,128,100,cuda,cuda,1,1,0.001333,0.006134,0.000000
649,data/imagenet.npz,128,100,cuda,cuda,1,1,0.001249,0.033526,0.000000
650,data/imagenet.npz,128,100,cuda,cuda,1,1,0.001230,0.033188,0.000000
651,data/imagenet.npz,128,100,cuda,cuda,1,1,0.001318,0.033022,0.000000
652,data/imagenet.npz,128,100,cuda,cuda,1,1,0.001335,0.033422,0.000000
653,data/imagenet.npz,128,100,cuda,cuda,1,1,0.001248,0.030891,0.000000
654,data/imagenet.npz,128,100,cuda,cuda,1,1,0.001258,0.003317,0.000000
655,data/imagenet.npz,128,100,cuda,cuda,1,1,0.001235,0.062047,0.000000
656,data/imagenet.npz,128,100,cuda,cuda,1,1,0.001379,0.033052,0.000000
657,data/imagenet.npz,128,100,cuda,cuda,1,1,0.001237,0.028235,0.000000
658,data/imagenet.npz,128,100,cuda,cuda,1,1,0.001411,0.033099,0.000000
659,data/imagenet.npz,128,100,cuda,cuda,1,1,0.001287,0.016596,0.000000
660,data/imagenet.npz,128,100,cuda,cuda,1,1,0.001237,0.027149,0.000000
661,data/imagenet.npz,128,100,cuda,cuda,1,1,0.001249,0.033424,0.000000
662,data/imagenet.npz,128,100,cuda,cuda,1,1,0.001437,0.039672,0.000000
663,data/imagenet.npz,128,100,cuda,cuda,1,1,0.001230,0.027010,0.000000
664,data/imagenet.npz,128,100,cuda,cuda,1,1,0.001243,0.059928,0.000000
665,data/imagenet.npz,128,100,cuda,cuda,1,1,0.001386,0.031020,0.000000
666,data/imagenet.npz,128,100,cuda,cuda,1,1,0.001252,0.034906,0.000000
667,data/imagenet.npz,128,100,cuda,cuda,1,1,0.001863,0.429032,0.000000
668,data/imagenet.npz,128,100,cuda,cuda,1,1,0.001460,0.003243,0.000000
669,data/imagenet.npz,128,100,cuda,cuda,1,1,0.001256,0.033830,0.000000
670,data/imagenet.npz,128,100,cuda,cuda,1,1,0.001262,0.027567,0.000000
671,data/imagenet.npz,128,100,cuda,cuda,1,1,0.001242,0.013488,0.000000
672,data/imagenet.npz,128,100,cuda,cuda,1,1,0.001243,0.026969,0.000000
673,data/imagenet.npz,128,100,cuda,cuda,1,1,0.001401,0.032931,0.000000
674,data/imagenet.npz,128,100,cuda,cuda,1,1,0.001277,0.042804,0.000000
675,data/imagenet.npz,128,100,cuda,cuda,1,1,0.001240,0.027752,0.000000
676,data/imagenet.npz,128,100,cuda,cuda,1,1,0.001421,0.027865,0.000000
677,data/imagenet.npz,128,100,cuda,cuda,1,1,0.001255,0.000809,0.000000
678,data/imagenet.npz,128,100,cuda,cuda,1,1,0.001240,0.010232,0.000000
679,data/imagenet.npz,128,100,cuda,cuda,1,1,0.001265,0.034200,0.000000
680,data/imagenet.npz,128,100,cuda,cuda,1,1,0.001236,0.027829,0.000000
681,data/imagenet.npz,128,100,cuda,cuda,1,1,0.001413,0.001409,0.000000
682,data/imagenet.npz,128,100,cuda,cuda,1,1,0.001237,0.005832,0.000000
683,data/imagenet.npz,128,100,cuda,cuda,1,1,0.001261,0.027743,0.000000
684,data/imagenet.npz,128,100,cuda,cuda,1,1,0.001245,0.026099,0.000000
685,data/imagenet.npz,128,100,cuda,cuda,1,1,0.001237,0.027212,0.000000
686,data/imagenet.npz,128,100,cuda,cuda,1,1,0.001323,0.033318,0.000000
687,data/imagenet.npz,128,100,cuda,cuda,1,1,0.001323,0.069295,0.000000
688,data/imagenet.npz,128,100,cuda,cuda,1,1,0.001252,0.034436,0.000000
689,data/imagenet.npz,128,100,cuda,cuda,1,1,0.001381,0.033684,0.000000
690,data/imagenet.npz,128,100,cuda,cuda,1,1,0.001250,0.034072,0.000000
691,data/imagenet.npz,128,100,cuda,cuda,1,1,0.001244,0.027464,0.000000
692,data/imagenet.npz,128,100,cuda,cuda,1,1,0.001412,0.047092,0.000000
693,data/imagenet.npz,128,100,cuda,cuda,1,1,0.001275,0.033189,0.000000
694,data/imagenet.npz,128,100,cuda,cuda,1,1,0.001253,0.033927,0.000000
695,data/imagenet.npz,128,100,cuda,cuda,1,1,0.001429,0.011837,0.000000
696,data/imagenet.npz,128,100,cuda,cuda,1,1,0.001512,0.331406,0.000000
697,data/imagenet.npz,128,100,cuda,cuda,1,1,0.001445,0.008302,0.000000
698,data/imagenet.npz,128,100,cuda,cuda,1,1,0.001238,0.013127,0.000000
699,data/imagenet.npz,128,100,cuda,cuda,1,1,0.001348,0.269579,0.000000
700,data/imagenet.npz,128,100,cuda,cuda,1,1,0.001467,0.014448,0.000000
701,data/imagenet.npz,128,100,cuda,cuda,1,1,0.001270,0.027364,0.000000
702,data/imagenet.npz,128,100,cuda,cuda,1,1,0.001234,0.032778,0.000000
703,data/imagenet.npz,128,100,cuda,cuda,1,1,0.001255,0.172303,0.000000
704,data/imagenet.npz,128,100,cuda,cuda,1,1,0.001438,0.033492,0.000000
705,data/imagenet.npz,128,100,cuda,cuda,1,1,0.001250,0.016570,0.000000
706,data/imagenet.npz,128,100,cuda,cuda,1,1,0.001257,0.033099,0.000000
707,data/imagenet.npz,128,100,cuda,cuda,1,1,0.001312,0.032859,0.000000
708,data/imagenet.npz,128,100,cuda,cuda,1,1,0.001325,0.027140,0.000000
709,data/imagenet.npz,128,100,cuda,cuda,1,1,0.001252,0.032548,0.000000
710,data/imagenet.npz,128,100,cuda,cuda,1,1,0.001236,0.035356,0.000000
711,data/imagenet.npz,128,100,cuda,cuda,1,1,0.001423,0.033123,0.000000
712,data/imagenet.npz,128,100,cuda,cuda,1,1,0.001256,0.034122,0.000000
713,data/imagenet.npz,128,100,cuda,cuda,1,1,0.001246,0.033904,0.000000
714,data/imagenet.npz,128,100,cuda,cuda,1,1,0.001426,0.033853,0.000000
715,data/imagenet.npz,128,100,cuda,cuda,1,1,0.001263,0.035319,0.000000
716,data/imagenet.npz,128,100,cuda,cuda,1,1,0.001230,0.038814,0.000000
717,data/imagenet.npz,128,100,cuda,cuda,1,1,0.001311,0.033939,0.000000
718,data/imagenet.npz,128,100,cuda,cuda,1,1,0.001329,0.034127,0.000000
719,data/imagenet.npz,128,100,cuda,cuda,1,1,0.001246,0.027601,0.000000
720,data/imagenet.npz,128,100,cuda,cuda,1,1,0.001241,0.027425,0.000000
721,data/imagenet.npz,128,100,cuda,cuda,1,1,0.001420,0.034055,0.000000
722,data/imagenet.npz,128,100,cuda,cuda,1,1,0.001254,0.028031,0.000000
723,data/imagenet.npz,128,100,cuda,cuda,1,1,0.001245,0.020860,0.000000
724,data/imagenet.npz,128,100,cuda,cuda,1,1,0.001245,0.016693,0.000000
725,data/imagenet.npz,128,100,cuda,cuda,1,1,0.001297,0.022906,0.000000
726,data/imagenet.npz,128,100,cuda,cuda,1,1,0.001317,0.008354,0.000000
727,data/imagenet.npz,128,100,cuda,cuda,1,1,0.001248,0.033992,0.000000
728,data/imagenet.npz,128,100,cuda,cuda,1,1,0.001251,0.032293,0.000000
729,data/imagenet.npz,128,100,cuda,cuda,1,1,0.001313,0.005238,0.000000
730,data/imagenet.npz,128,100,cuda,cuda,1,1,0.001242,0.032715,0.000000
731,data/imagenet.npz,128,100,cuda,cuda,1,1,0.001324,0.027316,0.000000
732,data/imagenet.npz,128,100,cuda,cuda,1,1,0.001224,0.024131,0.000000
733,data/imagenet.npz,128,100,cuda,cuda,1,1,0.001234,0.061769,0.000000
734,data/imagenet.npz,128,100,cuda,cuda,1,1,0.001373,0.034372,0.000000
735,data/imagenet.npz,128,100,cuda,cuda,1,1,0.001247,0.029094,0.000000
736,data/imagenet.npz,128,100,cuda,cuda,1,1,0.001424,0.027775,0.000000
737,data/imagenet.npz,128,100,cuda,cuda,1,1,0.001289,0.033037,0.000000
738,data/imagenet.npz,128,100,cuda,cuda,1,1,0.001257,0.029883,0.000000
739,data/imagenet.npz,128,100,cuda,cuda,1,1,0.001249,0.077658,0.000000
740,data/imagenet.npz,128,100,cuda,cuda,1,1,0.001369,0.028507,0.000000
741,data/imagenet.npz,128,100,cuda,cuda,1,1,0.001245,0.034149,0.000000
742,data/imagenet.npz,128,100,cuda,cuda,1,1,0.001393,0.002477,0.000000
743,data/imagenet.npz,128,100,cuda,cuda,1,1,0.001223,0.028090,0.000000
744,data/imagenet.npz,128,100,cuda,cuda,1,1,0.001234,0.027315,0.000000
745,data/imagenet.npz,128,100,cuda,cuda,1,1,0.001237,0.032727,0.000000
746,data/imagenet.npz,128,100,cuda,cuda,1,1,0.001406,0.026578,0.000000
747,data/imagenet.npz,128,100,cuda,cuda,1,1,0.001294,0.031694,0.000000
748,data/imagenet.npz,128,100,cuda,cuda,1,1,0.001242,0.010256,0.000000
749,data/imagenet.npz,128,100,cuda,cuda,1,1,0.001249,0.073883,0.000000
750,data/imagenet.npz,128,100,cuda,cuda,1,1,0.001376,0.004202,0.000000
751,data/imagenet.npz,128,100,cuda,cuda,1,1,0.001266,0.027524,0.000000
752,data/imagenet.npz,128,100,cuda,cuda,1,1,0.001246,0.032070,0.000000
753,data/imagenet.npz,128,100,cuda,cuda,1,1,0.001436,0.060871,0.000000
754,data/imagenet.npz,128,100,cuda,cuda,1,1,0.001246,0.018336,0.000000
755,data/imagenet.npz,128,100,cuda,cuda,1,1,0.001252,0.027702,0.000000
756,data/imagenet.npz,128,100,cuda,cuda,1,1,0.001411,0.032992,0.000000
757,data/imagenet.npz,128,100,cuda,cuda,1,1,0.001266,0.034082,0.000000
758,data/imagenet.npz,128,100,cuda,cuda,1,1,0.001250,0.033902,0.000000
759,data/imagenet.npz,128,100,cuda,cuda,1,1,0.001412,0.034072,0.000000
760,data/imagenet.npz,128,100,cuda,cuda,1,1,0.001276,0.027930,0.000000
761,data/imagenet.npz,128,100,cuda,cuda,1,1,0.001238,0.033730,0.000000
762,data/imagenet.npz,128,100,cuda,cuda,1,1,0.001319,0.033914,0.000000
763,data/imagenet.npz,128,100,cuda,cuda,1,1,0.001323,0.041442,0.000000
764,data/imagenet.npz,128,100,cuda,cuda,1,1,0.001238,0.028365,0.000000
765,data/imagenet.npz,128,100,cuda,cuda,1,1,0.001329,0.027489,0.000000
766,data/imagenet.npz,128,100,cuda,cuda,1,1,0.001330,0.098450,0.000000
767,data/imagenet.npz,128,100,cuda,cuda,1,1,0.001464,0.004134,0.000000
768,data/imagenet.npz,128,100,cuda,cuda,1,1,0.001231,0.016185,0.000000
769,data/imagenet.npz,128,100,cuda,cuda,1,1,0.001234,0.028297,0.000000
770,data/imagenet.npz,128,100,cuda,cuda,1,1,0.001220,0.074986,0.000000
771,data/imagenet.npz,128,100,cuda,cuda,1,1,0.001381,0.055480,0.000000
772,data/imagenet.npz,128,100,cuda,cuda,1,1,0.001258,0.033236,0.000000
773,data/imagenet.npz,128,100,cuda,cuda,1,1,0.001390,0.073640,0.000000
774,data/imagenet.npz,128,100,cuda,cuda,1,1,0.001239,0.026982,0.000000
775,data/imagenet.npz,128,100,cuda,cuda,1,1,0.001407,0.053156,0.000000
776,data/imagenet.npz,128,100,cuda,cuda,1,1,0.001278,0.033736,0.000000
777,data/imagenet.npz,128,100,cuda,cuda,1,1,0.001313,0.033777,0.000000
778,data/imagenet.npz,128,100,cuda,cuda,1,1,0.001321,0.029301,0.000000
779,data/imagenet.npz,128,100,cuda,cuda,1,1,0.001239,0.033740,0.000000
780,data/imagenet.npz,128,100,cuda,cuda,1,1,0.001235,0.033942,0.000000
781,data/imagenet.npz,128,100,cuda,cuda,1,1,0.001393,0.012007,0.000000
782,data/imagenet.npz,128,100,cuda,cuda,1,1,0.001267,0.027714,0.000000
783,data/imagenet.npz,128,100,cuda,cuda,1,1,0.001241,0.027531,0.000000
784,data/imagenet.npz,128,100,cuda,cuda,1,1,0.001246,0.033632,0.000000
785,data/imagenet.npz,128,100,cuda,cuda,1,1,0.001394,0.026813,0.000000
786,data/imagenet.npz,128,100,cuda,cuda,1,1,0.001238,0.034133,0.000000
787,data/imagenet.npz,128,100,cuda,cuda,1,1,0.001233,0.027241,0.000000
788,data/imagenet.npz,128,100,cuda,cuda,1,1,0.001402,0.009167,0.000000
789,data/imagenet.npz,128,100,cuda,cuda,1,1,0.001256,0.033433,0.000000
790,data/imagenet.npz,128,100,cuda,cuda,1,1,0.001251,0.031088,0.000000
791,data/imagenet.npz,128,100,cuda,cuda,1,1,0.001252,0.015689,0.000000
792,data/imagenet.npz,128,100,cuda,cuda,1,1,0.001250,0.033382,0.000000
793,data/imagenet.npz,128,100,cuda,cuda,1,1,0.001376,0.034675,0.000000
794,data/imagenet.npz,128,100,cuda,cuda,1,1,0.001265,0.023375,0.000000
795,data/imagenet.npz,128,100,cuda,cuda,1,1,0.001246,0.028272,0.000000
796,data/imagenet.npz,128,100,cuda,cuda,1,1,0.001412,0.026873,0.000000
797,data/imagenet.npz,128,100,cuda,cuda,1,1,0.001277,0.029117,0.000000
798,data/imagenet.npz,128,100,cuda,cuda,1,1,0.001233,0.023945,0.000000
799,data/imagenet.npz,128,100,cuda,cuda,1,1,0.001239,0.106448,0.000000
800,data/imagenet.npz,128,100,cuda,cuda,1,1,0.001370,0.036678,0.000000
801,data/imagenet.npz,128,100,cuda,cuda,1,1,0.001403,0.005612,0.000000
802,data/imagenet.npz,128,100,cuda,cuda,1,1,0.001237,0.009585,0.000000
803,data/imagenet.npz,128,100,cuda,cuda,1,1,0.001236,0.033891,0.000000
804,data/imagenet.npz,128,100,cuda,cuda,1,1,0.001236,0.033156,0.000000
805,data/imagenet.npz,128,100,cuda,cuda,1,1,0.001319,0.001992,0.000000
806,data/imagenet.npz,128,100,cuda,cuda,1,1,0.001290,0.020142,0.000000
807,data/imagenet.npz,128,100,cuda,cuda,1,1,0.001275,0.033340,0.000000
808,data/imagenet.npz,128,100,cuda,cuda,1,1,0.001243,0.034440,0.000000
809,data/imagenet.npz,128,100,cuda,cuda,1,1,0.001235,0.033792,0.000000
810,data/imagenet.npz,128,100,cuda,cuda,1,1,0.001417,0.061372,0.000000
811,data/imagenet.npz,128,100,cuda,cuda,1,1,0.001246,0.032396,0.000000
812,data/imagenet.npz,128,100,cuda,cuda,1,1,0.001407,0.025924,0.000000
813,data/imagenet.npz,128,100,cuda,cuda,1,1,0.001275,0.029774,0.000000
814,data/imagenet.npz,128,100,cuda,cuda,1,1,0.001233,0.027028,0.000000
815,data/imagenet.npz,128,100,cuda,cuda,1,1,0.001261,0.001708,0.000000
816,data/imagenet.npz,128,100,cuda,cuda,1,1,0.001229,0.028095,0.000000
817,data/imagenet.npz,128,100,cuda,cuda,1,1,0.001380,0.033928,0.000000
818,data/imagenet.npz,128,100,cuda,cuda,1,1,0.001260,0.031517,0.000000
819,data/imagenet.npz,128,100,cuda,cuda,1,1,0.001240,0.028042,0.000000
820,data/imagenet.npz,128,100,cuda,cuda,1,1,0.001405,0.062580,0.000000
821,data/imagenet.npz,128,100,cuda,cuda,1,1,0.001270,0.030991,0.000000
822,data/imagenet.npz,128,100,cuda,cuda,1,1,0.001329,0.028555,0.000000
823,data/imagenet.npz,128,100,cuda,cuda,1,1,0.001318,0.027915,0.000000
824,data/imagenet.npz,128,100,cuda,cuda,1,1,0.001245,0.007271,0.000000
825,data/imagenet.npz,128,100,cuda,cuda,1,1,0.001248,0.032450,0.000000
826,data/imagenet.npz,128,100,cuda,cuda,1,1,0.001245,0.043373,0.000000
827,data/imagenet.npz,128,100,cuda,cuda,1,1,0.001382,0.040218,0.000000
828,data/imagenet.npz,128,100,cuda,cuda,1,1,0.001244,0.029410,0.000000
829,data/imagenet.npz,128,100,cuda,cuda,1,1,0.001249,0.001902,0.000000
830,data/imagenet.npz,128,100,cuda,cuda,1,1,0.001245,0.033925,0.000000
831,data/imagenet.npz,128,100,cuda,cuda,1,1,0.001370,0.027942,0.000000
832,data/imagenet.npz,128,100,cuda,cuda,1,1,0.001255,0.033155,0.000000
833,data/imagenet.npz,128,100,cuda,cuda,1,1,0.001243,0.139562,0.000000
834,data/imagenet.npz,128,100,cuda,cuda,1,1,0.001435,0.051201,0.000000
835,data/imagenet.npz,128,100,cuda,cuda,1,1,0.001272,0.004157,0.000000
836,data/imagenet.npz,128,100,cuda,cuda,1,1,0.001248,0.005870,0.000000
837,data/imagenet.npz,128,100,cuda,cuda,1,1,0.001241,0.033146,0.000000
838,data/imagenet.npz,128,100,cuda,cuda,1,1,0.001242,0.026980,0.000000
839,data/imagenet.npz,128,100,cuda,cuda,1,1,0.001397,0.042942,0.000000
840,data/imagenet.npz,128,100,cuda,cuda,1,1,0.001250,0.140560,0.000000
841,data/imagenet.npz,128,100,cuda,cuda,1,1,0.001374,0.027794,0.000000
842,data/imagenet.npz,128,100,cuda,cuda,1,1,0.001265,0.033188,0.000000
843,data/imagenet.npz,128,100,cuda,cuda,1,1,0.001383,0.027833,0.000000
844,data/imagenet.npz,128,100,cuda,cuda,1,1,0.001237,0.033989,0.000000
845,data/imagenet.npz,128,100,cuda,cuda,1,1,0.001241,0.021687,0.000000
846,data/imagenet.npz,128,100,cuda,cuda,1,1,0.001321,0.020979,0.000000
847,data/imagenet.npz,128,100,cuda,cuda,1,1,0.001317,0.002405,0.000000
848,data/imagenet.npz,128,100,cuda,cuda,1,1,0.001252,0.031762,0.000000
849,data/imagenet.npz,128,100,cuda,cuda,1,1,0.001248,0.034021,0.000000
850,data/imagenet.npz,128,100,cuda,cuda,1,1,0.001256,0.003071,0.000000
