image_index,data_path,num_directions,num_timesteps,device_requested,device_used,batch_size,num_cores,complex_construction_time,computation_time,vectorization_time
0,data/imagenet.npz,32,1000,cuda,cuda,1,1,0.073190,0.002842,0.000000
1,data/imagenet.npz,32,1000,cuda,cuda,1,1,0.001263,0.002915,0.000000
2,data/imagenet.npz,32,1000,cuda,cuda,1,1,0.001264,0.002859,0.000000
3,data/imagenet.npz,32,1000,cuda,cuda,1,1,0.001264,0.002877,0.000000
4,data/imagenet.npz,32,1000,cuda,cuda,1,1,0.001265,0.003470,0.000000
5,data/imagenet.npz,32,1000,cuda,cuda,1,1,0.001266,0.003216,0.000000
6,data/imagenet.npz,32,1000,cuda,cuda,1,1,0.001258,0.002932,0.000000
7,data/imagenet.npz,32,1000,cuda,cuda,1,1,0.001256,0.002943,0.000000
8,data/imagenet.npz,32,1000,cuda,cuda,1,1,0.001262,0.005555,0.000000
9,data/imagenet.npz,32,1000,cuda,cuda,1,1,0.001256,0.002899,0.000000
10,data/imagenet.npz,32,1000,cuda,cuda,1,1,0.001268,0.002853,0.000000
11,data/imagenet.npz,32,1000,cuda,cuda,1,1,0.001810,0.001900,0.000000
12,data/imagenet.npz,32,1000,cuda,cuda,1,1,0.001257,0.003390,0.000000
13,data/imagenet.npz,32,1000,cuda,cuda,1,1,0.001265,0.003378,0.000000
14,data/imagenet.npz,32,1000,cuda,cuda,1,1,0.001278,0.003509,0.000000
15,data/imagenet.npz,32,1000,cuda,cuda,1,1,0.001287,0.003274,0.000000
16,data/imagenet.npz,32,1000,cuda,cuda,1,1,0.001259,0.003403,0.000000
17,data/imagenet.npz,32,1000,cuda,cuda,1,1,0.001275,0.003426,0.000000
18,data/imagenet.npz,32,1000,cuda,cuda,1,1,0.001319,0.002984,0.000000
19,data/imagenet.npz,32,1000,cuda,cuda,1,1,0.001270,0.001447,0.000000
20,data/imagenet.npz,32,1000,cuda,cuda,1,1,0.001272,0.003239,0.000000
21,data/imagenet.npz,32,1000,cuda,cuda,1,1,0.001310,0.003260,0.000000
22,data/imagenet.npz,32,1000,cuda,cuda,1,1,0.001259,0.003017,0.000000
23,data/imagenet.npz,32,1000,cuda,cuda,1,1,0.001266,0.002381,0.000000
24,data/imagenet.npz,32,1000,cuda,cuda,1,1,0.001451,0.003352,0.000000
25,data/imagenet.npz,32,1000,cuda,cuda,1,1,0.001271,0.001484,0.000000
26,data/imagenet.npz,32,1000,cuda,cuda,1,1,0.001266,0.002256,0.000000
27,data/imagenet.npz,32,1000,cuda,cuda,1,1,0.001265,0.003233,0.000000
28,data/imagenet.npz,32,1000,cuda,cuda,1,1,0.001329,0.002980,0.000000
29,data/imagenet.npz,32,1000,cuda,cuda,1,1,0.001269,0.002625,0.000000
30,data/imagenet.npz,32,1000,cuda,cuda,1,1,0.001264,0.003242,0.000000
31,data/imagenet.npz,32,1000,cuda,cuda,1,1,0.001279,0.002999,0.000000
32,data/imagenet.npz,32,1000,cuda,cuda,1,1,0.001271,0.003348,0.000000
33,data/imagenet.npz,32,1000,cuda,cuda,1,1,0.001283,0.000424,0.000000
34,data/imagenet.npz,32,1000,cuda,cuda,1,1,0.001269,0.002931,0.000000
35,data/imagenet.npz,32,1000,cuda,cuda,1,1,0.001283,0.003353,0.000000
36,data/imagenet.npz,32,1000,cuda,cuda,1,1,0.001274,0.003069,0.000000
37,data/imagenet.npz,32,1000,cuda,cuda,1,1,0.001266,0.004589,0.000000
38,data/imagenet.npz,32,1000,cuda,cuda,1,1,0.001347,0.016977,0.000000
39,data/imagenet.npz,32,1000,cuda,cuda,1,1,0.001263,0.003291,0.000000
40,data/imagenet.npz,32,1000,cuda,cuda,1,1,0.001252,0.003403,0.000000
41,data/imagenet.npz,32,1000,cuda,cuda,1,1,0.001266,0.002941,0.000000
42,data/imagenet.npz,32,1000,cuda,cuda,1,1,0.001271,0.000439,0.000000
43,data/imagenet.npz,32,1000,cuda,cuda,1,1,0.001278,0.003341,0.000000
44,data/imagenet.npz,32,1000,cuda,cuda,1,1,0.001263,0.003548,0.000000
45,data/imagenet.npz,32,1000,cuda,cuda,1,1,0.001282,0.003284,0.000000
46,data/imagenet.npz,32,1000,cuda,cuda,1,1,0.001286,0.004947,0.000000
47,data/imagenet.npz,32,1000,cuda,cuda,1,1,0.001270,0.003359,0.000000
48,data/imagenet.npz,32,1000,cuda,cuda,1,1,0.001263,0.003334,0.000000
49,data/imagenet.npz,32,1000,cuda,cuda,1,1,0.001274,0.003606,0.000000
50,data/imagenet.npz,32,1000,cuda,cuda,1,1,0.001269,0.003571,0.000000
51,data/imagenet.npz,32,1000,cuda,cuda,1,1,0.001261,0.003348,0.000000
52,data/imagenet.npz,32,1000,cuda,cuda,1,1,0.001274,0.003159,0.000000
53,data/imagenet.npz,32,1000,cuda,cuda,1,1,0.001260,0.004915,0.000000
54,data/imagenet.npz,32,1000,cuda,cuda,1,1,0.001307,0.007521,0.000000
55,data/imagenet.npz,32,1000,cuda,cuda,1,1,0.001402,0.003239,0.000000
56,data/imagenet.npz,32,1000,cuda,cuda,1,1,0.001290,0.004109,0.000000
57,data/imagenet.npz,32,1000,cuda,cuda,1,1,0.001297,0.003181,0.000000
58,data/imagenet.npz,32,1000,cuda,cuda,1,1,0.001419,0.002869,0.000000
59,data/imagenet.npz,32,1000,cuda,cuda,1,1,0.001254,0.003217,0.000000
60,data/imagenet.npz,32,1000,cuda,cuda,1,1,0.001267,0.002331,0.000000
61,data/imagenet.npz,32,1000,cuda,cuda,1,1,0.001301,0.002596,0.000000
62,data/imagenet.npz,32,1000,cuda,cuda,1,1,0.001259,0.002948,0.000000
63,data/imagenet.npz,32,1000,cuda,cuda,1,1,0.001291,0.008251,0.000000
64,data/imagenet.npz,32,1000,cuda,cuda,1,1,0.001279,0.003003,0.000000
65,data/imagenet.npz,32,1000,cuda,cuda,1,1,0.001260,0.003003,0.000000
66,data/imagenet.npz,32,1000,cuda,cuda,1,1,0.001265,0.002973,0.000000
67,data/imagenet.npz,32,1000,cuda,cuda,1,1,0.001276,0.003163,0.000000
68,data/imagenet.npz,32,1000,cuda,cuda,1,1,0.001277,0.003266,0.000000
69,data/imagenet.npz,32,1000,cuda,cuda,1,1,0.001275,0.002868,0.000000
70,data/imagenet.npz,32,1000,cuda,cuda,1,1,0.001278,0.003192,0.000000
71,data/imagenet.npz,32,1000,cuda,cuda,1,1,0.001345,0.003499,0.000000
72,data/imagenet.npz,32,1000,cuda,cuda,1,1,0.001274,0.003407,0.000000
73,data/imagenet.npz,32,1000,cuda,cuda,1,1,0.001267,0.003407,0.000000
74,data/imagenet.npz,32,1000,cuda,cuda,1,1,0.001270,0.003305,0.000000
75,data/imagenet.npz,32,1000,cuda,cuda,1,1,0.001269,0.005384,0.000000
76,data/imagenet.npz,32,1000,cuda,cuda,1,1,0.001265,0.004760,0.000000
77,data/imagenet.npz,32,1000,cuda,cuda,1,1,0.001253,0.003265,0.000000
78,data/imagenet.npz,32,1000,cuda,cuda,1,1,0.001260,0.002876,0.000000
79,data/imagenet.npz,32,1000,cuda,cuda,1,1,0.001241,0.002865,0.000000
80,data/imagenet.npz,32,1000,cuda,cuda,1,1,0.001257,0.003248,0.000000
81,data/imagenet.npz,32,1000,cuda,cuda,1,1,0.001269,0.004274,0.000000
82,data/imagenet.npz,32,1000,cuda,cuda,1,1,0.001264,0.003354,0.000000
83,data/imagenet.npz,32,1000,cuda,cuda,1,1,0.001269,0.003367,0.000000
84,data/imagenet.npz,32,1000,cuda,cuda,1,1,0.001255,0.003410,0.000000
85,data/imagenet.npz,32,1000,cuda,cuda,1,1,0.001250,0.002995,0.000000
86,data/imagenet.npz,32,1000,cuda,cuda,1,1,0.001264,0.003786,0.000000
87,data/imagenet.npz,32,1000,cuda,cuda,1,1,0.001346,0.004271,0.000000
88,data/imagenet.npz,32,1000,cuda,cuda,1,1,0.001265,0.003862,0.000000
89,data/imagenet.npz,32,1000,cuda,cuda,1,1,0.001268,0.003243,0.000000
90,data/imagenet.npz,32,1000,cuda,cuda,1,1,0.001327,0.002972,0.000000
91,data/imagenet.npz,32,1000,cuda,cuda,1,1,0.001263,0.002533,0.000000
92,data/imagenet.npz,32,1000,cuda,cuda,1,1,0.001269,0.002902,0.000000
93,data/imagenet.npz,32,1000,cuda,cuda,1,1,0.001376,0.002684,0.000000
94,data/imagenet.npz,32,1000,cuda,cuda,1,1,0.001260,0.003333,0.000000
95,data/imagenet.npz,32,1000,cuda,cuda,1,1,0.001254,0.002952,0.000000
96,data/imagenet.npz,32,1000,cuda,cuda,1,1,0.001286,0.002778,0.000000
97,data/imagenet.npz,32,1000,cuda,cuda,1,1,0.001286,0.002830,0.000000
98,data/imagenet.npz,32,1000,cuda,cuda,1,1,0.001279,0.002239,0.000000
99,data/imagenet.npz,32,1000,cuda,cuda,1,1,0.001269,0.000465,0.000000
100,data/imagenet.npz,32,1000,cuda,cuda,1,1,0.001269,0.002887,0.000000
101,data/imagenet.npz,32,1000,cuda,cuda,1,1,0.001273,0.008879,0.000000
102,data/imagenet.npz,32,1000,cuda,cuda,1,1,0.001262,0.003244,0.000000
103,data/imagenet.npz,32,1000,cuda,cuda,1,1,0.001263,0.003280,0.000000
104,data/imagenet.npz,32,1000,cuda,cuda,1,1,0.001273,0.002932,0.000000
105,data/imagenet.npz,32,1000,cuda,cuda,1,1,0.001257,0.003414,0.000000
106,data/imagenet.npz,32,1000,cuda,cuda,1,1,0.001271,0.002845,0.000000
107,data/imagenet.npz,32,1000,cuda,cuda,1,1,0.001264,0.004422,0.000000
108,data/imagenet.npz,32,1000,cuda,cuda,1,1,0.001261,0.003007,0.000000
109,data/imagenet.npz,32,1000,cuda,cuda,1,1,0.001260,0.002291,0.000000
110,data/imagenet.npz,32,1000,cuda,cuda,1,1,0.001263,0.002931,0.000000
111,data/imagenet.npz,32,1000,cuda,cuda,1,1,0.001308,0.014788,0.000000
112,data/imagenet.npz,32,1000,cuda,cuda,1,1,0.001280,0.003251,0.000000
113,data/imagenet.npz,32,1000,cuda,cuda,1,1,0.001286,0.002800,0.000000
114,data/imagenet.npz,32,1000,cuda,cuda,1,1,0.001289,0.002907,0.000000
115,data/imagenet.npz,32,1000,cuda,cuda,1,1,0.001274,0.002033,0.000000
116,data/imagenet.npz,32,1000,cuda,cuda,1,1,0.001255,0.003068,0.000000
117,data/imagenet.npz,32,1000,cuda,cuda,1,1,0.001262,0.003012,0.000000
118,data/imagenet.npz,32,1000,cuda,cuda,1,1,0.001255,0.003387,0.000000
119,data/imagenet.npz,32,1000,cuda,cuda,1,1,0.001734,0.001143,0.000000
120,data/imagenet.npz,32,1000,cuda,cuda,1,1,0.001278,0.009628,0.000000
121,data/imagenet.npz,32,1000,cuda,cuda,1,1,0.001349,0.002894,0.000000
122,data/imagenet.npz,32,1000,cuda,cuda,1,1,0.001252,0.003070,0.000000
123,data/imagenet.npz,32,1000,cuda,cuda,1,1,0.001246,0.002890,0.000000
124,data/imagenet.npz,32,1000,cuda,cuda,1,1,0.001313,0.003398,0.000000
125,data/imagenet.npz,32,1000,cuda,cuda,1,1,0.001250,0.003308,0.000000
126,data/imagenet.npz,32,1000,cuda,cuda,1,1,0.001263,0.002148,0.000000
127,data/imagenet.npz,32,1000,cuda,cuda,1,1,0.001371,0.003377,0.000000
128,data/imagenet.npz,32,1000,cuda,cuda,1,1,0.001257,0.002692,0.000000
129,data/imagenet.npz,32,1000,cuda,cuda,1,1,0.001286,0.003143,0.000000
130,data/imagenet.npz,32,1000,cuda,cuda,1,1,0.001314,0.003272,0.000000
131,data/imagenet.npz,32,1000,cuda,cuda,1,1,0.001269,0.003428,0.000000
132,data/imagenet.npz,32,1000,cuda,cuda,1,1,0.001251,0.009739,0.000000
133,data/imagenet.npz,32,1000,cuda,cuda,1,1,0.001270,0.000519,0.000000
134,data/imagenet.npz,32,1000,cuda,cuda,1,1,0.001262,0.002902,0.000000
135,data/imagenet.npz,32,1000,cuda,cuda,1,1,0.001244,0.003356,0.000000
136,data/imagenet.npz,32,1000,cuda,cuda,1,1,0.001256,0.002961,0.000000
137,data/imagenet.npz,32,1000,cuda,cuda,1,1,0.001246,0.002877,0.000000
138,data/imagenet.npz,32,1000,cuda,cuda,1,1,0.001251,0.003261,0.000000
139,data/imagenet.npz,32,1000,cuda,cuda,1,1,0.001273,0.003105,0.000000
140,data/imagenet.npz,32,1000,cuda,cuda,1,1,0.001271,0.002843,0.000000
141,data/imagenet.npz,32,1000,cuda,cuda,1,1,0.001247,0.003952,0.000000
142,data/imagenet.npz,32,1000,cuda,cuda,1,1,0.001265,0.012034,0.000000
143,data/imagenet.npz,32,1000,cuda,cuda,1,1,0.001250,0.001556,0.000000
144,data/imagenet.npz,32,1000,cuda,cuda,1,1,0.001254,0.003244,0.000000
145,data/imagenet.npz,32,1000,cuda,cuda,1,1,0.001273,0.003283,0.000000
146,data/imagenet.npz,32,1000,cuda,cuda,1,1,0.001269,0.003735,0.000000
147,data/imagenet.npz,32,1000,cuda,cuda,1,1,0.001271,0.003542,0.000000
148,data/imagenet.npz,32,1000,cuda,cuda,1,1,0.001260,0.002074,0.000000
149,data/imagenet.npz,32,1000,cuda,cuda,1,1,0.001260,0.001419,0.000000
150,data/imagenet.npz,32,1000,cuda,cuda,1,1,0.001262,0.002412,0.000000
151,data/imagenet.npz,32,1000,cuda,cuda,1,1,0.001261,0.001356,0.000000
152,data/imagenet.npz,32,1000,cuda,cuda,1,1,0.001249,0.001676,0.000000
153,data/imagenet.npz,32,1000,cuda,cuda,1,1,0.001262,0.003314,0.000000
154,data/imagenet.npz,32,1000,cuda,cuda,1,1,0.001258,0.003111,0.000000
155,data/imagenet.npz,32,1000,cuda,cuda,1,1,0.001255,0.002898,0.000000
156,data/imagenet.npz,32,1000,cuda,cuda,1,1,0.001257,0.002653,0.000000
157,data/imagenet.npz,32,1000,cuda,cuda,1,1,0.001275,0.004185,0.000000
158,data/imagenet.npz,32,1000,cuda,cuda,1,1,0.001331,0.002896,0.000000
159,data/imagenet.npz,32,1000,cuda,cuda,1,1,0.001250,0.003365,0.000000
160,data/imagenet.npz,32,1000,cuda,cuda,1,1,0.001276,0.009126,0.000000
161,data/imagenet.npz,32,1000,cuda,cuda,1,1,0.001307,0.003099,0.000000
162,data/imagenet.npz,32,1000,cuda,cuda,1,1,0.001327,0.003279,0.000000
163,data/imagenet.npz,32,1000,cuda,cuda,1,1,0.001252,0.002998,0.000000
164,data/imagenet.npz,32,1000,cuda,cuda,1,1,0.001247,0.003159,0.000000
165,data/imagenet.npz,32,1000,cuda,cuda,1,1,0.001278,0.002941,0.000000
166,data/imagenet.npz,32,1000,cuda,cuda,1,1,0.001253,0.002884,0.000000
167,data/imagenet.npz,32,1000,cuda,cuda,1,1,0.001245,0.002862,0.000000
168,data/imagenet.npz,32,1000,cuda,cuda,1,1,0.001291,0.002888,0.000000
169,data/imagenet.npz,32,1000,cuda,cuda,1,1,0.001264,0.004564,0.000000
170,data/imagenet.npz,32,1000,cuda,cuda,1,1,0.001256,0.003446,0.000000
171,data/imagenet.npz,32,1000,cuda,cuda,1,1,0.001271,0.004070,0.000000
172,data/imagenet.npz,32,1000,cuda,cuda,1,1,0.001253,0.003344,0.000000
173,data/imagenet.npz,32,1000,cuda,cuda,1,1,0.001273,0.002981,0.000000
174,data/imagenet.npz,32,1000,cuda,cuda,1,1,0.001283,0.002547,0.000000
175,data/imagenet.npz,32,1000,cuda,cuda,1,1,0.001259,0.003363,0.000000
176,data/imagenet.npz,32,1000,cuda,cuda,1,1,0.001265,0.002981,0.000000
177,data/imagenet.npz,32,1000,cuda,cuda,1,1,0.001247,0.003353,0.000000
178,data/imagenet.npz,32,1000,cuda,cuda,1,1,0.001260,0.003035,0.000000
179,data/imagenet.npz,32,1000,cuda,cuda,1,1,0.001246,0.003328,0.000000
180,data/imagenet.npz,32,1000,cuda,cuda,1,1,0.001255,0.005676,0.000000
181,data/imagenet.npz,32,1000,cuda,cuda,1,1,0.001268,0.003461,0.000000
182,data/imagenet.npz,32,1000,cuda,cuda,1,1,0.001268,0.002951,0.000000
183,data/imagenet.npz,32,1000,cuda,cuda,1,1,0.001260,0.002982,0.000000
184,data/imagenet.npz,32,1000,cuda,cuda,1,1,0.001250,0.002882,0.000000
185,data/imagenet.npz,32,1000,cuda,cuda,1,1,0.001245,0.002888,0.000000
186,data/imagenet.npz,32,1000,cuda,cuda,1,1,0.001261,0.002982,0.000000
187,data/imagenet.npz,32,1000,cuda,cuda,1,1,0.001235,0.003355,0.000000
188,data/imagenet.npz,32,1000,cuda,cuda,1,1,0.001253,0.003286,0.000000
189,data/imagenet.npz,32,1000,cuda,cuda,1,1,0.001251,0.010492,0.000000
190,data/imagenet.npz,32,1000,cuda,cuda,1,1,0.001246,0.002841,0.000000
191,data/imagenet.npz,32,1000,cuda,cuda,1,1,0.001630,0.023133,0.000000
192,data/imagenet.npz,32,1000,cuda,cuda,1,1,0.001371,0.007230,0.000000
193,data/imagenet.npz,32,1000,cuda,cuda,1,1,0.001293,0.003290,0.000000
194,data/imagenet.npz,32,1000,cuda,cuda,1,1,0.001250,0.003498,0.000000
195,data/imagenet.npz,32,1000,cuda,cuda,1,1,0.001256,0.001260,0.000000
196,data/imagenet.npz,32,1000,cuda,cuda,1,1,0.001245,0.003277,0.000000
197,data/imagenet.npz,32,1000,cuda,cuda,1,1,0.001250,0.002594,0.000000
198,data/imagenet.npz,32,1000,cuda,cuda,1,1,0.001231,0.003398,0.000000
199,data/imagenet.npz,32,1000,cuda,cuda,1,1,0.001248,0.001538,0.000000
200,data/imagenet.npz,32,1000,cuda,cuda,1,1,0.001255,0.002997,0.000000
201,data/imagenet.npz,32,1000,cuda,cuda,1,1,0.001258,0.003195,0.000000
202,data/imagenet.npz,32,1000,cuda,cuda,1,1,0.001247,0.003223,0.000000
203,data/imagenet.npz,32,1000,cuda,cuda,1,1,0.001260,0.000693,0.000000
204,data/imagenet.npz,32,1000,cuda,cuda,1,1,0.001243,0.002928,0.000000
205,data/imagenet.npz,32,1000,cuda,cuda,1,1,0.001254,0.003300,0.000000
206,data/imagenet.npz,32,1000,cuda,cuda,1,1,0.001255,0.004139,0.000000
207,data/imagenet.npz,32,1000,cuda,cuda,1,1,0.001245,0.006739,0.000000
208,data/imagenet.npz,32,1000,cuda,cuda,1,1,0.001271,0.003287,0.000000
209,data/imagenet.npz,32,1000,cuda,cuda,1,1,0.001241,0.002901,0.000000
210,data/imagenet.npz,32,1000,cuda,cuda,1,1,0.001255,0.000942,0.000000
211,data/imagenet.npz,32,1000,cuda,cuda,1,1,0.001236,0.003018,0.000000
212,data/imagenet.npz,32,1000,cuda,cuda,1,1,0.001244,0.003248,0.000000
213,data/imagenet.npz,32,1000,cuda,cuda,1,1,0.001252,0.002825,0.000000
214,data/imagenet.npz,32,1000,cuda,cuda,1,1,0.001254,0.002977,0.000000
215,data/imagenet.npz,32,1000,cuda,cuda,1,1,0.001247,0.003288,0.000000
216,data/imagenet.npz,32,1000,cuda,cuda,1,1,0.001244,0.002838,0.000000
217,data/imagenet.npz,32,1000,cuda,cuda,1,1,0.001238,0.000727,0.000000
218,data/imagenet.npz,32,1000,cuda,cuda,1,1,0.001233,0.003561,0.000000
219,data/imagenet.npz,32,1000,cuda,cuda,1,1,0.001250,0.003622,0.000000
220,data/imagenet.npz,32,1000,cuda,cuda,1,1,0.001253,0.003338,0.000000
221,data/imagenet.npz,32,1000,cuda,cuda,1,1,0.001230,0.002967,0.000000
222,data/imagenet.npz,32,1000,cuda,cuda,1,1,0.001239,0.003364,0.000000
223,data/imagenet.npz,32,1000,cuda,cuda,1,1,0.001244,0.008267,0.000000
224,data/imagenet.npz,32,1000,cuda,cuda,1,1,0.001323,0.003756,0.000000
225,data/imagenet.npz,32,1000,cuda,cuda,1,1,0.001360,0.002711,0.000000
226,data/imagenet.npz,32,1000,cuda,cuda,1,1,0.001239,0.003344,0.000000
227,data/imagenet.npz,32,1000,cuda,cuda,1,1,0.001246,0.002981,0.000000
228,data/imagenet.npz,32,1000,cuda,cuda,1,1,0.001317,0.002922,0.000000
229,data/imagenet.npz,32,1000,cuda,cuda,1,1,0.001258,0.002866,0.000000
230,data/imagenet.npz,32,1000,cuda,cuda,1,1,0.001259,0.003391,0.000000
231,data/imagenet.npz,32,1000,cuda,cuda,1,1,0.001313,0.004317,0.000000
232,data/imagenet.npz,32,1000,cuda,cuda,1,1,0.001255,0.002893,0.000000
233,data/imagenet.npz,32,1000,cuda,cuda,1,1,0.001260,0.003658,0.000000
234,data/imagenet.npz,32,1000,cuda,cuda,1,1,0.001256,0.002952,0.000000
235,data/imagenet.npz,32,1000,cuda,cuda,1,1,0.001233,0.003395,0.000000
236,data/imagenet.npz,32,1000,cuda,cuda,1,1,0.001260,0.002550,0.000000
237,data/imagenet.npz,32,1000,cuda,cuda,1,1,0.001246,0.003273,0.000000
238,data/imagenet.npz,32,1000,cuda,cuda,1,1,0.001252,0.000927,0.000000
239,data/imagenet.npz,32,1000,cuda,cuda,1,1,0.001240,0.002797,0.000000
240,data/imagenet.npz,32,1000,cuda,cuda,1,1,0.001235,0.003247,0.000000
241,data/imagenet.npz,32,1000,cuda,cuda,1,1,0.001243,0.003418,0.000000
242,data/imagenet.npz,32,1000,cuda,cuda,1,1,0.001245,0.003347,0.000000
243,data/imagenet.npz,32,1000,cuda,cuda,1,1,0.001246,0.006520,0.000000
244,data/imagenet.npz,32,1000,cuda,cuda,1,1,0.001253,0.003311,0.000000
245,data/imagenet.npz,32,1000,cuda,cuda,1,1,0.001237,0.003126,0.000000
246,data/imagenet.npz,32,1000,cuda,cuda,1,1,0.001247,0.003319,0.000000
247,data/imagenet.npz,32,1000,cuda,cuda,1,1,0.001260,0.002612,0.000000
248,data/imagenet.npz,32,1000,cuda,cuda,1,1,0.001244,0.007285,0.000000
249,data/imagenet.npz,32,1000,cuda,cuda,1,1,0.001247,0.009057,0.000000
250,data/imagenet.npz,32,1000,cuda,cuda,1,1,0.001372,0.017572,0.000000
251,data/imagenet.npz,32,1000,cuda,cuda,1,1,0.001259,0.003215,0.000000
252,data/imagenet.npz,32,1000,cuda,cuda,1,1,0.001271,0.002675,0.000000
253,data/imagenet.npz,32,1000,cuda,cuda,1,1,0.001297,0.001893,0.000000
254,data/imagenet.npz,32,1000,cuda,cuda,1,1,0.001251,0.003369,0.000000
255,data/imagenet.npz,32,1000,cuda,cuda,1,1,0.001254,0.009394,0.000000
256,data/imagenet.npz,32,1000,cuda,cuda,1,1,0.001309,0.004636,0.000000
257,data/imagenet.npz,32,1000,cuda,cuda,1,1,0.001287,0.003379,0.000000
258,data/imagenet.npz,32,1000,cuda,cuda,1,1,0.001239,0.002855,0.000000
259,data/imagenet.npz,32,1000,cuda,cuda,1,1,0.001253,0.004403,0.000000
260,data/imagenet.npz,32,1000,cuda,cuda,1,1,0.001286,0.003065,0.000000
261,data/imagenet.npz,32,1000,cuda,cuda,1,1,0.001254,0.001165,0.000000
262,data/imagenet.npz,32,1000,cuda,cuda,1,1,0.001244,0.003082,0.000000
263,data/imagenet.npz,32,1000,cuda,cuda,1,1,0.001263,0.001933,0.000000
264,data/imagenet.npz,32,1000,cuda,cuda,1,1,0.001261,0.002833,0.000000
265,data/imagenet.npz,32,1000,cuda,cuda,1,1,0.001240,0.003482,0.000000
266,data/imagenet.npz,32,1000,cuda,cuda,1,1,0.001246,0.001553,0.000000
267,data/imagenet.npz,32,1000,cuda,cuda,1,1,0.001246,0.003370,0.000000
268,data/imagenet.npz,32,1000,cuda,cuda,1,1,0.001248,0.002253,0.000000
269,data/imagenet.npz,32,1000,cuda,cuda,1,1,0.001241,0.003122,0.000000
270,data/imagenet.npz,32,1000,cuda,cuda,1,1,0.001250,0.001653,0.000000
271,data/imagenet.npz,32,1000,cuda,cuda,1,1,0.001253,0.003127,0.000000
272,data/imagenet.npz,32,1000,cuda,cuda,1,1,0.001241,0.002892,0.000000
273,data/imagenet.npz,32,1000,cuda,cuda,1,1,0.001234,0.003537,0.000000
274,data/imagenet.npz,32,1000,cuda,cuda,1,1,0.001254,0.002641,0.000000
275,data/imagenet.npz,32,1000,cuda,cuda,1,1,0.001236,0.003721,0.000000
276,data/imagenet.npz,32,1000,cuda,cuda,1,1,0.001242,0.003372,0.000000
277,data/imagenet.npz,32,1000,cuda,cuda,1,1,0.001243,0.004025,0.000000
278,data/imagenet.npz,32,1000,cuda,cuda,1,1,0.001246,0.009719,0.000000
279,data/imagenet.npz,32,1000,cuda,cuda,1,1,0.001272,0.004188,0.000000
280,data/imagenet.npz,32,1000,cuda,cuda,1,1,0.001265,0.003018,0.000000
281,data/imagenet.npz,32,1000,cuda,cuda,1,1,0.001260,0.000516,0.000000
282,data/imagenet.npz,32,1000,cuda,cuda,1,1,0.001241,0.007399,0.000000
283,data/imagenet.npz,32,1000,cuda,cuda,1,1,0.001233,0.002716,0.000000
284,data/imagenet.npz,32,1000,cuda,cuda,1,1,0.001273,0.003260,0.000000
285,data/imagenet.npz,32,1000,cuda,cuda,1,1,0.001262,0.003338,0.000000
286,data/imagenet.npz,32,1000,cuda,cuda,1,1,0.001259,0.003407,0.000000
287,data/imagenet.npz,32,1000,cuda,cuda,1,1,0.001246,0.002885,0.000000
288,data/imagenet.npz,32,1000,cuda,cuda,1,1,0.001318,0.004209,0.000000
289,data/imagenet.npz,32,1000,cuda,cuda,1,1,0.001251,0.003059,0.000000
290,data/imagenet.npz,32,1000,cuda,cuda,1,1,0.001249,0.003171,0.000000
291,data/imagenet.npz,32,1000,cuda,cuda,1,1,0.001299,0.002558,0.000000
292,data/imagenet.npz,32,1000,cuda,cuda,1,1,0.001249,0.003483,0.000000
293,data/imagenet.npz,32,1000,cuda,cuda,1,1,0.001242,0.004407,0.000000
294,data/imagenet.npz,32,1000,cuda,cuda,1,1,0.001266,0.000717,0.000000
295,data/imagenet.npz,32,1000,cuda,cuda,1,1,0.001257,0.002851,0.000000
296,data/imagenet.npz,32,1000,cuda,cuda,1,1,0.001245,0.002884,0.000000
297,data/imagenet.npz,32,1000,cuda,cuda,1,1,0.001282,0.003328,0.000000
298,data/imagenet.npz,32,1000,cuda,cuda,1,1,0.001243,0.006174,0.000000
299,data/imagenet.npz,32,1000,cuda,cuda,1,1,0.001301,0.003526,0.000000
300,data/imagenet.npz,32,1000,cuda,cuda,1,1,0.001247,0.000553,0.000000
301,data/imagenet.npz,32,1000,cuda,cuda,1,1,0.001245,0.001876,0.000000
302,data/imagenet.npz,32,1000,cuda,cuda,1,1,0.001250,0.000778,0.000000
303,data/imagenet.npz,32,1000,cuda,cuda,1,1,0.001239,0.003116,0.000000
304,data/imagenet.npz,32,1000,cuda,cuda,1,1,0.001253,0.003218,0.000000
305,data/imagenet.npz,32,1000,cuda,cuda,1,1,0.001250,0.003325,0.000000
306,data/imagenet.npz,32,1000,cuda,cuda,1,1,0.001248,0.002064,0.000000
307,data/imagenet.npz,32,1000,cuda,cuda,1,1,0.001243,0.002121,0.000000
308,data/imagenet.npz,32,1000,cuda,cuda,1,1,0.001248,0.003246,0.000000
309,data/imagenet.npz,32,1000,cuda,cuda,1,1,0.001245,0.008229,0.000000
310,data/imagenet.npz,32,1000,cuda,cuda,1,1,0.001241,0.003470,0.000000
311,data/imagenet.npz,32,1000,cuda,cuda,1,1,0.001246,0.002790,0.000000
312,data/imagenet.npz,32,1000,cuda,cuda,1,1,0.001244,0.003161,0.000000
313,data/imagenet.npz,32,1000,cuda,cuda,1,1,0.001244,0.001787,0.000000
314,data/imagenet.npz,32,1000,cuda,cuda,1,1,0.001249,0.004169,0.000000
315,data/imagenet.npz,32,1000,cuda,cuda,1,1,0.001233,0.003396,0.000000
316,data/imagenet.npz,32,1000,cuda,cuda,1,1,0.001232,0.003268,0.000000
317,data/imagenet.npz,32,1000,cuda,cuda,1,1,0.001244,0.003421,0.000000
318,data/imagenet.npz,32,1000,cuda,cuda,1,1,0.001252,0.005783,0.000000
319,data/imagenet.npz,32,1000,cuda,cuda,1,1,0.001255,0.011604,0.000000
320,data/imagenet.npz,32,1000,cuda,cuda,1,1,0.001250,0.003245,0.000000
321,data/imagenet.npz,32,1000,cuda,cuda,1,1,0.001249,0.004366,0.000000
322,data/imagenet.npz,32,1000,cuda,cuda,1,1,0.001248,0.003026,0.000000
323,data/imagenet.npz,32,1000,cuda,cuda,1,1,0.001245,0.002905,0.000000
324,data/imagenet.npz,32,1000,cuda,cuda,1,1,0.001251,0.002378,0.000000
325,data/imagenet.npz,32,1000,cuda,cuda,1,1,0.001247,0.004063,0.000000
326,data/imagenet.npz,32,1000,cuda,cuda,1,1,0.001300,0.002896,0.000000
327,data/imagenet.npz,32,1000,cuda,cuda,1,1,0.001264,0.001960,0.000000
328,data/imagenet.npz,32,1000,cuda,cuda,1,1,0.001248,0.002043,0.000000
329,data/imagenet.npz,32,1000,cuda,cuda,1,1,0.001294,0.002170,0.000000
330,data/imagenet.npz,32,1000,cuda,cuda,1,1,0.001247,0.002834,0.000000
331,data/imagenet.npz,32,1000,cuda,cuda,1,1,0.001247,0.002070,0.000000
332,data/imagenet.npz,32,1000,cuda,cuda,1,1,0.001253,0.003300,0.000000
333,data/imagenet.npz,32,1000,cuda,cuda,1,1,0.001267,0.003326,0.000000
334,data/imagenet.npz,32,1000,cuda,cuda,1,1,0.001245,0.003528,0.000000
335,data/imagenet.npz,32,1000,cuda,cuda,1,1,0.001272,0.003092,0.000000
336,data/imagenet.npz,32,1000,cuda,cuda,1,1,0.001256,0.002533,0.000000
337,data/imagenet.npz,32,1000,cuda,cuda,1,1,0.001250,0.002913,0.000000
338,data/imagenet.npz,32,1000,cuda,cuda,1,1,0.001255,0.002887,0.000000
339,data/imagenet.npz,32,1000,cuda,cuda,1,1,0.001245,0.003261,0.000000
340,data/imagenet.npz,32,1000,cuda,cuda,1,1,0.001250,0.002957,0.000000
341,data/imagenet.npz,32,1000,cuda,cuda,1,1,0.001277,0.003606,0.000000
342,data/imagenet.npz,32,1000,cuda,cuda,1,1,0.001273,0.007441,0.000000
343,data/imagenet.npz,32,1000,cuda,cuda,1,1,0.001260,0.003282,0.000000
344,data/imagenet.npz,32,1000,cuda,cuda,1,1,0.001256,0.000517,0.000000
345,data/imagenet.npz,32,1000,cuda,cuda,1,1,0.001247,0.002885,0.000000
346,data/imagenet.npz,32,1000,cuda,cuda,1,1,0.001252,0.003401,0.000000
347,data/imagenet.npz,32,1000,cuda,cuda,1,1,0.001250,0.000565,0.000000
348,data/imagenet.npz,32,1000,cuda,cuda,1,1,0.001324,0.015315,0.000000
349,data/imagenet.npz,32,1000,cuda,cuda,1,1,0.001265,0.001613,0.000000
350,data/imagenet.npz,32,1000,cuda,cuda,1,1,0.001252,0.001114,0.000000
351,data/imagenet.npz,32,1000,cuda,cuda,1,1,0.001241,0.002891,0.000000
352,data/imagenet.npz,32,1000,cuda,cuda,1,1,0.001240,0.003338,0.000000
353,data/imagenet.npz,32,1000,cuda,cuda,1,1,0.001241,0.004142,0.000000
354,data/imagenet.npz,32,1000,cuda,cuda,1,1,0.001254,0.003460,0.000000
355,data/imagenet.npz,32,1000,cuda,cuda,1,1,0.001239,0.000409,0.000000
356,data/imagenet.npz,32,1000,cuda,cuda,1,1,0.001249,0.002820,0.000000
357,data/imagenet.npz,32,1000,cuda,cuda,1,1,0.001240,0.003388,0.000000
358,data/imagenet.npz,32,1000,cuda,cuda,1,1,0.001251,0.003319,0.000000
359,data/imagenet.npz,32,1000,cuda,cuda,1,1,0.001237,0.001363,0.000000
360,data/imagenet.npz,32,1000,cuda,cuda,1,1,0.001241,0.003407,0.000000
361,data/imagenet.npz,32,1000,cuda,cuda,1,1,0.001252,0.003271,0.000000
362,data/imagenet.npz,32,1000,cuda,cuda,1,1,0.001236,0.003256,0.000000
363,data/imagenet.npz,32,1000,cuda,cuda,1,1,0.001310,0.003422,0.000000
364,data/imagenet.npz,32,1000,cuda,cuda,1,1,0.001236,0.006526,0.000000
365,data/imagenet.npz,32,1000,cuda,cuda,1,1,0.001349,0.002524,0.000000
366,data/imagenet.npz,32,1000,cuda,cuda,1,1,0.001233,0.003533,0.000000
367,data/imagenet.npz,32,1000,cuda,cuda,1,1,0.001267,0.008011,0.000000
368,data/imagenet.npz,32,1000,cuda,cuda,1,1,0.001259,0.003364,0.000000
369,data/imagenet.npz,32,1000,cuda,cuda,1,1,0.001269,0.003327,0.000000
370,data/imagenet.npz,32,1000,cuda,cuda,1,1,0.001250,0.009443,0.000000
371,data/imagenet.npz,32,1000,cuda,cuda,1,1,0.001240,0.003465,0.000000
372,data/imagenet.npz,32,1000,cuda,cuda,1,1,0.001248,0.000431,0.000000
373,data/imagenet.npz,32,1000,cuda,cuda,1,1,0.001239,0.003076,0.000000
374,data/imagenet.npz,32,1000,cuda,cuda,1,1,0.001248,0.002713,0.000000
375,data/imagenet.npz,32,1000,cuda,cuda,1,1,0.003016,0.056563,0.000000
376,data/imagenet.npz,32,1000,cuda,cuda,1,1,0.001244,0.004198,0.000000
377,data/imagenet.npz,32,1000,cuda,cuda,1,1,0.001241,0.003402,0.000000
378,data/imagenet.npz,32,1000,cuda,cuda,1,1,0.001245,0.003297,0.000000
379,data/imagenet.npz,32,1000,cuda,cuda,1,1,0.001251,0.003372,0.000000
380,data/imagenet.npz,32,1000,cuda,cuda,1,1,0.001315,0.002889,0.000000
381,data/imagenet.npz,32,1000,cuda,cuda,1,1,0.001238,0.004090,0.000000
382,data/imagenet.npz,32,1000,cuda,cuda,1,1,0.001231,0.003355,0.000000
383,data/imagenet.npz,32,1000,cuda,cuda,1,1,0.001287,0.000761,0.000000
384,data/imagenet.npz,32,1000,cuda,cuda,1,1,0.001257,0.003362,0.000000
385,data/imagenet.npz,32,1000,cuda,cuda,1,1,0.001246,0.003709,0.000000
386,data/imagenet.npz,32,1000,cuda,cuda,1,1,0.001274,0.003138,0.000000
387,data/imagenet.npz,32,1000,cuda,cuda,1,1,0.001250,0.003370,0.000000
388,data/imagenet.npz,32,1000,cuda,cuda,1,1,0.001261,0.000419,0.000000
389,data/imagenet.npz,32,1000,cuda,cuda,1,1,0.001218,0.003426,0.000000
390,data/imagenet.npz,32,1000,cuda,cuda,1,1,0.001264,0.002917,0.000000
391,data/imagenet.npz,32,1000,cuda,cuda,1,1,0.001233,0.002870,0.000000
392,data/imagenet.npz,32,1000,cuda,cuda,1,1,0.001234,0.003364,0.000000
393,data/imagenet.npz,32,1000,cuda,cuda,1,1,0.001254,0.000922,0.000000
394,data/imagenet.npz,32,1000,cuda,cuda,1,1,0.001242,0.002505,0.000000
395,data/imagenet.npz,32,1000,cuda,cuda,1,1,0.001262,0.004412,0.000000
396,data/imagenet.npz,32,1000,cuda,cuda,1,1,0.001234,0.003378,0.000000
397,data/imagenet.npz,32,1000,cuda,cuda,1,1,0.001260,0.003794,0.000000
398,data/imagenet.npz,32,1000,cuda,cuda,1,1,0.001258,0.003338,0.000000
399,data/imagenet.npz,32,1000,cuda,cuda,1,1,0.001252,0.002980,0.000000
400,data/imagenet.npz,32,1000,cuda,cuda,1,1,0.001252,0.002885,0.000000
401,data/imagenet.npz,32,1000,cuda,cuda,1,1,0.001243,0.002764,0.000000
402,data/imagenet.npz,32,1000,cuda,cuda,1,1,0.001249,0.001833,0.000000
403,data/imagenet.npz,32,1000,cuda,cuda,1,1,0.001245,0.003112,0.000000
404,data/imagenet.npz,32,1000,cuda,cuda,1,1,0.001244,0.004677,0.000000
405,data/imagenet.npz,32,1000,cuda,cuda,1,1,0.001263,0.000643,0.000000
406,data/imagenet.npz,32,1000,cuda,cuda,1,1,0.001246,0.002843,0.000000
407,data/imagenet.npz,32,1000,cuda,cuda,1,1,0.001256,0.003411,0.000000
408,data/imagenet.npz,32,1000,cuda,cuda,1,1,0.001238,0.002863,0.000000
409,data/imagenet.npz,32,1000,cuda,cuda,1,1,0.001244,0.002883,0.000000
410,data/imagenet.npz,32,1000,cuda,cuda,1,1,0.001249,0.002890,0.000000
411,data/imagenet.npz,32,1000,cuda,cuda,1,1,0.001247,0.003299,0.000000
412,data/imagenet.npz,32,1000,cuda,cuda,1,1,0.001242,0.003679,0.000000
413,data/imagenet.npz,32,1000,cuda,cuda,1,1,0.001260,0.002951,0.000000
414,data/imagenet.npz,32,1000,cuda,cuda,1,1,0.001251,0.000764,0.000000
415,data/imagenet.npz,32,1000,cuda,cuda,1,1,0.001240,0.002927,0.000000
416,data/imagenet.npz,32,1000,cuda,cuda,1,1,0.001235,0.007684,0.000000
417,data/imagenet.npz,32,1000,cuda,cuda,1,1,0.001251,0.000908,0.000000
418,data/imagenet.npz,32,1000,cuda,cuda,1,1,0.001237,0.003380,0.000000
419,data/imagenet.npz,32,1000,cuda,cuda,1,1,0.001228,0.003381,0.000000
420,data/imagenet.npz,32,1000,cuda,cuda,1,1,0.001245,0.003359,0.000000
421,data/imagenet.npz,32,1000,cuda,cuda,1,1,0.001299,0.004478,0.000000
422,data/imagenet.npz,32,1000,cuda,cuda,1,1,0.001235,0.002917,0.000000
423,data/imagenet.npz,32,1000,cuda,cuda,1,1,0.001234,0.007934,0.000000
424,data/imagenet.npz,32,1000,cuda,cuda,1,1,0.001287,0.003171,0.000000
425,data/imagenet.npz,32,1000,cuda,cuda,1,1,0.001261,0.001980,0.000000
426,data/imagenet.npz,32,1000,cuda,cuda,1,1,0.001245,0.003361,0.000000
427,data/imagenet.npz,32,1000,cuda,cuda,1,1,0.001254,0.000421,0.000000
428,data/imagenet.npz,32,1000,cuda,cuda,1,1,0.001238,0.003351,0.000000
429,data/imagenet.npz,32,1000,cuda,cuda,1,1,0.001270,0.002975,0.000000
430,data/imagenet.npz,32,1000,cuda,cuda,1,1,0.001240,0.005655,0.000000
431,data/imagenet.npz,32,1000,cuda,cuda,1,1,0.001239,0.003314,0.000000
432,data/imagenet.npz,32,1000,cuda,cuda,1,1,0.001244,0.002887,0.000000
433,data/imagenet.npz,32,1000,cuda,cuda,1,1,0.001252,0.002989,0.000000
434,data/imagenet.npz,32,1000,cuda,cuda,1,1,0.001249,0.003274,0.000000
435,data/imagenet.npz,32,1000,cuda,cuda,1,1,0.001254,0.003390,0.000000
436,data/imagenet.npz,32,1000,cuda,cuda,1,1,0.001248,0.002631,0.000000
437,data/imagenet.npz,32,1000,cuda,cuda,1,1,0.001250,0.003509,0.000000
438,data/imagenet.npz,32,1000,cuda,cuda,1,1,0.001244,0.003373,0.000000
439,data/imagenet.npz,32,1000,cuda,cuda,1,1,0.001241,0.003041,0.000000
440,data/imagenet.npz,32,1000,cuda,cuda,1,1,0.001242,0.000553,0.000000
441,data/imagenet.npz,32,1000,cuda,cuda,1,1,0.001243,0.002746,0.000000
442,data/imagenet.npz,32,1000,cuda,cuda,1,1,0.001247,0.003527,0.000000
443,data/imagenet.npz,32,1000,cuda,cuda,1,1,0.001257,0.004218,0.000000
444,data/imagenet.npz,32,1000,cuda,cuda,1,1,0.001248,0.002921,0.000000
445,data/imagenet.npz,32,1000,cuda,cuda,1,1,0.001256,0.003100,0.000000
446,data/imagenet.npz,32,1000,cuda,cuda,1,1,0.001247,0.004828,0.000000
447,data/imagenet.npz,32,1000,cuda,cuda,1,1,0.001253,0.003099,0.000000
448,data/imagenet.npz,32,1000,cuda,cuda,1,1,0.001248,0.002872,0.000000
449,data/imagenet.npz,32,1000,cuda,cuda,1,1,0.001236,0.004095,0.000000
450,data/imagenet.npz,32,1000,cuda,cuda,1,1,0.001231,0.003353,0.000000
451,data/imagenet.npz,32,1000,cuda,cuda,1,1,0.001243,0.005051,0.000000
452,data/imagenet.npz,32,1000,cuda,cuda,1,1,0.001247,0.004177,0.000000
453,data/imagenet.npz,32,1000,cuda,cuda,1,1,0.001259,0.006531,0.000000
454,data/imagenet.npz,32,1000,cuda,cuda,1,1,0.001280,0.003126,0.000000
455,data/imagenet.npz,32,1000,cuda,cuda,1,1,0.001266,0.003300,0.000000
456,data/imagenet.npz,32,1000,cuda,cuda,1,1,0.001325,0.002905,0.000000
457,data/imagenet.npz,32,1000,cuda,cuda,1,1,0.001239,0.002884,0.000000
458,data/imagenet.npz,32,1000,cuda,cuda,1,1,0.001236,0.002908,0.000000
459,data/imagenet.npz,32,1000,cuda,cuda,1,1,0.001282,0.003375,0.000000
460,data/imagenet.npz,32,1000,cuda,cuda,1,1,0.001238,0.003511,0.000000
461,data/imagenet.npz,32,1000,cuda,cuda,1,1,0.001243,0.001313,0.000000
462,data/imagenet.npz,32,1000,cuda,cuda,1,1,0.001242,0.003486,0.000000
463,data/imagenet.npz,32,1000,cuda,cuda,1,1,0.001241,0.006403,0.000000
464,data/imagenet.npz,32,1000,cuda,cuda,1,1,0.001276,0.003124,0.000000
465,data/imagenet.npz,32,1000,cuda,cuda,1,1,0.001234,0.003283,0.000000
466,data/imagenet.npz,32,1000,cuda,cuda,1,1,0.001237,0.003255,0.000000
467,data/imagenet.npz,32,1000,cuda,cuda,1,1,0.001253,0.003381,0.000000
468,data/imagenet.npz,32,1000,cuda,cuda,1,1,0.001245,0.000705,0.000000
469,data/imagenet.npz,32,1000,cuda,cuda,1,1,0.001242,0.003334,0.000000
470,data/imagenet.npz,32,1000,cuda,cuda,1,1,0.001257,0.003269,0.000000
471,data/imagenet.npz,32,1000,cuda,cuda,1,1,0.001256,0.003373,0.000000
472,data/imagenet.npz,32,1000,cuda,cuda,1,1,0.001243,0.003671,0.000000
473,data/imagenet.npz,32,1000,cuda,cuda,1,1,0.001243,0.002852,0.000000
474,data/imagenet.npz,32,1000,cuda,cuda,1,1,0.001246,0.002577,0.000000
475,data/imagenet.npz,32,1000,cuda,cuda,1,1,0.001237,0.003352,0.000000
476,data/imagenet.npz,32,1000,cuda,cuda,1,1,0.001238,0.000420,0.000000
477,data/imagenet.npz,32,1000,cuda,cuda,1,1,0.001234,0.002933,0.000000
478,data/imagenet.npz,32,1000,cuda,cuda,1,1,0.001239,0.002897,0.000000
479,data/imagenet.npz,32,1000,cuda,cuda,1,1,0.001241,0.003367,0.000000
480,data/imagenet.npz,32,1000,cuda,cuda,1,1,0.001251,0.004082,0.000000
481,data/imagenet.npz,32,1000,cuda,cuda,1,1,0.001232,0.003383,0.000000
482,data/imagenet.npz,32,1000,cuda,cuda,1,1,0.001229,0.003216,0.000000
483,data/imagenet.npz,32,1000,cuda,cuda,1,1,0.001235,0.003182,0.000000
484,data/imagenet.npz,32,1000,cuda,cuda,1,1,0.001238,0.001409,0.000000
485,data/imagenet.npz,32,1000,cuda,cuda,1,1,0.001237,0.003128,0.000000
486,data/imagenet.npz,32,1000,cuda,cuda,1,1,0.001246,0.007358,0.000000
487,data/imagenet.npz,32,1000,cuda,cuda,1,1,0.002405,0.041492,0.000000
488,data/imagenet.npz,32,1000,cuda,cuda,1,1,0.001408,0.003143,0.000000
489,data/imagenet.npz,32,1000,cuda,cuda,1,1,0.001284,0.000804,0.000000
490,data/imagenet.npz,32,1000,cuda,cuda,1,1,0.001232,0.003347,0.000000
491,data/imagenet.npz,32,1000,cuda,cuda,1,1,0.001275,0.007202,0.000000
492,data/imagenet.npz,32,1000,cuda,cuda,1,1,0.001245,0.004023,0.000000
493,data/imagenet.npz,32,1000,cuda,cuda,1,1,0.001243,0.003004,0.000000
494,data/imagenet.npz,32,1000,cuda,cuda,1,1,0.001261,0.003494,0.000000
495,data/imagenet.npz,32,1000,cuda,cuda,1,1,0.001270,0.002884,0.000000
496,data/imagenet.npz,32,1000,cuda,cuda,1,1,0.001259,0.003011,0.000000
497,data/imagenet.npz,32,1000,cuda,cuda,1,1,0.001234,0.003180,0.000000
498,data/imagenet.npz,32,1000,cuda,cuda,1,1,0.001233,0.003455,0.000000
499,data/imagenet.npz,32,1000,cuda,cuda,1,1,0.001238,0.004168,0.000000
500,data/imagenet.npz,32,1000,cuda,cuda,1,1,0.001250,0.003240,0.000000
501,data/imagenet.npz,32,1000,cuda,cuda,1,1,0.001229,0.003302,0.000000
502,data/imagenet.npz,32,1000,cuda,cuda,1,1,0.001246,0.003261,0.000000
503,data/imagenet.npz,32,1000,cuda,cuda,1,1,0.001238,0.003576,0.000000
504,data/imagenet.npz,32,1000,cuda,cuda,1,1,0.001260,0.002102,0.000000
505,data/imagenet.npz,32,1000,cuda,cuda,1,1,0.001232,0.003089,0.000000
506,data/imagenet.npz,32,1000,cuda,cuda,1,1,0.001262,0.012760,0.000000
507,data/imagenet.npz,32,1000,cuda,cuda,1,1,0.001251,0.003278,0.000000
508,data/imagenet.npz,32,1000,cuda,cuda,1,1,0.001260,0.003322,0.000000
509,data/imagenet.npz,32,1000,cuda,cuda,1,1,0.001338,0.017074,0.000000
510,data/imagenet.npz,32,1000,cuda,cuda,1,1,0.001244,0.004225,0.000000
511,data/imagenet.npz,32,1000,cuda,cuda,1,1,0.001233,0.001938,0.000000
512,data/imagenet.npz,32,1000,cuda,cuda,1,1,0.001238,0.002952,0.000000
513,data/imagenet.npz,32,1000,cuda,cuda,1,1,0.001228,0.002668,0.000000
514,data/imagenet.npz,32,1000,cuda,cuda,1,1,0.001304,0.004529,0.000000
515,data/imagenet.npz,32,1000,cuda,cuda,1,1,0.001251,0.007140,0.000000
516,data/imagenet.npz,32,1000,cuda,cuda,1,1,0.001308,0.000980,0.000000
517,data/imagenet.npz,32,1000,cuda,cuda,1,1,0.001235,0.003865,0.000000
518,data/imagenet.npz,32,1000,cuda,cuda,1,1,0.001251,0.002869,0.000000
519,data/imagenet.npz,32,1000,cuda,cuda,1,1,0.001269,0.000403,0.000000
520,data/imagenet.npz,32,1000,cuda,cuda,1,1,0.001234,0.003974,0.000000
521,data/imagenet.npz,32,1000,cuda,cuda,1,1,0.001237,0.003266,0.000000
522,data/imagenet.npz,32,1000,cuda,cuda,1,1,0.001249,0.002914,0.000000
523,data/imagenet.npz,32,1000,cuda,cuda,1,1,0.001256,0.002945,0.000000
524,data/imagenet.npz,32,1000,cuda,cuda,1,1,0.001230,0.007998,0.000000
525,data/imagenet.npz,32,1000,cuda,cuda,1,1,0.001254,0.007427,0.000000
526,data/imagenet.npz,32,1000,cuda,cuda,1,1,0.001259,0.003286,0.000000
527,data/imagenet.npz,32,1000,cuda,cuda,1,1,0.001262,0.002873,0.000000
528,data/imagenet.npz,32,1000,cuda,cuda,1,1,0.001263,0.003358,0.000000
529,data/imagenet.npz,32,1000,cuda,cuda,1,1,0.001238,0.011221,0.000000
530,data/imagenet.npz,32,1000,cuda,cuda,1,1,0.001243,0.003387,0.000000
531,data/imagenet.npz,32,1000,cuda,cuda,1,1,0.001247,0.002948,0.000000
532,data/imagenet.npz,32,1000,cuda,cuda,1,1,0.001261,0.003129,0.000000
533,data/imagenet.npz,32,1000,cuda,cuda,1,1,0.001242,0.003279,0.000000
534,data/imagenet.npz,32,1000,cuda,cuda,1,1,0.001237,0.003394,0.000000
535,data/imagenet.npz,32,1000,cuda,cuda,1,1,0.001242,0.004168,0.000000
536,data/imagenet.npz,32,1000,cuda,cuda,1,1,0.001252,0.003244,0.000000
537,data/imagenet.npz,32,1000,cuda,cuda,1,1,0.001251,0.003513,0.000000
538,data/imagenet.npz,32,1000,cuda,cuda,1,1,0.001237,0.003350,0.000000
539,data/imagenet.npz,32,1000,cuda,cuda,1,1,0.001232,0.003383,0.000000
540,data/imagenet.npz,32,1000,cuda,cuda,1,1,0.001235,0.002959,0.000000
541,data/imagenet.npz,32,1000,cuda,cuda,1,1,0.001231,0.002905,0.000000
542,data/imagenet.npz,32,1000,cuda,cuda,1,1,0.001229,0.003195,0.000000
543,data/imagenet.npz,32,1000,cuda,cuda,1,1,0.001298,0.002955,0.000000
544,data/imagenet.npz,32,1000,cuda,cuda,1,1,0.001252,0.004575,0.000000
545,data/imagenet.npz,32,1000,cuda,cuda,1,1,0.001342,0.003385,0.000000
546,data/imagenet.npz,32,1000,cuda,cuda,1,1,0.001249,0.003131,0.000000
547,data/imagenet.npz,32,1000,cuda,cuda,1,1,0.001257,0.006781,0.000000
548,data/imagenet.npz,32,1000,cuda,cuda,1,1,0.001260,0.002919,0.000000
549,data/imagenet.npz,32,1000,cuda,cuda,1,1,0.001241,0.004417,0.000000
550,data/imagenet.npz,32,1000,cuda,cuda,1,1,0.001251,0.003127,0.000000
551,data/imagenet.npz,32,1000,cuda,cuda,1,1,0.001240,0.003342,0.000000
552,data/imagenet.npz,32,1000,cuda,cuda,1,1,0.001246,0.003458,0.000000
553,data/imagenet.npz,32,1000,cuda,cuda,1,1,0.001240,0.002998,0.000000
554,data/imagenet.npz,32,1000,cuda,cuda,1,1,0.001242,0.005702,0.000000
555,data/imagenet.npz,32,1000,cuda,cuda,1,1,0.001232,0.002840,0.000000
556,data/imagenet.npz,32,1000,cuda,cuda,1,1,0.001259,0.005549,0.000000
557,data/imagenet.npz,32,1000,cuda,cuda,1,1,0.001249,0.002893,0.000000
558,data/imagenet.npz,32,1000,cuda,cuda,1,1,0.001232,0.002884,0.000000
559,data/imagenet.npz,32,1000,cuda,cuda,1,1,0.001239,0.003403,0.000000
560,data/imagenet.npz,32,1000,cuda,cuda,1,1,0.001256,0.004222,0.000000
561,data/imagenet.npz,32,1000,cuda,cuda,1,1,0.001244,0.002979,0.000000
562,data/imagenet.npz,32,1000,cuda,cuda,1,1,0.001253,0.003430,0.000000
563,data/imagenet.npz,32,1000,cuda,cuda,1,1,0.001258,0.002860,0.000000
564,data/imagenet.npz,32,1000,cuda,cuda,1,1,0.001269,0.003644,0.000000
565,data/imagenet.npz,32,1000,cuda,cuda,1,1,0.001234,0.004208,0.000000
566,data/imagenet.npz,32,1000,cuda,cuda,1,1,0.001240,0.003116,0.000000
567,data/imagenet.npz,32,1000,cuda,cuda,1,1,0.001256,0.002942,0.000000
568,data/imagenet.npz,32,1000,cuda,cuda,1,1,0.001242,0.003122,0.000000
569,data/imagenet.npz,32,1000,cuda,cuda,1,1,0.001238,0.003067,0.000000
570,data/imagenet.npz,32,1000,cuda,cuda,1,1,0.001242,0.002109,0.000000
571,data/imagenet.npz,32,1000,cuda,cuda,1,1,0.001240,0.007993,0.000000
572,data/imagenet.npz,32,1000,cuda,cuda,1,1,0.001245,0.000708,0.000000
573,data/imagenet.npz,32,1000,cuda,cuda,1,1,0.001256,0.003396,0.000000
574,data/imagenet.npz,32,1000,cuda,cuda,1,1,0.001240,0.000787,0.000000
575,data/imagenet.npz,32,1000,cuda,cuda,1,1,0.001246,0.004640,0.000000
576,data/imagenet.npz,32,1000,cuda,cuda,1,1,0.001249,0.001136,0.000000
577,data/imagenet.npz,32,1000,cuda,cuda,1,1,0.001307,0.003385,0.000000
578,data/imagenet.npz,32,1000,cuda,cuda,1,1,0.001224,0.003478,0.000000
579,data/imagenet.npz,32,1000,cuda,cuda,1,1,0.001242,0.003245,0.000000
580,data/imagenet.npz,32,1000,cuda,cuda,1,1,0.001289,0.001500,0.000000
581,data/imagenet.npz,32,1000,cuda,cuda,1,1,0.001242,0.002884,0.000000
582,data/imagenet.npz,32,1000,cuda,cuda,1,1,0.001245,0.005114,0.000000
583,data/imagenet.npz,32,1000,cuda,cuda,1,1,0.001271,0.003288,0.000000
584,data/imagenet.npz,32,1000,cuda,cuda,1,1,0.001245,0.000784,0.000000
585,data/imagenet.npz,32,1000,cuda,cuda,1,1,0.001248,0.003359,0.000000
586,data/imagenet.npz,32,1000,cuda,cuda,1,1,0.002336,0.039082,0.000000
587,data/imagenet.npz,32,1000,cuda,cuda,1,1,0.001254,0.009287,0.000000
588,data/imagenet.npz,32,1000,cuda,cuda,1,1,0.001237,0.005391,0.000000
589,data/imagenet.npz,32,1000,cuda,cuda,1,1,0.001237,0.003290,0.000000
590,data/imagenet.npz,32,1000,cuda,cuda,1,1,0.001260,0.002947,0.000000
591,data/imagenet.npz,32,1000,cuda,cuda,1,1,0.001250,0.009276,0.000000
592,data/imagenet.npz,32,1000,cuda,cuda,1,1,0.001247,0.003532,0.000000
593,data/imagenet.npz,32,1000,cuda,cuda,1,1,0.001237,0.004312,0.000000
594,data/imagenet.npz,32,1000,cuda,cuda,1,1,0.001236,0.003303,0.000000
595,data/imagenet.npz,32,1000,cuda,cuda,1,1,0.001245,0.005716,0.000000
596,data/imagenet.npz,32,1000,cuda,cuda,1,1,0.001280,0.003072,0.000000
597,data/imagenet.npz,32,1000,cuda,cuda,1,1,0.001239,0.003470,0.000000
598,data/imagenet.npz,32,1000,cuda,cuda,1,1,0.001403,0.002593,0.000000
599,data/imagenet.npz,32,1000,cuda,cuda,1,1,0.001239,0.003388,0.000000
600,data/imagenet.npz,32,1000,cuda,cuda,1,1,0.001254,0.003101,0.000000
601,data/imagenet.npz,32,1000,cuda,cuda,1,1,0.001275,0.002892,0.000000
602,data/imagenet.npz,32,1000,cuda,cuda,1,1,0.001245,0.003259,0.000000
603,data/imagenet.npz,32,1000,cuda,cuda,1,1,0.001245,0.004791,0.000000
604,data/imagenet.npz,32,1000,cuda,cuda,1,1,0.001249,0.003263,0.000000
605,data/imagenet.npz,32,1000,cuda,cuda,1,1,0.001248,0.004827,0.000000
606,data/imagenet.npz,32,1000,cuda,cuda,1,1,0.001251,0.003293,0.000000
607,data/imagenet.npz,32,1000,cuda,cuda,1,1,0.001250,0.003218,0.000000
608,data/imagenet.npz,32,1000,cuda,cuda,1,1,0.001246,0.003463,0.000000
609,data/imagenet.npz,32,1000,cuda,cuda,1,1,0.001233,0.001932,0.000000
610,data/imagenet.npz,32,1000,cuda,cuda,1,1,0.001254,0.002983,0.000000
611,data/imagenet.npz,32,1000,cuda,cuda,1,1,0.001235,0.003388,0.000000
612,data/imagenet.npz,32,1000,cuda,cuda,1,1,0.001235,0.003482,0.000000
613,data/imagenet.npz,32,1000,cuda,cuda,1,1,0.001240,0.004350,0.000000
614,data/imagenet.npz,32,1000,cuda,cuda,1,1,0.001236,0.003232,0.000000
615,data/imagenet.npz,32,1000,cuda,cuda,1,1,0.001244,0.002484,0.000000
616,data/imagenet.npz,32,1000,cuda,cuda,1,1,0.001243,0.003339,0.000000
617,data/imagenet.npz,32,1000,cuda,cuda,1,1,0.001253,0.003339,0.000000
618,data/imagenet.npz,32,1000,cuda,cuda,1,1,0.001243,0.001225,0.000000
619,data/imagenet.npz,32,1000,cuda,cuda,1,1,0.001241,0.001652,0.000000
620,data/imagenet.npz,32,1000,cuda,cuda,1,1,0.001261,0.003200,0.000000
621,data/imagenet.npz,32,1000,cuda,cuda,1,1,0.001243,0.003160,0.000000
622,data/imagenet.npz,32,1000,cuda,cuda,1,1,0.001234,0.003166,0.000000
623,data/imagenet.npz,32,1000,cuda,cuda,1,1,0.001236,0.002978,0.000000
624,data/imagenet.npz,32,1000,cuda,cuda,1,1,0.001249,0.002916,0.000000
625,data/imagenet.npz,32,1000,cuda,cuda,1,1,0.001243,0.005600,0.000000
626,data/imagenet.npz,32,1000,cuda,cuda,1,1,0.001266,0.003123,0.000000
627,data/imagenet.npz,32,1000,cuda,cuda,1,1,0.001243,0.002338,0.000000
628,data/imagenet.npz,32,1000,cuda,cuda,1,1,0.001245,0.001420,0.000000
629,data/imagenet.npz,32,1000,cuda,cuda,1,1,0.001235,0.002207,0.000000
630,data/imagenet.npz,32,1000,cuda,cuda,1,1,0.001260,0.002829,0.000000
631,data/imagenet.npz,32,1000,cuda,cuda,1,1,0.001241,0.003369,0.000000
632,data/imagenet.npz,32,1000,cuda,cuda,1,1,0.001242,0.002948,0.000000
633,data/imagenet.npz,32,1000,cuda,cuda,1,1,0.001243,0.003365,0.000000
634,data/imagenet.npz,32,1000,cuda,cuda,1,1,0.001305,0.004963,0.000000
635,data/imagenet.npz,32,1000,cuda,cuda,1,1,0.001257,0.002300,0.000000
636,data/imagenet.npz,32,1000,cuda,cuda,1,1,0.001345,0.002636,0.000000
637,data/imagenet.npz,32,1000,cuda,cuda,1,1,0.001239,0.003032,0.000000
638,data/imagenet.npz,32,1000,cuda,cuda,1,1,0.001242,0.003279,0.000000
639,data/imagenet.npz,32,1000,cuda,cuda,1,1,0.001374,0.018113,0.000000
640,data/imagenet.npz,32,1000,cuda,cuda,1,1,0.001294,0.002191,0.000000
641,data/imagenet.npz,32,1000,cuda,cuda,1,1,0.001248,0.003298,0.000000
642,data/imagenet.npz,32,1000,cuda,cuda,1,1,0.001256,0.003324,0.000000
643,data/imagenet.npz,32,1000,cuda,cuda,1,1,0.001242,0.003399,0.000000
644,data/imagenet.npz,32,1000,cuda,cuda,1,1,0.001241,0.003365,0.000000
645,data/imagenet.npz,32,1000,cuda,cuda,1,1,0.001231,0.001137,0.000000
646,data/imagenet.npz,32,1000,cuda,cuda,1,1,0.001239,0.001462,0.000000
647,data/imagenet.npz,32,1000,cuda,cuda,1,1,0.001244,0.002876,0.000000
648,data/imagenet.npz,32,1000,cuda,cuda,1,1,0.001251,0.001229,0.000000
649,data/imagenet.npz,32,1000,cuda,cuda,1,1,0.001245,0.003285,0.000000
650,data/imagenet.npz,32,1000,cuda,cuda,1,1,0.001240,0.003257,0.000000
651,data/imagenet.npz,32,1000,cuda,cuda,1,1,0.001243,0.003495,0.000000
652,data/imagenet.npz,32,1000,cuda,cuda,1,1,0.001256,0.003540,0.000000
653,data/imagenet.npz,32,1000,cuda,cuda,1,1,0.001240,0.003102,0.000000
654,data/imagenet.npz,32,1000,cuda,cuda,1,1,0.001238,0.000734,0.000000
655,data/imagenet.npz,32,1000,cuda,cuda,1,1,0.001241,0.004831,0.000000
656,data/imagenet.npz,32,1000,cuda,cuda,1,1,0.001232,0.003185,0.000000
657,data/imagenet.npz,32,1000,cuda,cuda,1,1,0.001232,0.002921,0.000000
658,data/imagenet.npz,32,1000,cuda,cuda,1,1,0.001245,0.003342,0.000000
659,data/imagenet.npz,32,1000,cuda,cuda,1,1,0.001244,0.002139,0.000000
660,data/imagenet.npz,32,1000,cuda,cuda,1,1,0.001245,0.002897,0.000000
661,data/imagenet.npz,32,1000,cuda,cuda,1,1,0.001246,0.003353,0.000000
662,data/imagenet.npz,32,1000,cuda,cuda,1,1,0.001234,0.003603,0.000000
663,data/imagenet.npz,32,1000,cuda,cuda,1,1,0.001238,0.003029,0.000000
664,data/imagenet.npz,32,1000,cuda,cuda,1,1,0.001247,0.004963,0.000000
665,data/imagenet.npz,32,1000,cuda,cuda,1,1,0.001239,0.003151,0.000000
666,data/imagenet.npz,32,1000,cuda,cuda,1,1,0.001245,0.003281,0.000000
667,data/imagenet.npz,32,1000,cuda,cuda,1,1,0.001832,0.029431,0.000000
668,data/imagenet.npz,32,1000,cuda,cuda,1,1,0.001383,0.000732,0.000000
669,data/imagenet.npz,32,1000,cuda,cuda,1,1,0.001245,0.003214,0.000000
670,data/imagenet.npz,32,1000,cuda,cuda,1,1,0.001247,0.002941,0.000000
671,data/imagenet.npz,32,1000,cuda,cuda,1,1,0.001233,0.001795,0.000000
672,data/imagenet.npz,32,1000,cuda,cuda,1,1,0.001241,0.003042,0.000000
673,data/imagenet.npz,32,1000,cuda,cuda,1,1,0.001251,0.003270,0.000000
674,data/imagenet.npz,32,1000,cuda,cuda,1,1,0.001254,0.003943,0.000000
675,data/imagenet.npz,32,1000,cuda,cuda,1,1,0.001260,0.002890,0.000000
676,data/imagenet.npz,32,1000,cuda,cuda,1,1,0.001255,0.002802,0.000000
677,data/imagenet.npz,32,1000,cuda,cuda,1,1,0.001254,0.000433,0.000000
678,data/imagenet.npz,32,1000,cuda,cuda,1,1,0.001235,0.001662,0.000000
679,data/imagenet.npz,32,1000,cuda,cuda,1,1,0.001246,0.003491,0.000000
680,data/imagenet.npz,32,1000,cuda,cuda,1,1,0.001245,0.002891,0.000000
681,data/imagenet.npz,32,1000,cuda,cuda,1,1,0.001229,0.000423,0.000000
682,data/imagenet.npz,32,1000,cuda,cuda,1,1,0.001227,0.001161,0.000000
683,data/imagenet.npz,32,1000,cuda,cuda,1,1,0.001244,0.002859,0.000000
684,data/imagenet.npz,32,1000,cuda,cuda,1,1,0.001241,0.002842,0.000000
685,data/imagenet.npz,32,1000,cuda,cuda,1,1,0.001227,0.002802,0.000000
686,data/imagenet.npz,32,1000,cuda,cuda,1,1,0.001232,0.003391,0.000000
687,data/imagenet.npz,32,1000,cuda,cuda,1,1,0.001238,0.005171,0.000000
688,data/imagenet.npz,32,1000,cuda,cuda,1,1,0.001250,0.003427,0.000000
689,data/imagenet.npz,32,1000,cuda,cuda,1,1,0.001231,0.003469,0.000000
690,data/imagenet.npz,32,1000,cuda,cuda,1,1,0.001244,0.003454,0.000000
691,data/imagenet.npz,32,1000,cuda,cuda,1,1,0.001237,0.003014,0.000000
692,data/imagenet.npz,32,1000,cuda,cuda,1,1,0.001239,0.004042,0.000000
693,data/imagenet.npz,32,1000,cuda,cuda,1,1,0.001228,0.003329,0.000000
694,data/imagenet.npz,32,1000,cuda,cuda,1,1,0.001241,0.003336,0.000000
695,data/imagenet.npz,32,1000,cuda,cuda,1,1,0.001258,0.001817,0.000000
696,data/imagenet.npz,32,1000,cuda,cuda,1,1,0.001476,0.020953,0.000000
697,data/imagenet.npz,32,1000,cuda,cuda,1,1,0.001326,0.001407,0.000000
698,data/imagenet.npz,32,1000,cuda,cuda,1,1,0.001241,0.001757,0.000000
699,data/imagenet.npz,32,1000,cuda,cuda,1,1,0.001331,0.017153,0.000000
700,data/imagenet.npz,32,1000,cuda,cuda,1,1,0.001334,0.001933,0.000000
701,data/imagenet.npz,32,1000,cuda,cuda,1,1,0.001252,0.002893,0.000000
702,data/imagenet.npz,32,1000,cuda,cuda,1,1,0.001244,0.003175,0.000000
703,data/imagenet.npz,32,1000,cuda,cuda,1,1,0.001243,0.011268,0.000000
704,data/imagenet.npz,32,1000,cuda,cuda,1,1,0.001245,0.003290,0.000000
705,data/imagenet.npz,32,1000,cuda,cuda,1,1,0.001271,0.002181,0.000000
706,data/imagenet.npz,32,1000,cuda,cuda,1,1,0.001230,0.003304,0.000000
707,data/imagenet.npz,32,1000,cuda,cuda,1,1,0.001256,0.003373,0.000000
708,data/imagenet.npz,32,1000,cuda,cuda,1,1,0.001232,0.003002,0.000000
709,data/imagenet.npz,32,1000,cuda,cuda,1,1,0.001239,0.003376,0.000000
710,data/imagenet.npz,32,1000,cuda,cuda,1,1,0.001244,0.003358,0.000000
711,data/imagenet.npz,32,1000,cuda,cuda,1,1,0.001234,0.003263,0.000000
712,data/imagenet.npz,32,1000,cuda,cuda,1,1,0.001241,0.003400,0.000000
713,data/imagenet.npz,32,1000,cuda,cuda,1,1,0.001241,0.003364,0.000000
714,data/imagenet.npz,32,1000,cuda,cuda,1,1,0.001230,0.003297,0.000000
715,data/imagenet.npz,32,1000,cuda,cuda,1,1,0.001243,0.003406,0.000000
716,data/imagenet.npz,32,1000,cuda,cuda,1,1,0.001244,0.003535,0.000000
717,data/imagenet.npz,32,1000,cuda,cuda,1,1,0.001248,0.003333,0.000000
718,data/imagenet.npz,32,1000,cuda,cuda,1,1,0.001255,0.003382,0.000000
719,data/imagenet.npz,32,1000,cuda,cuda,1,1,0.001252,0.002921,0.000000
720,data/imagenet.npz,32,1000,cuda,cuda,1,1,0.001253,0.002828,0.000000
721,data/imagenet.npz,32,1000,cuda,cuda,1,1,0.001233,0.003494,0.000000
722,data/imagenet.npz,32,1000,cuda,cuda,1,1,0.001263,0.002971,0.000000
723,data/imagenet.npz,32,1000,cuda,cuda,1,1,0.001242,0.002507,0.000000
724,data/imagenet.npz,32,1000,cuda,cuda,1,1,0.001254,0.002114,0.000000
725,data/imagenet.npz,32,1000,cuda,cuda,1,1,0.001236,0.002574,0.000000
726,data/imagenet.npz,32,1000,cuda,cuda,1,1,0.001244,0.001426,0.000000
727,data/imagenet.npz,32,1000,cuda,cuda,1,1,0.001254,0.003365,0.000000
728,data/imagenet.npz,32,1000,cuda,cuda,1,1,0.001252,0.003375,0.000000
729,data/imagenet.npz,32,1000,cuda,cuda,1,1,0.001264,0.001002,0.000000
730,data/imagenet.npz,32,1000,cuda,cuda,1,1,0.001236,0.003406,0.000000
731,data/imagenet.npz,32,1000,cuda,cuda,1,1,0.001258,0.002860,0.000000
732,data/imagenet.npz,32,1000,cuda,cuda,1,1,0.001242,0.002738,0.000000
733,data/imagenet.npz,32,1000,cuda,cuda,1,1,0.001331,0.004801,0.000000
734,data/imagenet.npz,32,1000,cuda,cuda,1,1,0.001238,0.003286,0.000000
735,data/imagenet.npz,32,1000,cuda,cuda,1,1,0.001270,0.002895,0.000000
736,data/imagenet.npz,32,1000,cuda,cuda,1,1,0.001234,0.002877,0.000000
737,data/imagenet.npz,32,1000,cuda,cuda,1,1,0.001240,0.003251,0.000000
738,data/imagenet.npz,32,1000,cuda,cuda,1,1,0.001261,0.002941,0.000000
739,data/imagenet.npz,32,1000,cuda,cuda,1,1,0.001245,0.005649,0.000000
740,data/imagenet.npz,32,1000,cuda,cuda,1,1,0.001236,0.002886,0.000000
741,data/imagenet.npz,32,1000,cuda,cuda,1,1,0.001236,0.003402,0.000000
742,data/imagenet.npz,32,1000,cuda,cuda,1,1,0.001240,0.000574,0.000000
743,data/imagenet.npz,32,1000,cuda,cuda,1,1,0.001220,0.002901,0.000000
744,data/imagenet.npz,32,1000,cuda,cuda,1,1,0.001234,0.002773,0.000000
745,data/imagenet.npz,32,1000,cuda,cuda,1,1,0.001234,0.003287,0.000000
746,data/imagenet.npz,32,1000,cuda,cuda,1,1,0.001246,0.002977,0.000000
747,data/imagenet.npz,32,1000,cuda,cuda,1,1,0.001248,0.003201,0.000000
748,data/imagenet.npz,32,1000,cuda,cuda,1,1,0.001227,0.001591,0.000000
749,data/imagenet.npz,32,1000,cuda,cuda,1,1,0.001240,0.005538,0.000000
750,data/imagenet.npz,32,1000,cuda,cuda,1,1,0.001248,0.000852,0.000000
751,data/imagenet.npz,32,1000,cuda,cuda,1,1,0.001232,0.002939,0.000000
752,data/imagenet.npz,32,1000,cuda,cuda,1,1,0.001237,0.003342,0.000000
753,data/imagenet.npz,32,1000,cuda,cuda,1,1,0.001245,0.004835,0.000000
754,data/imagenet.npz,32,1000,cuda,cuda,1,1,0.001256,0.002297,0.000000
755,data/imagenet.npz,32,1000,cuda,cuda,1,1,0.001237,0.003061,0.000000
756,data/imagenet.npz,32,1000,cuda,cuda,1,1,0.001242,0.003330,0.000000
757,data/imagenet.npz,32,1000,cuda,cuda,1,1,0.001248,0.003413,0.000000
758,data/imagenet.npz,32,1000,cuda,cuda,1,1,0.001239,0.003331,0.000000
759,data/imagenet.npz,32,1000,cuda,cuda,1,1,0.001234,0.003327,0.000000
760,data/imagenet.npz,32,1000,cuda,cuda,1,1,0.001223,0.002885,0.000000
761,data/imagenet.npz,32,1000,cuda,cuda,1,1,0.001241,0.003280,0.000000
762,data/imagenet.npz,32,1000,cuda,cuda,1,1,0.001252,0.003366,0.000000
763,data/imagenet.npz,32,1000,cuda,cuda,1,1,0.001243,0.003929,0.000000
764,data/imagenet.npz,32,1000,cuda,cuda,1,1,0.001246,0.003139,0.000000
765,data/imagenet.npz,32,1000,cuda,cuda,1,1,0.001234,0.002947,0.000000
766,data/imagenet.npz,32,1000,cuda,cuda,1,1,0.001241,0.006943,0.000000
767,data/imagenet.npz,32,1000,cuda,cuda,1,1,0.001237,0.000821,0.000000
768,data/imagenet.npz,32,1000,cuda,cuda,1,1,0.001238,0.001990,0.000000
769,data/imagenet.npz,32,1000,cuda,cuda,1,1,0.001236,0.003033,0.000000
770,data/imagenet.npz,32,1000,cuda,cuda,1,1,0.001237,0.005699,0.000000
771,data/imagenet.npz,32,1000,cuda,cuda,1,1,0.001299,0.004439,0.000000
772,data/imagenet.npz,32,1000,cuda,cuda,1,1,0.001358,0.003301,0.000000
773,data/imagenet.npz,32,1000,cuda,cuda,1,1,0.001240,0.005676,0.000000
774,data/imagenet.npz,32,1000,cuda,cuda,1,1,0.001276,0.002878,0.000000
775,data/imagenet.npz,32,1000,cuda,cuda,1,1,0.001235,0.004499,0.000000
776,data/imagenet.npz,32,1000,cuda,cuda,1,1,0.001239,0.003385,0.000000
777,data/imagenet.npz,32,1000,cuda,cuda,1,1,0.001247,0.003398,0.000000
778,data/imagenet.npz,32,1000,cuda,cuda,1,1,0.001256,0.003015,0.000000
779,data/imagenet.npz,32,1000,cuda,cuda,1,1,0.001240,0.003541,0.000000
780,data/imagenet.npz,32,1000,cuda,cuda,1,1,0.001239,0.003336,0.000000
781,data/imagenet.npz,32,1000,cuda,cuda,1,1,0.001244,0.001836,0.000000
782,data/imagenet.npz,32,1000,cuda,cuda,1,1,0.001234,0.002992,0.000000
783,data/imagenet.npz,32,1000,cuda,cuda,1,1,0.001245,0.002927,0.000000
784,data/imagenet.npz,32,1000,cuda,cuda,1,1,0.001236,0.003271,0.000000
785,data/imagenet.npz,32,1000,cuda,cuda,1,1,0.001238,0.002870,0.000000
786,data/imagenet.npz,32,1000,cuda,cuda,1,1,0.001232,0.003519,0.000000
787,data/imagenet.npz,32,1000,cuda,cuda,1,1,0.001243,0.002863,0.000000
788,data/imagenet.npz,32,1000,cuda,cuda,1,1,0.001241,0.001401,0.000000
789,data/imagenet.npz,32,1000,cuda,cuda,1,1,0.001250,0.003500,0.000000
790,data/imagenet.npz,32,1000,cuda,cuda,1,1,0.001240,0.003149,0.000000
791,data/imagenet.npz,32,1000,cuda,cuda,1,1,0.001244,0.002136,0.000000
792,data/imagenet.npz,32,1000,cuda,cuda,1,1,0.001238,0.003342,0.000000
793,data/imagenet.npz,32,1000,cuda,cuda,1,1,0.001238,0.003327,0.000000
794,data/imagenet.npz,32,1000,cuda,cuda,1,1,0.001257,0.002619,0.000000
795,data/imagenet.npz,32,1000,cuda,cuda,1,1,0.001234,0.002897,0.000000
796,data/imagenet.npz,32,1000,cuda,cuda,1,1,0.001238,0.002834,0.000000
797,data/imagenet.npz,32,1000,cuda,cuda,1,1,0.001232,0.002926,0.000000
798,data/imagenet.npz,32,1000,cuda,cuda,1,1,0.001229,0.002547,0.000000
799,data/imagenet.npz,32,1000,cuda,cuda,1,1,0.001248,0.007287,0.000000
800,data/imagenet.npz,32,1000,cuda,cuda,1,1,0.001240,0.003467,0.000000
801,data/imagenet.npz,32,1000,cuda,cuda,1,1,0.001254,0.001053,0.000000
802,data/imagenet.npz,32,1000,cuda,cuda,1,1,0.001238,0.001445,0.000000
803,data/imagenet.npz,32,1000,cuda,cuda,1,1,0.001231,0.003400,0.000000
804,data/imagenet.npz,32,1000,cuda,cuda,1,1,0.001243,0.003363,0.000000
805,data/imagenet.npz,32,1000,cuda,cuda,1,1,0.001251,0.000510,0.000000
806,data/imagenet.npz,32,1000,cuda,cuda,1,1,0.001233,0.002321,0.000000
807,data/imagenet.npz,32,1000,cuda,cuda,1,1,0.001236,0.003321,0.000000
808,data/imagenet.npz,32,1000,cuda,cuda,1,1,0.001308,0.003443,0.000000
809,data/imagenet.npz,32,1000,cuda,cuda,1,1,0.001229,0.003374,0.000000
810,data/imagenet.npz,32,1000,cuda,cuda,1,1,0.001235,0.005045,0.000000
811,data/imagenet.npz,32,1000,cuda,cuda,1,1,0.001299,0.003236,0.000000
812,data/imagenet.npz,32,1000,cuda,cuda,1,1,0.001241,0.003079,0.000000
813,data/imagenet.npz,32,1000,cuda,cuda,1,1,0.001268,0.003102,0.000000
814,data/imagenet.npz,32,1000,cuda,cuda,1,1,0.001244,0.002895,0.000000
815,data/imagenet.npz,32,1000,cuda,cuda,1,1,0.001241,0.000452,0.000000
816,data/imagenet.npz,32,1000,cuda,cuda,1,1,0.001234,0.003085,0.000000
817,data/imagenet.npz,32,1000,cuda,cuda,1,1,0.001249,0.003278,0.000000
818,data/imagenet.npz,32,1000,cuda,cuda,1,1,0.001237,0.003313,0.000000
819,data/imagenet.npz,32,1000,cuda,cuda,1,1,0.001239,0.002910,0.000000
820,data/imagenet.npz,32,1000,cuda,cuda,1,1,0.001237,0.004868,0.000000
821,data/imagenet.npz,32,1000,cuda,cuda,1,1,0.001223,0.003166,0.000000
822,data/imagenet.npz,32,1000,cuda,cuda,1,1,0.001247,0.003107,0.000000
823,data/imagenet.npz,32,1000,cuda,cuda,1,1,0.001225,0.002886,0.000000
824,data/imagenet.npz,32,1000,cuda,cuda,1,1,0.001243,0.001182,0.000000
825,data/imagenet.npz,32,1000,cuda,cuda,1,1,0.001245,0.003252,0.000000
826,data/imagenet.npz,32,1000,cuda,cuda,1,1,0.001243,0.003759,0.000000
827,data/imagenet.npz,32,1000,cuda,cuda,1,1,0.001229,0.003579,0.000000
828,data/imagenet.npz,32,1000,cuda,cuda,1,1,0.001235,0.002909,0.000000
829,data/imagenet.npz,32,1000,cuda,cuda,1,1,0.001246,0.000472,0.000000
830,data/imagenet.npz,32,1000,cuda,cuda,1,1,0.001233,0.003342,0.000000
831,data/imagenet.npz,32,1000,cuda,cuda,1,1,0.001229,0.002874,0.000000
832,data/imagenet.npz,32,1000,cuda,cuda,1,1,0.001231,0.003530,0.000000
833,data/imagenet.npz,32,1000,cuda,cuda,1,1,0.001246,0.009224,0.000000
834,data/imagenet.npz,32,1000,cuda,cuda,1,1,0.001238,0.004455,0.000000
835,data/imagenet.npz,32,1000,cuda,cuda,1,1,0.001238,0.000815,0.000000
836,data/imagenet.npz,32,1000,cuda,cuda,1,1,0.001222,0.001165,0.000000
837,data/imagenet.npz,32,1000,cuda,cuda,1,1,0.001249,0.003364,0.000000
838,data/imagenet.npz,32,1000,cuda,cuda,1,1,0.001227,0.002899,0.000000
839,data/imagenet.npz,32,1000,cuda,cuda,1,1,0.001238,0.003901,0.000000
840,data/imagenet.npz,32,1000,cuda,cuda,1,1,0.001249,0.009007,0.000000
841,data/imagenet.npz,32,1000,cuda,cuda,1,1,0.001245,0.002800,0.000000
842,data/imagenet.npz,32,1000,cuda,cuda,1,1,0.001250,0.003180,0.000000
843,data/imagenet.npz,32,1000,cuda,cuda,1,1,0.001226,0.002899,0.000000
844,data/imagenet.npz,32,1000,cuda,cuda,1,1,0.001305,0.003410,0.000000
845,data/imagenet.npz,32,1000,cuda,cuda,1,1,0.001264,0.002514,0.000000
846,data/imagenet.npz,32,1000,cuda,cuda,1,1,0.001263,0.002552,0.000000
847,data/imagenet.npz,32,1000,cuda,cuda,1,1,0.001243,0.000562,0.000000
848,data/imagenet.npz,32,1000,cuda,cuda,1,1,0.001295,0.003155,0.000000
849,data/imagenet.npz,32,1000,cuda,cuda,1,1,0.001230,0.003191,0.000000
850,data/imagenet.npz,32,1000,cuda,cuda,1,1,0.001245,0.000769,0.000000
851,data/imagenet.npz,32,1000,cuda,cuda,1,1,0.004250,0.085668,0.000000
852,data/imagenet.npz,32,1000,cuda,cuda,1,1,0.001259,0.003156,0.000000
853,data/imagenet.npz,32,1000,cuda,cuda,1,1,0.001239,0.002882,0.000000
854,data/imagenet.npz,32,1000,cuda,cuda,1,1,0.001260,0.002931,0.000000
855,data/imagenet.npz,32,1000,cuda,cuda,1,1,0.001240,0.003301,0.000000
856,data/imagenet.npz,32,1000,cuda,cuda,1,1,0.001234,0.001262,0.000000
857,data/imagenet.npz,32,1000,cuda,cuda,1,1,0.001240,0.003447,0.000000
858,data/imagenet.npz,32,1000,cuda,cuda,1,1,0.001256,0.000414,0.000000
859,data/imagenet.npz,32,1000,cuda,cuda,1,1,0.001229,0.002939,0.000000
860,data/imagenet.npz,32,1000,cuda,cuda,1,1,0.001298,0.001562,0.000000
861,data/imagenet.npz,32,1000,cuda,cuda,1,1,0.001228,0.000515,0.000000
862,data/imagenet.npz,32,1000,cuda,cuda,1,1,0.001235,0.003647,0.000000
863,data/imagenet.npz,32,1000,cuda,cuda,1,1,0.001235,0.000417,0.000000
864,data/imagenet.npz,32,1000,cuda,cuda,1,1,0.001238,0.003279,0.000000
865,data/imagenet.npz,32,1000,cuda,cuda,1,1,0.001293,0.004066,0.000000
866,data/imagenet.npz,32,1000,cuda,cuda,1,1,0.001237,0.000835,0.000000
867,data/imagenet.npz,32,1000,cuda,cuda,1,1,0.001238,0.003847,0.000000
868,data/imagenet.npz,32,1000,cuda,cuda,1,1,0.001267,0.000435,0.000000
869,data/imagenet.npz,32,1000,cuda,cuda,1,1,0.001222,0.001161,0.000000
870,data/imagenet.npz,32,1000,cuda,cuda,1,1,0.001242,0.002905,0.000000
871,data/imagenet.npz,32,1000,cuda,cuda,1,1,0.001726,0.025973,0.000000
872,data/imagenet.npz,32,1000,cuda,cuda,1,1,0.001262,0.004186,0.000000
873,data/imagenet.npz,32,1000,cuda,cuda,1,1,0.001242,0.000438,0.000000
874,data/imagenet.npz,32,1000,cuda,cuda,1,1,0.002402,0.041441,0.000000
875,data/imagenet.npz,32,1000,cuda,cuda,1,1,0.001233,0.003338,0.000000
876,data/imagenet.npz,32,1000,cuda,cuda,1,1,0.001245,0.003460,0.000000
877,data/imagenet.npz,32,1000,cuda,cuda,1,1,0.001246,0.003316,0.000000
878,data/imagenet.npz,32,1000,cuda,cuda,1,1,0.001231,0.003398,0.000000
879,data/imagenet.npz,32,1000,cuda,cuda,1,1,0.001240,0.003140,0.000000
880,data/imagenet.npz,32,1000,cuda,cuda,1,1,0.001242,0.002202,0.000000
881,data/imagenet.npz,32,1000,cuda,cuda,1,1,0.001251,0.009347,0.000000
882,data/imagenet.npz,32,1000,cuda,cuda,1,1,0.001292,0.003362,0.000000
883,data/imagenet.npz,32,1000,cuda,cuda,1,1,0.001244,0.002854,0.000000
884,data/imagenet.npz,32,1000,cuda,cuda,1,1,0.001283,0.003531,0.000000
885,data/imagenet.npz,32,1000,cuda,cuda,1,1,0.001238,0.000424,0.000000
886,data/imagenet.npz,32,1000,cuda,cuda,1,1,0.001217,0.003420,0.000000
887,data/imagenet.npz,32,1000,cuda,cuda,1,1,0.001237,0.003383,0.000000
888,data/imagenet.npz,32,1000,cuda,cuda,1,1,0.001266,0.003375,0.000000
889,data/imagenet.npz,32,1000,cuda,cuda,1,1,0.001249,0.003202,0.000000
890,data/imagenet.npz,32,1000,cuda,cuda,1,1,0.001255,0.003306,0.000000
891,data/imagenet.npz,32,1000,cuda,cuda,1,1,0.001232,0.003402,0.000000
892,data/imagenet.npz,32,1000,cuda,cuda,1,1,0.001241,0.003443,0.000000
893,data/imagenet.npz,32,1000,cuda,cuda,1,1,0.001231,0.002902,0.000000
894,data/imagenet.npz,32,1000,cuda,cuda,1,1,0.001242,0.003056,0.000000
895,data/imagenet.npz,32,1000,cuda,cuda,1,1,0.001235,0.003047,0.000000
896,data/imagenet.npz,32,1000,cuda,cuda,1,1,0.001241,0.003828,0.000000
897,data/imagenet.npz,32,1000,cuda,cuda,1,1,0.001226,0.003304,0.000000
898,data/imagenet.npz,32,1000,cuda,cuda,1,1,0.001228,0.003342,0.000000
899,data/imagenet.npz,32,1000,cuda,cuda,1,1,0.001230,0.003314,0.000000
900,data/imagenet.npz,32,1000,cuda,cuda,1,1,0.001236,0.003134,0.000000
901,data/imagenet.npz,32,1000,cuda,cuda,1,1,0.001238,0.002918,0.000000
902,data/imagenet.npz,32,1000,cuda,cuda,1,1,0.001251,0.003418,0.000000
903,data/imagenet.npz,32,1000,cuda,cuda,1,1,0.001238,0.002484,0.000000
904,data/imagenet.npz,32,1000,cuda,cuda,1,1,0.001240,0.002111,0.000000
905,data/imagenet.npz,32,1000,cuda,cuda,1,1,0.001240,0.003317,0.000000
906,data/imagenet.npz,32,1000,cuda,cuda,1,1,0.001240,0.003450,0.000000
907,data/imagenet.npz,32,1000,cuda,cuda,1,1,0.001238,0.003346,0.000000
908,data/imagenet.npz,32,1000,cuda,cuda,1,1,0.001258,0.003015,0.000000
909,data/imagenet.npz,32,1000,cuda,cuda,1,1,0.001239,0.003254,0.000000
910,data/imagenet.npz,32,1000,cuda,cuda,1,1,0.001237,0.003376,0.000000
911,data/imagenet.npz,32,1000,cuda,cuda,1,1,0.001234,0.003021,0.000000
912,data/imagenet.npz,32,1000,cuda,cuda,1,1,0.001237,0.003858,0.000000
913,data/imagenet.npz,32,1000,cuda,cuda,1,1,0.001245,0.003338,0.000000
914,data/imagenet.npz,32,1000,cuda,cuda,1,1,0.001241,0.001066,0.000000
915,data/imagenet.npz,32,1000,cuda,cuda,1,1,0.001226,0.003156,0.000000
916,data/imagenet.npz,32,1000,cuda,cuda,1,1,0.001256,0.003260,0.000000
917,data/imagenet.npz,32,1000,cuda,cuda,1,1,0.001249,0.003057,0.000000
918,data/imagenet.npz,32,1000,cuda,cuda,1,1,0.001236,0.002217,0.000000
919,data/imagenet.npz,32,1000,cuda,cuda,1,1,0.001249,0.003323,0.000000
920,data/imagenet.npz,32,1000,cuda,cuda,1,1,0.001235,0.004046,0.000000
921,data/imagenet.npz,32,1000,cuda,cuda,1,1,0.001240,0.003228,0.000000
922,data/imagenet.npz,32,1000,cuda,cuda,1,1,0.001243,0.003390,0.000000
923,data/imagenet.npz,32,1000,cuda,cuda,1,1,0.001304,0.003363,0.000000
924,data/imagenet.npz,32,1000,cuda,cuda,1,1,0.001235,0.002879,0.000000
925,data/imagenet.npz,32,1000,cuda,cuda,1,1,0.001242,0.002888,0.000000
926,data/imagenet.npz,32,1000,cuda,cuda,1,1,0.001302,0.002023,0.000000
927,data/imagenet.npz,32,1000,cuda,cuda,1,1,0.001241,0.002787,0.000000
928,data/imagenet.npz,32,1000,cuda,cuda,1,1,0.001240,0.003404,0.000000
929,data/imagenet.npz,32,1000,cuda,cuda,1,1,0.001265,0.002404,0.000000
930,data/imagenet.npz,32,1000,cuda,cuda,1,1,0.001234,0.002178,0.000000
931,data/imagenet.npz,32,1000,cuda,cuda,1,1,0.001235,0.002502,0.000000
932,data/imagenet.npz,32,1000,cuda,cuda,1,1,0.001231,0.003030,0.000000
933,data/imagenet.npz,32,1000,cuda,cuda,1,1,0.001260,0.001373,0.000000
934,data/imagenet.npz,32,1000,cuda,cuda,1,1,0.001236,0.003111,0.000000
935,data/imagenet.npz,32,1000,cuda,cuda,1,1,0.001246,0.002049,0.000000
936,data/imagenet.npz,32,1000,cuda,cuda,1,1,0.001254,0.002917,0.000000
937,data/imagenet.npz,32,1000,cuda,cuda,1,1,0.001241,0.003006,0.000000
938,data/imagenet.npz,32,1000,cuda,cuda,1,1,0.001237,0.004355,0.000000
939,data/imagenet.npz,32,1000,cuda,cuda,1,1,0.001247,0.002950,0.000000
940,data/imagenet.npz,32,1000,cuda,cuda,1,1,0.001233,0.003276,0.000000
941,data/imagenet.npz,32,1000,cuda,cuda,1,1,0.001241,0.003389,0.000000
942,data/imagenet.npz,32,1000,cuda,cuda,1,1,0.001235,0.003030,0.000000
943,data/imagenet.npz,32,1000,cuda,cuda,1,1,0.001245,0.003122,0.000000
944,data/imagenet.npz,32,1000,cuda,cuda,1,1,0.001236,0.002983,0.000000
945,data/imagenet.npz,32,1000,cuda,cuda,1,1,0.001229,0.003283,0.000000
946,data/imagenet.npz,32,1000,cuda,cuda,1,1,0.001235,0.002961,0.000000
947,data/imagenet.npz,32,1000,cuda,cuda,1,1,0.001241,0.003529,0.000000
948,data/imagenet.npz,32,1000,cuda,cuda,1,1,0.001224,0.003321,0.000000
949,data/imagenet.npz,32,1000,cuda,cuda,1,1,0.001249,0.003046,0.000000
950,data/imagenet.npz,32,1000,cuda,cuda,1,1,0.001235,0.003347,0.000000
951,data/imagenet.npz,32,1000,cuda,cuda,1,1,0.001246,0.003417,0.000000
952,data/imagenet.npz,32,1000,cuda,cuda,1,1,0.001243,0.003463,0.000000
953,data/imagenet.npz,32,1000,cuda,cuda,1,1,0.001254,0.002204,0.000000
954,data/imagenet.npz,32,1000,cuda,cuda,1,1,0.001243,0.001675,0.000000
955,data/imagenet.npz,32,1000,cuda,cuda,1,1,0.001239,0.002942,0.000000
956,data/imagenet.npz,32,1000,cuda,cuda,1,1,0.001236,0.003157,0.000000
957,data/imagenet.npz,32,1000,cuda,cuda,1,1,0.001242,0.002683,0.000000
958,data/imagenet.npz,32,1000,cuda,cuda,1,1,0.001242,0.002380,0.000000
959,data/imagenet.npz,32,1000,cuda,cuda,1,1,0.001237,0.003735,0.000000
960,data/imagenet.npz,32,1000,cuda,cuda,1,1,0.001260,0.002915,0.000000
961,data/imagenet.npz,32,1000,cuda,cuda,1,1,0.001245,0.002900,0.000000
962,data/imagenet.npz,32,1000,cuda,cuda,1,1,0.001225,0.002897,0.000000
963,data/imagenet.npz,32,1000,cuda,cuda,1,1,0.001296,0.003042,0.000000
964,data/imagenet.npz,32,1000,cuda,cuda,1,1,0.001244,0.002816,0.000000
965,data/imagenet.npz,32,1000,cuda,cuda,1,1,0.001245,0.002871,0.000000
966,data/imagenet.npz,32,1000,cuda,cuda,1,1,0.001235,0.003130,0.000000
967,data/imagenet.npz,32,1000,cuda,cuda,1,1,0.001288,0.003226,0.000000
968,data/imagenet.npz,32,1000,cuda,cuda,1,1,0.001246,0.002929,0.000000
969,data/imagenet.npz,32,1000,cuda,cuda,1,1,0.001244,0.003396,0.000000
970,data/imagenet.npz,32,1000,cuda,cuda,1,1,0.001258,0.003283,0.000000
971,data/imagenet.npz,32,1000,cuda,cuda,1,1,0.001237,0.001774,0.000000
972,data/imagenet.npz,32,1000,cuda,cuda,1,1,0.001241,0.000777,0.000000
973,data/imagenet.npz,32,1000,cuda,cuda,1,1,0.001360,0.003343,0.000000
974,data/imagenet.npz,32,1000,cuda,cuda,1,1,0.001238,0.000872,0.000000
975,data/imagenet.npz,32,1000,cuda,cuda,1,1,0.001233,0.003277,0.000000
976,data/imagenet.npz,32,1000,cuda,cuda,1,1,0.001255,0.003215,0.000000
977,data/imagenet.npz,32,1000,cuda,cuda,1,1,0.001223,0.003693,0.000000
978,data/imagenet.npz,32,1000,cuda,cuda,1,1,0.001237,0.002642,0.000000
979,data/imagenet.npz,32,1000,cuda,cuda,1,1,0.001234,0.003341,0.000000
980,data/imagenet.npz,32,1000,cuda,cuda,1,1,0.001240,0.003278,0.000000
981,data/imagenet.npz,32,1000,cuda,cuda,1,1,0.001240,0.003166,0.000000
982,data/imagenet.npz,32,1000,cuda,cuda,1,1,0.001234,0.003372,0.000000
983,data/imagenet.npz,32,1000,cuda,cuda,1,1,0.001232,0.003432,0.000000
984,data/imagenet.npz,32,1000,cuda,cuda,1,1,0.001242,0.003003,0.000000
985,data/imagenet.npz,32,1000,cuda,cuda,1,1,0.001240,0.000876,0.000000
986,data/imagenet.npz,32,1000,cuda,cuda,1,1,0.001255,0.011255,0.000000
987,data/imagenet.npz,32,1000,cuda,cuda,1,1,0.001236,0.003848,0.000000
988,data/imagenet.npz,32,1000,cuda,cuda,1,1,0.001237,0.001460,0.000000
989,data/imagenet.npz,32,1000,cuda,cuda,1,1,0.001240,0.003133,0.000000
990,data/imagenet.npz,32,1000,cuda,cuda,1,1,0.001238,0.003160,0.000000
991,data/imagenet.npz,32,1000,cuda,cuda,1,1,0.001236,0.002801,0.000000
992,data/imagenet.npz,32,1000,cuda,cuda,1,1,0.001232,0.002502,0.000000
993,data/imagenet.npz,32,1000,cuda,cuda,1,1,0.001216,0.003109,0.000000
994,data/imagenet.npz,32,1000,cuda,cuda,1,1,0.001242,0.004823,0.000000
995,data/imagenet.npz,32,1000,cuda,cuda,1,1,0.001227,0.003650,0.000000
996,data/imagenet.npz,32,1000,cuda,cuda,1,1,0.001246,0.003192,0.000000
997,data/imagenet.npz,32,1000,cuda,cuda,1,1,0.001238,0.002184,0.000000
998,data/imagenet.npz,32,1000,cuda,cuda,1,1,0.001221,0.003247,0.000000
999,data/imagenet.npz,32,1000,cuda,cuda,1,1,0.001237,0.001877,0.000000
