image_index,data_path,num_directions,num_timesteps,device_requested,device_used,batch_size,num_cores,complex_construction_time,computation_time,vectorization_time
0,data/imagenet.npz,4,100,cuda,cuda,1,1,0.072869,0.002635,0.000000
1,data/imagenet.npz,4,100,cuda,cuda,1,1,0.001295,0.003142,0.000000
2,data/imagenet.npz,4,100,cuda,cuda,1,1,0.001285,0.002635,0.000000
3,data/imagenet.npz,4,100,cuda,cuda,1,1,0.001290,0.002659,0.000000
4,data/imagenet.npz,4,100,cuda,cuda,1,1,0.001740,0.003073,0.000000
5,data/imagenet.npz,4,100,cuda,cuda,1,1,0.001276,0.002832,0.000000
6,data/imagenet.npz,4,100,cuda,cuda,1,1,0.001285,0.002602,0.000000
7,data/imagenet.npz,4,100,cuda,cuda,1,1,0.001331,0.002553,0.000000
8,data/imagenet.npz,4,100,cuda,cuda,1,1,0.001277,0.004902,0.000000
9,data/imagenet.npz,4,100,cuda,cuda,1,1,0.001577,0.002654,0.000000
10,data/imagenet.npz,4,100,cuda,cuda,1,1,0.001316,0.002613,0.000000
11,data/imagenet.npz,4,100,cuda,cuda,1,1,0.001775,0.001758,0.000000
12,data/imagenet.npz,4,100,cuda,cuda,1,1,0.001307,0.002925,0.000000
13,data/imagenet.npz,4,100,cuda,cuda,1,1,0.001363,0.002922,0.000000
14,data/imagenet.npz,4,100,cuda,cuda,1,1,0.001328,0.003099,0.000000
15,data/imagenet.npz,4,100,cuda,cuda,1,1,0.001326,0.002913,0.000000
16,data/imagenet.npz,4,100,cuda,cuda,1,1,0.001303,0.002926,0.000000
17,data/imagenet.npz,4,100,cuda,cuda,1,1,0.001325,0.002763,0.000000
18,data/imagenet.npz,4,100,cuda,cuda,1,1,0.001320,0.002674,0.000000
19,data/imagenet.npz,4,100,cuda,cuda,1,1,0.001308,0.001302,0.000000
20,data/imagenet.npz,4,100,cuda,cuda,1,1,0.001302,0.002970,0.000000
21,data/imagenet.npz,4,100,cuda,cuda,1,1,0.001304,0.002922,0.000000
22,data/imagenet.npz,4,100,cuda,cuda,1,1,0.001310,0.002660,0.000000
23,data/imagenet.npz,4,100,cuda,cuda,1,1,0.001294,0.002216,0.000000
24,data/imagenet.npz,4,100,cuda,cuda,1,1,0.001285,0.002924,0.000000
25,data/imagenet.npz,4,100,cuda,cuda,1,1,0.001302,0.001305,0.000000
26,data/imagenet.npz,4,100,cuda,cuda,1,1,0.001310,0.002148,0.000000
27,data/imagenet.npz,4,100,cuda,cuda,1,1,0.001306,0.002926,0.000000
28,data/imagenet.npz,4,100,cuda,cuda,1,1,0.001294,0.002661,0.000000
29,data/imagenet.npz,4,100,cuda,cuda,1,1,0.001298,0.002301,0.000000
30,data/imagenet.npz,4,100,cuda,cuda,1,1,0.001302,0.002934,0.000000
31,data/imagenet.npz,4,100,cuda,cuda,1,1,0.001298,0.002708,0.000000
32,data/imagenet.npz,4,100,cuda,cuda,1,1,0.001302,0.002924,0.000000
33,data/imagenet.npz,4,100,cuda,cuda,1,1,0.001301,0.000442,0.000000
34,data/imagenet.npz,4,100,cuda,cuda,1,1,0.001298,0.002657,0.000000
35,data/imagenet.npz,4,100,cuda,cuda,1,1,0.001304,0.002918,0.000000
36,data/imagenet.npz,4,100,cuda,cuda,1,1,0.001287,0.002743,0.000000
37,data/imagenet.npz,4,100,cuda,cuda,1,1,0.001288,0.003923,0.000000
38,data/imagenet.npz,4,100,cuda,cuda,1,1,0.001773,0.014846,0.000000
39,data/imagenet.npz,4,100,cuda,cuda,1,1,0.001317,0.002864,0.000000
40,data/imagenet.npz,4,100,cuda,cuda,1,1,0.001306,0.002928,0.000000
41,data/imagenet.npz,4,100,cuda,cuda,1,1,0.001306,0.002657,0.000000
42,data/imagenet.npz,4,100,cuda,cuda,1,1,0.001307,0.000442,0.000000
43,data/imagenet.npz,4,100,cuda,cuda,1,1,0.001311,0.002928,0.000000
44,data/imagenet.npz,4,100,cuda,cuda,1,1,0.001294,0.003107,0.000000
45,data/imagenet.npz,4,100,cuda,cuda,1,1,0.001362,0.002934,0.000000
46,data/imagenet.npz,4,100,cuda,cuda,1,1,0.001320,0.004317,0.000000
47,data/imagenet.npz,4,100,cuda,cuda,1,1,0.001310,0.002930,0.000000
48,data/imagenet.npz,4,100,cuda,cuda,1,1,0.001388,0.002912,0.000000
49,data/imagenet.npz,4,100,cuda,cuda,1,1,0.001329,0.003106,0.000000
50,data/imagenet.npz,4,100,cuda,cuda,1,1,0.001308,0.003145,0.000000
51,data/imagenet.npz,4,100,cuda,cuda,1,1,0.001503,0.002931,0.000000
52,data/imagenet.npz,4,100,cuda,cuda,1,1,0.001308,0.002784,0.000000
53,data/imagenet.npz,4,100,cuda,cuda,1,1,0.001304,0.004413,0.000000
54,data/imagenet.npz,4,100,cuda,cuda,1,1,0.001348,0.006642,0.000000
55,data/imagenet.npz,4,100,cuda,cuda,1,1,0.001333,0.002930,0.000000
56,data/imagenet.npz,4,100,cuda,cuda,1,1,0.001325,0.003528,0.000000
57,data/imagenet.npz,4,100,cuda,cuda,1,1,0.001322,0.002750,0.000000
58,data/imagenet.npz,4,100,cuda,cuda,1,1,0.001317,0.002638,0.000000
59,data/imagenet.npz,4,100,cuda,cuda,1,1,0.001317,0.002916,0.000000
60,data/imagenet.npz,4,100,cuda,cuda,1,1,0.001317,0.002102,0.000000
61,data/imagenet.npz,4,100,cuda,cuda,1,1,0.001311,0.002392,0.000000
62,data/imagenet.npz,4,100,cuda,cuda,1,1,0.001306,0.002655,0.000000
63,data/imagenet.npz,4,100,cuda,cuda,1,1,0.001324,0.007668,0.000000
64,data/imagenet.npz,4,100,cuda,cuda,1,1,0.001311,0.002712,0.000000
65,data/imagenet.npz,4,100,cuda,cuda,1,1,0.001303,0.002726,0.000000
66,data/imagenet.npz,4,100,cuda,cuda,1,1,0.001304,0.002700,0.000000
67,data/imagenet.npz,4,100,cuda,cuda,1,1,0.001323,0.002914,0.000000
68,data/imagenet.npz,4,100,cuda,cuda,1,1,0.001307,0.002780,0.000000
69,data/imagenet.npz,4,100,cuda,cuda,1,1,0.001300,0.002612,0.000000
70,data/imagenet.npz,4,100,cuda,cuda,1,1,0.001307,0.002897,0.000000
71,data/imagenet.npz,4,100,cuda,cuda,1,1,0.001298,0.002953,0.000000
72,data/imagenet.npz,4,100,cuda,cuda,1,1,0.001305,0.002924,0.000000
73,data/imagenet.npz,4,100,cuda,cuda,1,1,0.001294,0.002926,0.000000
74,data/imagenet.npz,4,100,cuda,cuda,1,1,0.001309,0.002918,0.000000
75,data/imagenet.npz,4,100,cuda,cuda,1,1,0.001298,0.004748,0.000000
76,data/imagenet.npz,4,100,cuda,cuda,1,1,0.001314,0.004265,0.000000
77,data/imagenet.npz,4,100,cuda,cuda,1,1,0.001313,0.002932,0.000000
78,data/imagenet.npz,4,100,cuda,cuda,1,1,0.001307,0.002640,0.000000
79,data/imagenet.npz,4,100,cuda,cuda,1,1,0.001309,0.002654,0.000000
80,data/imagenet.npz,4,100,cuda,cuda,1,1,0.001302,0.002921,0.000000
81,data/imagenet.npz,4,100,cuda,cuda,1,1,0.001302,0.003742,0.000000
82,data/imagenet.npz,4,100,cuda,cuda,1,1,0.001306,0.002919,0.000000
83,data/imagenet.npz,4,100,cuda,cuda,1,1,0.001310,0.002926,0.000000
84,data/imagenet.npz,4,100,cuda,cuda,1,1,0.001292,0.002920,0.000000
85,data/imagenet.npz,4,100,cuda,cuda,1,1,0.001357,0.002656,0.000000
86,data/imagenet.npz,4,100,cuda,cuda,1,1,0.001307,0.003127,0.000000
87,data/imagenet.npz,4,100,cuda,cuda,1,1,0.001314,0.003769,0.000000
88,data/imagenet.npz,4,100,cuda,cuda,1,1,0.001418,0.003255,0.000000
89,data/imagenet.npz,4,100,cuda,cuda,1,1,0.001315,0.002929,0.000000
90,data/imagenet.npz,4,100,cuda,cuda,1,1,0.001289,0.002620,0.000000
91,data/imagenet.npz,4,100,cuda,cuda,1,1,0.001300,0.002301,0.000000
92,data/imagenet.npz,4,100,cuda,cuda,1,1,0.001523,0.002615,0.000000
93,data/imagenet.npz,4,100,cuda,cuda,1,1,0.001322,0.002493,0.000000
94,data/imagenet.npz,4,100,cuda,cuda,1,1,0.001330,0.002935,0.000000
95,data/imagenet.npz,4,100,cuda,cuda,1,1,0.001373,0.003271,0.000000
96,data/imagenet.npz,4,100,cuda,cuda,1,1,0.001324,0.002638,0.000000
97,data/imagenet.npz,4,100,cuda,cuda,1,1,0.001310,0.002603,0.000000
98,data/imagenet.npz,4,100,cuda,cuda,1,1,0.001369,0.002047,0.000000
99,data/imagenet.npz,4,100,cuda,cuda,1,1,0.001324,0.000451,0.000000
100,data/imagenet.npz,4,100,cuda,cuda,1,1,0.001311,0.002653,0.000000
101,data/imagenet.npz,4,100,cuda,cuda,1,1,0.001325,0.007612,0.000000
102,data/imagenet.npz,4,100,cuda,cuda,1,1,0.001310,0.002978,0.000000
103,data/imagenet.npz,4,100,cuda,cuda,1,1,0.001317,0.002940,0.000000
104,data/imagenet.npz,4,100,cuda,cuda,1,1,0.001322,0.002604,0.000000
105,data/imagenet.npz,4,100,cuda,cuda,1,1,0.001324,0.002924,0.000000
106,data/imagenet.npz,4,100,cuda,cuda,1,1,0.001312,0.002631,0.000000
107,data/imagenet.npz,4,100,cuda,cuda,1,1,0.001312,0.003867,0.000000
108,data/imagenet.npz,4,100,cuda,cuda,1,1,0.001302,0.002703,0.000000
109,data/imagenet.npz,4,100,cuda,cuda,1,1,0.001306,0.002134,0.000000
110,data/imagenet.npz,4,100,cuda,cuda,1,1,0.001331,0.002659,0.000000
111,data/imagenet.npz,4,100,cuda,cuda,1,1,0.001352,0.012772,0.000000
112,data/imagenet.npz,4,100,cuda,cuda,1,1,0.001306,0.002925,0.000000
113,data/imagenet.npz,4,100,cuda,cuda,1,1,0.001306,0.002638,0.000000
114,data/imagenet.npz,4,100,cuda,cuda,1,1,0.001300,0.002657,0.000000
115,data/imagenet.npz,4,100,cuda,cuda,1,1,0.001306,0.001948,0.000000
116,data/imagenet.npz,4,100,cuda,cuda,1,1,0.001310,0.002678,0.000000
117,data/imagenet.npz,4,100,cuda,cuda,1,1,0.001299,0.002656,0.000000
118,data/imagenet.npz,4,100,cuda,cuda,1,1,0.001319,0.002888,0.000000
119,data/imagenet.npz,4,100,cuda,cuda,1,1,0.001824,0.001030,0.000000
120,data/imagenet.npz,4,100,cuda,cuda,1,1,0.001311,0.008060,0.000000
121,data/imagenet.npz,4,100,cuda,cuda,1,1,0.001303,0.002596,0.000000
122,data/imagenet.npz,4,100,cuda,cuda,1,1,0.001298,0.002626,0.000000
123,data/imagenet.npz,4,100,cuda,cuda,1,1,0.001302,0.002635,0.000000
124,data/imagenet.npz,4,100,cuda,cuda,1,1,0.001306,0.002917,0.000000
125,data/imagenet.npz,4,100,cuda,cuda,1,1,0.001316,0.002931,0.000000
126,data/imagenet.npz,4,100,cuda,cuda,1,1,0.001306,0.001980,0.000000
127,data/imagenet.npz,4,100,cuda,cuda,1,1,0.001382,0.002984,0.000000
128,data/imagenet.npz,4,100,cuda,cuda,1,1,0.001310,0.002467,0.000000
129,data/imagenet.npz,4,100,cuda,cuda,1,1,0.001311,0.002658,0.000000
130,data/imagenet.npz,4,100,cuda,cuda,1,1,0.001310,0.002919,0.000000
131,data/imagenet.npz,4,100,cuda,cuda,1,1,0.001346,0.002969,0.000000
132,data/imagenet.npz,4,100,cuda,cuda,1,1,0.001313,0.008270,0.000000
133,data/imagenet.npz,4,100,cuda,cuda,1,1,0.001516,0.000560,0.000000
134,data/imagenet.npz,4,100,cuda,cuda,1,1,0.001311,0.002649,0.000000
135,data/imagenet.npz,4,100,cuda,cuda,1,1,0.001321,0.002922,0.000000
136,data/imagenet.npz,4,100,cuda,cuda,1,1,0.001382,0.002656,0.000000
137,data/imagenet.npz,4,100,cuda,cuda,1,1,0.001322,0.002655,0.000000
138,data/imagenet.npz,4,100,cuda,cuda,1,1,0.001298,0.003012,0.000000
139,data/imagenet.npz,4,100,cuda,cuda,1,1,0.001309,0.002791,0.000000
140,data/imagenet.npz,4,100,cuda,cuda,1,1,0.001338,0.002632,0.000000
141,data/imagenet.npz,4,100,cuda,cuda,1,1,0.001325,0.003407,0.000000
142,data/imagenet.npz,4,100,cuda,cuda,1,1,0.001318,0.010898,0.000000
143,data/imagenet.npz,4,100,cuda,cuda,1,1,0.001306,0.001441,0.000000
144,data/imagenet.npz,4,100,cuda,cuda,1,1,0.001304,0.002782,0.000000
145,data/imagenet.npz,4,100,cuda,cuda,1,1,0.001308,0.002931,0.000000
146,data/imagenet.npz,4,100,cuda,cuda,1,1,0.001315,0.003239,0.000000
147,data/imagenet.npz,4,100,cuda,cuda,1,1,0.001308,0.002932,0.000000
148,data/imagenet.npz,4,100,cuda,cuda,1,1,0.001303,0.001987,0.000000
149,data/imagenet.npz,4,100,cuda,cuda,1,1,0.001304,0.001292,0.000000
150,data/imagenet.npz,4,100,cuda,cuda,1,1,0.001296,0.002280,0.000000
151,data/imagenet.npz,4,100,cuda,cuda,1,1,0.001304,0.001296,0.000000
152,data/imagenet.npz,4,100,cuda,cuda,1,1,0.001319,0.001528,0.000000
153,data/imagenet.npz,4,100,cuda,cuda,1,1,0.001309,0.002925,0.000000
154,data/imagenet.npz,4,100,cuda,cuda,1,1,0.001313,0.002660,0.000000
155,data/imagenet.npz,4,100,cuda,cuda,1,1,0.001299,0.002646,0.000000
156,data/imagenet.npz,4,100,cuda,cuda,1,1,0.001327,0.002423,0.000000
157,data/imagenet.npz,4,100,cuda,cuda,1,1,0.001318,0.003531,0.000000
158,data/imagenet.npz,4,100,cuda,cuda,1,1,0.001314,0.002639,0.000000
159,data/imagenet.npz,4,100,cuda,cuda,1,1,0.001311,0.002986,0.000000
160,data/imagenet.npz,4,100,cuda,cuda,1,1,0.001318,0.008279,0.000000
161,data/imagenet.npz,4,100,cuda,cuda,1,1,0.001289,0.002643,0.000000
162,data/imagenet.npz,4,100,cuda,cuda,1,1,0.001305,0.003011,0.000000
163,data/imagenet.npz,4,100,cuda,cuda,1,1,0.001302,0.002659,0.000000
164,data/imagenet.npz,4,100,cuda,cuda,1,1,0.001309,0.002850,0.000000
165,data/imagenet.npz,4,100,cuda,cuda,1,1,0.001304,0.003178,0.000000
166,data/imagenet.npz,4,100,cuda,cuda,1,1,0.001293,0.002658,0.000000
167,data/imagenet.npz,4,100,cuda,cuda,1,1,0.001363,0.002650,0.000000
168,data/imagenet.npz,4,100,cuda,cuda,1,1,0.001312,0.002663,0.000000
169,data/imagenet.npz,4,100,cuda,cuda,1,1,0.001283,0.004187,0.000000
170,data/imagenet.npz,4,100,cuda,cuda,1,1,0.001351,0.002902,0.000000
171,data/imagenet.npz,4,100,cuda,cuda,1,1,0.001305,0.003613,0.000000
172,data/imagenet.npz,4,100,cuda,cuda,1,1,0.001290,0.002919,0.000000
173,data/imagenet.npz,4,100,cuda,cuda,1,1,0.001501,0.002661,0.000000
174,data/imagenet.npz,4,100,cuda,cuda,1,1,0.001331,0.002235,0.000000
175,data/imagenet.npz,4,100,cuda,cuda,1,1,0.001314,0.002924,0.000000
176,data/imagenet.npz,4,100,cuda,cuda,1,1,0.001384,0.002663,0.000000
177,data/imagenet.npz,4,100,cuda,cuda,1,1,0.001309,0.002934,0.000000
178,data/imagenet.npz,4,100,cuda,cuda,1,1,0.001322,0.002808,0.000000
179,data/imagenet.npz,4,100,cuda,cuda,1,1,0.001302,0.002934,0.000000
180,data/imagenet.npz,4,100,cuda,cuda,1,1,0.001304,0.005050,0.000000
181,data/imagenet.npz,4,100,cuda,cuda,1,1,0.001311,0.003110,0.000000
182,data/imagenet.npz,4,100,cuda,cuda,1,1,0.001300,0.002649,0.000000
183,data/imagenet.npz,4,100,cuda,cuda,1,1,0.001302,0.002681,0.000000
184,data/imagenet.npz,4,100,cuda,cuda,1,1,0.001314,0.002643,0.000000
185,data/imagenet.npz,4,100,cuda,cuda,1,1,0.001296,0.002650,0.000000
186,data/imagenet.npz,4,100,cuda,cuda,1,1,0.001307,0.002708,0.000000
187,data/imagenet.npz,4,100,cuda,cuda,1,1,0.001315,0.002924,0.000000
188,data/imagenet.npz,4,100,cuda,cuda,1,1,0.001318,0.002916,0.000000
189,data/imagenet.npz,4,100,cuda,cuda,1,1,0.001315,0.009327,0.000000
190,data/imagenet.npz,4,100,cuda,cuda,1,1,0.001296,0.002618,0.000000
191,data/imagenet.npz,4,100,cuda,cuda,1,1,0.001620,0.020019,0.000000
192,data/imagenet.npz,4,100,cuda,cuda,1,1,0.001311,0.006638,0.000000
193,data/imagenet.npz,4,100,cuda,cuda,1,1,0.001304,0.002928,0.000000
194,data/imagenet.npz,4,100,cuda,cuda,1,1,0.001306,0.003057,0.000000
195,data/imagenet.npz,4,100,cuda,cuda,1,1,0.001302,0.001272,0.000000
196,data/imagenet.npz,4,100,cuda,cuda,1,1,0.001322,0.002955,0.000000
197,data/imagenet.npz,4,100,cuda,cuda,1,1,0.001303,0.002327,0.000000
198,data/imagenet.npz,4,100,cuda,cuda,1,1,0.001299,0.002976,0.000000
199,data/imagenet.npz,4,100,cuda,cuda,1,1,0.001364,0.001400,0.000000
200,data/imagenet.npz,4,100,cuda,cuda,1,1,0.001284,0.002654,0.000000
201,data/imagenet.npz,4,100,cuda,cuda,1,1,0.001307,0.002850,0.000000
202,data/imagenet.npz,4,100,cuda,cuda,1,1,0.001322,0.002930,0.000000
203,data/imagenet.npz,4,100,cuda,cuda,1,1,0.001399,0.000698,0.000000
204,data/imagenet.npz,4,100,cuda,cuda,1,1,0.001297,0.002649,0.000000
205,data/imagenet.npz,4,100,cuda,cuda,1,1,0.001305,0.002921,0.000000
206,data/imagenet.npz,4,100,cuda,cuda,1,1,0.001296,0.003607,0.000000
207,data/imagenet.npz,4,100,cuda,cuda,1,1,0.001581,0.006046,0.000000
208,data/imagenet.npz,4,100,cuda,cuda,1,1,0.001322,0.002933,0.000000
209,data/imagenet.npz,4,100,cuda,cuda,1,1,0.001378,0.002586,0.000000
210,data/imagenet.npz,4,100,cuda,cuda,1,1,0.001333,0.000895,0.000000
211,data/imagenet.npz,4,100,cuda,cuda,1,1,0.001316,0.002743,0.000000
212,data/imagenet.npz,4,100,cuda,cuda,1,1,0.001315,0.002928,0.000000
213,data/imagenet.npz,4,100,cuda,cuda,1,1,0.001313,0.002515,0.000000
214,data/imagenet.npz,4,100,cuda,cuda,1,1,0.001311,0.002653,0.000000
215,data/imagenet.npz,4,100,cuda,cuda,1,1,0.001323,0.002938,0.000000
216,data/imagenet.npz,4,100,cuda,cuda,1,1,0.001305,0.002567,0.000000
217,data/imagenet.npz,4,100,cuda,cuda,1,1,0.001315,0.000668,0.000000
218,data/imagenet.npz,4,100,cuda,cuda,1,1,0.001312,0.003060,0.000000
219,data/imagenet.npz,4,100,cuda,cuda,1,1,0.001300,0.002920,0.000000
220,data/imagenet.npz,4,100,cuda,cuda,1,1,0.001319,0.002921,0.000000
221,data/imagenet.npz,4,100,cuda,cuda,1,1,0.001299,0.002660,0.000000
222,data/imagenet.npz,4,100,cuda,cuda,1,1,0.001307,0.003034,0.000000
223,data/imagenet.npz,4,100,cuda,cuda,1,1,0.001304,0.007366,0.000000
224,data/imagenet.npz,4,100,cuda,cuda,1,1,0.001314,0.003334,0.000000
225,data/imagenet.npz,4,100,cuda,cuda,1,1,0.001290,0.002472,0.000000
226,data/imagenet.npz,4,100,cuda,cuda,1,1,0.001315,0.002918,0.000000
227,data/imagenet.npz,4,100,cuda,cuda,1,1,0.001307,0.002662,0.000000
228,data/imagenet.npz,4,100,cuda,cuda,1,1,0.001306,0.002658,0.000000
229,data/imagenet.npz,4,100,cuda,cuda,1,1,0.001294,0.002647,0.000000
230,data/imagenet.npz,4,100,cuda,cuda,1,1,0.001311,0.002920,0.000000
231,data/imagenet.npz,4,100,cuda,cuda,1,1,0.001296,0.003910,0.000000
232,data/imagenet.npz,4,100,cuda,cuda,1,1,0.001318,0.002535,0.000000
233,data/imagenet.npz,4,100,cuda,cuda,1,1,0.001301,0.003582,0.000000
234,data/imagenet.npz,4,100,cuda,cuda,1,1,0.001308,0.002645,0.000000
235,data/imagenet.npz,4,100,cuda,cuda,1,1,0.001306,0.002926,0.000000
236,data/imagenet.npz,4,100,cuda,cuda,1,1,0.001297,0.002354,0.000000
237,data/imagenet.npz,4,100,cuda,cuda,1,1,0.001302,0.002924,0.000000
238,data/imagenet.npz,4,100,cuda,cuda,1,1,0.001303,0.000852,0.000000
239,data/imagenet.npz,4,100,cuda,cuda,1,1,0.001287,0.002610,0.000000
240,data/imagenet.npz,4,100,cuda,cuda,1,1,0.001316,0.002921,0.000000
241,data/imagenet.npz,4,100,cuda,cuda,1,1,0.001309,0.002948,0.000000
242,data/imagenet.npz,4,100,cuda,cuda,1,1,0.001364,0.002924,0.000000
243,data/imagenet.npz,4,100,cuda,cuda,1,1,0.001297,0.005876,0.000000
244,data/imagenet.npz,4,100,cuda,cuda,1,1,0.001294,0.002927,0.000000
245,data/imagenet.npz,4,100,cuda,cuda,1,1,0.001365,0.002705,0.000000
246,data/imagenet.npz,4,100,cuda,cuda,1,1,0.001319,0.002913,0.000000
247,data/imagenet.npz,4,100,cuda,cuda,1,1,0.001314,0.002887,0.000000
248,data/imagenet.npz,4,100,cuda,cuda,1,1,0.001518,0.006503,0.000000
249,data/imagenet.npz,4,100,cuda,cuda,1,1,0.001332,0.008307,0.000000
250,data/imagenet.npz,4,100,cuda,cuda,1,1,0.001476,0.015587,0.000000
251,data/imagenet.npz,4,100,cuda,cuda,1,1,0.001319,0.002908,0.000000
252,data/imagenet.npz,4,100,cuda,cuda,1,1,0.001319,0.002501,0.000000
253,data/imagenet.npz,4,100,cuda,cuda,1,1,0.001356,0.001857,0.000000
254,data/imagenet.npz,4,100,cuda,cuda,1,1,0.001332,0.002921,0.000000
255,data/imagenet.npz,4,100,cuda,cuda,1,1,0.001334,0.008490,0.000000
256,data/imagenet.npz,4,100,cuda,cuda,1,1,0.001324,0.004000,0.000000
257,data/imagenet.npz,4,100,cuda,cuda,1,1,0.001301,0.002810,0.000000
258,data/imagenet.npz,4,100,cuda,cuda,1,1,0.001316,0.002629,0.000000
259,data/imagenet.npz,4,100,cuda,cuda,1,1,0.001322,0.004006,0.000000
260,data/imagenet.npz,4,100,cuda,cuda,1,1,0.001299,0.002666,0.000000
261,data/imagenet.npz,4,100,cuda,cuda,1,1,0.001324,0.001094,0.000000
262,data/imagenet.npz,4,100,cuda,cuda,1,1,0.001321,0.002634,0.000000
263,data/imagenet.npz,4,100,cuda,cuda,1,1,0.001323,0.001880,0.000000
264,data/imagenet.npz,4,100,cuda,cuda,1,1,0.001311,0.002620,0.000000
265,data/imagenet.npz,4,100,cuda,cuda,1,1,0.001330,0.002912,0.000000
266,data/imagenet.npz,4,100,cuda,cuda,1,1,0.001312,0.001418,0.000000
267,data/imagenet.npz,4,100,cuda,cuda,1,1,0.001327,0.002922,0.000000
268,data/imagenet.npz,4,100,cuda,cuda,1,1,0.001312,0.002045,0.000000
269,data/imagenet.npz,4,100,cuda,cuda,1,1,0.001314,0.002642,0.000000
270,data/imagenet.npz,4,100,cuda,cuda,1,1,0.001321,0.001512,0.000000
271,data/imagenet.npz,4,100,cuda,cuda,1,1,0.001316,0.002662,0.000000
272,data/imagenet.npz,4,100,cuda,cuda,1,1,0.001306,0.002648,0.000000
273,data/imagenet.npz,4,100,cuda,cuda,1,1,0.001300,0.002930,0.000000
274,data/imagenet.npz,4,100,cuda,cuda,1,1,0.001310,0.002389,0.000000
275,data/imagenet.npz,4,100,cuda,cuda,1,1,0.001290,0.003924,0.000000
276,data/imagenet.npz,4,100,cuda,cuda,1,1,0.001366,0.002927,0.000000
277,data/imagenet.npz,4,100,cuda,cuda,1,1,0.001295,0.003483,0.000000
278,data/imagenet.npz,4,100,cuda,cuda,1,1,0.001311,0.008247,0.000000
279,data/imagenet.npz,4,100,cuda,cuda,1,1,0.001360,0.003868,0.000000
280,data/imagenet.npz,4,100,cuda,cuda,1,1,0.001293,0.002569,0.000000
281,data/imagenet.npz,4,100,cuda,cuda,1,1,0.001512,0.000552,0.000000
282,data/imagenet.npz,4,100,cuda,cuda,1,1,0.001328,0.006792,0.000000
283,data/imagenet.npz,4,100,cuda,cuda,1,1,0.001360,0.002517,0.000000
284,data/imagenet.npz,4,100,cuda,cuda,1,1,0.001325,0.002921,0.000000
285,data/imagenet.npz,4,100,cuda,cuda,1,1,0.001331,0.002934,0.000000
286,data/imagenet.npz,4,100,cuda,cuda,1,1,0.001347,0.002921,0.000000
287,data/imagenet.npz,4,100,cuda,cuda,1,1,0.001320,0.002659,0.000000
288,data/imagenet.npz,4,100,cuda,cuda,1,1,0.001325,0.003611,0.000000
289,data/imagenet.npz,4,100,cuda,cuda,1,1,0.001298,0.002700,0.000000
290,data/imagenet.npz,4,100,cuda,cuda,1,1,0.001308,0.002904,0.000000
291,data/imagenet.npz,4,100,cuda,cuda,1,1,0.001309,0.002334,0.000000
292,data/imagenet.npz,4,100,cuda,cuda,1,1,0.001309,0.003157,0.000000
293,data/imagenet.npz,4,100,cuda,cuda,1,1,0.001326,0.003879,0.000000
294,data/imagenet.npz,4,100,cuda,cuda,1,1,0.001313,0.000700,0.000000
295,data/imagenet.npz,4,100,cuda,cuda,1,1,0.001301,0.002605,0.000000
296,data/imagenet.npz,4,100,cuda,cuda,1,1,0.001312,0.002654,0.000000
297,data/imagenet.npz,4,100,cuda,cuda,1,1,0.001303,0.002993,0.000000
298,data/imagenet.npz,4,100,cuda,cuda,1,1,0.001294,0.005609,0.000000
299,data/imagenet.npz,4,100,cuda,cuda,1,1,0.001309,0.002928,0.000000
300,data/imagenet.npz,4,100,cuda,cuda,1,1,0.001297,0.000579,0.000000
301,data/imagenet.npz,4,100,cuda,cuda,1,1,0.001304,0.001714,0.000000
302,data/imagenet.npz,4,100,cuda,cuda,1,1,0.001308,0.000745,0.000000
303,data/imagenet.npz,4,100,cuda,cuda,1,1,0.001295,0.002645,0.000000
304,data/imagenet.npz,4,100,cuda,cuda,1,1,0.001313,0.002915,0.000000
305,data/imagenet.npz,4,100,cuda,cuda,1,1,0.001311,0.002934,0.000000
306,data/imagenet.npz,4,100,cuda,cuda,1,1,0.001297,0.001983,0.000000
307,data/imagenet.npz,4,100,cuda,cuda,1,1,0.001308,0.001962,0.000000
308,data/imagenet.npz,4,100,cuda,cuda,1,1,0.001303,0.002919,0.000000
309,data/imagenet.npz,4,100,cuda,cuda,1,1,0.001299,0.007046,0.000000
310,data/imagenet.npz,4,100,cuda,cuda,1,1,0.001311,0.002920,0.000000
311,data/imagenet.npz,4,100,cuda,cuda,1,1,0.001301,0.002538,0.000000
312,data/imagenet.npz,4,100,cuda,cuda,1,1,0.001310,0.002797,0.000000
313,data/imagenet.npz,4,100,cuda,cuda,1,1,0.001300,0.001650,0.000000
314,data/imagenet.npz,4,100,cuda,cuda,1,1,0.001310,0.003730,0.000000
315,data/imagenet.npz,4,100,cuda,cuda,1,1,0.001312,0.002914,0.000000
316,data/imagenet.npz,4,100,cuda,cuda,1,1,0.001318,0.002926,0.000000
317,data/imagenet.npz,4,100,cuda,cuda,1,1,0.001321,0.002913,0.000000
318,data/imagenet.npz,4,100,cuda,cuda,1,1,0.001530,0.005172,0.000000
319,data/imagenet.npz,4,100,cuda,cuda,1,1,0.001398,0.010159,0.000000
320,data/imagenet.npz,4,100,cuda,cuda,1,1,0.001428,0.002928,0.000000
321,data/imagenet.npz,4,100,cuda,cuda,1,1,0.001325,0.003834,0.000000
322,data/imagenet.npz,4,100,cuda,cuda,1,1,0.001299,0.002648,0.000000
323,data/imagenet.npz,4,100,cuda,cuda,1,1,0.001490,0.002652,0.000000
324,data/imagenet.npz,4,100,cuda,cuda,1,1,0.001325,0.002208,0.000000
325,data/imagenet.npz,4,100,cuda,cuda,1,1,0.001319,0.003539,0.000000
326,data/imagenet.npz,4,100,cuda,cuda,1,1,0.001377,0.002648,0.000000
327,data/imagenet.npz,4,100,cuda,cuda,1,1,0.001318,0.001775,0.000000
328,data/imagenet.npz,4,100,cuda,cuda,1,1,0.001316,0.001959,0.000000
329,data/imagenet.npz,4,100,cuda,cuda,1,1,0.001324,0.001988,0.000000
330,data/imagenet.npz,4,100,cuda,cuda,1,1,0.001306,0.002603,0.000000
331,data/imagenet.npz,4,100,cuda,cuda,1,1,0.001312,0.002016,0.000000
332,data/imagenet.npz,4,100,cuda,cuda,1,1,0.001311,0.002931,0.000000
333,data/imagenet.npz,4,100,cuda,cuda,1,1,0.001303,0.003001,0.000000
334,data/imagenet.npz,4,100,cuda,cuda,1,1,0.001313,0.002930,0.000000
335,data/imagenet.npz,4,100,cuda,cuda,1,1,0.001300,0.002701,0.000000
336,data/imagenet.npz,4,100,cuda,cuda,1,1,0.001306,0.002281,0.000000
337,data/imagenet.npz,4,100,cuda,cuda,1,1,0.001307,0.002569,0.000000
338,data/imagenet.npz,4,100,cuda,cuda,1,1,0.001301,0.002655,0.000000
339,data/imagenet.npz,4,100,cuda,cuda,1,1,0.001306,0.002926,0.000000
340,data/imagenet.npz,4,100,cuda,cuda,1,1,0.001308,0.002639,0.000000
341,data/imagenet.npz,4,100,cuda,cuda,1,1,0.001311,0.003293,0.000000
342,data/imagenet.npz,4,100,cuda,cuda,1,1,0.001303,0.006663,0.000000
343,data/imagenet.npz,4,100,cuda,cuda,1,1,0.001299,0.002919,0.000000
344,data/imagenet.npz,4,100,cuda,cuda,1,1,0.001304,0.000546,0.000000
345,data/imagenet.npz,4,100,cuda,cuda,1,1,0.001300,0.002644,0.000000
346,data/imagenet.npz,4,100,cuda,cuda,1,1,0.001306,0.002953,0.000000
347,data/imagenet.npz,4,100,cuda,cuda,1,1,0.001309,0.000578,0.000000
348,data/imagenet.npz,4,100,cuda,cuda,1,1,0.001364,0.013167,0.000000
349,data/imagenet.npz,4,100,cuda,cuda,1,1,0.001295,0.001534,0.000000
350,data/imagenet.npz,4,100,cuda,cuda,1,1,0.001309,0.000938,0.000000
351,data/imagenet.npz,4,100,cuda,cuda,1,1,0.001296,0.002654,0.000000
352,data/imagenet.npz,4,100,cuda,cuda,1,1,0.001298,0.002932,0.000000
353,data/imagenet.npz,4,100,cuda,cuda,1,1,0.001282,0.003597,0.000000
354,data/imagenet.npz,4,100,cuda,cuda,1,1,0.001292,0.002933,0.000000
355,data/imagenet.npz,4,100,cuda,cuda,1,1,0.001298,0.000412,0.000000
356,data/imagenet.npz,4,100,cuda,cuda,1,1,0.001308,0.002657,0.000000
357,data/imagenet.npz,4,100,cuda,cuda,1,1,0.001280,0.002935,0.000000
358,data/imagenet.npz,4,100,cuda,cuda,1,1,0.001293,0.002881,0.000000
359,data/imagenet.npz,4,100,cuda,cuda,1,1,0.001357,0.001245,0.000000
360,data/imagenet.npz,4,100,cuda,cuda,1,1,0.001305,0.002928,0.000000
361,data/imagenet.npz,4,100,cuda,cuda,1,1,0.001307,0.002986,0.000000
362,data/imagenet.npz,4,100,cuda,cuda,1,1,0.001294,0.002930,0.000000
363,data/imagenet.npz,4,100,cuda,cuda,1,1,0.001344,0.002927,0.000000
364,data/imagenet.npz,4,100,cuda,cuda,1,1,0.001301,0.005749,0.000000
365,data/imagenet.npz,4,100,cuda,cuda,1,1,0.001566,0.002293,0.000000
366,data/imagenet.npz,4,100,cuda,cuda,1,1,0.001320,0.002927,0.000000
367,data/imagenet.npz,4,100,cuda,cuda,1,1,0.001305,0.007148,0.000000
368,data/imagenet.npz,4,100,cuda,cuda,1,1,0.001340,0.002934,0.000000
369,data/imagenet.npz,4,100,cuda,cuda,1,1,0.001310,0.002960,0.000000
370,data/imagenet.npz,4,100,cuda,cuda,1,1,0.001318,0.008403,0.000000
371,data/imagenet.npz,4,100,cuda,cuda,1,1,0.001314,0.002924,0.000000
372,data/imagenet.npz,4,100,cuda,cuda,1,1,0.001318,0.000436,0.000000
373,data/imagenet.npz,4,100,cuda,cuda,1,1,0.001331,0.002604,0.000000
374,data/imagenet.npz,4,100,cuda,cuda,1,1,0.001327,0.002479,0.000000
375,data/imagenet.npz,4,100,cuda,cuda,1,1,0.003020,0.048735,0.000000
376,data/imagenet.npz,4,100,cuda,cuda,1,1,0.001324,0.003694,0.000000
377,data/imagenet.npz,4,100,cuda,cuda,1,1,0.001324,0.002929,0.000000
378,data/imagenet.npz,4,100,cuda,cuda,1,1,0.001309,0.002929,0.000000
379,data/imagenet.npz,4,100,cuda,cuda,1,1,0.001318,0.002888,0.000000
380,data/imagenet.npz,4,100,cuda,cuda,1,1,0.001303,0.002663,0.000000
381,data/imagenet.npz,4,100,cuda,cuda,1,1,0.001311,0.003527,0.000000
382,data/imagenet.npz,4,100,cuda,cuda,1,1,0.001378,0.002926,0.000000
383,data/imagenet.npz,4,100,cuda,cuda,1,1,0.001325,0.000699,0.000000
384,data/imagenet.npz,4,100,cuda,cuda,1,1,0.001297,0.002987,0.000000
385,data/imagenet.npz,4,100,cuda,cuda,1,1,0.001315,0.003190,0.000000
386,data/imagenet.npz,4,100,cuda,cuda,1,1,0.001414,0.002656,0.000000
387,data/imagenet.npz,4,100,cuda,cuda,1,1,0.001313,0.002914,0.000000
388,data/imagenet.npz,4,100,cuda,cuda,1,1,0.001309,0.000470,0.000000
389,data/imagenet.npz,4,100,cuda,cuda,1,1,0.001294,0.002918,0.000000
390,data/imagenet.npz,4,100,cuda,cuda,1,1,0.001570,0.002646,0.000000
391,data/imagenet.npz,4,100,cuda,cuda,1,1,0.001320,0.002652,0.000000
392,data/imagenet.npz,4,100,cuda,cuda,1,1,0.001328,0.003012,0.000000
393,data/imagenet.npz,4,100,cuda,cuda,1,1,0.001333,0.000899,0.000000
394,data/imagenet.npz,4,100,cuda,cuda,1,1,0.001359,0.002284,0.000000
395,data/imagenet.npz,4,100,cuda,cuda,1,1,0.001322,0.003982,0.000000
396,data/imagenet.npz,4,100,cuda,cuda,1,1,0.001316,0.002930,0.000000
397,data/imagenet.npz,4,100,cuda,cuda,1,1,0.001318,0.003337,0.000000
398,data/imagenet.npz,4,100,cuda,cuda,1,1,0.001318,0.002922,0.000000
399,data/imagenet.npz,4,100,cuda,cuda,1,1,0.001320,0.002637,0.000000
400,data/imagenet.npz,4,100,cuda,cuda,1,1,0.001320,0.002663,0.000000
401,data/imagenet.npz,4,100,cuda,cuda,1,1,0.001312,0.002622,0.000000
402,data/imagenet.npz,4,100,cuda,cuda,1,1,0.001303,0.001656,0.000000
403,data/imagenet.npz,4,100,cuda,cuda,1,1,0.001310,0.002660,0.000000
404,data/imagenet.npz,4,100,cuda,cuda,1,1,0.001313,0.004085,0.000000
405,data/imagenet.npz,4,100,cuda,cuda,1,1,0.001306,0.000653,0.000000
406,data/imagenet.npz,4,100,cuda,cuda,1,1,0.001303,0.002662,0.000000
407,data/imagenet.npz,4,100,cuda,cuda,1,1,0.001304,0.002926,0.000000
408,data/imagenet.npz,4,100,cuda,cuda,1,1,0.001325,0.002541,0.000000
409,data/imagenet.npz,4,100,cuda,cuda,1,1,0.001303,0.002641,0.000000
410,data/imagenet.npz,4,100,cuda,cuda,1,1,0.001306,0.002638,0.000000
411,data/imagenet.npz,4,100,cuda,cuda,1,1,0.001317,0.002912,0.000000
412,data/imagenet.npz,4,100,cuda,cuda,1,1,0.001300,0.003083,0.000000
413,data/imagenet.npz,4,100,cuda,cuda,1,1,0.001282,0.002603,0.000000
414,data/imagenet.npz,4,100,cuda,cuda,1,1,0.001304,0.000736,0.000000
415,data/imagenet.npz,4,100,cuda,cuda,1,1,0.001310,0.002650,0.000000
416,data/imagenet.npz,4,100,cuda,cuda,1,1,0.001308,0.006885,0.000000
417,data/imagenet.npz,4,100,cuda,cuda,1,1,0.001290,0.000877,0.000000
418,data/imagenet.npz,4,100,cuda,cuda,1,1,0.001304,0.003044,0.000000
419,data/imagenet.npz,4,100,cuda,cuda,1,1,0.001292,0.002912,0.000000
420,data/imagenet.npz,4,100,cuda,cuda,1,1,0.001292,0.002934,0.000000
421,data/imagenet.npz,4,100,cuda,cuda,1,1,0.001311,0.003898,0.000000
422,data/imagenet.npz,4,100,cuda,cuda,1,1,0.001299,0.002664,0.000000
423,data/imagenet.npz,4,100,cuda,cuda,1,1,0.001307,0.007172,0.000000
424,data/imagenet.npz,4,100,cuda,cuda,1,1,0.001318,0.002919,0.000000
425,data/imagenet.npz,4,100,cuda,cuda,1,1,0.001342,0.001912,0.000000
426,data/imagenet.npz,4,100,cuda,cuda,1,1,0.001374,0.002929,0.000000
427,data/imagenet.npz,4,100,cuda,cuda,1,1,0.001339,0.000439,0.000000
428,data/imagenet.npz,4,100,cuda,cuda,1,1,0.001305,0.002931,0.000000
429,data/imagenet.npz,4,100,cuda,cuda,1,1,0.001300,0.002664,0.000000
430,data/imagenet.npz,4,100,cuda,cuda,1,1,0.001304,0.005203,0.000000
431,data/imagenet.npz,4,100,cuda,cuda,1,1,0.001364,0.002945,0.000000
432,data/imagenet.npz,4,100,cuda,cuda,1,1,0.001313,0.002647,0.000000
433,data/imagenet.npz,4,100,cuda,cuda,1,1,0.001585,0.002679,0.000000
434,data/imagenet.npz,4,100,cuda,cuda,1,1,0.001325,0.002928,0.000000
435,data/imagenet.npz,4,100,cuda,cuda,1,1,0.001322,0.002913,0.000000
436,data/imagenet.npz,4,100,cuda,cuda,1,1,0.001366,0.002447,0.000000
437,data/imagenet.npz,4,100,cuda,cuda,1,1,0.001349,0.003109,0.000000
438,data/imagenet.npz,4,100,cuda,cuda,1,1,0.001336,0.002939,0.000000
439,data/imagenet.npz,4,100,cuda,cuda,1,1,0.001323,0.002712,0.000000
440,data/imagenet.npz,4,100,cuda,cuda,1,1,0.001317,0.000592,0.000000
441,data/imagenet.npz,4,100,cuda,cuda,1,1,0.001320,0.002515,0.000000
442,data/imagenet.npz,4,100,cuda,cuda,1,1,0.001320,0.002932,0.000000
443,data/imagenet.npz,4,100,cuda,cuda,1,1,0.001324,0.003831,0.000000
444,data/imagenet.npz,4,100,cuda,cuda,1,1,0.001313,0.002605,0.000000
445,data/imagenet.npz,4,100,cuda,cuda,1,1,0.001296,0.002645,0.000000
446,data/imagenet.npz,4,100,cuda,cuda,1,1,0.001311,0.004310,0.000000
447,data/imagenet.npz,4,100,cuda,cuda,1,1,0.001303,0.002738,0.000000
448,data/imagenet.npz,4,100,cuda,cuda,1,1,0.001306,0.002612,0.000000
449,data/imagenet.npz,4,100,cuda,cuda,1,1,0.001318,0.003625,0.000000
450,data/imagenet.npz,4,100,cuda,cuda,1,1,0.001306,0.002917,0.000000
451,data/imagenet.npz,4,100,cuda,cuda,1,1,0.001312,0.005306,0.000000
452,data/imagenet.npz,4,100,cuda,cuda,1,1,0.001331,0.003748,0.000000
453,data/imagenet.npz,4,100,cuda,cuda,1,1,0.001312,0.005805,0.000000
454,data/imagenet.npz,4,100,cuda,cuda,1,1,0.001322,0.002645,0.000000
455,data/imagenet.npz,4,100,cuda,cuda,1,1,0.001307,0.002953,0.000000
456,data/imagenet.npz,4,100,cuda,cuda,1,1,0.001308,0.002654,0.000000
457,data/imagenet.npz,4,100,cuda,cuda,1,1,0.001307,0.002659,0.000000
458,data/imagenet.npz,4,100,cuda,cuda,1,1,0.001322,0.002642,0.000000
459,data/imagenet.npz,4,100,cuda,cuda,1,1,0.001301,0.002936,0.000000
460,data/imagenet.npz,4,100,cuda,cuda,1,1,0.001326,0.003049,0.000000
461,data/imagenet.npz,4,100,cuda,cuda,1,1,0.001290,0.001299,0.000000
462,data/imagenet.npz,4,100,cuda,cuda,1,1,0.001308,0.003102,0.000000
463,data/imagenet.npz,4,100,cuda,cuda,1,1,0.001273,0.005840,0.000000
464,data/imagenet.npz,4,100,cuda,cuda,1,1,0.001324,0.002774,0.000000
465,data/imagenet.npz,4,100,cuda,cuda,1,1,0.001315,0.002796,0.000000
466,data/imagenet.npz,4,100,cuda,cuda,1,1,0.001297,0.002828,0.000000
467,data/imagenet.npz,4,100,cuda,cuda,1,1,0.001359,0.002936,0.000000
468,data/imagenet.npz,4,100,cuda,cuda,1,1,0.001316,0.000726,0.000000
469,data/imagenet.npz,4,100,cuda,cuda,1,1,0.001309,0.002913,0.000000
470,data/imagenet.npz,4,100,cuda,cuda,1,1,0.001311,0.002919,0.000000
471,data/imagenet.npz,4,100,cuda,cuda,1,1,0.001345,0.002916,0.000000
472,data/imagenet.npz,4,100,cuda,cuda,1,1,0.001316,0.003180,0.000000
473,data/imagenet.npz,4,100,cuda,cuda,1,1,0.001305,0.002680,0.000000
474,data/imagenet.npz,4,100,cuda,cuda,1,1,0.001528,0.002421,0.000000
475,data/imagenet.npz,4,100,cuda,cuda,1,1,0.001328,0.002924,0.000000
476,data/imagenet.npz,4,100,cuda,cuda,1,1,0.001337,0.000443,0.000000
477,data/imagenet.npz,4,100,cuda,cuda,1,1,0.001306,0.002505,0.000000
478,data/imagenet.npz,4,100,cuda,cuda,1,1,0.001375,0.002648,0.000000
479,data/imagenet.npz,4,100,cuda,cuda,1,1,0.001315,0.002921,0.000000
480,data/imagenet.npz,4,100,cuda,cuda,1,1,0.001335,0.003506,0.000000
481,data/imagenet.npz,4,100,cuda,cuda,1,1,0.001331,0.002929,0.000000
482,data/imagenet.npz,4,100,cuda,cuda,1,1,0.001320,0.002779,0.000000
483,data/imagenet.npz,4,100,cuda,cuda,1,1,0.001312,0.002785,0.000000
484,data/imagenet.npz,4,100,cuda,cuda,1,1,0.001397,0.001417,0.000000
485,data/imagenet.npz,4,100,cuda,cuda,1,1,0.001328,0.002680,0.000000
486,data/imagenet.npz,4,100,cuda,cuda,1,1,0.001297,0.006416,0.000000
487,data/imagenet.npz,4,100,cuda,cuda,1,1,0.002454,0.036540,0.000000
488,data/imagenet.npz,4,100,cuda,cuda,1,1,0.001326,0.002767,0.000000
489,data/imagenet.npz,4,100,cuda,cuda,1,1,0.001312,0.000774,0.000000
490,data/imagenet.npz,4,100,cuda,cuda,1,1,0.001310,0.002926,0.000000
491,data/imagenet.npz,4,100,cuda,cuda,1,1,0.001313,0.006322,0.000000
492,data/imagenet.npz,4,100,cuda,cuda,1,1,0.001321,0.003696,0.000000
493,data/imagenet.npz,4,100,cuda,cuda,1,1,0.001313,0.002721,0.000000
494,data/imagenet.npz,4,100,cuda,cuda,1,1,0.001319,0.003082,0.000000
495,data/imagenet.npz,4,100,cuda,cuda,1,1,0.001305,0.002657,0.000000
496,data/imagenet.npz,4,100,cuda,cuda,1,1,0.001306,0.002797,0.000000
497,data/imagenet.npz,4,100,cuda,cuda,1,1,0.001302,0.002915,0.000000
498,data/imagenet.npz,4,100,cuda,cuda,1,1,0.001361,0.002912,0.000000
499,data/imagenet.npz,4,100,cuda,cuda,1,1,0.001301,0.003821,0.000000
500,data/imagenet.npz,4,100,cuda,cuda,1,1,0.001304,0.002929,0.000000
501,data/imagenet.npz,4,100,cuda,cuda,1,1,0.001343,0.002914,0.000000
502,data/imagenet.npz,4,100,cuda,cuda,1,1,0.001290,0.002861,0.000000
503,data/imagenet.npz,4,100,cuda,cuda,1,1,0.001307,0.002913,0.000000
504,data/imagenet.npz,4,100,cuda,cuda,1,1,0.001509,0.001936,0.000000
505,data/imagenet.npz,4,100,cuda,cuda,1,1,0.001312,0.002696,0.000000
506,data/imagenet.npz,4,100,cuda,cuda,1,1,0.001329,0.011426,0.000000
507,data/imagenet.npz,4,100,cuda,cuda,1,1,0.001373,0.002927,0.000000
508,data/imagenet.npz,4,100,cuda,cuda,1,1,0.001334,0.002958,0.000000
509,data/imagenet.npz,4,100,cuda,cuda,1,1,0.001409,0.014758,0.000000
510,data/imagenet.npz,4,100,cuda,cuda,1,1,0.001341,0.003834,0.000000
511,data/imagenet.npz,4,100,cuda,cuda,1,1,0.001320,0.001854,0.000000
512,data/imagenet.npz,4,100,cuda,cuda,1,1,0.001317,0.002592,0.000000
513,data/imagenet.npz,4,100,cuda,cuda,1,1,0.001314,0.002264,0.000000
514,data/imagenet.npz,4,100,cuda,cuda,1,1,0.001334,0.004014,0.000000
515,data/imagenet.npz,4,100,cuda,cuda,1,1,0.001327,0.006260,0.000000
516,data/imagenet.npz,4,100,cuda,cuda,1,1,0.001310,0.000945,0.000000
517,data/imagenet.npz,4,100,cuda,cuda,1,1,0.001313,0.003249,0.000000
518,data/imagenet.npz,4,100,cuda,cuda,1,1,0.001318,0.002652,0.000000
519,data/imagenet.npz,4,100,cuda,cuda,1,1,0.001308,0.000428,0.000000
520,data/imagenet.npz,4,100,cuda,cuda,1,1,0.001299,0.003491,0.000000
521,data/imagenet.npz,4,100,cuda,cuda,1,1,0.001318,0.002931,0.000000
522,data/imagenet.npz,4,100,cuda,cuda,1,1,0.001304,0.002621,0.000000
523,data/imagenet.npz,4,100,cuda,cuda,1,1,0.001315,0.002641,0.000000
524,data/imagenet.npz,4,100,cuda,cuda,1,1,0.001299,0.007124,0.000000
525,data/imagenet.npz,4,100,cuda,cuda,1,1,0.001299,0.006533,0.000000
526,data/imagenet.npz,4,100,cuda,cuda,1,1,0.001298,0.002914,0.000000
527,data/imagenet.npz,4,100,cuda,cuda,1,1,0.001370,0.002415,0.000000
528,data/imagenet.npz,4,100,cuda,cuda,1,1,0.001292,0.002934,0.000000
529,data/imagenet.npz,4,100,cuda,cuda,1,1,0.001311,0.009849,0.000000
530,data/imagenet.npz,4,100,cuda,cuda,1,1,0.001367,0.002932,0.000000
531,data/imagenet.npz,4,100,cuda,cuda,1,1,0.001558,0.002668,0.000000
532,data/imagenet.npz,4,100,cuda,cuda,1,1,0.001340,0.002823,0.000000
533,data/imagenet.npz,4,100,cuda,cuda,1,1,0.001313,0.002930,0.000000
534,data/imagenet.npz,4,100,cuda,cuda,1,1,0.001376,0.002932,0.000000
535,data/imagenet.npz,4,100,cuda,cuda,1,1,0.001335,0.003666,0.000000
536,data/imagenet.npz,4,100,cuda,cuda,1,1,0.001310,0.002884,0.000000
537,data/imagenet.npz,4,100,cuda,cuda,1,1,0.001302,0.002921,0.000000
538,data/imagenet.npz,4,100,cuda,cuda,1,1,0.001326,0.002928,0.000000
539,data/imagenet.npz,4,100,cuda,cuda,1,1,0.001321,0.002920,0.000000
540,data/imagenet.npz,4,100,cuda,cuda,1,1,0.001324,0.002610,0.000000
541,data/imagenet.npz,4,100,cuda,cuda,1,1,0.001320,0.002646,0.000000
542,data/imagenet.npz,4,100,cuda,cuda,1,1,0.001315,0.002729,0.000000
543,data/imagenet.npz,4,100,cuda,cuda,1,1,0.001317,0.002689,0.000000
544,data/imagenet.npz,4,100,cuda,cuda,1,1,0.001327,0.003986,0.000000
545,data/imagenet.npz,4,100,cuda,cuda,1,1,0.001301,0.002924,0.000000
546,data/imagenet.npz,4,100,cuda,cuda,1,1,0.001314,0.002655,0.000000
547,data/imagenet.npz,4,100,cuda,cuda,1,1,0.001313,0.006097,0.000000
548,data/imagenet.npz,4,100,cuda,cuda,1,1,0.001316,0.002613,0.000000
549,data/imagenet.npz,4,100,cuda,cuda,1,1,0.001322,0.004012,0.000000
550,data/imagenet.npz,4,100,cuda,cuda,1,1,0.001323,0.002660,0.000000
551,data/imagenet.npz,4,100,cuda,cuda,1,1,0.001309,0.002912,0.000000
552,data/imagenet.npz,4,100,cuda,cuda,1,1,0.001307,0.002932,0.000000
553,data/imagenet.npz,4,100,cuda,cuda,1,1,0.001302,0.002651,0.000000
554,data/imagenet.npz,4,100,cuda,cuda,1,1,0.001309,0.005040,0.000000
555,data/imagenet.npz,4,100,cuda,cuda,1,1,0.001298,0.002546,0.000000
556,data/imagenet.npz,4,100,cuda,cuda,1,1,0.001297,0.005059,0.000000
557,data/imagenet.npz,4,100,cuda,cuda,1,1,0.001305,0.002660,0.000000
558,data/imagenet.npz,4,100,cuda,cuda,1,1,0.001305,0.002657,0.000000
559,data/imagenet.npz,4,100,cuda,cuda,1,1,0.001291,0.002926,0.000000
560,data/imagenet.npz,4,100,cuda,cuda,1,1,0.001312,0.003766,0.000000
561,data/imagenet.npz,4,100,cuda,cuda,1,1,0.001307,0.003245,0.000000
562,data/imagenet.npz,4,100,cuda,cuda,1,1,0.001308,0.002909,0.000000
563,data/imagenet.npz,4,100,cuda,cuda,1,1,0.001301,0.002512,0.000000
564,data/imagenet.npz,4,100,cuda,cuda,1,1,0.001297,0.003128,0.000000
565,data/imagenet.npz,4,100,cuda,cuda,1,1,0.001293,0.003829,0.000000
566,data/imagenet.npz,4,100,cuda,cuda,1,1,0.001305,0.002658,0.000000
567,data/imagenet.npz,4,100,cuda,cuda,1,1,0.001369,0.002661,0.000000
568,data/imagenet.npz,4,100,cuda,cuda,1,1,0.001297,0.002652,0.000000
569,data/imagenet.npz,4,100,cuda,cuda,1,1,0.001306,0.002756,0.000000
570,data/imagenet.npz,4,100,cuda,cuda,1,1,0.001364,0.001928,0.000000
571,data/imagenet.npz,4,100,cuda,cuda,1,1,0.001304,0.007170,0.000000
572,data/imagenet.npz,4,100,cuda,cuda,1,1,0.001600,0.000699,0.000000
573,data/imagenet.npz,4,100,cuda,cuda,1,1,0.001323,0.002930,0.000000
574,data/imagenet.npz,4,100,cuda,cuda,1,1,0.001340,0.000730,0.000000
575,data/imagenet.npz,4,100,cuda,cuda,1,1,0.001316,0.003797,0.000000
576,data/imagenet.npz,4,100,cuda,cuda,1,1,0.001333,0.001097,0.000000
577,data/imagenet.npz,4,100,cuda,cuda,1,1,0.001353,0.003038,0.000000
578,data/imagenet.npz,4,100,cuda,cuda,1,1,0.001314,0.003111,0.000000
579,data/imagenet.npz,4,100,cuda,cuda,1,1,0.001327,0.002918,0.000000
580,data/imagenet.npz,4,100,cuda,cuda,1,1,0.001325,0.001320,0.000000
581,data/imagenet.npz,4,100,cuda,cuda,1,1,0.001298,0.003261,0.000000
582,data/imagenet.npz,4,100,cuda,cuda,1,1,0.001320,0.004745,0.000000
583,data/imagenet.npz,4,100,cuda,cuda,1,1,0.001311,0.002931,0.000000
584,data/imagenet.npz,4,100,cuda,cuda,1,1,0.001327,0.000797,0.000000
585,data/imagenet.npz,4,100,cuda,cuda,1,1,0.001317,0.002917,0.000000
586,data/imagenet.npz,4,100,cuda,cuda,1,1,0.002355,0.034061,0.000000
587,data/imagenet.npz,4,100,cuda,cuda,1,1,0.001326,0.008245,0.000000
588,data/imagenet.npz,4,100,cuda,cuda,1,1,0.001310,0.004974,0.000000
589,data/imagenet.npz,4,100,cuda,cuda,1,1,0.001323,0.002947,0.000000
590,data/imagenet.npz,4,100,cuda,cuda,1,1,0.001304,0.002614,0.000000
591,data/imagenet.npz,4,100,cuda,cuda,1,1,0.001300,0.008071,0.000000
592,data/imagenet.npz,4,100,cuda,cuda,1,1,0.001323,0.003157,0.000000
593,data/imagenet.npz,4,100,cuda,cuda,1,1,0.001311,0.003832,0.000000
594,data/imagenet.npz,4,100,cuda,cuda,1,1,0.001375,0.002925,0.000000
595,data/imagenet.npz,4,100,cuda,cuda,1,1,0.001322,0.005077,0.000000
596,data/imagenet.npz,4,100,cuda,cuda,1,1,0.001316,0.002644,0.000000
597,data/imagenet.npz,4,100,cuda,cuda,1,1,0.001367,0.003099,0.000000
598,data/imagenet.npz,4,100,cuda,cuda,1,1,0.001319,0.002455,0.000000
599,data/imagenet.npz,4,100,cuda,cuda,1,1,0.001316,0.002913,0.000000
600,data/imagenet.npz,4,100,cuda,cuda,1,1,0.001598,0.002656,0.000000
601,data/imagenet.npz,4,100,cuda,cuda,1,1,0.001303,0.002635,0.000000
602,data/imagenet.npz,4,100,cuda,cuda,1,1,0.001320,0.003594,0.000000
603,data/imagenet.npz,4,100,cuda,cuda,1,1,0.001386,0.003996,0.000000
604,data/imagenet.npz,4,100,cuda,cuda,1,1,0.001329,0.002933,0.000000
605,data/imagenet.npz,4,100,cuda,cuda,1,1,0.001313,0.004193,0.000000
606,data/imagenet.npz,4,100,cuda,cuda,1,1,0.001345,0.002929,0.000000
607,data/imagenet.npz,4,100,cuda,cuda,1,1,0.001331,0.002830,0.000000
608,data/imagenet.npz,4,100,cuda,cuda,1,1,0.001310,0.002929,0.000000
609,data/imagenet.npz,4,100,cuda,cuda,1,1,0.001317,0.001854,0.000000
610,data/imagenet.npz,4,100,cuda,cuda,1,1,0.001328,0.002654,0.000000
611,data/imagenet.npz,4,100,cuda,cuda,1,1,0.001320,0.002914,0.000000
612,data/imagenet.npz,4,100,cuda,cuda,1,1,0.001310,0.002931,0.000000
613,data/imagenet.npz,4,100,cuda,cuda,1,1,0.001319,0.003846,0.000000
614,data/imagenet.npz,4,100,cuda,cuda,1,1,0.001305,0.002931,0.000000
615,data/imagenet.npz,4,100,cuda,cuda,1,1,0.001314,0.002224,0.000000
616,data/imagenet.npz,4,100,cuda,cuda,1,1,0.001300,0.002927,0.000000
617,data/imagenet.npz,4,100,cuda,cuda,1,1,0.001307,0.002917,0.000000
618,data/imagenet.npz,4,100,cuda,cuda,1,1,0.001319,0.001211,0.000000
619,data/imagenet.npz,4,100,cuda,cuda,1,1,0.001310,0.001540,0.000000
620,data/imagenet.npz,4,100,cuda,cuda,1,1,0.001315,0.002698,0.000000
621,data/imagenet.npz,4,100,cuda,cuda,1,1,0.001312,0.002836,0.000000
622,data/imagenet.npz,4,100,cuda,cuda,1,1,0.001312,0.002856,0.000000
623,data/imagenet.npz,4,100,cuda,cuda,1,1,0.001302,0.002618,0.000000
624,data/imagenet.npz,4,100,cuda,cuda,1,1,0.001321,0.002650,0.000000
625,data/imagenet.npz,4,100,cuda,cuda,1,1,0.001305,0.004982,0.000000
626,data/imagenet.npz,4,100,cuda,cuda,1,1,0.001318,0.002859,0.000000
627,data/imagenet.npz,4,100,cuda,cuda,1,1,0.001318,0.002676,0.000000
628,data/imagenet.npz,4,100,cuda,cuda,1,1,0.001313,0.001305,0.000000
629,data/imagenet.npz,4,100,cuda,cuda,1,1,0.001306,0.001980,0.000000
630,data/imagenet.npz,4,100,cuda,cuda,1,1,0.001306,0.003269,0.000000
631,data/imagenet.npz,4,100,cuda,cuda,1,1,0.001294,0.002916,0.000000
632,data/imagenet.npz,4,100,cuda,cuda,1,1,0.001307,0.002649,0.000000
633,data/imagenet.npz,4,100,cuda,cuda,1,1,0.001307,0.002918,0.000000
634,data/imagenet.npz,4,100,cuda,cuda,1,1,0.001296,0.004382,0.000000
635,data/imagenet.npz,4,100,cuda,cuda,1,1,0.001315,0.002119,0.000000
636,data/imagenet.npz,4,100,cuda,cuda,1,1,0.001300,0.002405,0.000000
637,data/imagenet.npz,4,100,cuda,cuda,1,1,0.001300,0.002553,0.000000
638,data/imagenet.npz,4,100,cuda,cuda,1,1,0.001303,0.002930,0.000000
639,data/imagenet.npz,4,100,cuda,cuda,1,1,0.001422,0.015539,0.000000
640,data/imagenet.npz,4,100,cuda,cuda,1,1,0.001474,0.002072,0.000000
641,data/imagenet.npz,4,100,cuda,cuda,1,1,0.001305,0.002920,0.000000
642,data/imagenet.npz,4,100,cuda,cuda,1,1,0.001585,0.002893,0.000000
643,data/imagenet.npz,4,100,cuda,cuda,1,1,0.001319,0.002919,0.000000
644,data/imagenet.npz,4,100,cuda,cuda,1,1,0.001317,0.002930,0.000000
645,data/imagenet.npz,4,100,cuda,cuda,1,1,0.001574,0.001096,0.000000
646,data/imagenet.npz,4,100,cuda,cuda,1,1,0.001327,0.001422,0.000000
647,data/imagenet.npz,4,100,cuda,cuda,1,1,0.001307,0.002651,0.000000
648,data/imagenet.npz,4,100,cuda,cuda,1,1,0.001330,0.001097,0.000000
649,data/imagenet.npz,4,100,cuda,cuda,1,1,0.001322,0.002924,0.000000
650,data/imagenet.npz,4,100,cuda,cuda,1,1,0.001772,0.002928,0.000000
651,data/imagenet.npz,4,100,cuda,cuda,1,1,0.001311,0.002916,0.000000
652,data/imagenet.npz,4,100,cuda,cuda,1,1,0.001320,0.002929,0.000000
653,data/imagenet.npz,4,100,cuda,cuda,1,1,0.001309,0.002791,0.000000
654,data/imagenet.npz,4,100,cuda,cuda,1,1,0.001334,0.000715,0.000000
655,data/imagenet.npz,4,100,cuda,cuda,1,1,0.001312,0.004293,0.000000
656,data/imagenet.npz,4,100,cuda,cuda,1,1,0.001319,0.002917,0.000000
657,data/imagenet.npz,4,100,cuda,cuda,1,1,0.001318,0.002661,0.000000
658,data/imagenet.npz,4,100,cuda,cuda,1,1,0.001304,0.002914,0.000000
659,data/imagenet.npz,4,100,cuda,cuda,1,1,0.001308,0.001999,0.000000
660,data/imagenet.npz,4,100,cuda,cuda,1,1,0.001292,0.002607,0.000000
661,data/imagenet.npz,4,100,cuda,cuda,1,1,0.001308,0.002920,0.000000
662,data/imagenet.npz,4,100,cuda,cuda,1,1,0.001308,0.003183,0.000000
663,data/imagenet.npz,4,100,cuda,cuda,1,1,0.001294,0.002630,0.000000
664,data/imagenet.npz,4,100,cuda,cuda,1,1,0.001306,0.004385,0.000000
665,data/imagenet.npz,4,100,cuda,cuda,1,1,0.001299,0.002822,0.000000
666,data/imagenet.npz,4,100,cuda,cuda,1,1,0.001301,0.002935,0.000000
667,data/imagenet.npz,4,100,cuda,cuda,1,1,0.001838,0.025341,0.000000
668,data/imagenet.npz,4,100,cuda,cuda,1,1,0.001323,0.000715,0.000000
669,data/imagenet.npz,4,100,cuda,cuda,1,1,0.001303,0.002929,0.000000
670,data/imagenet.npz,4,100,cuda,cuda,1,1,0.001304,0.002629,0.000000
671,data/imagenet.npz,4,100,cuda,cuda,1,1,0.001300,0.001817,0.000000
672,data/imagenet.npz,4,100,cuda,cuda,1,1,0.001318,0.002635,0.000000
673,data/imagenet.npz,4,100,cuda,cuda,1,1,0.001361,0.002918,0.000000
674,data/imagenet.npz,4,100,cuda,cuda,1,1,0.001301,0.003437,0.000000
675,data/imagenet.npz,4,100,cuda,cuda,1,1,0.001282,0.002645,0.000000
676,data/imagenet.npz,4,100,cuda,cuda,1,1,0.001417,0.002613,0.000000
677,data/imagenet.npz,4,100,cuda,cuda,1,1,0.001295,0.000483,0.000000
678,data/imagenet.npz,4,100,cuda,cuda,1,1,0.001301,0.001537,0.000000
679,data/imagenet.npz,4,100,cuda,cuda,1,1,0.001322,0.002920,0.000000
680,data/imagenet.npz,4,100,cuda,cuda,1,1,0.001306,0.002639,0.000000
681,data/imagenet.npz,4,100,cuda,cuda,1,1,0.001581,0.000439,0.000000
682,data/imagenet.npz,4,100,cuda,cuda,1,1,0.001306,0.001032,0.000000
683,data/imagenet.npz,4,100,cuda,cuda,1,1,0.001330,0.002640,0.000000
684,data/imagenet.npz,4,100,cuda,cuda,1,1,0.001318,0.002489,0.000000
685,data/imagenet.npz,4,100,cuda,cuda,1,1,0.001336,0.002637,0.000000
686,data/imagenet.npz,4,100,cuda,cuda,1,1,0.001365,0.002912,0.000000
687,data/imagenet.npz,4,100,cuda,cuda,1,1,0.001301,0.004794,0.000000
688,data/imagenet.npz,4,100,cuda,cuda,1,1,0.001326,0.002996,0.000000
689,data/imagenet.npz,4,100,cuda,cuda,1,1,0.001308,0.002933,0.000000
690,data/imagenet.npz,4,100,cuda,cuda,1,1,0.001325,0.002936,0.000000
691,data/imagenet.npz,4,100,cuda,cuda,1,1,0.001306,0.002635,0.000000
692,data/imagenet.npz,4,100,cuda,cuda,1,1,0.001301,0.003549,0.000000
693,data/imagenet.npz,4,100,cuda,cuda,1,1,0.001316,0.002932,0.000000
694,data/imagenet.npz,4,100,cuda,cuda,1,1,0.001302,0.002911,0.000000
695,data/imagenet.npz,4,100,cuda,cuda,1,1,0.001305,0.001595,0.000000
696,data/imagenet.npz,4,100,cuda,cuda,1,1,0.001528,0.018962,0.000000
697,data/imagenet.npz,4,100,cuda,cuda,1,1,0.001314,0.001298,0.000000
698,data/imagenet.npz,4,100,cuda,cuda,1,1,0.001326,0.001730,0.000000
699,data/imagenet.npz,4,100,cuda,cuda,1,1,0.001401,0.014802,0.000000
700,data/imagenet.npz,4,100,cuda,cuda,1,1,0.001323,0.001855,0.000000
701,data/imagenet.npz,4,100,cuda,cuda,1,1,0.001304,0.002647,0.000000
702,data/imagenet.npz,4,100,cuda,cuda,1,1,0.001309,0.002920,0.000000
703,data/imagenet.npz,4,100,cuda,cuda,1,1,0.001307,0.009662,0.000000
704,data/imagenet.npz,4,100,cuda,cuda,1,1,0.001310,0.002927,0.000000
705,data/imagenet.npz,4,100,cuda,cuda,1,1,0.001326,0.001987,0.000000
706,data/imagenet.npz,4,100,cuda,cuda,1,1,0.001310,0.002931,0.000000
707,data/imagenet.npz,4,100,cuda,cuda,1,1,0.001327,0.002907,0.000000
708,data/imagenet.npz,4,100,cuda,cuda,1,1,0.001387,0.002604,0.000000
709,data/imagenet.npz,4,100,cuda,cuda,1,1,0.001321,0.002913,0.000000
710,data/imagenet.npz,4,100,cuda,cuda,1,1,0.001313,0.002930,0.000000
711,data/imagenet.npz,4,100,cuda,cuda,1,1,0.001398,0.002868,0.000000
712,data/imagenet.npz,4,100,cuda,cuda,1,1,0.001314,0.003603,0.000000
713,data/imagenet.npz,4,100,cuda,cuda,1,1,0.001312,0.002928,0.000000
714,data/imagenet.npz,4,100,cuda,cuda,1,1,0.001588,0.002927,0.000000
715,data/imagenet.npz,4,100,cuda,cuda,1,1,0.001326,0.003017,0.000000
716,data/imagenet.npz,4,100,cuda,cuda,1,1,0.001320,0.003170,0.000000
717,data/imagenet.npz,4,100,cuda,cuda,1,1,0.001354,0.002919,0.000000
718,data/imagenet.npz,4,100,cuda,cuda,1,1,0.001313,0.002935,0.000000
719,data/imagenet.npz,4,100,cuda,cuda,1,1,0.001306,0.002621,0.000000
720,data/imagenet.npz,4,100,cuda,cuda,1,1,0.001319,0.002554,0.000000
721,data/imagenet.npz,4,100,cuda,cuda,1,1,0.001323,0.002920,0.000000
722,data/imagenet.npz,4,100,cuda,cuda,1,1,0.001321,0.002628,0.000000
723,data/imagenet.npz,4,100,cuda,cuda,1,1,0.001300,0.002249,0.000000
724,data/imagenet.npz,4,100,cuda,cuda,1,1,0.001320,0.001999,0.000000
725,data/imagenet.npz,4,100,cuda,cuda,1,1,0.001302,0.002307,0.000000
726,data/imagenet.npz,4,100,cuda,cuda,1,1,0.001316,0.001307,0.000000
727,data/imagenet.npz,4,100,cuda,cuda,1,1,0.001305,0.002930,0.000000
728,data/imagenet.npz,4,100,cuda,cuda,1,1,0.001302,0.002867,0.000000
729,data/imagenet.npz,4,100,cuda,cuda,1,1,0.001315,0.001021,0.000000
730,data/imagenet.npz,4,100,cuda,cuda,1,1,0.001319,0.002920,0.000000
731,data/imagenet.npz,4,100,cuda,cuda,1,1,0.001303,0.002650,0.000000
732,data/imagenet.npz,4,100,cuda,cuda,1,1,0.001328,0.002434,0.000000
733,data/imagenet.npz,4,100,cuda,cuda,1,1,0.001299,0.004274,0.000000
734,data/imagenet.npz,4,100,cuda,cuda,1,1,0.001313,0.002934,0.000000
735,data/imagenet.npz,4,100,cuda,cuda,1,1,0.001287,0.002652,0.000000
736,data/imagenet.npz,4,100,cuda,cuda,1,1,0.001300,0.002629,0.000000
737,data/imagenet.npz,4,100,cuda,cuda,1,1,0.001288,0.002877,0.000000
738,data/imagenet.npz,4,100,cuda,cuda,1,1,0.001309,0.002713,0.000000
739,data/imagenet.npz,4,100,cuda,cuda,1,1,0.001299,0.005059,0.000000
740,data/imagenet.npz,4,100,cuda,cuda,1,1,0.001310,0.002643,0.000000
741,data/imagenet.npz,4,100,cuda,cuda,1,1,0.001307,0.002933,0.000000
742,data/imagenet.npz,4,100,cuda,cuda,1,1,0.001299,0.000628,0.000000
743,data/imagenet.npz,4,100,cuda,cuda,1,1,0.001285,0.002659,0.000000
744,data/imagenet.npz,4,100,cuda,cuda,1,1,0.001290,0.002615,0.000000
745,data/imagenet.npz,4,100,cuda,cuda,1,1,0.001312,0.002885,0.000000
746,data/imagenet.npz,4,100,cuda,cuda,1,1,0.001308,0.002618,0.000000
747,data/imagenet.npz,4,100,cuda,cuda,1,1,0.001294,0.002859,0.000000
748,data/imagenet.npz,4,100,cuda,cuda,1,1,0.001310,0.001522,0.000000
749,data/imagenet.npz,4,100,cuda,cuda,1,1,0.001299,0.005322,0.000000
750,data/imagenet.npz,4,100,cuda,cuda,1,1,0.001305,0.000829,0.000000
751,data/imagenet.npz,4,100,cuda,cuda,1,1,0.001276,0.002652,0.000000
752,data/imagenet.npz,4,100,cuda,cuda,1,1,0.001292,0.002878,0.000000
753,data/imagenet.npz,4,100,cuda,cuda,1,1,0.001312,0.004433,0.000000
754,data/imagenet.npz,4,100,cuda,cuda,1,1,0.001314,0.002075,0.000000
755,data/imagenet.npz,4,100,cuda,cuda,1,1,0.001357,0.002651,0.000000
756,data/imagenet.npz,4,100,cuda,cuda,1,1,0.001308,0.002927,0.000000
757,data/imagenet.npz,4,100,cuda,cuda,1,1,0.001302,0.002927,0.000000
758,data/imagenet.npz,4,100,cuda,cuda,1,1,0.001297,0.002927,0.000000
759,data/imagenet.npz,4,100,cuda,cuda,1,1,0.001346,0.002922,0.000000
760,data/imagenet.npz,4,100,cuda,cuda,1,1,0.001319,0.002653,0.000000
761,data/imagenet.npz,4,100,cuda,cuda,1,1,0.001314,0.002924,0.000000
762,data/imagenet.npz,4,100,cuda,cuda,1,1,0.001511,0.002934,0.000000
763,data/imagenet.npz,4,100,cuda,cuda,1,1,0.001319,0.003287,0.000000
764,data/imagenet.npz,4,100,cuda,cuda,1,1,0.001328,0.002666,0.000000
765,data/imagenet.npz,4,100,cuda,cuda,1,1,0.001374,0.002658,0.000000
766,data/imagenet.npz,4,100,cuda,cuda,1,1,0.001321,0.006307,0.000000
767,data/imagenet.npz,4,100,cuda,cuda,1,1,0.001320,0.000850,0.000000
768,data/imagenet.npz,4,100,cuda,cuda,1,1,0.001319,0.001928,0.000000
769,data/imagenet.npz,4,100,cuda,cuda,1,1,0.001323,0.002659,0.000000
770,data/imagenet.npz,4,100,cuda,cuda,1,1,0.001311,0.005280,0.000000
771,data/imagenet.npz,4,100,cuda,cuda,1,1,0.001316,0.003956,0.000000
772,data/imagenet.npz,4,100,cuda,cuda,1,1,0.001314,0.002914,0.000000
773,data/imagenet.npz,4,100,cuda,cuda,1,1,0.001311,0.004991,0.000000
774,data/imagenet.npz,4,100,cuda,cuda,1,1,0.001320,0.002632,0.000000
775,data/imagenet.npz,4,100,cuda,cuda,1,1,0.001317,0.004005,0.000000
776,data/imagenet.npz,4,100,cuda,cuda,1,1,0.001317,0.002928,0.000000
777,data/imagenet.npz,4,100,cuda,cuda,1,1,0.001298,0.002926,0.000000
778,data/imagenet.npz,4,100,cuda,cuda,1,1,0.001296,0.002680,0.000000
779,data/imagenet.npz,4,100,cuda,cuda,1,1,0.001309,0.002928,0.000000
780,data/imagenet.npz,4,100,cuda,cuda,1,1,0.001312,0.002958,0.000000
781,data/imagenet.npz,4,100,cuda,cuda,1,1,0.001318,0.001650,0.000000
782,data/imagenet.npz,4,100,cuda,cuda,1,1,0.001302,0.002614,0.000000
783,data/imagenet.npz,4,100,cuda,cuda,1,1,0.001301,0.002636,0.000000
784,data/imagenet.npz,4,100,cuda,cuda,1,1,0.001297,0.002921,0.000000
785,data/imagenet.npz,4,100,cuda,cuda,1,1,0.001302,0.002560,0.000000
786,data/imagenet.npz,4,100,cuda,cuda,1,1,0.001315,0.002936,0.000000
787,data/imagenet.npz,4,100,cuda,cuda,1,1,0.001298,0.002555,0.000000
788,data/imagenet.npz,4,100,cuda,cuda,1,1,0.001295,0.001334,0.000000
789,data/imagenet.npz,4,100,cuda,cuda,1,1,0.001301,0.002918,0.000000
790,data/imagenet.npz,4,100,cuda,cuda,1,1,0.001292,0.002784,0.000000
791,data/imagenet.npz,4,100,cuda,cuda,1,1,0.001333,0.001916,0.000000
792,data/imagenet.npz,4,100,cuda,cuda,1,1,0.001300,0.002936,0.000000
793,data/imagenet.npz,4,100,cuda,cuda,1,1,0.001308,0.002922,0.000000
794,data/imagenet.npz,4,100,cuda,cuda,1,1,0.001301,0.002341,0.000000
795,data/imagenet.npz,4,100,cuda,cuda,1,1,0.001289,0.002635,0.000000
796,data/imagenet.npz,4,100,cuda,cuda,1,1,0.001302,0.002603,0.000000
797,data/imagenet.npz,4,100,cuda,cuda,1,1,0.001289,0.002670,0.000000
798,data/imagenet.npz,4,100,cuda,cuda,1,1,0.001307,0.002388,0.000000
799,data/imagenet.npz,4,100,cuda,cuda,1,1,0.001316,0.006523,0.000000
800,data/imagenet.npz,4,100,cuda,cuda,1,1,0.001363,0.003104,0.000000
801,data/imagenet.npz,4,100,cuda,cuda,1,1,0.001311,0.001017,0.000000
802,data/imagenet.npz,4,100,cuda,cuda,1,1,0.001305,0.001433,0.000000
803,data/imagenet.npz,4,100,cuda,cuda,1,1,0.001298,0.002922,0.000000
804,data/imagenet.npz,4,100,cuda,cuda,1,1,0.001348,0.002936,0.000000
805,data/imagenet.npz,4,100,cuda,cuda,1,1,0.001294,0.000535,0.000000
806,data/imagenet.npz,4,100,cuda,cuda,1,1,0.001300,0.002228,0.000000
807,data/imagenet.npz,4,100,cuda,cuda,1,1,0.001302,0.002924,0.000000
808,data/imagenet.npz,4,100,cuda,cuda,1,1,0.001520,0.002919,0.000000
809,data/imagenet.npz,4,100,cuda,cuda,1,1,0.001318,0.002962,0.000000
810,data/imagenet.npz,4,100,cuda,cuda,1,1,0.001309,0.004371,0.000000
811,data/imagenet.npz,4,100,cuda,cuda,1,1,0.001343,0.002929,0.000000
812,data/imagenet.npz,4,100,cuda,cuda,1,1,0.001327,0.002564,0.000000
813,data/imagenet.npz,4,100,cuda,cuda,1,1,0.001320,0.002751,0.000000
814,data/imagenet.npz,4,100,cuda,cuda,1,1,0.001319,0.002645,0.000000
815,data/imagenet.npz,4,100,cuda,cuda,1,1,0.001304,0.000492,0.000000
816,data/imagenet.npz,4,100,cuda,cuda,1,1,0.001322,0.002652,0.000000
817,data/imagenet.npz,4,100,cuda,cuda,1,1,0.001315,0.002927,0.000000
818,data/imagenet.npz,4,100,cuda,cuda,1,1,0.001326,0.002823,0.000000
819,data/imagenet.npz,4,100,cuda,cuda,1,1,0.001307,0.002655,0.000000
820,data/imagenet.npz,4,100,cuda,cuda,1,1,0.001303,0.004311,0.000000
821,data/imagenet.npz,4,100,cuda,cuda,1,1,0.001310,0.002791,0.000000
822,data/imagenet.npz,4,100,cuda,cuda,1,1,0.001324,0.002663,0.000000
823,data/imagenet.npz,4,100,cuda,cuda,1,1,0.001303,0.002632,0.000000
824,data/imagenet.npz,4,100,cuda,cuda,1,1,0.001320,0.001198,0.000000
825,data/imagenet.npz,4,100,cuda,cuda,1,1,0.001319,0.002851,0.000000
826,data/imagenet.npz,4,100,cuda,cuda,1,1,0.001304,0.003364,0.000000
827,data/imagenet.npz,4,100,cuda,cuda,1,1,0.001314,0.003229,0.000000
828,data/imagenet.npz,4,100,cuda,cuda,1,1,0.001318,0.002669,0.000000
829,data/imagenet.npz,4,100,cuda,cuda,1,1,0.001304,0.000507,0.000000
830,data/imagenet.npz,4,100,cuda,cuda,1,1,0.001298,0.002917,0.000000
831,data/imagenet.npz,4,100,cuda,cuda,1,1,0.001301,0.002611,0.000000
832,data/imagenet.npz,4,100,cuda,cuda,1,1,0.001307,0.002926,0.000000
833,data/imagenet.npz,4,100,cuda,cuda,1,1,0.001307,0.008504,0.000000
834,data/imagenet.npz,4,100,cuda,cuda,1,1,0.001314,0.003834,0.000000
835,data/imagenet.npz,4,100,cuda,cuda,1,1,0.001304,0.000829,0.000000
836,data/imagenet.npz,4,100,cuda,cuda,1,1,0.001303,0.001087,0.000000
837,data/imagenet.npz,4,100,cuda,cuda,1,1,0.001294,0.002902,0.000000
838,data/imagenet.npz,4,100,cuda,cuda,1,1,0.001315,0.002622,0.000000
839,data/imagenet.npz,4,100,cuda,cuda,1,1,0.001306,0.003475,0.000000
840,data/imagenet.npz,4,100,cuda,cuda,1,1,0.001304,0.008284,0.000000
841,data/imagenet.npz,4,100,cuda,cuda,1,1,0.001306,0.002617,0.000000
842,data/imagenet.npz,4,100,cuda,cuda,1,1,0.001312,0.002920,0.000000
843,data/imagenet.npz,4,100,cuda,cuda,1,1,0.001293,0.002619,0.000000
844,data/imagenet.npz,4,100,cuda,cuda,1,1,0.001305,0.002904,0.000000
845,data/imagenet.npz,4,100,cuda,cuda,1,1,0.001306,0.002281,0.000000
846,data/imagenet.npz,4,100,cuda,cuda,1,1,0.001351,0.002263,0.000000
847,data/imagenet.npz,4,100,cuda,cuda,1,1,0.001302,0.000583,0.000000
848,data/imagenet.npz,4,100,cuda,cuda,1,1,0.001307,0.002798,0.000000
849,data/imagenet.npz,4,100,cuda,cuda,1,1,0.001292,0.002912,0.000000
850,data/imagenet.npz,4,100,cuda,cuda,1,1,0.001399,0.000702,0.000000
851,data/imagenet.npz,4,100,cuda,cuda,1,1,0.004262,0.073999,0.000000
852,data/imagenet.npz,4,100,cuda,cuda,1,1,0.001546,0.002824,0.000000
853,data/imagenet.npz,4,100,cuda,cuda,1,1,0.001319,0.002639,0.000000
854,data/imagenet.npz,4,100,cuda,cuda,1,1,0.001339,0.002638,0.000000
855,data/imagenet.npz,4,100,cuda,cuda,1,1,0.001319,0.002954,0.000000
856,data/imagenet.npz,4,100,cuda,cuda,1,1,0.001316,0.001155,0.000000
857,data/imagenet.npz,4,100,cuda,cuda,1,1,0.001322,0.003019,0.000000
858,data/imagenet.npz,4,100,cuda,cuda,1,1,0.001293,0.000452,0.000000
859,data/imagenet.npz,4,100,cuda,cuda,1,1,0.001308,0.003265,0.000000
860,data/imagenet.npz,4,100,cuda,cuda,1,1,0.001313,0.001542,0.000000
861,data/imagenet.npz,4,100,cuda,cuda,1,1,0.001299,0.000537,0.000000
862,data/imagenet.npz,4,100,cuda,cuda,1,1,0.001306,0.003250,0.000000
863,data/imagenet.npz,4,100,cuda,cuda,1,1,0.001298,0.000434,0.000000
864,data/imagenet.npz,4,100,cuda,cuda,1,1,0.001316,0.002919,0.000000
865,data/imagenet.npz,4,100,cuda,cuda,1,1,0.001298,0.003443,0.000000
866,data/imagenet.npz,4,100,cuda,cuda,1,1,0.001321,0.000776,0.000000
867,data/imagenet.npz,4,100,cuda,cuda,1,1,0.001324,0.003351,0.000000
868,data/imagenet.npz,4,100,cuda,cuda,1,1,0.001319,0.000439,0.000000
869,data/imagenet.npz,4,100,cuda,cuda,1,1,0.001294,0.001151,0.000000
870,data/imagenet.npz,4,100,cuda,cuda,1,1,0.001306,0.002534,0.000000
871,data/imagenet.npz,4,100,cuda,cuda,1,1,0.001827,0.022939,0.000000
872,data/imagenet.npz,4,100,cuda,cuda,1,1,0.001606,0.003760,0.000000
873,data/imagenet.npz,4,100,cuda,cuda,1,1,0.001390,0.000481,0.000000
874,data/imagenet.npz,4,100,cuda,cuda,1,1,0.002416,0.036709,0.000000
875,data/imagenet.npz,4,100,cuda,cuda,1,1,0.001337,0.002933,0.000000
876,data/imagenet.npz,4,100,cuda,cuda,1,1,0.001312,0.003032,0.000000
877,data/imagenet.npz,4,100,cuda,cuda,1,1,0.001316,0.003576,0.000000
878,data/imagenet.npz,4,100,cuda,cuda,1,1,0.001311,0.002915,0.000000
879,data/imagenet.npz,4,100,cuda,cuda,1,1,0.001303,0.002666,0.000000
880,data/imagenet.npz,4,100,cuda,cuda,1,1,0.001320,0.002094,0.000000
881,data/imagenet.npz,4,100,cuda,cuda,1,1,0.001319,0.008408,0.000000
882,data/imagenet.npz,4,100,cuda,cuda,1,1,0.001310,0.002934,0.000000
883,data/imagenet.npz,4,100,cuda,cuda,1,1,0.001314,0.002516,0.000000
884,data/imagenet.npz,4,100,cuda,cuda,1,1,0.001313,0.002919,0.000000
885,data/imagenet.npz,4,100,cuda,cuda,1,1,0.001312,0.000437,0.000000
886,data/imagenet.npz,4,100,cuda,cuda,1,1,0.001316,0.002914,0.000000
887,data/imagenet.npz,4,100,cuda,cuda,1,1,0.001307,0.002928,0.000000
888,data/imagenet.npz,4,100,cuda,cuda,1,1,0.001301,0.003002,0.000000
889,data/imagenet.npz,4,100,cuda,cuda,1,1,0.001312,0.002809,0.000000
890,data/imagenet.npz,4,100,cuda,cuda,1,1,0.001311,0.002920,0.000000
891,data/imagenet.npz,4,100,cuda,cuda,1,1,0.001299,0.002932,0.000000
892,data/imagenet.npz,4,100,cuda,cuda,1,1,0.001315,0.002925,0.000000
893,data/imagenet.npz,4,100,cuda,cuda,1,1,0.001295,0.002629,0.000000
894,data/imagenet.npz,4,100,cuda,cuda,1,1,0.001370,0.002787,0.000000
895,data/imagenet.npz,4,100,cuda,cuda,1,1,0.001297,0.002658,0.000000
896,data/imagenet.npz,4,100,cuda,cuda,1,1,0.001314,0.003229,0.000000
897,data/imagenet.npz,4,100,cuda,cuda,1,1,0.001405,0.002788,0.000000
898,data/imagenet.npz,4,100,cuda,cuda,1,1,0.001312,0.002922,0.000000
899,data/imagenet.npz,4,100,cuda,cuda,1,1,0.001307,0.002936,0.000000
900,data/imagenet.npz,4,100,cuda,cuda,1,1,0.001592,0.002643,0.000000
901,data/imagenet.npz,4,100,cuda,cuda,1,1,0.001325,0.002617,0.000000
902,data/imagenet.npz,4,100,cuda,cuda,1,1,0.001324,0.002900,0.000000
903,data/imagenet.npz,4,100,cuda,cuda,1,1,0.001316,0.002329,0.000000
904,data/imagenet.npz,4,100,cuda,cuda,1,1,0.001342,0.002021,0.000000
905,data/imagenet.npz,4,100,cuda,cuda,1,1,0.001326,0.002911,0.000000
906,data/imagenet.npz,4,100,cuda,cuda,1,1,0.001320,0.002931,0.000000
907,data/imagenet.npz,4,100,cuda,cuda,1,1,0.001324,0.002925,0.000000
908,data/imagenet.npz,4,100,cuda,cuda,1,1,0.001335,0.002612,0.000000
909,data/imagenet.npz,4,100,cuda,cuda,1,1,0.001310,0.002756,0.000000
910,data/imagenet.npz,4,100,cuda,cuda,1,1,0.001309,0.002921,0.000000
911,data/imagenet.npz,4,100,cuda,cuda,1,1,0.001310,0.002654,0.000000
912,data/imagenet.npz,4,100,cuda,cuda,1,1,0.001316,0.003926,0.000000
913,data/imagenet.npz,4,100,cuda,cuda,1,1,0.001319,0.002917,0.000000
914,data/imagenet.npz,4,100,cuda,cuda,1,1,0.001323,0.001057,0.000000
915,data/imagenet.npz,4,100,cuda,cuda,1,1,0.001315,0.002860,0.000000
916,data/imagenet.npz,4,100,cuda,cuda,1,1,0.001311,0.002922,0.000000
917,data/imagenet.npz,4,100,cuda,cuda,1,1,0.001312,0.002599,0.000000
918,data/imagenet.npz,4,100,cuda,cuda,1,1,0.001313,0.002125,0.000000
919,data/imagenet.npz,4,100,cuda,cuda,1,1,0.001304,0.002825,0.000000
920,data/imagenet.npz,4,100,cuda,cuda,1,1,0.001300,0.003508,0.000000
921,data/imagenet.npz,4,100,cuda,cuda,1,1,0.001310,0.002879,0.000000
922,data/imagenet.npz,4,100,cuda,cuda,1,1,0.001317,0.002922,0.000000
923,data/imagenet.npz,4,100,cuda,cuda,1,1,0.001301,0.002931,0.000000
924,data/imagenet.npz,4,100,cuda,cuda,1,1,0.001295,0.002648,0.000000
925,data/imagenet.npz,4,100,cuda,cuda,1,1,0.001300,0.002664,0.000000
926,data/imagenet.npz,4,100,cuda,cuda,1,1,0.001298,0.001943,0.000000
927,data/imagenet.npz,4,100,cuda,cuda,1,1,0.001318,0.002657,0.000000
928,data/imagenet.npz,4,100,cuda,cuda,1,1,0.001329,0.002938,0.000000
929,data/imagenet.npz,4,100,cuda,cuda,1,1,0.001306,0.002250,0.000000
930,data/imagenet.npz,4,100,cuda,cuda,1,1,0.001315,0.002094,0.000000
931,data/imagenet.npz,4,100,cuda,cuda,1,1,0.001310,0.002273,0.000000
932,data/imagenet.npz,4,100,cuda,cuda,1,1,0.001324,0.002750,0.000000
933,data/imagenet.npz,4,100,cuda,cuda,1,1,0.001313,0.001347,0.000000
934,data/imagenet.npz,4,100,cuda,cuda,1,1,0.001304,0.002648,0.000000
935,data/imagenet.npz,4,100,cuda,cuda,1,1,0.001314,0.001970,0.000000
936,data/imagenet.npz,4,100,cuda,cuda,1,1,0.001317,0.002687,0.000000
937,data/imagenet.npz,4,100,cuda,cuda,1,1,0.001333,0.002686,0.000000
938,data/imagenet.npz,4,100,cuda,cuda,1,1,0.001306,0.003908,0.000000
939,data/imagenet.npz,4,100,cuda,cuda,1,1,0.001304,0.002482,0.000000
940,data/imagenet.npz,4,100,cuda,cuda,1,1,0.001289,0.003530,0.000000
941,data/imagenet.npz,4,100,cuda,cuda,1,1,0.001303,0.002929,0.000000
942,data/imagenet.npz,4,100,cuda,cuda,1,1,0.001377,0.002654,0.000000
943,data/imagenet.npz,4,100,cuda,cuda,1,1,0.001292,0.002656,0.000000
944,data/imagenet.npz,4,100,cuda,cuda,1,1,0.001306,0.002681,0.000000
945,data/imagenet.npz,4,100,cuda,cuda,1,1,0.001288,0.002911,0.000000
946,data/imagenet.npz,4,100,cuda,cuda,1,1,0.001361,0.002568,0.000000
947,data/imagenet.npz,4,100,cuda,cuda,1,1,0.001295,0.002925,0.000000
948,data/imagenet.npz,4,100,cuda,cuda,1,1,0.001302,0.002933,0.000000
949,data/imagenet.npz,4,100,cuda,cuda,1,1,0.001497,0.002656,0.000000
950,data/imagenet.npz,4,100,cuda,cuda,1,1,0.001326,0.002932,0.000000
951,data/imagenet.npz,4,100,cuda,cuda,1,1,0.001318,0.002983,0.000000
952,data/imagenet.npz,4,100,cuda,cuda,1,1,0.001377,0.002928,0.000000
953,data/imagenet.npz,4,100,cuda,cuda,1,1,0.001337,0.001987,0.000000
954,data/imagenet.npz,4,100,cuda,cuda,1,1,0.001316,0.001835,0.000000
955,data/imagenet.npz,4,100,cuda,cuda,1,1,0.001324,0.002663,0.000000
956,data/imagenet.npz,4,100,cuda,cuda,1,1,0.001310,0.002835,0.000000
957,data/imagenet.npz,4,100,cuda,cuda,1,1,0.001317,0.002384,0.000000
958,data/imagenet.npz,4,100,cuda,cuda,1,1,0.001316,0.002153,0.000000
959,data/imagenet.npz,4,100,cuda,cuda,1,1,0.001304,0.003350,0.000000
960,data/imagenet.npz,4,100,cuda,cuda,1,1,0.001308,0.002652,0.000000
961,data/imagenet.npz,4,100,cuda,cuda,1,1,0.001297,0.002670,0.000000
962,data/imagenet.npz,4,100,cuda,cuda,1,1,0.001307,0.002662,0.000000
963,data/imagenet.npz,4,100,cuda,cuda,1,1,0.001300,0.002745,0.000000
964,data/imagenet.npz,4,100,cuda,cuda,1,1,0.001324,0.002564,0.000000
965,data/imagenet.npz,4,100,cuda,cuda,1,1,0.001292,0.002638,0.000000
966,data/imagenet.npz,4,100,cuda,cuda,1,1,0.001303,0.002835,0.000000
967,data/imagenet.npz,4,100,cuda,cuda,1,1,0.001306,0.002921,0.000000
968,data/imagenet.npz,4,100,cuda,cuda,1,1,0.001297,0.002597,0.000000
969,data/imagenet.npz,4,100,cuda,cuda,1,1,0.001305,0.002929,0.000000
970,data/imagenet.npz,4,100,cuda,cuda,1,1,0.001298,0.002901,0.000000
971,data/imagenet.npz,4,100,cuda,cuda,1,1,0.001301,0.001586,0.000000
972,data/imagenet.npz,4,100,cuda,cuda,1,1,0.001324,0.000772,0.000000
973,data/imagenet.npz,4,100,cuda,cuda,1,1,0.001293,0.002929,0.000000
974,data/imagenet.npz,4,100,cuda,cuda,1,1,0.001306,0.000774,0.000000
975,data/imagenet.npz,4,100,cuda,cuda,1,1,0.001300,0.003500,0.000000
976,data/imagenet.npz,4,100,cuda,cuda,1,1,0.001302,0.002665,0.000000
977,data/imagenet.npz,4,100,cuda,cuda,1,1,0.001307,0.003000,0.000000
978,data/imagenet.npz,4,100,cuda,cuda,1,1,0.001312,0.002427,0.000000
979,data/imagenet.npz,4,100,cuda,cuda,1,1,0.001309,0.002925,0.000000
980,data/imagenet.npz,4,100,cuda,cuda,1,1,0.001304,0.002853,0.000000
981,data/imagenet.npz,4,100,cuda,cuda,1,1,0.001325,0.002765,0.000000
982,data/imagenet.npz,4,100,cuda,cuda,1,1,0.001322,0.002930,0.000000
983,data/imagenet.npz,4,100,cuda,cuda,1,1,0.001316,0.002925,0.000000
984,data/imagenet.npz,4,100,cuda,cuda,1,1,0.001304,0.002671,0.000000
985,data/imagenet.npz,4,100,cuda,cuda,1,1,0.001332,0.000833,0.000000
986,data/imagenet.npz,4,100,cuda,cuda,1,1,0.001327,0.010085,0.000000
987,data/imagenet.npz,4,100,cuda,cuda,1,1,0.001319,0.003387,0.000000
988,data/imagenet.npz,4,100,cuda,cuda,1,1,0.001310,0.001402,0.000000
989,data/imagenet.npz,4,100,cuda,cuda,1,1,0.001310,0.002812,0.000000
990,data/imagenet.npz,4,100,cuda,cuda,1,1,0.001387,0.002821,0.000000
991,data/imagenet.npz,4,100,cuda,cuda,1,1,0.001307,0.002392,0.000000
992,data/imagenet.npz,4,100,cuda,cuda,1,1,0.001306,0.002227,0.000000
993,data/imagenet.npz,4,100,cuda,cuda,1,1,0.001301,0.002658,0.000000
994,data/imagenet.npz,4,100,cuda,cuda,1,1,0.001342,0.004396,0.000000
995,data/imagenet.npz,4,100,cuda,cuda,1,1,0.001288,0.003262,0.000000
996,data/imagenet.npz,4,100,cuda,cuda,1,1,0.001589,0.002865,0.000000
997,data/imagenet.npz,4,100,cuda,cuda,1,1,0.001336,0.002010,0.000000
998,data/imagenet.npz,4,100,cuda,cuda,1,1,0.001317,0.003600,0.000000
999,data/imagenet.npz,4,100,cuda,cuda,1,1,0.001336,0.001698,0.000000
