image_index,data_path,num_directions,num_timesteps,device_requested,device_used,batch_size,num_cores,complex_construction_time,computation_time,vectorization_time
0,data/imagenet.npz,64,10,cuda,cuda,1,1,0.066863,0.031519,0.000000
1,data/imagenet.npz,64,10,cuda,cuda,1,1,0.001697,0.033578,0.000000
2,data/imagenet.npz,64,10,cuda,cuda,1,1,0.001332,0.030874,0.000000
3,data/imagenet.npz,64,10,cuda,cuda,1,1,0.001312,0.031246,0.000000
4,data/imagenet.npz,64,10,cuda,cuda,1,1,0.001867,0.041354,0.000000
5,data/imagenet.npz,64,10,cuda,cuda,1,1,0.001565,0.036142,0.000000
6,data/imagenet.npz,64,10,cuda,cuda,1,1,0.001302,0.032009,0.000000
7,data/imagenet.npz,64,10,cuda,cuda,1,1,0.001360,0.029454,0.000000
8,data/imagenet.npz,64,10,cuda,cuda,1,1,0.001624,0.078193,0.000000
9,data/imagenet.npz,64,10,cuda,cuda,1,1,0.001303,0.031620,0.000000
10,data/imagenet.npz,64,10,cuda,cuda,1,1,0.001639,0.031996,0.000000
11,data/imagenet.npz,64,10,cuda,cuda,1,1,0.001814,0.015987,0.000000
12,data/imagenet.npz,64,10,cuda,cuda,1,1,0.001288,0.038716,0.000000
13,data/imagenet.npz,64,10,cuda,cuda,1,1,0.001307,0.037289,0.000000
14,data/imagenet.npz,64,10,cuda,cuda,1,1,0.001601,0.042225,0.000000
15,data/imagenet.npz,64,10,cuda,cuda,1,1,0.001310,0.037259,0.000000
16,data/imagenet.npz,64,10,cuda,cuda,1,1,0.001368,0.038987,0.000000
17,data/imagenet.npz,64,10,cuda,cuda,1,1,0.001574,0.034143,0.000000
18,data/imagenet.npz,64,10,cuda,cuda,1,1,0.001312,0.032284,0.000000
19,data/imagenet.npz,64,10,cuda,cuda,1,1,0.001302,0.009852,0.000000
20,data/imagenet.npz,64,10,cuda,cuda,1,1,0.001307,0.039555,0.000000
21,data/imagenet.npz,64,10,cuda,cuda,1,1,0.001667,0.037295,0.000000
22,data/imagenet.npz,64,10,cuda,cuda,1,1,0.001311,0.032368,0.000000
23,data/imagenet.npz,64,10,cuda,cuda,1,1,0.001302,0.024251,0.000000
24,data/imagenet.npz,64,10,cuda,cuda,1,1,0.001461,0.037470,0.000000
25,data/imagenet.npz,64,10,cuda,cuda,1,1,0.001510,0.009947,0.000000
26,data/imagenet.npz,64,10,cuda,cuda,1,1,0.001312,0.023575,0.000000
27,data/imagenet.npz,64,10,cuda,cuda,1,1,0.001303,0.037498,0.000000
28,data/imagenet.npz,64,10,cuda,cuda,1,1,0.001371,0.032337,0.000000
29,data/imagenet.npz,64,10,cuda,cuda,1,1,0.001559,0.025767,0.000000
30,data/imagenet.npz,64,10,cuda,cuda,1,1,0.001317,0.038921,0.000000
31,data/imagenet.npz,64,10,cuda,cuda,1,1,0.001299,0.031370,0.000000
32,data/imagenet.npz,64,10,cuda,cuda,1,1,0.001645,0.038783,0.000000
33,data/imagenet.npz,64,10,cuda,cuda,1,1,0.001324,0.001993,0.000000
34,data/imagenet.npz,64,10,cuda,cuda,1,1,0.001281,0.032361,0.000000
35,data/imagenet.npz,64,10,cuda,cuda,1,1,0.001311,0.037911,0.000000
36,data/imagenet.npz,64,10,cuda,cuda,1,1,0.001712,0.033114,0.000000
37,data/imagenet.npz,64,10,cuda,cuda,1,1,0.001324,0.057812,0.000000
38,data/imagenet.npz,64,10,cuda,cuda,1,1,0.001385,0.266717,0.000000
39,data/imagenet.npz,64,10,cuda,cuda,1,1,0.001742,0.034573,0.000000
40,data/imagenet.npz,64,10,cuda,cuda,1,1,0.001305,0.038561,0.000000
41,data/imagenet.npz,64,10,cuda,cuda,1,1,0.001690,0.031885,0.000000
42,data/imagenet.npz,64,10,cuda,cuda,1,1,0.001329,0.000976,0.000000
43,data/imagenet.npz,64,10,cuda,cuda,1,1,0.001294,0.037673,0.000000
44,data/imagenet.npz,64,10,cuda,cuda,1,1,0.001305,0.042237,0.000000
45,data/imagenet.npz,64,10,cuda,cuda,1,1,0.001642,0.039063,0.000000
46,data/imagenet.npz,64,10,cuda,cuda,1,1,0.001339,0.065010,0.000000
47,data/imagenet.npz,64,10,cuda,cuda,1,1,0.001457,0.040477,0.000000
48,data/imagenet.npz,64,10,cuda,cuda,1,1,0.001524,0.037222,0.000000
49,data/imagenet.npz,64,10,cuda,cuda,1,1,0.001316,0.044331,0.000000
50,data/imagenet.npz,64,10,cuda,cuda,1,1,0.001685,0.042762,0.000000
51,data/imagenet.npz,64,10,cuda,cuda,1,1,0.001319,0.038960,0.000000
52,data/imagenet.npz,64,10,cuda,cuda,1,1,0.001377,0.034771,0.000000
53,data/imagenet.npz,64,10,cuda,cuda,1,1,0.001570,0.067288,0.000000
54,data/imagenet.npz,64,10,cuda,cuda,1,1,0.001300,0.108087,0.000000
55,data/imagenet.npz,64,10,cuda,cuda,1,1,0.001613,0.037333,0.000000
56,data/imagenet.npz,64,10,cuda,cuda,1,1,0.001584,0.053358,0.000000
57,data/imagenet.npz,64,10,cuda,cuda,1,1,0.001302,0.033637,0.000000
58,data/imagenet.npz,64,10,cuda,cuda,1,1,0.001718,0.033975,0.000000
59,data/imagenet.npz,64,10,cuda,cuda,1,1,0.001326,0.037036,0.000000
60,data/imagenet.npz,64,10,cuda,cuda,1,1,0.001292,0.023216,0.000000
61,data/imagenet.npz,64,10,cuda,cuda,1,1,0.001447,0.026032,0.000000
62,data/imagenet.npz,64,10,cuda,cuda,1,1,0.001533,0.032727,0.000000
63,data/imagenet.npz,64,10,cuda,cuda,1,1,0.001295,0.128670,0.000000
64,data/imagenet.npz,64,10,cuda,cuda,1,1,0.001628,0.036287,0.000000
65,data/imagenet.npz,64,10,cuda,cuda,1,1,0.001457,0.033375,0.000000
66,data/imagenet.npz,64,10,cuda,cuda,1,1,0.001529,0.036153,0.000000
67,data/imagenet.npz,64,10,cuda,cuda,1,1,0.001319,0.037110,0.000000
68,data/imagenet.npz,64,10,cuda,cuda,1,1,0.001689,0.036000,0.000000
69,data/imagenet.npz,64,10,cuda,cuda,1,1,0.001329,0.031364,0.000000
70,data/imagenet.npz,64,10,cuda,cuda,1,1,0.001306,0.038540,0.000000
71,data/imagenet.npz,64,10,cuda,cuda,1,1,0.001701,0.038597,0.000000
72,data/imagenet.npz,64,10,cuda,cuda,1,1,0.001326,0.037356,0.000000
73,data/imagenet.npz,64,10,cuda,cuda,1,1,0.001310,0.038788,0.000000
74,data/imagenet.npz,64,10,cuda,cuda,1,1,0.001650,0.037430,0.000000
75,data/imagenet.npz,64,10,cuda,cuda,1,1,0.001304,0.074080,0.000000
76,data/imagenet.npz,64,10,cuda,cuda,1,1,0.001717,0.064361,0.000000
77,data/imagenet.npz,64,10,cuda,cuda,1,1,0.001325,0.040704,0.000000
78,data/imagenet.npz,64,10,cuda,cuda,1,1,0.001627,0.031403,0.000000
79,data/imagenet.npz,64,10,cuda,cuda,1,1,0.001309,0.032253,0.000000
80,data/imagenet.npz,64,10,cuda,cuda,1,1,0.001309,0.037478,0.000000
81,data/imagenet.npz,64,10,cuda,cuda,1,1,0.001659,0.054205,0.000000
82,data/imagenet.npz,64,10,cuda,cuda,1,1,0.001343,0.037665,0.000000
83,data/imagenet.npz,64,10,cuda,cuda,1,1,0.001461,0.040418,0.000000
84,data/imagenet.npz,64,10,cuda,cuda,1,1,0.001523,0.037493,0.000000
85,data/imagenet.npz,64,10,cuda,cuda,1,1,0.001314,0.033953,0.000000
86,data/imagenet.npz,64,10,cuda,cuda,1,1,0.001701,0.042075,0.000000
87,data/imagenet.npz,64,10,cuda,cuda,1,1,0.001350,0.053430,0.000000
88,data/imagenet.npz,64,10,cuda,cuda,1,1,0.001461,0.045601,0.000000
89,data/imagenet.npz,64,10,cuda,cuda,1,1,0.001510,0.037519,0.000000
90,data/imagenet.npz,64,10,cuda,cuda,1,1,0.001307,0.031609,0.000000
91,data/imagenet.npz,64,10,cuda,cuda,1,1,0.001656,0.024444,0.000000
92,data/imagenet.npz,64,10,cuda,cuda,1,1,0.001319,0.033808,0.000000
93,data/imagenet.npz,64,10,cuda,cuda,1,1,0.001290,0.027904,0.000000
94,data/imagenet.npz,64,10,cuda,cuda,1,1,0.001373,0.040727,0.000000
95,data/imagenet.npz,64,10,cuda,cuda,1,1,0.001560,0.031371,0.000000
96,data/imagenet.npz,64,10,cuda,cuda,1,1,0.001306,0.031956,0.000000
97,data/imagenet.npz,64,10,cuda,cuda,1,1,0.001368,0.030720,0.000000
98,data/imagenet.npz,64,10,cuda,cuda,1,1,0.001608,0.021262,0.000000
99,data/imagenet.npz,64,10,cuda,cuda,1,1,0.001305,0.001872,0.000000
100,data/imagenet.npz,64,10,cuda,cuda,1,1,0.001298,0.032421,0.000000
101,data/imagenet.npz,64,10,cuda,cuda,1,1,0.001312,0.133671,0.000000
102,data/imagenet.npz,64,10,cuda,cuda,1,1,0.001665,0.039658,0.000000
103,data/imagenet.npz,64,10,cuda,cuda,1,1,0.001515,0.038261,0.000000
104,data/imagenet.npz,64,10,cuda,cuda,1,1,0.001309,0.031970,0.000000
105,data/imagenet.npz,64,10,cuda,cuda,1,1,0.001706,0.037405,0.000000
106,data/imagenet.npz,64,10,cuda,cuda,1,1,0.001341,0.031699,0.000000
107,data/imagenet.npz,64,10,cuda,cuda,1,1,0.001321,0.057834,0.000000
108,data/imagenet.npz,64,10,cuda,cuda,1,1,0.001619,0.033871,0.000000
109,data/imagenet.npz,64,10,cuda,cuda,1,1,0.001290,0.023472,0.000000
110,data/imagenet.npz,64,10,cuda,cuda,1,1,0.001314,0.030926,0.000000
111,data/imagenet.npz,64,10,cuda,cuda,1,1,0.001727,0.229511,0.000000
112,data/imagenet.npz,64,10,cuda,cuda,1,1,0.001711,0.037327,0.000000
113,data/imagenet.npz,64,10,cuda,cuda,1,1,0.001280,0.032118,0.000000
114,data/imagenet.npz,64,10,cuda,cuda,1,1,0.001298,0.031034,0.000000
115,data/imagenet.npz,64,10,cuda,cuda,1,1,0.001653,0.019829,0.000000
116,data/imagenet.npz,64,10,cuda,cuda,1,1,0.001322,0.032250,0.000000
117,data/imagenet.npz,64,10,cuda,cuda,1,1,0.001312,0.032367,0.000000
118,data/imagenet.npz,64,10,cuda,cuda,1,1,0.001366,0.036493,0.000000
119,data/imagenet.npz,64,10,cuda,cuda,1,1,0.002024,0.006928,0.000000
120,data/imagenet.npz,64,10,cuda,cuda,1,1,0.001302,0.141082,0.000000
121,data/imagenet.npz,64,10,cuda,cuda,1,1,0.001631,0.031196,0.000000
122,data/imagenet.npz,64,10,cuda,cuda,1,1,0.001462,0.030478,0.000000
123,data/imagenet.npz,64,10,cuda,cuda,1,1,0.001518,0.032154,0.000000
124,data/imagenet.npz,64,10,cuda,cuda,1,1,0.001303,0.037388,0.000000
125,data/imagenet.npz,64,10,cuda,cuda,1,1,0.001453,0.037466,0.000000
126,data/imagenet.npz,64,10,cuda,cuda,1,1,0.001510,0.020078,0.000000
127,data/imagenet.npz,64,10,cuda,cuda,1,1,0.001301,0.038854,0.000000
128,data/imagenet.npz,64,10,cuda,cuda,1,1,0.001306,0.028399,0.000000
129,data/imagenet.npz,64,10,cuda,cuda,1,1,0.001649,0.031267,0.000000
130,data/imagenet.npz,64,10,cuda,cuda,1,1,0.001343,0.038770,0.000000
131,data/imagenet.npz,64,10,cuda,cuda,1,1,0.001309,0.037767,0.000000
132,data/imagenet.npz,64,10,cuda,cuda,1,1,0.001663,0.139897,0.000000
133,data/imagenet.npz,64,10,cuda,cuda,1,1,0.001747,0.002736,0.000000
134,data/imagenet.npz,64,10,cuda,cuda,1,1,0.001315,0.032346,0.000000
135,data/imagenet.npz,64,10,cuda,cuda,1,1,0.001326,0.037438,0.000000
136,data/imagenet.npz,64,10,cuda,cuda,1,1,0.001683,0.032511,0.000000
137,data/imagenet.npz,64,10,cuda,cuda,1,1,0.001304,0.032159,0.000000
138,data/imagenet.npz,64,10,cuda,cuda,1,1,0.001311,0.037477,0.000000
139,data/imagenet.npz,64,10,cuda,cuda,1,1,0.001668,0.035195,0.000000
140,data/imagenet.npz,64,10,cuda,cuda,1,1,0.001340,0.031099,0.000000
141,data/imagenet.npz,64,10,cuda,cuda,1,1,0.001328,0.047827,0.000000
142,data/imagenet.npz,64,10,cuda,cuda,1,1,0.001718,0.192128,0.000000
143,data/imagenet.npz,64,10,cuda,cuda,1,1,0.001645,0.011771,0.000000
144,data/imagenet.npz,64,10,cuda,cuda,1,1,0.001422,0.034774,0.000000
145,data/imagenet.npz,64,10,cuda,cuda,1,1,0.001528,0.039020,0.000000
146,data/imagenet.npz,64,10,cuda,cuda,1,1,0.001314,0.044579,0.000000
147,data/imagenet.npz,64,10,cuda,cuda,1,1,0.001466,0.039018,0.000000
148,data/imagenet.npz,64,10,cuda,cuda,1,1,0.001529,0.019615,0.000000
149,data/imagenet.npz,64,10,cuda,cuda,1,1,0.001319,0.009968,0.000000
150,data/imagenet.npz,64,10,cuda,cuda,1,1,0.001310,0.025097,0.000000
151,data/imagenet.npz,64,10,cuda,cuda,1,1,0.001325,0.009766,0.000000
152,data/imagenet.npz,64,10,cuda,cuda,1,1,0.001362,0.013967,0.000000
153,data/imagenet.npz,64,10,cuda,cuda,1,1,0.001610,0.037393,0.000000
154,data/imagenet.npz,64,10,cuda,cuda,1,1,0.001332,0.032137,0.000000
155,data/imagenet.npz,64,10,cuda,cuda,1,1,0.001319,0.030651,0.000000
156,data/imagenet.npz,64,10,cuda,cuda,1,1,0.001369,0.029085,0.000000
157,data/imagenet.npz,64,10,cuda,cuda,1,1,0.001590,0.050735,0.000000
158,data/imagenet.npz,64,10,cuda,cuda,1,1,0.001308,0.032387,0.000000
159,data/imagenet.npz,64,10,cuda,cuda,1,1,0.001307,0.038646,0.000000
160,data/imagenet.npz,64,10,cuda,cuda,1,1,0.001655,0.143129,0.000000
161,data/imagenet.npz,64,10,cuda,cuda,1,1,0.001719,0.030731,0.000000
162,data/imagenet.npz,64,10,cuda,cuda,1,1,0.001311,0.039065,0.000000
163,data/imagenet.npz,64,10,cuda,cuda,1,1,0.001704,0.030966,0.000000
164,data/imagenet.npz,64,10,cuda,cuda,1,1,0.001323,0.036106,0.000000
165,data/imagenet.npz,64,10,cuda,cuda,1,1,0.001315,0.032123,0.000000
166,data/imagenet.npz,64,10,cuda,cuda,1,1,0.001450,0.031247,0.000000
167,data/imagenet.npz,64,10,cuda,cuda,1,1,0.001529,0.032322,0.000000
168,data/imagenet.npz,64,10,cuda,cuda,1,1,0.001313,0.031199,0.000000
169,data/imagenet.npz,64,10,cuda,cuda,1,1,0.001298,0.061320,0.000000
170,data/imagenet.npz,64,10,cuda,cuda,1,1,0.001618,0.036845,0.000000
171,data/imagenet.npz,64,10,cuda,cuda,1,1,0.001302,0.052152,0.000000
172,data/imagenet.npz,64,10,cuda,cuda,1,1,0.001674,0.037506,0.000000
173,data/imagenet.npz,64,10,cuda,cuda,1,1,0.001303,0.032422,0.000000
174,data/imagenet.npz,64,10,cuda,cuda,1,1,0.001314,0.024634,0.000000
175,data/imagenet.npz,64,10,cuda,cuda,1,1,0.001454,0.038929,0.000000
176,data/imagenet.npz,64,10,cuda,cuda,1,1,0.001539,0.030851,0.000000
177,data/imagenet.npz,64,10,cuda,cuda,1,1,0.001311,0.038981,0.000000
178,data/imagenet.npz,64,10,cuda,cuda,1,1,0.001460,0.033573,0.000000
179,data/imagenet.npz,64,10,cuda,cuda,1,1,0.001530,0.038981,0.000000
180,data/imagenet.npz,64,10,cuda,cuda,1,1,0.001316,0.077345,0.000000
181,data/imagenet.npz,64,10,cuda,cuda,1,1,0.001633,0.042372,0.000000
182,data/imagenet.npz,64,10,cuda,cuda,1,1,0.001330,0.031753,0.000000
183,data/imagenet.npz,64,10,cuda,cuda,1,1,0.001649,0.033696,0.000000
184,data/imagenet.npz,64,10,cuda,cuda,1,1,0.001344,0.031232,0.000000
185,data/imagenet.npz,64,10,cuda,cuda,1,1,0.001301,0.032127,0.000000
186,data/imagenet.npz,64,10,cuda,cuda,1,1,0.001453,0.033214,0.000000
187,data/imagenet.npz,64,10,cuda,cuda,1,1,0.001526,0.038842,0.000000
188,data/imagenet.npz,64,10,cuda,cuda,1,1,0.001322,0.037136,0.000000
189,data/imagenet.npz,64,10,cuda,cuda,1,1,0.001700,0.159356,0.000000
190,data/imagenet.npz,64,10,cuda,cuda,1,1,0.001710,0.031763,0.000000
191,data/imagenet.npz,64,10,cuda,cuda,1,1,0.001667,0.380578,0.000000
192,data/imagenet.npz,64,10,cuda,cuda,1,1,0.001741,0.109687,0.000000
193,data/imagenet.npz,64,10,cuda,cuda,1,1,0.001630,0.037326,0.000000
194,data/imagenet.npz,64,10,cuda,cuda,1,1,0.001394,0.042003,0.000000
195,data/imagenet.npz,64,10,cuda,cuda,1,1,0.001581,0.009577,0.000000
196,data/imagenet.npz,64,10,cuda,cuda,1,1,0.001310,0.037420,0.000000
197,data/imagenet.npz,64,10,cuda,cuda,1,1,0.001287,0.025825,0.000000
198,data/imagenet.npz,64,10,cuda,cuda,1,1,0.001448,0.038944,0.000000
199,data/imagenet.npz,64,10,cuda,cuda,1,1,0.001526,0.011041,0.000000
200,data/imagenet.npz,64,10,cuda,cuda,1,1,0.001309,0.031515,0.000000
201,data/imagenet.npz,64,10,cuda,cuda,1,1,0.001309,0.035373,0.000000
202,data/imagenet.npz,64,10,cuda,cuda,1,1,0.001673,0.037494,0.000000
203,data/imagenet.npz,64,10,cuda,cuda,1,1,0.001336,0.003757,0.000000
204,data/imagenet.npz,64,10,cuda,cuda,1,1,0.001315,0.032003,0.000000
205,data/imagenet.npz,64,10,cuda,cuda,1,1,0.001296,0.037700,0.000000
206,data/imagenet.npz,64,10,cuda,cuda,1,1,0.001707,0.051724,0.000000
207,data/imagenet.npz,64,10,cuda,cuda,1,1,0.001325,0.097804,0.000000
208,data/imagenet.npz,64,10,cuda,cuda,1,1,0.001639,0.038559,0.000000
209,data/imagenet.npz,64,10,cuda,cuda,1,1,0.001375,0.030841,0.000000
210,data/imagenet.npz,64,10,cuda,cuda,1,1,0.001569,0.005773,0.000000
211,data/imagenet.npz,64,10,cuda,cuda,1,1,0.001308,0.034844,0.000000
212,data/imagenet.npz,64,10,cuda,cuda,1,1,0.001301,0.038861,0.000000
213,data/imagenet.npz,64,10,cuda,cuda,1,1,0.001320,0.029930,0.000000
214,data/imagenet.npz,64,10,cuda,cuda,1,1,0.001671,0.032314,0.000000
215,data/imagenet.npz,64,10,cuda,cuda,1,1,0.001299,0.038822,0.000000
216,data/imagenet.npz,64,10,cuda,cuda,1,1,0.001313,0.030774,0.000000
217,data/imagenet.npz,64,10,cuda,cuda,1,1,0.001653,0.003970,0.000000
218,data/imagenet.npz,64,10,cuda,cuda,1,1,0.001346,0.040350,0.000000
219,data/imagenet.npz,64,10,cuda,cuda,1,1,0.001302,0.038383,0.000000
220,data/imagenet.npz,64,10,cuda,cuda,1,1,0.001392,0.038477,0.000000
221,data/imagenet.npz,64,10,cuda,cuda,1,1,0.001565,0.032006,0.000000
222,data/imagenet.npz,64,10,cuda,cuda,1,1,0.001300,0.038532,0.000000
223,data/imagenet.npz,64,10,cuda,cuda,1,1,0.001458,0.122008,0.000000
224,data/imagenet.npz,64,10,cuda,cuda,1,1,0.001725,0.045878,0.000000
225,data/imagenet.npz,64,10,cuda,cuda,1,1,0.001325,0.028205,0.000000
226,data/imagenet.npz,64,10,cuda,cuda,1,1,0.001302,0.038589,0.000000
227,data/imagenet.npz,64,10,cuda,cuda,1,1,0.001616,0.031515,0.000000
228,data/imagenet.npz,64,10,cuda,cuda,1,1,0.001328,0.032136,0.000000
229,data/imagenet.npz,64,10,cuda,cuda,1,1,0.001318,0.031514,0.000000
230,data/imagenet.npz,64,10,cuda,cuda,1,1,0.001471,0.038513,0.000000
231,data/imagenet.npz,64,10,cuda,cuda,1,1,0.001545,0.056937,0.000000
232,data/imagenet.npz,64,10,cuda,cuda,1,1,0.001363,0.030431,0.000000
233,data/imagenet.npz,64,10,cuda,cuda,1,1,0.001581,0.038724,0.000000
234,data/imagenet.npz,64,10,cuda,cuda,1,1,0.001321,0.031618,0.000000
235,data/imagenet.npz,64,10,cuda,cuda,1,1,0.001373,0.038048,0.000000
236,data/imagenet.npz,64,10,cuda,cuda,1,1,0.001564,0.027985,0.000000
237,data/imagenet.npz,64,10,cuda,cuda,1,1,0.001321,0.038346,0.000000
238,data/imagenet.npz,64,10,cuda,cuda,1,1,0.001390,0.005210,0.000000
239,data/imagenet.npz,64,10,cuda,cuda,1,1,0.001399,0.031572,0.000000
240,data/imagenet.npz,64,10,cuda,cuda,1,1,0.001525,0.038249,0.000000
241,data/imagenet.npz,64,10,cuda,cuda,1,1,0.001303,0.039167,0.000000
242,data/imagenet.npz,64,10,cuda,cuda,1,1,0.001461,0.038468,0.000000
243,data/imagenet.npz,64,10,cuda,cuda,1,1,0.001532,0.091914,0.000000
244,data/imagenet.npz,64,10,cuda,cuda,1,1,0.001738,0.038327,0.000000
245,data/imagenet.npz,64,10,cuda,cuda,1,1,0.001303,0.033731,0.000000
246,data/imagenet.npz,64,10,cuda,cuda,1,1,0.001476,0.038103,0.000000
247,data/imagenet.npz,64,10,cuda,cuda,1,1,0.001527,0.026924,0.000000
248,data/imagenet.npz,64,10,cuda,cuda,1,1,0.001307,0.105984,0.000000
249,data/imagenet.npz,64,10,cuda,cuda,1,1,0.001615,0.140693,0.000000
250,data/imagenet.npz,64,10,cuda,cuda,1,1,0.001694,0.293213,0.000000
251,data/imagenet.npz,64,10,cuda,cuda,1,1,0.001732,0.037868,0.000000
252,data/imagenet.npz,64,10,cuda,cuda,1,1,0.001462,0.032005,0.000000
253,data/imagenet.npz,64,10,cuda,cuda,1,1,0.001540,0.018262,0.000000
254,data/imagenet.npz,64,10,cuda,cuda,1,1,0.001320,0.038631,0.000000
255,data/imagenet.npz,64,10,cuda,cuda,1,1,0.001386,0.141977,0.000000
256,data/imagenet.npz,64,10,cuda,cuda,1,1,0.001750,0.058345,0.000000
257,data/imagenet.npz,64,10,cuda,cuda,1,1,0.001316,0.035409,0.000000
258,data/imagenet.npz,64,10,cuda,cuda,1,1,0.001658,0.031154,0.000000
259,data/imagenet.npz,64,10,cuda,cuda,1,1,0.001305,0.058320,0.000000
260,data/imagenet.npz,64,10,cuda,cuda,1,1,0.001453,0.031754,0.000000
261,data/imagenet.npz,64,10,cuda,cuda,1,1,0.001536,0.007454,0.000000
262,data/imagenet.npz,64,10,cuda,cuda,1,1,0.001293,0.031871,0.000000
263,data/imagenet.npz,64,10,cuda,cuda,1,1,0.001320,0.017541,0.000000
264,data/imagenet.npz,64,10,cuda,cuda,1,1,0.001313,0.032036,0.000000
265,data/imagenet.npz,64,10,cuda,cuda,1,1,0.001699,0.038887,0.000000
266,data/imagenet.npz,64,10,cuda,cuda,1,1,0.001347,0.011288,0.000000
267,data/imagenet.npz,64,10,cuda,cuda,1,1,0.001302,0.038863,0.000000
268,data/imagenet.npz,64,10,cuda,cuda,1,1,0.001387,0.021195,0.000000
269,data/imagenet.npz,64,10,cuda,cuda,1,1,0.001597,0.032429,0.000000
270,data/imagenet.npz,64,10,cuda,cuda,1,1,0.001344,0.012581,0.000000
271,data/imagenet.npz,64,10,cuda,cuda,1,1,0.001304,0.031202,0.000000
272,data/imagenet.npz,64,10,cuda,cuda,1,1,0.001298,0.032196,0.000000
273,data/imagenet.npz,64,10,cuda,cuda,1,1,0.001674,0.037428,0.000000
274,data/imagenet.npz,64,10,cuda,cuda,1,1,0.001319,0.027538,0.000000
275,data/imagenet.npz,64,10,cuda,cuda,1,1,0.001313,0.043348,0.000000
276,data/imagenet.npz,64,10,cuda,cuda,1,1,0.001681,0.038937,0.000000
277,data/imagenet.npz,64,10,cuda,cuda,1,1,0.001316,0.049729,0.000000
278,data/imagenet.npz,64,10,cuda,cuda,1,1,0.001460,0.143402,0.000000
279,data/imagenet.npz,64,10,cuda,cuda,1,1,0.001739,0.055138,0.000000
280,data/imagenet.npz,64,10,cuda,cuda,1,1,0.001332,0.031100,0.000000
281,data/imagenet.npz,64,10,cuda,cuda,1,1,0.001473,0.002454,0.000000
282,data/imagenet.npz,64,10,cuda,cuda,1,1,0.001324,0.109118,0.000000
283,data/imagenet.npz,64,10,cuda,cuda,1,1,0.001649,0.028516,0.000000
284,data/imagenet.npz,64,10,cuda,cuda,1,1,0.001528,0.039108,0.000000
285,data/imagenet.npz,64,10,cuda,cuda,1,1,0.001301,0.037257,0.000000
286,data/imagenet.npz,64,10,cuda,cuda,1,1,0.001365,0.039062,0.000000
287,data/imagenet.npz,64,10,cuda,cuda,1,1,0.001589,0.031266,0.000000
288,data/imagenet.npz,64,10,cuda,cuda,1,1,0.001306,0.052466,0.000000
289,data/imagenet.npz,64,10,cuda,cuda,1,1,0.001479,0.033332,0.000000
290,data/imagenet.npz,64,10,cuda,cuda,1,1,0.001569,0.035695,0.000000
291,data/imagenet.npz,64,10,cuda,cuda,1,1,0.001316,0.027360,0.000000
292,data/imagenet.npz,64,10,cuda,cuda,1,1,0.001305,0.041399,0.000000
293,data/imagenet.npz,64,10,cuda,cuda,1,1,0.001677,0.058017,0.000000
294,data/imagenet.npz,64,10,cuda,cuda,1,1,0.001301,0.004016,0.000000
295,data/imagenet.npz,64,10,cuda,cuda,1,1,0.001301,0.031970,0.000000
296,data/imagenet.npz,64,10,cuda,cuda,1,1,0.001463,0.031238,0.000000
297,data/imagenet.npz,64,10,cuda,cuda,1,1,0.001532,0.040246,0.000000
298,data/imagenet.npz,64,10,cuda,cuda,1,1,0.001313,0.084437,0.000000
299,data/imagenet.npz,64,10,cuda,cuda,1,1,0.001652,0.038901,0.000000
300,data/imagenet.npz,64,10,cuda,cuda,1,1,0.001296,0.002647,0.000000
301,data/imagenet.npz,64,10,cuda,cuda,1,1,0.001307,0.016367,0.000000
302,data/imagenet.npz,64,10,cuda,cuda,1,1,0.001374,0.004282,0.000000
303,data/imagenet.npz,64,10,cuda,cuda,1,1,0.001299,0.032156,0.000000
304,data/imagenet.npz,64,10,cuda,cuda,1,1,0.001582,0.037362,0.000000
305,data/imagenet.npz,64,10,cuda,cuda,1,1,0.001323,0.037407,0.000000
306,data/imagenet.npz,64,10,cuda,cuda,1,1,0.001306,0.020138,0.000000
307,data/imagenet.npz,64,10,cuda,cuda,1,1,0.001457,0.019701,0.000000
308,data/imagenet.npz,64,10,cuda,cuda,1,1,0.001556,0.036987,0.000000
309,data/imagenet.npz,64,10,cuda,cuda,1,1,0.001296,0.121583,0.000000
310,data/imagenet.npz,64,10,cuda,cuda,1,1,0.001636,0.038956,0.000000
311,data/imagenet.npz,64,10,cuda,cuda,1,1,0.001359,0.029906,0.000000
312,data/imagenet.npz,64,10,cuda,cuda,1,1,0.001559,0.035990,0.000000
313,data/imagenet.npz,64,10,cuda,cuda,1,1,0.001317,0.014897,0.000000
314,data/imagenet.npz,64,10,cuda,cuda,1,1,0.001318,0.055288,0.000000
315,data/imagenet.npz,64,10,cuda,cuda,1,1,0.001721,0.038527,0.000000
316,data/imagenet.npz,64,10,cuda,cuda,1,1,0.001325,0.038972,0.000000
317,data/imagenet.npz,64,10,cuda,cuda,1,1,0.001375,0.038470,0.000000
318,data/imagenet.npz,64,10,cuda,cuda,1,1,0.001563,0.077287,0.000000
319,data/imagenet.npz,64,10,cuda,cuda,1,1,0.001470,0.182820,0.000000
320,data/imagenet.npz,64,10,cuda,cuda,1,1,0.001691,0.037371,0.000000
321,data/imagenet.npz,64,10,cuda,cuda,1,1,0.001661,0.055596,0.000000
322,data/imagenet.npz,64,10,cuda,cuda,1,1,0.001333,0.031539,0.000000
323,data/imagenet.npz,64,10,cuda,cuda,1,1,0.001478,0.032375,0.000000
324,data/imagenet.npz,64,10,cuda,cuda,1,1,0.001531,0.024248,0.000000
325,data/imagenet.npz,64,10,cuda,cuda,1,1,0.001314,0.051382,0.000000
326,data/imagenet.npz,64,10,cuda,cuda,1,1,0.001481,0.032134,0.000000
327,data/imagenet.npz,64,10,cuda,cuda,1,1,0.001541,0.016623,0.000000
328,data/imagenet.npz,64,10,cuda,cuda,1,1,0.001325,0.018857,0.000000
329,data/imagenet.npz,64,10,cuda,cuda,1,1,0.001302,0.019676,0.000000
330,data/imagenet.npz,64,10,cuda,cuda,1,1,0.001300,0.030667,0.000000
331,data/imagenet.npz,64,10,cuda,cuda,1,1,0.001472,0.019936,0.000000
332,data/imagenet.npz,64,10,cuda,cuda,1,1,0.001526,0.038800,0.000000
333,data/imagenet.npz,64,10,cuda,cuda,1,1,0.001308,0.037822,0.000000
334,data/imagenet.npz,64,10,cuda,cuda,1,1,0.001381,0.038745,0.000000
335,data/imagenet.npz,64,10,cuda,cuda,1,1,0.001578,0.033502,0.000000
336,data/imagenet.npz,64,10,cuda,cuda,1,1,0.001302,0.025923,0.000000
337,data/imagenet.npz,64,10,cuda,cuda,1,1,0.001312,0.030552,0.000000
338,data/imagenet.npz,64,10,cuda,cuda,1,1,0.001668,0.031668,0.000000
339,data/imagenet.npz,64,10,cuda,cuda,1,1,0.001337,0.038142,0.000000
340,data/imagenet.npz,64,10,cuda,cuda,1,1,0.001306,0.031666,0.000000
341,data/imagenet.npz,64,10,cuda,cuda,1,1,0.001695,0.047425,0.000000
342,data/imagenet.npz,64,10,cuda,cuda,1,1,0.001330,0.108101,0.000000
343,data/imagenet.npz,64,10,cuda,cuda,1,1,0.001634,0.038715,0.000000
344,data/imagenet.npz,64,10,cuda,cuda,1,1,0.001379,0.002787,0.000000
345,data/imagenet.npz,64,10,cuda,cuda,1,1,0.001344,0.031603,0.000000
346,data/imagenet.npz,64,10,cuda,cuda,1,1,0.001533,0.037441,0.000000
347,data/imagenet.npz,64,10,cuda,cuda,1,1,0.001311,0.002823,0.000000
348,data/imagenet.npz,64,10,cuda,cuda,1,1,0.001365,0.245819,0.000000
349,data/imagenet.npz,64,10,cuda,cuda,1,1,0.001736,0.012635,0.000000
350,data/imagenet.npz,64,10,cuda,cuda,1,1,0.001622,0.007077,0.000000
351,data/imagenet.npz,64,10,cuda,cuda,1,1,0.001298,0.031822,0.000000
352,data/imagenet.npz,64,10,cuda,cuda,1,1,0.001339,0.038867,0.000000
353,data/imagenet.npz,64,10,cuda,cuda,1,1,0.001312,0.051770,0.000000
354,data/imagenet.npz,64,10,cuda,cuda,1,1,0.001621,0.038878,0.000000
355,data/imagenet.npz,64,10,cuda,cuda,1,1,0.001314,0.001740,0.000000
356,data/imagenet.npz,64,10,cuda,cuda,1,1,0.001319,0.032365,0.000000
357,data/imagenet.npz,64,10,cuda,cuda,1,1,0.001444,0.037400,0.000000
358,data/imagenet.npz,64,10,cuda,cuda,1,1,0.001530,0.038368,0.000000
359,data/imagenet.npz,64,10,cuda,cuda,1,1,0.001303,0.009419,0.000000
360,data/imagenet.npz,64,10,cuda,cuda,1,1,0.001304,0.037342,0.000000
361,data/imagenet.npz,64,10,cuda,cuda,1,1,0.001652,0.037167,0.000000
362,data/imagenet.npz,64,10,cuda,cuda,1,1,0.001298,0.038913,0.000000
363,data/imagenet.npz,64,10,cuda,cuda,1,1,0.001356,0.037564,0.000000
364,data/imagenet.npz,64,10,cuda,cuda,1,1,0.001555,0.093013,0.000000
365,data/imagenet.npz,64,10,cuda,cuda,1,1,0.001699,0.027357,0.000000
366,data/imagenet.npz,64,10,cuda,cuda,1,1,0.001328,0.039051,0.000000
367,data/imagenet.npz,64,10,cuda,cuda,1,1,0.001297,0.125126,0.000000
368,data/imagenet.npz,64,10,cuda,cuda,1,1,0.001617,0.039034,0.000000
369,data/imagenet.npz,64,10,cuda,cuda,1,1,0.001569,0.037468,0.000000
370,data/imagenet.npz,64,10,cuda,cuda,1,1,0.001307,0.143462,0.000000
371,data/imagenet.npz,64,10,cuda,cuda,1,1,0.001664,0.037457,0.000000
372,data/imagenet.npz,64,10,cuda,cuda,1,1,0.001505,0.000751,0.000000
373,data/imagenet.npz,64,10,cuda,cuda,1,1,0.001302,0.030823,0.000000
374,data/imagenet.npz,64,10,cuda,cuda,1,1,0.001295,0.028828,0.000000
375,data/imagenet.npz,64,10,cuda,cuda,1,1,0.003031,0.944391,0.000000
376,data/imagenet.npz,64,10,cuda,cuda,1,1,0.001548,0.054032,0.000000
377,data/imagenet.npz,64,10,cuda,cuda,1,1,0.001317,0.037905,0.000000
378,data/imagenet.npz,64,10,cuda,cuda,1,1,0.001407,0.038781,0.000000
379,data/imagenet.npz,64,10,cuda,cuda,1,1,0.001248,0.036264,0.000000
380,data/imagenet.npz,64,10,cuda,cuda,1,1,0.001418,0.032000,0.000000
381,data/imagenet.npz,64,10,cuda,cuda,1,1,0.001340,0.049946,0.000000
382,data/imagenet.npz,64,10,cuda,cuda,1,1,0.001251,0.037848,0.000000
383,data/imagenet.npz,64,10,cuda,cuda,1,1,0.001418,0.003849,0.000000
384,data/imagenet.npz,64,10,cuda,cuda,1,1,0.001311,0.038872,0.000000
385,data/imagenet.npz,64,10,cuda,cuda,1,1,0.001270,0.044289,0.000000
386,data/imagenet.npz,64,10,cuda,cuda,1,1,0.001247,0.031492,0.000000
387,data/imagenet.npz,64,10,cuda,cuda,1,1,0.001437,0.038509,0.000000
388,data/imagenet.npz,64,10,cuda,cuda,1,1,0.001258,0.000688,0.000000
389,data/imagenet.npz,64,10,cuda,cuda,1,1,0.001249,0.037149,0.000000
390,data/imagenet.npz,64,10,cuda,cuda,1,1,0.001332,0.031426,0.000000
391,data/imagenet.npz,64,10,cuda,cuda,1,1,0.001365,0.031135,0.000000
392,data/imagenet.npz,64,10,cuda,cuda,1,1,0.001249,0.040631,0.000000
393,data/imagenet.npz,64,10,cuda,cuda,1,1,0.001327,0.005732,0.000000
394,data/imagenet.npz,64,10,cuda,cuda,1,1,0.001258,0.024333,0.000000
395,data/imagenet.npz,64,10,cuda,cuda,1,1,0.001346,0.058359,0.000000
396,data/imagenet.npz,64,10,cuda,cuda,1,1,0.001238,0.037341,0.000000
397,data/imagenet.npz,64,10,cuda,cuda,1,1,0.001429,0.047153,0.000000
398,data/imagenet.npz,64,10,cuda,cuda,1,1,0.001271,0.037438,0.000000
399,data/imagenet.npz,64,10,cuda,cuda,1,1,0.001240,0.032305,0.000000
400,data/imagenet.npz,64,10,cuda,cuda,1,1,0.001358,0.031409,0.000000
401,data/imagenet.npz,64,10,cuda,cuda,1,1,0.001250,0.031565,0.000000
402,data/imagenet.npz,64,10,cuda,cuda,1,1,0.001247,0.014719,0.000000
403,data/imagenet.npz,64,10,cuda,cuda,1,1,0.001318,0.032486,0.000000
404,data/imagenet.npz,64,10,cuda,cuda,1,1,0.001315,0.061328,0.000000
405,data/imagenet.npz,64,10,cuda,cuda,1,1,0.001263,0.003625,0.000000
406,data/imagenet.npz,64,10,cuda,cuda,1,1,0.001265,0.031280,0.000000
407,data/imagenet.npz,64,10,cuda,cuda,1,1,0.001392,0.038744,0.000000
408,data/imagenet.npz,64,10,cuda,cuda,1,1,0.001263,0.029119,0.000000
409,data/imagenet.npz,64,10,cuda,cuda,1,1,0.001241,0.032153,0.000000
410,data/imagenet.npz,64,10,cuda,cuda,1,1,0.001423,0.030838,0.000000
411,data/imagenet.npz,64,10,cuda,cuda,1,1,0.001263,0.038349,0.000000
412,data/imagenet.npz,64,10,cuda,cuda,1,1,0.001235,0.041074,0.000000
413,data/imagenet.npz,64,10,cuda,cuda,1,1,0.001422,0.032181,0.000000
414,data/imagenet.npz,64,10,cuda,cuda,1,1,0.001266,0.004296,0.000000
415,data/imagenet.npz,64,10,cuda,cuda,1,1,0.001244,0.032167,0.000000
416,data/imagenet.npz,64,10,cuda,cuda,1,1,0.001258,0.114827,0.000000
417,data/imagenet.npz,64,10,cuda,cuda,1,1,0.001378,0.005656,0.000000
418,data/imagenet.npz,64,10,cuda,cuda,1,1,0.001249,0.042337,0.000000
419,data/imagenet.npz,64,10,cuda,cuda,1,1,0.001427,0.037156,0.000000
420,data/imagenet.npz,64,10,cuda,cuda,1,1,0.001251,0.038934,0.000000
421,data/imagenet.npz,64,10,cuda,cuda,1,1,0.001254,0.057453,0.000000
422,data/imagenet.npz,64,10,cuda,cuda,1,1,0.001360,0.033316,0.000000
423,data/imagenet.npz,64,10,cuda,cuda,1,1,0.001240,0.121205,0.000000
424,data/imagenet.npz,64,10,cuda,cuda,1,1,0.001379,0.040437,0.000000
425,data/imagenet.npz,64,10,cuda,cuda,1,1,0.001429,0.019522,0.000000
426,data/imagenet.npz,64,10,cuda,cuda,1,1,0.001276,0.040535,0.000000
427,data/imagenet.npz,64,10,cuda,cuda,1,1,0.001234,0.000695,0.000000
428,data/imagenet.npz,64,10,cuda,cuda,1,1,0.001253,0.038210,0.000000
429,data/imagenet.npz,64,10,cuda,cuda,1,1,0.001322,0.031719,0.000000
430,data/imagenet.npz,64,10,cuda,cuda,1,1,0.001308,0.077658,0.000000
431,data/imagenet.npz,64,10,cuda,cuda,1,1,0.001313,0.038416,0.000000
432,data/imagenet.npz,64,10,cuda,cuda,1,1,0.001316,0.031542,0.000000
433,data/imagenet.npz,64,10,cuda,cuda,1,1,0.001245,0.032249,0.000000
434,data/imagenet.npz,64,10,cuda,cuda,1,1,0.001251,0.038301,0.000000
435,data/imagenet.npz,64,10,cuda,cuda,1,1,0.001378,0.038087,0.000000
436,data/imagenet.npz,64,10,cuda,cuda,1,1,0.001262,0.028345,0.000000
437,data/imagenet.npz,64,10,cuda,cuda,1,1,0.001278,0.042300,0.000000
438,data/imagenet.npz,64,10,cuda,cuda,1,1,0.001419,0.038900,0.000000
439,data/imagenet.npz,64,10,cuda,cuda,1,1,0.001269,0.032358,0.000000
440,data/imagenet.npz,64,10,cuda,cuda,1,1,0.001245,0.002889,0.000000
441,data/imagenet.npz,64,10,cuda,cuda,1,1,0.001226,0.029649,0.000000
442,data/imagenet.npz,64,10,cuda,cuda,1,1,0.001315,0.038868,0.000000
443,data/imagenet.npz,64,10,cuda,cuda,1,1,0.001303,0.054924,0.000000
444,data/imagenet.npz,64,10,cuda,cuda,1,1,0.001249,0.030323,0.000000
445,data/imagenet.npz,64,10,cuda,cuda,1,1,0.001427,0.032213,0.000000
446,data/imagenet.npz,64,10,cuda,cuda,1,1,0.001253,0.064636,0.000000
447,data/imagenet.npz,64,10,cuda,cuda,1,1,0.001316,0.035077,0.000000
448,data/imagenet.npz,64,10,cuda,cuda,1,1,0.001307,0.030327,0.000000
449,data/imagenet.npz,64,10,cuda,cuda,1,1,0.001255,0.051693,0.000000
450,data/imagenet.npz,64,10,cuda,cuda,1,1,0.001420,0.037468,0.000000
451,data/imagenet.npz,64,10,cuda,cuda,1,1,0.001268,0.066845,0.000000
452,data/imagenet.npz,64,10,cuda,cuda,1,1,0.001416,0.054653,0.000000
453,data/imagenet.npz,64,10,cuda,cuda,1,1,0.001256,0.091659,0.000000
454,data/imagenet.npz,64,10,cuda,cuda,1,1,0.001379,0.032366,0.000000
455,data/imagenet.npz,64,10,cuda,cuda,1,1,0.001234,0.037885,0.000000
456,data/imagenet.npz,64,10,cuda,cuda,1,1,0.001418,0.032398,0.000000
457,data/imagenet.npz,64,10,cuda,cuda,1,1,0.001239,0.031171,0.000000
458,data/imagenet.npz,64,10,cuda,cuda,1,1,0.001240,0.032291,0.000000
459,data/imagenet.npz,64,10,cuda,cuda,1,1,0.001393,0.037454,0.000000
460,data/imagenet.npz,64,10,cuda,cuda,1,1,0.001261,0.041717,0.000000
461,data/imagenet.npz,64,10,cuda,cuda,1,1,0.001262,0.010096,0.000000
462,data/imagenet.npz,64,10,cuda,cuda,1,1,0.001342,0.042393,0.000000
463,data/imagenet.npz,64,10,cuda,cuda,1,1,0.001309,0.087864,0.000000
464,data/imagenet.npz,64,10,cuda,cuda,1,1,0.001440,0.035895,0.000000
465,data/imagenet.npz,64,10,cuda,cuda,1,1,0.001252,0.034314,0.000000
466,data/imagenet.npz,64,10,cuda,cuda,1,1,0.001240,0.036992,0.000000
467,data/imagenet.npz,64,10,cuda,cuda,1,1,0.001389,0.039073,0.000000
468,data/imagenet.npz,64,10,cuda,cuda,1,1,0.001243,0.003980,0.000000
469,data/imagenet.npz,64,10,cuda,cuda,1,1,0.001246,0.040495,0.000000
470,data/imagenet.npz,64,10,cuda,cuda,1,1,0.001276,0.037430,0.000000
471,data/imagenet.npz,64,10,cuda,cuda,1,1,0.001373,0.039014,0.000000
472,data/imagenet.npz,64,10,cuda,cuda,1,1,0.001249,0.043536,0.000000
473,data/imagenet.npz,64,10,cuda,cuda,1,1,0.001424,0.031505,0.000000
474,data/imagenet.npz,64,10,cuda,cuda,1,1,0.001272,0.026430,0.000000
475,data/imagenet.npz,64,10,cuda,cuda,1,1,0.001252,0.038998,0.000000
476,data/imagenet.npz,64,10,cuda,cuda,1,1,0.001400,0.000438,0.000000
477,data/imagenet.npz,64,10,cuda,cuda,1,1,0.001235,0.030145,0.000000
478,data/imagenet.npz,64,10,cuda,cuda,1,1,0.001266,0.032315,0.000000
479,data/imagenet.npz,64,10,cuda,cuda,1,1,0.001241,0.038862,0.000000
480,data/imagenet.npz,64,10,cuda,cuda,1,1,0.001305,0.049716,0.000000
481,data/imagenet.npz,64,10,cuda,cuda,1,1,0.001314,0.037505,0.000000
482,data/imagenet.npz,64,10,cuda,cuda,1,1,0.001244,0.035232,0.000000
483,data/imagenet.npz,64,10,cuda,cuda,1,1,0.001387,0.034576,0.000000
484,data/imagenet.npz,64,10,cuda,cuda,1,1,0.001252,0.011510,0.000000
485,data/imagenet.npz,64,10,cuda,cuda,1,1,0.001254,0.032677,0.000000
486,data/imagenet.npz,64,10,cuda,cuda,1,1,0.001265,0.106952,0.000000
487,data/imagenet.npz,64,10,cuda,cuda,1,1,0.002482,0.732983,0.000000
488,data/imagenet.npz,64,10,cuda,cuda,1,1,0.001423,0.034245,0.000000
489,data/imagenet.npz,64,10,cuda,cuda,1,1,0.001264,0.005941,0.000000
490,data/imagenet.npz,64,10,cuda,cuda,1,1,0.001234,0.038813,0.000000
491,data/imagenet.npz,64,10,cuda,cuda,1,1,0.001379,0.102396,0.000000
492,data/imagenet.npz,64,10,cuda,cuda,1,1,0.001435,0.051353,0.000000
493,data/imagenet.npz,64,10,cuda,cuda,1,1,0.001245,0.032858,0.000000
494,data/imagenet.npz,64,10,cuda,cuda,1,1,0.001316,0.042066,0.000000
495,data/imagenet.npz,64,10,cuda,cuda,1,1,0.001309,0.031291,0.000000
496,data/imagenet.npz,64,10,cuda,cuda,1,1,0.001250,0.034488,0.000000
497,data/imagenet.npz,64,10,cuda,cuda,1,1,0.001404,0.039067,0.000000
498,data/imagenet.npz,64,10,cuda,cuda,1,1,0.001271,0.038836,0.000000
499,data/imagenet.npz,64,10,cuda,cuda,1,1,0.001264,0.055144,0.000000
500,data/imagenet.npz,64,10,cuda,cuda,1,1,0.001362,0.039018,0.000000
501,data/imagenet.npz,64,10,cuda,cuda,1,1,0.001243,0.038985,0.000000
502,data/imagenet.npz,64,10,cuda,cuda,1,1,0.001401,0.036597,0.000000
503,data/imagenet.npz,64,10,cuda,cuda,1,1,0.001281,0.038401,0.000000
504,data/imagenet.npz,64,10,cuda,cuda,1,1,0.001242,0.020139,0.000000
505,data/imagenet.npz,64,10,cuda,cuda,1,1,0.001303,0.032674,0.000000
506,data/imagenet.npz,64,10,cuda,cuda,1,1,0.001318,0.198074,0.000000
507,data/imagenet.npz,64,10,cuda,cuda,1,1,0.001440,0.037563,0.000000
508,data/imagenet.npz,64,10,cuda,cuda,1,1,0.001252,0.038754,0.000000
509,data/imagenet.npz,64,10,cuda,cuda,1,1,0.001374,0.264436,0.000000
510,data/imagenet.npz,64,10,cuda,cuda,1,1,0.001442,0.055645,0.000000
511,data/imagenet.npz,64,10,cuda,cuda,1,1,0.001416,0.017606,0.000000
512,data/imagenet.npz,64,10,cuda,cuda,1,1,0.001286,0.031164,0.000000
513,data/imagenet.npz,64,10,cuda,cuda,1,1,0.001247,0.025299,0.000000
514,data/imagenet.npz,64,10,cuda,cuda,1,1,0.001257,0.057924,0.000000
515,data/imagenet.npz,64,10,cuda,cuda,1,1,0.001386,0.103107,0.000000
516,data/imagenet.npz,64,10,cuda,cuda,1,1,0.001450,0.006301,0.000000
517,data/imagenet.npz,64,10,cuda,cuda,1,1,0.001241,0.045513,0.000000
518,data/imagenet.npz,64,10,cuda,cuda,1,1,0.001244,0.031912,0.000000
519,data/imagenet.npz,64,10,cuda,cuda,1,1,0.001398,0.001733,0.000000
520,data/imagenet.npz,64,10,cuda,cuda,1,1,0.001258,0.050366,0.000000
521,data/imagenet.npz,64,10,cuda,cuda,1,1,0.001261,0.038197,0.000000
522,data/imagenet.npz,64,10,cuda,cuda,1,1,0.001317,0.031203,0.000000
523,data/imagenet.npz,64,10,cuda,cuda,1,1,0.001304,0.031701,0.000000
524,data/imagenet.npz,64,10,cuda,cuda,1,1,0.001247,0.121068,0.000000
525,data/imagenet.npz,64,10,cuda,cuda,1,1,0.001363,0.109804,0.000000
526,data/imagenet.npz,64,10,cuda,cuda,1,1,0.001360,0.038121,0.000000
527,data/imagenet.npz,64,10,cuda,cuda,1,1,0.001430,0.028490,0.000000
528,data/imagenet.npz,64,10,cuda,cuda,1,1,0.001249,0.038338,0.000000
529,data/imagenet.npz,64,10,cuda,cuda,1,1,0.001264,0.173272,0.000000
530,data/imagenet.npz,64,10,cuda,cuda,1,1,0.001426,0.038859,0.000000
531,data/imagenet.npz,64,10,cuda,cuda,1,1,0.001239,0.031695,0.000000
532,data/imagenet.npz,64,10,cuda,cuda,1,1,0.001365,0.035593,0.000000
533,data/imagenet.npz,64,10,cuda,cuda,1,1,0.001253,0.038473,0.000000
534,data/imagenet.npz,64,10,cuda,cuda,1,1,0.001250,0.038214,0.000000
535,data/imagenet.npz,64,10,cuda,cuda,1,1,0.001370,0.053558,0.000000
536,data/imagenet.npz,64,10,cuda,cuda,1,1,0.001245,0.037819,0.000000
537,data/imagenet.npz,64,10,cuda,cuda,1,1,0.001395,0.038528,0.000000
538,data/imagenet.npz,64,10,cuda,cuda,1,1,0.001259,0.038111,0.000000
539,data/imagenet.npz,64,10,cuda,cuda,1,1,0.001259,0.038180,0.000000
540,data/imagenet.npz,64,10,cuda,cuda,1,1,0.001370,0.031550,0.000000
541,data/imagenet.npz,64,10,cuda,cuda,1,1,0.001255,0.031668,0.000000
542,data/imagenet.npz,64,10,cuda,cuda,1,1,0.001252,0.033804,0.000000
543,data/imagenet.npz,64,10,cuda,cuda,1,1,0.001414,0.032493,0.000000
544,data/imagenet.npz,64,10,cuda,cuda,1,1,0.001251,0.058192,0.000000
545,data/imagenet.npz,64,10,cuda,cuda,1,1,0.001405,0.038482,0.000000
546,data/imagenet.npz,64,10,cuda,cuda,1,1,0.001263,0.032206,0.000000
547,data/imagenet.npz,64,10,cuda,cuda,1,1,0.001255,0.100326,0.000000
548,data/imagenet.npz,64,10,cuda,cuda,1,1,0.001367,0.032119,0.000000
549,data/imagenet.npz,64,10,cuda,cuda,1,1,0.002084,0.058410,0.000000
550,data/imagenet.npz,64,10,cuda,cuda,1,1,0.001253,0.032199,0.000000
551,data/imagenet.npz,64,10,cuda,cuda,1,1,0.001235,0.037472,0.000000
552,data/imagenet.npz,64,10,cuda,cuda,1,1,0.001417,0.039949,0.000000
553,data/imagenet.npz,64,10,cuda,cuda,1,1,0.001234,0.032108,0.000000
554,data/imagenet.npz,64,10,cuda,cuda,1,1,0.001255,0.077867,0.000000
555,data/imagenet.npz,64,10,cuda,cuda,1,1,0.001368,0.031149,0.000000
556,data/imagenet.npz,64,10,cuda,cuda,1,1,0.001261,0.077435,0.000000
557,data/imagenet.npz,64,10,cuda,cuda,1,1,0.001365,0.032153,0.000000
558,data/imagenet.npz,64,10,cuda,cuda,1,1,0.001254,0.031728,0.000000
559,data/imagenet.npz,64,10,cuda,cuda,1,1,0.001410,0.038563,0.000000
560,data/imagenet.npz,64,10,cuda,cuda,1,1,0.001284,0.054036,0.000000
561,data/imagenet.npz,64,10,cuda,cuda,1,1,0.001241,0.031787,0.000000
562,data/imagenet.npz,64,10,cuda,cuda,1,1,0.001378,0.037556,0.000000
563,data/imagenet.npz,64,10,cuda,cuda,1,1,0.001241,0.030248,0.000000
564,data/imagenet.npz,64,10,cuda,cuda,1,1,0.001246,0.042134,0.000000
565,data/imagenet.npz,64,10,cuda,cuda,1,1,0.001434,0.055355,0.000000
566,data/imagenet.npz,64,10,cuda,cuda,1,1,0.001257,0.031761,0.000000
567,data/imagenet.npz,64,10,cuda,cuda,1,1,0.001253,0.032018,0.000000
568,data/imagenet.npz,64,10,cuda,cuda,1,1,0.001367,0.031148,0.000000
569,data/imagenet.npz,64,10,cuda,cuda,1,1,0.001235,0.034174,0.000000
570,data/imagenet.npz,64,10,cuda,cuda,1,1,0.001263,0.019987,0.000000
571,data/imagenet.npz,64,10,cuda,cuda,1,1,0.001245,0.121391,0.000000
572,data/imagenet.npz,64,10,cuda,cuda,1,1,0.001375,0.003791,0.000000
573,data/imagenet.npz,64,10,cuda,cuda,1,1,0.001244,0.037413,0.000000
574,data/imagenet.npz,64,10,cuda,cuda,1,1,0.001318,0.004137,0.000000
575,data/imagenet.npz,64,10,cuda,cuda,1,1,0.001255,0.054380,0.000000
576,data/imagenet.npz,64,10,cuda,cuda,1,1,0.001246,0.007442,0.000000
577,data/imagenet.npz,64,10,cuda,cuda,1,1,0.001247,0.040028,0.000000
578,data/imagenet.npz,64,10,cuda,cuda,1,1,0.001361,0.042377,0.000000
579,data/imagenet.npz,64,10,cuda,cuda,1,1,0.001247,0.037437,0.000000
580,data/imagenet.npz,64,10,cuda,cuda,1,1,0.001310,0.010870,0.000000
581,data/imagenet.npz,64,10,cuda,cuda,1,1,0.001294,0.034312,0.000000
582,data/imagenet.npz,64,10,cuda,cuda,1,1,0.001266,0.070091,0.000000
583,data/imagenet.npz,64,10,cuda,cuda,1,1,0.001326,0.040776,0.000000
584,data/imagenet.npz,64,10,cuda,cuda,1,1,0.001314,0.005005,0.000000
585,data/imagenet.npz,64,10,cuda,cuda,1,1,0.001238,0.037539,0.000000
586,data/imagenet.npz,64,10,cuda,cuda,1,1,0.002324,0.695299,0.000000
587,data/imagenet.npz,64,10,cuda,cuda,1,1,0.001429,0.140541,0.000000
588,data/imagenet.npz,64,10,cuda,cuda,1,1,0.001424,0.074585,0.000000
589,data/imagenet.npz,64,10,cuda,cuda,1,1,0.001259,0.039287,0.000000
590,data/imagenet.npz,64,10,cuda,cuda,1,1,0.001375,0.031806,0.000000
591,data/imagenet.npz,64,10,cuda,cuda,1,1,0.001265,0.143581,0.000000
592,data/imagenet.npz,64,10,cuda,cuda,1,1,0.001352,0.043453,0.000000
593,data/imagenet.npz,64,10,cuda,cuda,1,1,0.001319,0.056488,0.000000
594,data/imagenet.npz,64,10,cuda,cuda,1,1,0.001319,0.037465,0.000000
595,data/imagenet.npz,64,10,cuda,cuda,1,1,0.001307,0.078900,0.000000
596,data/imagenet.npz,64,10,cuda,cuda,1,1,0.001406,0.031023,0.000000
597,data/imagenet.npz,64,10,cuda,cuda,1,1,0.001257,0.042490,0.000000
598,data/imagenet.npz,64,10,cuda,cuda,1,1,0.001249,0.028515,0.000000
599,data/imagenet.npz,64,10,cuda,cuda,1,1,0.001403,0.038800,0.000000
600,data/imagenet.npz,64,10,cuda,cuda,1,1,0.001267,0.031086,0.000000
601,data/imagenet.npz,64,10,cuda,cuda,1,1,0.001246,0.032225,0.000000
602,data/imagenet.npz,64,10,cuda,cuda,1,1,0.001409,0.037361,0.000000
603,data/imagenet.npz,64,10,cuda,cuda,1,1,0.001258,0.057667,0.000000
604,data/imagenet.npz,64,10,cuda,cuda,1,1,0.001259,0.038760,0.000000
605,data/imagenet.npz,64,10,cuda,cuda,1,1,0.001372,0.061275,0.000000
606,data/imagenet.npz,64,10,cuda,cuda,1,1,0.001247,0.038906,0.000000
607,data/imagenet.npz,64,10,cuda,cuda,1,1,0.001381,0.035592,0.000000
608,data/imagenet.npz,64,10,cuda,cuda,1,1,0.001232,0.038893,0.000000
609,data/imagenet.npz,64,10,cuda,cuda,1,1,0.001331,0.019019,0.000000
610,data/imagenet.npz,64,10,cuda,cuda,1,1,0.001314,0.032358,0.000000
611,data/imagenet.npz,64,10,cuda,cuda,1,1,0.001247,0.037284,0.000000
612,data/imagenet.npz,64,10,cuda,cuda,1,1,0.001276,0.038998,0.000000
613,data/imagenet.npz,64,10,cuda,cuda,1,1,0.001375,0.054662,0.000000
614,data/imagenet.npz,64,10,cuda,cuda,1,1,0.001243,0.038922,0.000000
615,data/imagenet.npz,64,10,cuda,cuda,1,1,0.001414,0.023405,0.000000
616,data/imagenet.npz,64,10,cuda,cuda,1,1,0.001264,0.038692,0.000000
617,data/imagenet.npz,64,10,cuda,cuda,1,1,0.001235,0.037446,0.000000
618,data/imagenet.npz,64,10,cuda,cuda,1,1,0.001406,0.008924,0.000000
619,data/imagenet.npz,64,10,cuda,cuda,1,1,0.001250,0.012706,0.000000
620,data/imagenet.npz,64,10,cuda,cuda,1,1,0.001268,0.033922,0.000000
621,data/imagenet.npz,64,10,cuda,cuda,1,1,0.001241,0.035351,0.000000
622,data/imagenet.npz,64,10,cuda,cuda,1,1,0.001243,0.037865,0.000000
623,data/imagenet.npz,64,10,cuda,cuda,1,1,0.001382,0.031064,0.000000
624,data/imagenet.npz,64,10,cuda,cuda,1,1,0.001250,0.032429,0.000000
625,data/imagenet.npz,64,10,cuda,cuda,1,1,0.001244,0.077032,0.000000
626,data/imagenet.npz,64,10,cuda,cuda,1,1,0.001352,0.037531,0.000000
627,data/imagenet.npz,64,10,cuda,cuda,1,1,0.001324,0.024470,0.000000
628,data/imagenet.npz,64,10,cuda,cuda,1,1,0.001316,0.010383,0.000000
629,data/imagenet.npz,64,10,cuda,cuda,1,1,0.001255,0.020385,0.000000
630,data/imagenet.npz,64,10,cuda,cuda,1,1,0.001256,0.031123,0.000000
631,data/imagenet.npz,64,10,cuda,cuda,1,1,0.001233,0.038966,0.000000
632,data/imagenet.npz,64,10,cuda,cuda,1,1,0.001372,0.031011,0.000000
633,data/imagenet.npz,64,10,cuda,cuda,1,1,0.001258,0.038990,0.000000
634,data/imagenet.npz,64,10,cuda,cuda,1,1,0.001264,0.064630,0.000000
635,data/imagenet.npz,64,10,cuda,cuda,1,1,0.001386,0.021815,0.000000
636,data/imagenet.npz,64,10,cuda,cuda,1,1,0.001247,0.027715,0.000000
637,data/imagenet.npz,64,10,cuda,cuda,1,1,0.001420,0.031733,0.000000
638,data/imagenet.npz,64,10,cuda,cuda,1,1,0.001288,0.038307,0.000000
639,data/imagenet.npz,64,10,cuda,cuda,1,1,0.001379,0.292829,0.000000
640,data/imagenet.npz,64,10,cuda,cuda,1,1,0.001450,0.020230,0.000000
641,data/imagenet.npz,64,10,cuda,cuda,1,1,0.001246,0.038405,0.000000
642,data/imagenet.npz,64,10,cuda,cuda,1,1,0.001418,0.036962,0.000000
643,data/imagenet.npz,64,10,cuda,cuda,1,1,0.001240,0.038558,0.000000
644,data/imagenet.npz,64,10,cuda,cuda,1,1,0.001248,0.037378,0.000000
645,data/imagenet.npz,64,10,cuda,cuda,1,1,0.001381,0.007394,0.000000
646,data/imagenet.npz,64,10,cuda,cuda,1,1,0.001246,0.011402,0.000000
647,data/imagenet.npz,64,10,cuda,cuda,1,1,0.001250,0.032111,0.000000
648,data/imagenet.npz,64,10,cuda,cuda,1,1,0.001237,0.007714,0.000000
649,data/imagenet.npz,64,10,cuda,cuda,1,1,0.001254,0.038903,0.000000
650,data/imagenet.npz,64,10,cuda,cuda,1,1,0.001408,0.040338,0.000000
651,data/imagenet.npz,64,10,cuda,cuda,1,1,0.001257,0.038575,0.000000
652,data/imagenet.npz,64,10,cuda,cuda,1,1,0.001313,0.040537,0.000000
653,data/imagenet.npz,64,10,cuda,cuda,1,1,0.001313,0.035719,0.000000
654,data/imagenet.npz,64,10,cuda,cuda,1,1,0.001238,0.003992,0.000000
655,data/imagenet.npz,64,10,cuda,cuda,1,1,0.001258,0.066375,0.000000
656,data/imagenet.npz,64,10,cuda,cuda,1,1,0.001426,0.037235,0.000000
657,data/imagenet.npz,64,10,cuda,cuda,1,1,0.001248,0.031871,0.000000
658,data/imagenet.npz,64,10,cuda,cuda,1,1,0.001324,0.037652,0.000000
659,data/imagenet.npz,64,10,cuda,cuda,1,1,0.001316,0.020720,0.000000
660,data/imagenet.npz,64,10,cuda,cuda,1,1,0.001252,0.031092,0.000000
661,data/imagenet.npz,64,10,cuda,cuda,1,1,0.001249,0.038796,0.000000
662,data/imagenet.npz,64,10,cuda,cuda,1,1,0.001384,0.043807,0.000000
663,data/imagenet.npz,64,10,cuda,cuda,1,1,0.001240,0.032037,0.000000
664,data/imagenet.npz,64,10,cuda,cuda,1,1,0.001333,0.064355,0.000000
665,data/imagenet.npz,64,10,cuda,cuda,1,1,0.001312,0.037074,0.000000
666,data/imagenet.npz,64,10,cuda,cuda,1,1,0.001313,0.037430,0.000000
667,data/imagenet.npz,64,10,cuda,cuda,1,1,0.001862,0.484165,0.000000
668,data/imagenet.npz,64,10,cuda,cuda,1,1,0.001455,0.003982,0.000000
669,data/imagenet.npz,64,10,cuda,cuda,1,1,0.001241,0.038171,0.000000
670,data/imagenet.npz,64,10,cuda,cuda,1,1,0.001263,0.031990,0.000000
671,data/imagenet.npz,64,10,cuda,cuda,1,1,0.001246,0.016734,0.000000
672,data/imagenet.npz,64,10,cuda,cuda,1,1,0.001252,0.032115,0.000000
673,data/imagenet.npz,64,10,cuda,cuda,1,1,0.001383,0.038888,0.000000
674,data/imagenet.npz,64,10,cuda,cuda,1,1,0.001249,0.048195,0.000000
675,data/imagenet.npz,64,10,cuda,cuda,1,1,0.001409,0.032213,0.000000
676,data/imagenet.npz,64,10,cuda,cuda,1,1,0.001273,0.031406,0.000000
677,data/imagenet.npz,64,10,cuda,cuda,1,1,0.001252,0.001237,0.000000
678,data/imagenet.npz,64,10,cuda,cuda,1,1,0.001239,0.012152,0.000000
679,data/imagenet.npz,64,10,cuda,cuda,1,1,0.001248,0.037226,0.000000
680,data/imagenet.npz,64,10,cuda,cuda,1,1,0.001374,0.032387,0.000000
681,data/imagenet.npz,64,10,cuda,cuda,1,1,0.001252,0.001546,0.000000
682,data/imagenet.npz,64,10,cuda,cuda,1,1,0.001267,0.007001,0.000000
683,data/imagenet.npz,64,10,cuda,cuda,1,1,0.001237,0.030839,0.000000
684,data/imagenet.npz,64,10,cuda,cuda,1,1,0.001241,0.029339,0.000000
685,data/imagenet.npz,64,10,cuda,cuda,1,1,0.001398,0.031593,0.000000
686,data/imagenet.npz,64,10,cuda,cuda,1,1,0.001263,0.037417,0.000000
687,data/imagenet.npz,64,10,cuda,cuda,1,1,0.001243,0.073452,0.000000
688,data/imagenet.npz,64,10,cuda,cuda,1,1,0.001377,0.038813,0.000000
689,data/imagenet.npz,64,10,cuda,cuda,1,1,0.001253,0.038738,0.000000
690,data/imagenet.npz,64,10,cuda,cuda,1,1,0.001362,0.040368,0.000000
691,data/imagenet.npz,64,10,cuda,cuda,1,1,0.001249,0.031776,0.000000
692,data/imagenet.npz,64,10,cuda,cuda,1,1,0.001245,0.051796,0.000000
693,data/imagenet.npz,64,10,cuda,cuda,1,1,0.001397,0.037839,0.000000
694,data/imagenet.npz,64,10,cuda,cuda,1,1,0.001237,0.038250,0.000000
695,data/imagenet.npz,64,10,cuda,cuda,1,1,0.001327,0.014463,0.000000
696,data/imagenet.npz,64,10,cuda,cuda,1,1,0.001541,0.341599,0.000000
697,data/imagenet.npz,64,10,cuda,cuda,1,1,0.001451,0.010468,0.000000
698,data/imagenet.npz,64,10,cuda,cuda,1,1,0.001280,0.016020,0.000000
699,data/imagenet.npz,64,10,cuda,cuda,1,1,0.001347,0.272447,0.000000
700,data/imagenet.npz,64,10,cuda,cuda,1,1,0.001442,0.018046,0.000000
701,data/imagenet.npz,64,10,cuda,cuda,1,1,0.001256,0.031682,0.000000
702,data/imagenet.npz,64,10,cuda,cuda,1,1,0.001247,0.038496,0.000000
703,data/imagenet.npz,64,10,cuda,cuda,1,1,0.001426,0.174194,0.000000
704,data/imagenet.npz,64,10,cuda,cuda,1,1,0.001420,0.038637,0.000000
705,data/imagenet.npz,64,10,cuda,cuda,1,1,0.001419,0.019458,0.000000
706,data/imagenet.npz,64,10,cuda,cuda,1,1,0.001261,0.038960,0.000000
707,data/imagenet.npz,64,10,cuda,cuda,1,1,0.001251,0.037068,0.000000
708,data/imagenet.npz,64,10,cuda,cuda,1,1,0.001245,0.031988,0.000000
709,data/imagenet.npz,64,10,cuda,cuda,1,1,0.001420,0.037236,0.000000
710,data/imagenet.npz,64,10,cuda,cuda,1,1,0.001273,0.039000,0.000000
711,data/imagenet.npz,64,10,cuda,cuda,1,1,0.001246,0.036186,0.000000
712,data/imagenet.npz,64,10,cuda,cuda,1,1,0.001402,0.038974,0.000000
713,data/imagenet.npz,64,10,cuda,cuda,1,1,0.001282,0.037360,0.000000
714,data/imagenet.npz,64,10,cuda,cuda,1,1,0.001246,0.038653,0.000000
715,data/imagenet.npz,64,10,cuda,cuda,1,1,0.001430,0.040558,0.000000
716,data/imagenet.npz,64,10,cuda,cuda,1,1,0.001245,0.043077,0.000000
717,data/imagenet.npz,64,10,cuda,cuda,1,1,0.001243,0.038801,0.000000
718,data/imagenet.npz,64,10,cuda,cuda,1,1,0.001387,0.037400,0.000000
719,data/imagenet.npz,64,10,cuda,cuda,1,1,0.001248,0.031817,0.000000
720,data/imagenet.npz,64,10,cuda,cuda,1,1,0.001258,0.029388,0.000000
721,data/imagenet.npz,64,10,cuda,cuda,1,1,0.001419,0.038857,0.000000
722,data/imagenet.npz,64,10,cuda,cuda,1,1,0.001258,0.031739,0.000000
723,data/imagenet.npz,64,10,cuda,cuda,1,1,0.001238,0.024842,0.000000
724,data/imagenet.npz,64,10,cuda,cuda,1,1,0.001257,0.019714,0.000000
725,data/imagenet.npz,64,10,cuda,cuda,1,1,0.001374,0.025862,0.000000
726,data/imagenet.npz,64,10,cuda,cuda,1,1,0.001253,0.010398,0.000000
727,data/imagenet.npz,64,10,cuda,cuda,1,1,0.001249,0.038195,0.000000
728,data/imagenet.npz,64,10,cuda,cuda,1,1,0.001240,0.037657,0.000000
729,data/imagenet.npz,64,10,cuda,cuda,1,1,0.001393,0.006808,0.000000
730,data/imagenet.npz,64,10,cuda,cuda,1,1,0.001254,0.038776,0.000000
731,data/imagenet.npz,64,10,cuda,cuda,1,1,0.001242,0.031060,0.000000
732,data/imagenet.npz,64,10,cuda,cuda,1,1,0.001343,0.029095,0.000000
733,data/imagenet.npz,64,10,cuda,cuda,1,1,0.001304,0.064365,0.000000
734,data/imagenet.npz,64,10,cuda,cuda,1,1,0.001232,0.037544,0.000000
735,data/imagenet.npz,64,10,cuda,cuda,1,1,0.001386,0.032135,0.000000
736,data/imagenet.npz,64,10,cuda,cuda,1,1,0.001263,0.030995,0.000000
737,data/imagenet.npz,64,10,cuda,cuda,1,1,0.001252,0.038177,0.000000
738,data/imagenet.npz,64,10,cuda,cuda,1,1,0.001385,0.033434,0.000000
739,data/imagenet.npz,64,10,cuda,cuda,1,1,0.001254,0.080433,0.000000
740,data/imagenet.npz,64,10,cuda,cuda,1,1,0.001429,0.031248,0.000000
741,data/imagenet.npz,64,10,cuda,cuda,1,1,0.001255,0.038784,0.000000
742,data/imagenet.npz,64,10,cuda,cuda,1,1,0.001261,0.003242,0.000000
743,data/imagenet.npz,64,10,cuda,cuda,1,1,0.001309,0.032299,0.000000
744,data/imagenet.npz,64,10,cuda,cuda,1,1,0.001325,0.031079,0.000000
745,data/imagenet.npz,64,10,cuda,cuda,1,1,0.001254,0.037718,0.000000
746,data/imagenet.npz,64,10,cuda,cuda,1,1,0.001323,0.031828,0.000000
747,data/imagenet.npz,64,10,cuda,cuda,1,1,0.001314,0.037609,0.000000
748,data/imagenet.npz,64,10,cuda,cuda,1,1,0.001255,0.012455,0.000000
749,data/imagenet.npz,64,10,cuda,cuda,1,1,0.001253,0.078413,0.000000
750,data/imagenet.npz,64,10,cuda,cuda,1,1,0.001378,0.005391,0.000000
751,data/imagenet.npz,64,10,cuda,cuda,1,1,0.001260,0.032230,0.000000
752,data/imagenet.npz,64,10,cuda,cuda,1,1,0.001245,0.037370,0.000000
753,data/imagenet.npz,64,10,cuda,cuda,1,1,0.001373,0.065661,0.000000
754,data/imagenet.npz,64,10,cuda,cuda,1,1,0.001255,0.022176,0.000000
755,data/imagenet.npz,64,10,cuda,cuda,1,1,0.001400,0.032441,0.000000
756,data/imagenet.npz,64,10,cuda,cuda,1,1,0.001271,0.037250,0.000000
757,data/imagenet.npz,64,10,cuda,cuda,1,1,0.001265,0.039064,0.000000
758,data/imagenet.npz,64,10,cuda,cuda,1,1,0.001409,0.038942,0.000000
759,data/imagenet.npz,64,10,cuda,cuda,1,1,0.001273,0.037502,0.000000
760,data/imagenet.npz,64,10,cuda,cuda,1,1,0.001255,0.032258,0.000000
761,data/imagenet.npz,64,10,cuda,cuda,1,1,0.001442,0.037574,0.000000
762,data/imagenet.npz,64,10,cuda,cuda,1,1,0.001248,0.039086,0.000000
763,data/imagenet.npz,64,10,cuda,cuda,1,1,0.001254,0.046327,0.000000
764,data/imagenet.npz,64,10,cuda,cuda,1,1,0.001378,0.032633,0.000000
765,data/imagenet.npz,64,10,cuda,cuda,1,1,0.001249,0.031153,0.000000
766,data/imagenet.npz,64,10,cuda,cuda,1,1,0.001323,0.103280,0.000000
767,data/imagenet.npz,64,10,cuda,cuda,1,1,0.001379,0.005467,0.000000
768,data/imagenet.npz,64,10,cuda,cuda,1,1,0.001242,0.018671,0.000000
769,data/imagenet.npz,64,10,cuda,cuda,1,1,0.001315,0.032355,0.000000
770,data/imagenet.npz,64,10,cuda,cuda,1,1,0.001262,0.077695,0.000000
771,data/imagenet.npz,64,10,cuda,cuda,1,1,0.001434,0.059508,0.000000
772,data/imagenet.npz,64,10,cuda,cuda,1,1,0.001247,0.037139,0.000000
773,data/imagenet.npz,64,10,cuda,cuda,1,1,0.001392,0.078481,0.000000
774,data/imagenet.npz,64,10,cuda,cuda,1,1,0.001253,0.031029,0.000000
775,data/imagenet.npz,64,10,cuda,cuda,1,1,0.001383,0.058422,0.000000
776,data/imagenet.npz,64,10,cuda,cuda,1,1,0.001266,0.037448,0.000000
777,data/imagenet.npz,64,10,cuda,cuda,1,1,0.001410,0.038834,0.000000
778,data/imagenet.npz,64,10,cuda,cuda,1,1,0.001263,0.032412,0.000000
779,data/imagenet.npz,64,10,cuda,cuda,1,1,0.001246,0.039008,0.000000
780,data/imagenet.npz,64,10,cuda,cuda,1,1,0.001414,0.037444,0.000000
781,data/imagenet.npz,64,10,cuda,cuda,1,1,0.001249,0.014176,0.000000
782,data/imagenet.npz,64,10,cuda,cuda,1,1,0.001250,0.032221,0.000000
783,data/imagenet.npz,64,10,cuda,cuda,1,1,0.001318,0.031116,0.000000
784,data/imagenet.npz,64,10,cuda,cuda,1,1,0.001308,0.038482,0.000000
785,data/imagenet.npz,64,10,cuda,cuda,1,1,0.001229,0.029771,0.000000
786,data/imagenet.npz,64,10,cuda,cuda,1,1,0.001325,0.038784,0.000000
787,data/imagenet.npz,64,10,cuda,cuda,1,1,0.001315,0.029354,0.000000
788,data/imagenet.npz,64,10,cuda,cuda,1,1,0.001252,0.010206,0.000000
789,data/imagenet.npz,64,10,cuda,cuda,1,1,0.001253,0.037262,0.000000
790,data/imagenet.npz,64,10,cuda,cuda,1,1,0.001409,0.035931,0.000000
791,data/imagenet.npz,64,10,cuda,cuda,1,1,0.001269,0.018396,0.000000
792,data/imagenet.npz,64,10,cuda,cuda,1,1,0.001243,0.039052,0.000000
793,data/imagenet.npz,64,10,cuda,cuda,1,1,0.001247,0.037274,0.000000
794,data/imagenet.npz,64,10,cuda,cuda,1,1,0.001383,0.027603,0.000000
795,data/imagenet.npz,64,10,cuda,cuda,1,1,0.001251,0.031456,0.000000
796,data/imagenet.npz,64,10,cuda,cuda,1,1,0.001259,0.031275,0.000000
797,data/imagenet.npz,64,10,cuda,cuda,1,1,0.001429,0.032004,0.000000
798,data/imagenet.npz,64,10,cuda,cuda,1,1,0.001257,0.027483,0.000000
799,data/imagenet.npz,64,10,cuda,cuda,1,1,0.001252,0.108487,0.000000
800,data/imagenet.npz,64,10,cuda,cuda,1,1,0.001361,0.040861,0.000000
801,data/imagenet.npz,64,10,cuda,cuda,1,1,0.001420,0.006813,0.000000
802,data/imagenet.npz,64,10,cuda,cuda,1,1,0.001261,0.011595,0.000000
803,data/imagenet.npz,64,10,cuda,cuda,1,1,0.001249,0.037651,0.000000
804,data/imagenet.npz,64,10,cuda,cuda,1,1,0.001239,0.038985,0.000000
805,data/imagenet.npz,64,10,cuda,cuda,1,1,0.001421,0.002504,0.000000
806,data/imagenet.npz,64,10,cuda,cuda,1,1,0.001255,0.024123,0.000000
807,data/imagenet.npz,64,10,cuda,cuda,1,1,0.001260,0.037485,0.000000
808,data/imagenet.npz,64,10,cuda,cuda,1,1,0.001274,0.038798,0.000000
809,data/imagenet.npz,64,10,cuda,cuda,1,1,0.001407,0.037658,0.000000
810,data/imagenet.npz,64,10,cuda,cuda,1,1,0.001271,0.066259,0.000000
811,data/imagenet.npz,64,10,cuda,cuda,1,1,0.001404,0.039196,0.000000
812,data/imagenet.npz,64,10,cuda,cuda,1,1,0.001271,0.030923,0.000000
813,data/imagenet.npz,64,10,cuda,cuda,1,1,0.001242,0.035942,0.000000
814,data/imagenet.npz,64,10,cuda,cuda,1,1,0.001410,0.032194,0.000000
815,data/imagenet.npz,64,10,cuda,cuda,1,1,0.001257,0.002314,0.000000
816,data/imagenet.npz,64,10,cuda,cuda,1,1,0.001254,0.031231,0.000000
817,data/imagenet.npz,64,10,cuda,cuda,1,1,0.001243,0.038952,0.000000
818,data/imagenet.npz,64,10,cuda,cuda,1,1,0.001409,0.036746,0.000000
819,data/imagenet.npz,64,10,cuda,cuda,1,1,0.001270,0.032223,0.000000
820,data/imagenet.npz,64,10,cuda,cuda,1,1,0.001237,0.067032,0.000000
821,data/imagenet.npz,64,10,cuda,cuda,1,1,0.001371,0.034448,0.000000
822,data/imagenet.npz,64,10,cuda,cuda,1,1,0.001236,0.032591,0.000000
823,data/imagenet.npz,64,10,cuda,cuda,1,1,0.001391,0.031200,0.000000
824,data/imagenet.npz,64,10,cuda,cuda,1,1,0.001279,0.008667,0.000000
825,data/imagenet.npz,64,10,cuda,cuda,1,1,0.001249,0.035688,0.000000
826,data/imagenet.npz,64,10,cuda,cuda,1,1,0.001251,0.047527,0.000000
827,data/imagenet.npz,64,10,cuda,cuda,1,1,0.001420,0.044609,0.000000
828,data/imagenet.npz,64,10,cuda,cuda,1,1,0.001249,0.032250,0.000000
829,data/imagenet.npz,64,10,cuda,cuda,1,1,0.001240,0.002188,0.000000
830,data/imagenet.npz,64,10,cuda,cuda,1,1,0.001247,0.038655,0.000000
831,data/imagenet.npz,64,10,cuda,cuda,1,1,0.001389,0.031218,0.000000
832,data/imagenet.npz,64,10,cuda,cuda,1,1,0.001249,0.038884,0.000000
833,data/imagenet.npz,64,10,cuda,cuda,1,1,0.001275,0.141719,0.000000
834,data/imagenet.npz,64,10,cuda,cuda,1,1,0.001435,0.057034,0.000000
835,data/imagenet.npz,64,10,cuda,cuda,1,1,0.001261,0.005216,0.000000
836,data/imagenet.npz,64,10,cuda,cuda,1,1,0.001243,0.007501,0.000000
837,data/imagenet.npz,64,10,cuda,cuda,1,1,0.001242,0.037009,0.000000
838,data/imagenet.npz,64,10,cuda,cuda,1,1,0.001404,0.031859,0.000000
839,data/imagenet.npz,64,10,cuda,cuda,1,1,0.001277,0.049893,0.000000
840,data/imagenet.npz,64,10,cuda,cuda,1,1,0.001244,0.143293,0.000000
841,data/imagenet.npz,64,10,cuda,cuda,1,1,0.001420,0.031351,0.000000
842,data/imagenet.npz,64,10,cuda,cuda,1,1,0.001271,0.039018,0.000000
843,data/imagenet.npz,64,10,cuda,cuda,1,1,0.001253,0.031340,0.000000
844,data/imagenet.npz,64,10,cuda,cuda,1,1,0.001239,0.038796,0.000000
845,data/imagenet.npz,64,10,cuda,cuda,1,1,0.001396,0.026063,0.000000
846,data/imagenet.npz,64,10,cuda,cuda,1,1,0.001261,0.024571,0.000000
847,data/imagenet.npz,64,10,cuda,cuda,1,1,0.001257,0.003139,0.000000
848,data/imagenet.npz,64,10,cuda,cuda,1,1,0.001244,0.036116,0.000000
849,data/imagenet.npz,64,10,cuda,cuda,1,1,0.001395,0.036958,0.000000
850,data/imagenet.npz,64,10,cuda,cuda,1,1,0.001268,0.003798,0.000000
851,data/imagenet.npz,64,10,cuda,cuda,1,1,0.004256,1.448321,0.000000
852,data/imagenet.npz,64,10,cuda,cuda,1,1,0.001438,0.036780,0.000000
853,data/imagenet.npz,64,10,cuda,cuda,1,1,0.001270,0.030924,0.000000
854,data/imagenet.npz,64,10,cuda,cuda,1,1,0.001277,0.032295,0.000000
855,data/imagenet.npz,64,10,cuda,cuda,1,1,0.001320,0.038008,0.000000
856,data/imagenet.npz,64,10,cuda,cuda,1,1,0.001298,0.008180,0.000000
857,data/imagenet.npz,64,10,cuda,cuda,1,1,0.001259,0.040460,0.000000
858,data/imagenet.npz,64,10,cuda,cuda,1,1,0.001231,0.002040,0.000000
859,data/imagenet.npz,64,10,cuda,cuda,1,1,0.001229,0.031289,0.000000
860,data/imagenet.npz,64,10,cuda,cuda,1,1,0.001420,0.012624,0.000000
861,data/imagenet.npz,64,10,cuda,cuda,1,1,0.001260,0.002506,0.000000
862,data/imagenet.npz,64,10,cuda,cuda,1,1,0.001256,0.045213,0.000000
863,data/imagenet.npz,64,10,cuda,cuda,1,1,0.001244,0.000457,0.000000
864,data/imagenet.npz,64,10,cuda,cuda,1,1,0.001262,0.038873,0.000000
865,data/imagenet.npz,64,10,cuda,cuda,1,1,0.001332,0.048946,0.000000
866,data/imagenet.npz,64,10,cuda,cuda,1,1,0.001315,0.004865,0.000000
867,data/imagenet.npz,64,10,cuda,cuda,1,1,0.001271,0.046012,0.000000
868,data/imagenet.npz,64,10,cuda,cuda,1,1,0.001238,0.001616,0.000000
869,data/imagenet.npz,64,10,cuda,cuda,1,1,0.001321,0.008411,0.000000
870,data/imagenet.npz,64,10,cuda,cuda,1,1,0.001237,0.030326,0.000000
871,data/imagenet.npz,64,10,cuda,cuda,1,1,0.001787,0.442875,0.000000
872,data/imagenet.npz,64,10,cuda,cuda,1,1,0.001434,0.054602,0.000000
873,data/imagenet.npz,64,10,cuda,cuda,1,1,0.001434,0.002241,0.000000
874,data/imagenet.npz,64,10,cuda,cuda,1,1,0.002401,0.732905,0.000000
875,data/imagenet.npz,64,10,cuda,cuda,1,1,0.001434,0.038313,0.000000
876,data/imagenet.npz,64,10,cuda,cuda,1,1,0.001430,0.040242,0.000000
877,data/imagenet.npz,64,10,cuda,cuda,1,1,0.001242,0.037949,0.000000
878,data/imagenet.npz,64,10,cuda,cuda,1,1,0.001259,0.037462,0.000000
879,data/imagenet.npz,64,10,cuda,cuda,1,1,0.001380,0.034990,0.000000
880,data/imagenet.npz,64,10,cuda,cuda,1,1,0.001253,0.022201,0.000000
881,data/imagenet.npz,64,10,cuda,cuda,1,1,0.001255,0.140876,0.000000
882,data/imagenet.npz,64,10,cuda,cuda,1,1,0.001430,0.038722,0.000000
883,data/imagenet.npz,64,10,cuda,cuda,1,1,0.001241,0.028715,0.000000
884,data/imagenet.npz,64,10,cuda,cuda,1,1,0.001243,0.038684,0.000000
885,data/imagenet.npz,64,10,cuda,cuda,1,1,0.001429,0.001263,0.000000
886,data/imagenet.npz,64,10,cuda,cuda,1,1,0.001236,0.038248,0.000000
887,data/imagenet.npz,64,10,cuda,cuda,1,1,0.001242,0.037476,0.000000
888,data/imagenet.npz,64,10,cuda,cuda,1,1,0.001249,0.038935,0.000000
889,data/imagenet.npz,64,10,cuda,cuda,1,1,0.001370,0.034534,0.000000
890,data/imagenet.npz,64,10,cuda,cuda,1,1,0.001260,0.038793,0.000000
891,data/imagenet.npz,64,10,cuda,cuda,1,1,0.001315,0.037438,0.000000
892,data/imagenet.npz,64,10,cuda,cuda,1,1,0.001322,0.039005,0.000000
893,data/imagenet.npz,64,10,cuda,cuda,1,1,0.001249,0.031585,0.000000
894,data/imagenet.npz,64,10,cuda,cuda,1,1,0.001322,0.035832,0.000000
895,data/imagenet.npz,64,10,cuda,cuda,1,1,0.001313,0.031266,0.000000
896,data/imagenet.npz,64,10,cuda,cuda,1,1,0.001255,0.044046,0.000000
897,data/imagenet.npz,64,10,cuda,cuda,1,1,0.001414,0.035350,0.000000
898,data/imagenet.npz,64,10,cuda,cuda,1,1,0.001259,0.037367,0.000000
899,data/imagenet.npz,64,10,cuda,cuda,1,1,0.001261,0.038959,0.000000
900,data/imagenet.npz,64,10,cuda,cuda,1,1,0.001413,0.031538,0.000000
901,data/imagenet.npz,64,10,cuda,cuda,1,1,0.001249,0.032136,0.000000
902,data/imagenet.npz,64,10,cuda,cuda,1,1,0.001244,0.036980,0.000000
903,data/imagenet.npz,64,10,cuda,cuda,1,1,0.001420,0.027428,0.000000
904,data/imagenet.npz,64,10,cuda,cuda,1,1,0.001251,0.019461,0.000000
905,data/imagenet.npz,64,10,cuda,cuda,1,1,0.001244,0.038756,0.000000
906,data/imagenet.npz,64,10,cuda,cuda,1,1,0.001310,0.037449,0.000000
907,data/imagenet.npz,64,10,cuda,cuda,1,1,0.001307,0.038937,0.000000
908,data/imagenet.npz,64,10,cuda,cuda,1,1,0.001234,0.031380,0.000000
909,data/imagenet.npz,64,10,cuda,cuda,1,1,0.001317,0.035226,0.000000
910,data/imagenet.npz,64,10,cuda,cuda,1,1,0.001324,0.037192,0.000000
911,data/imagenet.npz,64,10,cuda,cuda,1,1,0.001265,0.032311,0.000000
912,data/imagenet.npz,64,10,cuda,cuda,1,1,0.001317,0.043652,0.000000
913,data/imagenet.npz,64,10,cuda,cuda,1,1,0.001326,0.037273,0.000000
914,data/imagenet.npz,64,10,cuda,cuda,1,1,0.001241,0.007169,0.000000
915,data/imagenet.npz,64,10,cuda,cuda,1,1,0.001242,0.036077,0.000000
916,data/imagenet.npz,64,10,cuda,cuda,1,1,0.001435,0.038826,0.000000
917,data/imagenet.npz,64,10,cuda,cuda,1,1,0.001251,0.029908,0.000000
918,data/imagenet.npz,64,10,cuda,cuda,1,1,0.001249,0.022643,0.000000
919,data/imagenet.npz,64,10,cuda,cuda,1,1,0.001416,0.035505,0.000000
920,data/imagenet.npz,64,10,cuda,cuda,1,1,0.001278,0.050064,0.000000
921,data/imagenet.npz,64,10,cuda,cuda,1,1,0.001258,0.036471,0.000000
922,data/imagenet.npz,64,10,cuda,cuda,1,1,0.001373,0.041467,0.000000
923,data/imagenet.npz,64,10,cuda,cuda,1,1,0.001236,0.038224,0.000000
924,data/imagenet.npz,64,10,cuda,cuda,1,1,0.001321,0.031697,0.000000
925,data/imagenet.npz,64,10,cuda,cuda,1,1,0.001329,0.031756,0.000000
926,data/imagenet.npz,64,10,cuda,cuda,1,1,0.001247,0.020083,0.000000
927,data/imagenet.npz,64,10,cuda,cuda,1,1,0.001233,0.032024,0.000000
928,data/imagenet.npz,64,10,cuda,cuda,1,1,0.001411,0.038076,0.000000
929,data/imagenet.npz,64,10,cuda,cuda,1,1,0.001272,0.025902,0.000000
930,data/imagenet.npz,64,10,cuda,cuda,1,1,0.001239,0.020836,0.000000
931,data/imagenet.npz,64,10,cuda,cuda,1,1,0.001238,0.026196,0.000000
932,data/imagenet.npz,64,10,cuda,cuda,1,1,0.001418,0.036388,0.000000
933,data/imagenet.npz,64,10,cuda,cuda,1,1,0.001249,0.010244,0.000000
934,data/imagenet.npz,64,10,cuda,cuda,1,1,0.001235,0.033910,0.000000
935,data/imagenet.npz,64,10,cuda,cuda,1,1,0.001240,0.020695,0.000000
936,data/imagenet.npz,64,10,cuda,cuda,1,1,0.001379,0.031811,0.000000
937,data/imagenet.npz,64,10,cuda,cuda,1,1,0.001248,0.034349,0.000000
938,data/imagenet.npz,64,10,cuda,cuda,1,1,0.001246,0.057520,0.000000
939,data/imagenet.npz,64,10,cuda,cuda,1,1,0.001378,0.028987,0.000000
940,data/imagenet.npz,64,10,cuda,cuda,1,1,0.001246,0.037534,0.000000
941,data/imagenet.npz,64,10,cuda,cuda,1,1,0.001321,0.037523,0.000000
942,data/imagenet.npz,64,10,cuda,cuda,1,1,0.001320,0.032093,0.000000
943,data/imagenet.npz,64,10,cuda,cuda,1,1,0.001250,0.031529,0.000000
944,data/imagenet.npz,64,10,cuda,cuda,1,1,0.001320,0.032760,0.000000
945,data/imagenet.npz,64,10,cuda,cuda,1,1,0.001320,0.037465,0.000000
946,data/imagenet.npz,64,10,cuda,cuda,1,1,0.001244,0.031118,0.000000
947,data/imagenet.npz,64,10,cuda,cuda,1,1,0.001252,0.037788,0.000000
948,data/imagenet.npz,64,10,cuda,cuda,1,1,0.001371,0.038622,0.000000
949,data/imagenet.npz,64,10,cuda,cuda,1,1,0.001240,0.031770,0.000000
950,data/imagenet.npz,64,10,cuda,cuda,1,1,0.001244,0.038567,0.000000
951,data/imagenet.npz,64,10,cuda,cuda,1,1,0.001363,0.039810,0.000000
952,data/imagenet.npz,64,10,cuda,cuda,1,1,0.001265,0.037885,0.000000
953,data/imagenet.npz,64,10,cuda,cuda,1,1,0.001409,0.020139,0.000000
954,data/imagenet.npz,64,10,cuda,cuda,1,1,0.001274,0.013321,0.000000
955,data/imagenet.npz,64,10,cuda,cuda,1,1,0.001252,0.032092,0.000000
956,data/imagenet.npz,64,10,cuda,cuda,1,1,0.001246,0.037105,0.000000
957,data/imagenet.npz,64,10,cuda,cuda,1,1,0.001403,0.026230,0.000000
958,data/imagenet.npz,64,10,cuda,cuda,1,1,0.001277,0.023162,0.000000
959,data/imagenet.npz,64,10,cuda,cuda,1,1,0.001262,0.046424,0.000000
960,data/imagenet.npz,64,10,cuda,cuda,1,1,0.001322,0.032177,0.000000
961,data/imagenet.npz,64,10,cuda,cuda,1,1,0.001309,0.032087,0.000000
962,data/imagenet.npz,64,10,cuda,cuda,1,1,0.001241,0.032343,0.000000
963,data/imagenet.npz,64,10,cuda,cuda,1,1,0.001260,0.034221,0.000000
964,data/imagenet.npz,64,10,cuda,cuda,1,1,0.001428,0.030340,0.000000
965,data/imagenet.npz,64,10,cuda,cuda,1,1,0.001250,0.031362,0.000000
966,data/imagenet.npz,64,10,cuda,cuda,1,1,0.001244,0.036782,0.000000
967,data/imagenet.npz,64,10,cuda,cuda,1,1,0.001430,0.038013,0.000000
968,data/imagenet.npz,64,10,cuda,cuda,1,1,0.001252,0.030783,0.000000
969,data/imagenet.npz,64,10,cuda,cuda,1,1,0.001246,0.038517,0.000000
970,data/imagenet.npz,64,10,cuda,cuda,1,1,0.001412,0.038101,0.000000
971,data/imagenet.npz,64,10,cuda,cuda,1,1,0.001254,0.013368,0.000000
972,data/imagenet.npz,64,10,cuda,cuda,1,1,0.001244,0.004788,0.000000
973,data/imagenet.npz,64,10,cuda,cuda,1,1,0.001258,0.038606,0.000000
974,data/imagenet.npz,64,10,cuda,cuda,1,1,0.001253,0.004732,0.000000
975,data/imagenet.npz,64,10,cuda,cuda,1,1,0.001313,0.038035,0.000000
976,data/imagenet.npz,64,10,cuda,cuda,1,1,0.001314,0.032156,0.000000
977,data/imagenet.npz,64,10,cuda,cuda,1,1,0.001255,0.040998,0.000000
978,data/imagenet.npz,64,10,cuda,cuda,1,1,0.001326,0.027696,0.000000
979,data/imagenet.npz,64,10,cuda,cuda,1,1,0.001324,0.038826,0.000000
980,data/imagenet.npz,64,10,cuda,cuda,1,1,0.001262,0.035631,0.000000
981,data/imagenet.npz,64,10,cuda,cuda,1,1,0.001249,0.034772,0.000000
982,data/imagenet.npz,64,10,cuda,cuda,1,1,0.001401,0.038778,0.000000
983,data/imagenet.npz,64,10,cuda,cuda,1,1,0.001270,0.037691,0.000000
984,data/imagenet.npz,64,10,cuda,cuda,1,1,0.001249,0.032415,0.000000
985,data/imagenet.npz,64,10,cuda,cuda,1,1,0.001419,0.005005,0.000000
986,data/imagenet.npz,64,10,cuda,cuda,1,1,0.001294,0.178193,0.000000
987,data/imagenet.npz,64,10,cuda,cuda,1,1,0.001435,0.048580,0.000000
988,data/imagenet.npz,64,10,cuda,cuda,1,1,0.001414,0.011450,0.000000
989,data/imagenet.npz,64,10,cuda,cuda,1,1,0.001241,0.037743,0.000000
990,data/imagenet.npz,64,10,cuda,cuda,1,1,0.001250,0.036424,0.000000
991,data/imagenet.npz,64,10,cuda,cuda,1,1,0.001245,0.027143,0.000000
992,data/imagenet.npz,64,10,cuda,cuda,1,1,0.001370,0.024984,0.000000
993,data/imagenet.npz,64,10,cuda,cuda,1,1,0.001248,0.031024,0.000000
994,data/imagenet.npz,64,10,cuda,cuda,1,1,0.001253,0.065372,0.000000
995,data/imagenet.npz,64,10,cuda,cuda,1,1,0.001422,0.048951,0.000000
996,data/imagenet.npz,64,10,cuda,cuda,1,1,0.001240,0.037903,0.000000
997,data/imagenet.npz,64,10,cuda,cuda,1,1,0.001329,0.023446,0.000000
998,data/imagenet.npz,64,10,cuda,cuda,1,1,0.001316,0.038795,0.000000
999,data/imagenet.npz,64,10,cuda,cuda,1,1,0.001261,0.016461,0.000000
