image_index,data_path,num_directions,num_timesteps,device_requested,device_used,batch_size,num_cores,complex_construction_time,computation_time,vectorization_time
0,data/3D_cc_images.npz,0,10,cpu,cpu,1,1,0.000000,0.261595,0.000000
1,data/3D_cc_images.npz,0,10,cpu,cpu,1,1,0.000000,0.261073,0.000000
2,data/3D_cc_images.npz,0,10,cpu,cpu,1,1,0.000000,0.259873,0.000000
3,data/3D_cc_images.npz,0,10,cpu,cpu,1,1,0.000000,0.258608,0.000000
4,data/3D_cc_images.npz,0,10,cpu,cpu,1,1,0.000000,0.258353,0.000000
5,data/3D_cc_images.npz,0,10,cpu,cpu,1,1,0.000000,0.259466,0.000000
6,data/3D_cc_images.npz,0,10,cpu,cpu,1,1,0.000000,0.258278,0.000000
7,data/3D_cc_images.npz,0,10,cpu,cpu,1,1,0.000000,0.257027,0.000000
8,data/3D_cc_images.npz,0,10,cpu,cpu,1,1,0.000000,0.257777,0.000000
9,data/3D_cc_images.npz,0,10,cpu,cpu,1,1,0.000000,0.257760,0.000000
10,data/3D_cc_images.npz,0,10,cpu,cpu,1,1,0.000000,0.258867,0.000000
11,data/3D_cc_images.npz,0,10,cpu,cpu,1,1,0.000000,0.257584,0.000000
12,data/3D_cc_images.npz,0,10,cpu,cpu,1,1,0.000000,0.257939,0.000000
13,data/3D_cc_images.npz,0,10,cpu,cpu,1,1,0.000000,0.258271,0.000000
14,data/3D_cc_images.npz,0,10,cpu,cpu,1,1,0.000000,0.256037,0.000000
15,data/3D_cc_images.npz,0,10,cpu,cpu,1,1,0.000000,0.256998,0.000000
16,data/3D_cc_images.npz,0,10,cpu,cpu,1,1,0.000000,0.260052,0.000000
17,data/3D_cc_images.npz,0,10,cpu,cpu,1,1,0.000000,0.259907,0.000000
18,data/3D_cc_images.npz,0,10,cpu,cpu,1,1,0.000000,0.258691,0.000000
19,data/3D_cc_images.npz,0,10,cpu,cpu,1,1,0.000000,0.258656,0.000000
20,data/3D_cc_images.npz,0,10,cpu,cpu,1,1,0.000000,0.257418,0.000000
21,data/3D_cc_images.npz,0,10,cpu,cpu,1,1,0.000000,0.262528,0.000000
22,data/3D_cc_images.npz,0,10,cpu,cpu,1,1,0.000000,0.257027,0.000000
23,data/3D_cc_images.npz,0,10,cpu,cpu,1,1,0.000000,0.257504,0.000000
24,data/3D_cc_images.npz,0,10,cpu,cpu,1,1,0.000000,0.255637,0.000000
25,data/3D_cc_images.npz,0,10,cpu,cpu,1,1,0.000000,0.258077,0.000000
26,data/3D_cc_images.npz,0,10,cpu,cpu,1,1,0.000000,0.259385,0.000000
27,data/3D_cc_images.npz,0,10,cpu,cpu,1,1,0.000000,0.259375,0.000000
28,data/3D_cc_images.npz,0,10,cpu,cpu,1,1,0.000000,0.260438,0.000000
29,data/3D_cc_images.npz,0,10,cpu,cpu,1,1,0.000000,0.260156,0.000000
30,data/3D_cc_images.npz,0,10,cpu,cpu,1,1,0.000000,0.258763,0.000000
31,data/3D_cc_images.npz,0,10,cpu,cpu,1,1,0.000000,0.260121,0.000000
32,data/3D_cc_images.npz,0,10,cpu,cpu,1,1,0.000000,0.259551,0.000000
33,data/3D_cc_images.npz,0,10,cpu,cpu,1,1,0.000000,0.260003,0.000000
34,data/3D_cc_images.npz,0,10,cpu,cpu,1,1,0.000000,0.259429,0.000000
35,data/3D_cc_images.npz,0,10,cpu,cpu,1,1,0.000000,0.259765,0.000000
36,data/3D_cc_images.npz,0,10,cpu,cpu,1,1,0.000000,0.258358,0.000000
37,data/3D_cc_images.npz,0,10,cpu,cpu,1,1,0.000000,0.258694,0.000000
38,data/3D_cc_images.npz,0,10,cpu,cpu,1,1,0.000000,0.258651,0.000000
39,data/3D_cc_images.npz,0,10,cpu,cpu,1,1,0.000000,0.258175,0.000000
40,data/3D_cc_images.npz,0,10,cpu,cpu,1,1,0.000000,0.257082,0.000000
41,data/3D_cc_images.npz,0,10,cpu,cpu,1,1,0.000000,0.257926,0.000000
42,data/3D_cc_images.npz,0,10,cpu,cpu,1,1,0.000000,0.257433,0.000000
43,data/3D_cc_images.npz,0,10,cpu,cpu,1,1,0.000000,0.258381,0.000000
44,data/3D_cc_images.npz,0,10,cpu,cpu,1,1,0.000000,0.258659,0.000000
45,data/3D_cc_images.npz,0,10,cpu,cpu,1,1,0.000000,0.259203,0.000000
46,data/3D_cc_images.npz,0,10,cpu,cpu,1,1,0.000000,0.258727,0.000000
47,data/3D_cc_images.npz,0,10,cpu,cpu,1,1,0.000000,0.259740,0.000000
48,data/3D_cc_images.npz,0,10,cpu,cpu,1,1,0.000000,0.259537,0.000000
49,data/3D_cc_images.npz,0,10,cpu,cpu,1,1,0.000000,0.258909,0.000000
50,data/3D_cc_images.npz,0,10,cpu,cpu,1,1,0.000000,0.258622,0.000000
51,data/3D_cc_images.npz,0,10,cpu,cpu,1,1,0.000000,0.257933,0.000000
52,data/3D_cc_images.npz,0,10,cpu,cpu,1,1,0.000000,0.258206,0.000000
53,data/3D_cc_images.npz,0,10,cpu,cpu,1,1,0.000000,0.259501,0.000000
54,data/3D_cc_images.npz,0,10,cpu,cpu,1,1,0.000000,0.259930,0.000000
55,data/3D_cc_images.npz,0,10,cpu,cpu,1,1,0.000000,0.259071,0.000000
56,data/3D_cc_images.npz,0,10,cpu,cpu,1,1,0.000000,0.260629,0.000000
57,data/3D_cc_images.npz,0,10,cpu,cpu,1,1,0.000000,0.259056,0.000000
58,data/3D_cc_images.npz,0,10,cpu,cpu,1,1,0.000000,0.259671,0.000000
59,data/3D_cc_images.npz,0,10,cpu,cpu,1,1,0.000000,0.258847,0.000000
60,data/3D_cc_images.npz,0,10,cpu,cpu,1,1,0.000000,0.258915,0.000000
61,data/3D_cc_images.npz,0,10,cpu,cpu,1,1,0.000000,0.258129,0.000000
62,data/3D_cc_images.npz,0,10,cpu,cpu,1,1,0.000000,0.258819,0.000000
63,data/3D_cc_images.npz,0,10,cpu,cpu,1,1,0.000000,0.259289,0.000000
64,data/3D_cc_images.npz,0,10,cpu,cpu,1,1,0.000000,0.259562,0.000000
65,data/3D_cc_images.npz,0,10,cpu,cpu,1,1,0.000000,0.258951,0.000000
66,data/3D_cc_images.npz,0,10,cpu,cpu,1,1,0.000000,0.259559,0.000000
67,data/3D_cc_images.npz,0,10,cpu,cpu,1,1,0.000000,0.259956,0.000000
68,data/3D_cc_images.npz,0,10,cpu,cpu,1,1,0.000000,0.258719,0.000000
69,data/3D_cc_images.npz,0,10,cpu,cpu,1,1,0.000000,0.258587,0.000000
70,data/3D_cc_images.npz,0,10,cpu,cpu,1,1,0.000000,0.259276,0.000000
71,data/3D_cc_images.npz,0,10,cpu,cpu,1,1,0.000000,0.257745,0.000000
72,data/3D_cc_images.npz,0,10,cpu,cpu,1,1,0.000000,0.259442,0.000000
73,data/3D_cc_images.npz,0,10,cpu,cpu,1,1,0.000000,0.260607,0.000000
74,data/3D_cc_images.npz,0,10,cpu,cpu,1,1,0.000000,0.259472,0.000000
75,data/3D_cc_images.npz,0,10,cpu,cpu,1,1,0.000000,0.260256,0.000000
76,data/3D_cc_images.npz,0,10,cpu,cpu,1,1,0.000000,0.259701,0.000000
77,data/3D_cc_images.npz,0,10,cpu,cpu,1,1,0.000000,0.258951,0.000000
78,data/3D_cc_images.npz,0,10,cpu,cpu,1,1,0.000000,0.257940,0.000000
79,data/3D_cc_images.npz,0,10,cpu,cpu,1,1,0.000000,0.257814,0.000000
80,data/3D_cc_images.npz,0,10,cpu,cpu,1,1,0.000000,0.257846,0.000000
81,data/3D_cc_images.npz,0,10,cpu,cpu,1,1,0.000000,0.259135,0.000000
82,data/3D_cc_images.npz,0,10,cpu,cpu,1,1,0.000000,0.260063,0.000000
83,data/3D_cc_images.npz,0,10,cpu,cpu,1,1,0.000000,0.262003,0.000000
84,data/3D_cc_images.npz,0,10,cpu,cpu,1,1,0.000000,0.261523,0.000000
85,data/3D_cc_images.npz,0,10,cpu,cpu,1,1,0.000000,0.261332,0.000000
86,data/3D_cc_images.npz,0,10,cpu,cpu,1,1,0.000000,0.259909,0.000000
87,data/3D_cc_images.npz,0,10,cpu,cpu,1,1,0.000000,0.259474,0.000000
88,data/3D_cc_images.npz,0,10,cpu,cpu,1,1,0.000000,0.260133,0.000000
89,data/3D_cc_images.npz,0,10,cpu,cpu,1,1,0.000000,0.261770,0.000000
90,data/3D_cc_images.npz,0,10,cpu,cpu,1,1,0.000000,0.262510,0.000000
91,data/3D_cc_images.npz,0,10,cpu,cpu,1,1,0.000000,0.263401,0.000000
92,data/3D_cc_images.npz,0,10,cpu,cpu,1,1,0.000000,0.260678,0.000000
93,data/3D_cc_images.npz,0,10,cpu,cpu,1,1,0.000000,0.259270,0.000000
94,data/3D_cc_images.npz,0,10,cpu,cpu,1,1,0.000000,0.259852,0.000000
95,data/3D_cc_images.npz,0,10,cpu,cpu,1,1,0.000000,0.258388,0.000000
96,data/3D_cc_images.npz,0,10,cpu,cpu,1,1,0.000000,0.258689,0.000000
97,data/3D_cc_images.npz,0,10,cpu,cpu,1,1,0.000000,0.259849,0.000000
98,data/3D_cc_images.npz,0,10,cpu,cpu,1,1,0.000000,0.263120,0.000000
99,data/3D_cc_images.npz,0,10,cpu,cpu,1,1,0.000000,0.260517,0.000000
100,data/3D_cc_images.npz,0,10,cpu,cpu,1,1,0.000000,0.259523,0.000000
101,data/3D_cc_images.npz,0,10,cpu,cpu,1,1,0.000000,0.258966,0.000000
102,data/3D_cc_images.npz,0,10,cpu,cpu,1,1,0.000000,0.260091,0.000000
103,data/3D_cc_images.npz,0,10,cpu,cpu,1,1,0.000000,0.260872,0.000000
104,data/3D_cc_images.npz,0,10,cpu,cpu,1,1,0.000000,0.261603,0.000000
105,data/3D_cc_images.npz,0,10,cpu,cpu,1,1,0.000000,0.262794,0.000000
106,data/3D_cc_images.npz,0,10,cpu,cpu,1,1,0.000000,0.262069,0.000000
107,data/3D_cc_images.npz,0,10,cpu,cpu,1,1,0.000000,0.259834,0.000000
108,data/3D_cc_images.npz,0,10,cpu,cpu,1,1,0.000000,0.259945,0.000000
109,data/3D_cc_images.npz,0,10,cpu,cpu,1,1,0.000000,0.259160,0.000000
110,data/3D_cc_images.npz,0,10,cpu,cpu,1,1,0.000000,0.258890,0.000000
111,data/3D_cc_images.npz,0,10,cpu,cpu,1,1,0.000000,0.260052,0.000000
112,data/3D_cc_images.npz,0,10,cpu,cpu,1,1,0.000000,0.261125,0.000000
113,data/3D_cc_images.npz,0,10,cpu,cpu,1,1,0.000000,0.262069,0.000000
114,data/3D_cc_images.npz,0,10,cpu,cpu,1,1,0.000000,0.262334,0.000000
115,data/3D_cc_images.npz,0,10,cpu,cpu,1,1,0.000000,0.261786,0.000000
116,data/3D_cc_images.npz,0,10,cpu,cpu,1,1,0.000000,0.260574,0.000000
117,data/3D_cc_images.npz,0,10,cpu,cpu,1,1,0.000000,0.261409,0.000000
118,data/3D_cc_images.npz,0,10,cpu,cpu,1,1,0.000000,0.258497,0.000000
119,data/3D_cc_images.npz,0,10,cpu,cpu,1,1,0.000000,0.260083,0.000000
120,data/3D_cc_images.npz,0,10,cpu,cpu,1,1,0.000000,0.260184,0.000000
121,data/3D_cc_images.npz,0,10,cpu,cpu,1,1,0.000000,0.260049,0.000000
122,data/3D_cc_images.npz,0,10,cpu,cpu,1,1,0.000000,0.259362,0.000000
123,data/3D_cc_images.npz,0,10,cpu,cpu,1,1,0.000000,0.260575,0.000000
124,data/3D_cc_images.npz,0,10,cpu,cpu,1,1,0.000000,0.260371,0.000000
125,data/3D_cc_images.npz,0,10,cpu,cpu,1,1,0.000000,0.261085,0.000000
126,data/3D_cc_images.npz,0,10,cpu,cpu,1,1,0.000000,0.261000,0.000000
127,data/3D_cc_images.npz,0,10,cpu,cpu,1,1,0.000000,0.259225,0.000000
128,data/3D_cc_images.npz,0,10,cpu,cpu,1,1,0.000000,0.258628,0.000000
129,data/3D_cc_images.npz,0,10,cpu,cpu,1,1,0.000000,0.259107,0.000000
130,data/3D_cc_images.npz,0,10,cpu,cpu,1,1,0.000000,0.260597,0.000000
131,data/3D_cc_images.npz,0,10,cpu,cpu,1,1,0.000000,0.261553,0.000000
132,data/3D_cc_images.npz,0,10,cpu,cpu,1,1,0.000000,0.262613,0.000000
133,data/3D_cc_images.npz,0,10,cpu,cpu,1,1,0.000000,0.259463,0.000000
134,data/3D_cc_images.npz,0,10,cpu,cpu,1,1,0.000000,0.262130,0.000000
135,data/3D_cc_images.npz,0,10,cpu,cpu,1,1,0.000000,0.258905,0.000000
136,data/3D_cc_images.npz,0,10,cpu,cpu,1,1,0.000000,0.258586,0.000000
137,data/3D_cc_images.npz,0,10,cpu,cpu,1,1,0.000000,0.258885,0.000000
138,data/3D_cc_images.npz,0,10,cpu,cpu,1,1,0.000000,0.259505,0.000000
139,data/3D_cc_images.npz,0,10,cpu,cpu,1,1,0.000000,0.258673,0.000000
140,data/3D_cc_images.npz,0,10,cpu,cpu,1,1,0.000000,0.258837,0.000000
141,data/3D_cc_images.npz,0,10,cpu,cpu,1,1,0.000000,0.259010,0.000000
142,data/3D_cc_images.npz,0,10,cpu,cpu,1,1,0.000000,0.259621,0.000000
143,data/3D_cc_images.npz,0,10,cpu,cpu,1,1,0.000000,0.260098,0.000000
144,data/3D_cc_images.npz,0,10,cpu,cpu,1,1,0.000000,0.260132,0.000000
145,data/3D_cc_images.npz,0,10,cpu,cpu,1,1,0.000000,0.259088,0.000000
146,data/3D_cc_images.npz,0,10,cpu,cpu,1,1,0.000000,0.257784,0.000000
147,data/3D_cc_images.npz,0,10,cpu,cpu,1,1,0.000000,0.258248,0.000000
148,data/3D_cc_images.npz,0,10,cpu,cpu,1,1,0.000000,0.259363,0.000000
149,data/3D_cc_images.npz,0,10,cpu,cpu,1,1,0.000000,0.260828,0.000000
150,data/3D_cc_images.npz,0,10,cpu,cpu,1,1,0.000000,0.259206,0.000000
151,data/3D_cc_images.npz,0,10,cpu,cpu,1,1,0.000000,0.259605,0.000000
152,data/3D_cc_images.npz,0,10,cpu,cpu,1,1,0.000000,0.258509,0.000000
153,data/3D_cc_images.npz,0,10,cpu,cpu,1,1,0.000000,0.259428,0.000000
154,data/3D_cc_images.npz,0,10,cpu,cpu,1,1,0.000000,0.258338,0.000000
155,data/3D_cc_images.npz,0,10,cpu,cpu,1,1,0.000000,0.258536,0.000000
156,data/3D_cc_images.npz,0,10,cpu,cpu,1,1,0.000000,0.258509,0.000000
157,data/3D_cc_images.npz,0,10,cpu,cpu,1,1,0.000000,0.258741,0.000000
158,data/3D_cc_images.npz,0,10,cpu,cpu,1,1,0.000000,0.261058,0.000000
159,data/3D_cc_images.npz,0,10,cpu,cpu,1,1,0.000000,0.260245,0.000000
160,data/3D_cc_images.npz,0,10,cpu,cpu,1,1,0.000000,0.259250,0.000000
161,data/3D_cc_images.npz,0,10,cpu,cpu,1,1,0.000000,0.259277,0.000000
162,data/3D_cc_images.npz,0,10,cpu,cpu,1,1,0.000000,0.261037,0.000000
163,data/3D_cc_images.npz,0,10,cpu,cpu,1,1,0.000000,0.258282,0.000000
164,data/3D_cc_images.npz,0,10,cpu,cpu,1,1,0.000000,0.257201,0.000000
165,data/3D_cc_images.npz,0,10,cpu,cpu,1,1,0.000000,0.257274,0.000000
166,data/3D_cc_images.npz,0,10,cpu,cpu,1,1,0.000000,0.258251,0.000000
167,data/3D_cc_images.npz,0,10,cpu,cpu,1,1,0.000000,0.261013,0.000000
168,data/3D_cc_images.npz,0,10,cpu,cpu,1,1,0.000000,0.260382,0.000000
169,data/3D_cc_images.npz,0,10,cpu,cpu,1,1,0.000000,0.260494,0.000000
170,data/3D_cc_images.npz,0,10,cpu,cpu,1,1,0.000000,0.259325,0.000000
171,data/3D_cc_images.npz,0,10,cpu,cpu,1,1,0.000000,0.260039,0.000000
172,data/3D_cc_images.npz,0,10,cpu,cpu,1,1,0.000000,0.260255,0.000000
173,data/3D_cc_images.npz,0,10,cpu,cpu,1,1,0.000000,0.258792,0.000000
174,data/3D_cc_images.npz,0,10,cpu,cpu,1,1,0.000000,0.258699,0.000000
175,data/3D_cc_images.npz,0,10,cpu,cpu,1,1,0.000000,0.257983,0.000000
176,data/3D_cc_images.npz,0,10,cpu,cpu,1,1,0.000000,0.261445,0.000000
177,data/3D_cc_images.npz,0,10,cpu,cpu,1,1,0.000000,0.258865,0.000000
178,data/3D_cc_images.npz,0,10,cpu,cpu,1,1,0.000000,0.258606,0.000000
179,data/3D_cc_images.npz,0,10,cpu,cpu,1,1,0.000000,0.258954,0.000000
180,data/3D_cc_images.npz,0,10,cpu,cpu,1,1,0.000000,0.258530,0.000000
181,data/3D_cc_images.npz,0,10,cpu,cpu,1,1,0.000000,0.258742,0.000000
182,data/3D_cc_images.npz,0,10,cpu,cpu,1,1,0.000000,0.259116,0.000000
183,data/3D_cc_images.npz,0,10,cpu,cpu,1,1,0.000000,0.259279,0.000000
184,data/3D_cc_images.npz,0,10,cpu,cpu,1,1,0.000000,0.260573,0.000000
185,data/3D_cc_images.npz,0,10,cpu,cpu,1,1,0.000000,0.261190,0.000000
186,data/3D_cc_images.npz,0,10,cpu,cpu,1,1,0.000000,0.259709,0.000000
187,data/3D_cc_images.npz,0,10,cpu,cpu,1,1,0.000000,0.259294,0.000000
188,data/3D_cc_images.npz,0,10,cpu,cpu,1,1,0.000000,0.258637,0.000000
189,data/3D_cc_images.npz,0,10,cpu,cpu,1,1,0.000000,0.258218,0.000000
190,data/3D_cc_images.npz,0,10,cpu,cpu,1,1,0.000000,0.259737,0.000000
191,data/3D_cc_images.npz,0,10,cpu,cpu,1,1,0.000000,0.258993,0.000000
192,data/3D_cc_images.npz,0,10,cpu,cpu,1,1,0.000000,0.257915,0.000000
193,data/3D_cc_images.npz,0,10,cpu,cpu,1,1,0.000000,0.259741,0.000000
194,data/3D_cc_images.npz,0,10,cpu,cpu,1,1,0.000000,0.260154,0.000000
195,data/3D_cc_images.npz,0,10,cpu,cpu,1,1,0.000000,0.259425,0.000000
196,data/3D_cc_images.npz,0,10,cpu,cpu,1,1,0.000000,0.258730,0.000000
197,data/3D_cc_images.npz,0,10,cpu,cpu,1,1,0.000000,0.257931,0.000000
198,data/3D_cc_images.npz,0,10,cpu,cpu,1,1,0.000000,0.257833,0.000000
199,data/3D_cc_images.npz,0,10,cpu,cpu,1,1,0.000000,0.259286,0.000000
200,data/3D_cc_images.npz,0,10,cpu,cpu,1,1,0.000000,0.259172,0.000000
201,data/3D_cc_images.npz,0,10,cpu,cpu,1,1,0.000000,0.259563,0.000000
202,data/3D_cc_images.npz,0,10,cpu,cpu,1,1,0.000000,0.260409,0.000000
203,data/3D_cc_images.npz,0,10,cpu,cpu,1,1,0.000000,0.259605,0.000000
204,data/3D_cc_images.npz,0,10,cpu,cpu,1,1,0.000000,0.260461,0.000000
205,data/3D_cc_images.npz,0,10,cpu,cpu,1,1,0.000000,0.258417,0.000000
206,data/3D_cc_images.npz,0,10,cpu,cpu,1,1,0.000000,0.258167,0.000000
207,data/3D_cc_images.npz,0,10,cpu,cpu,1,1,0.000000,0.258143,0.000000
208,data/3D_cc_images.npz,0,10,cpu,cpu,1,1,0.000000,0.261463,0.000000
209,data/3D_cc_images.npz,0,10,cpu,cpu,1,1,0.000000,0.260048,0.000000
210,data/3D_cc_images.npz,0,10,cpu,cpu,1,1,0.000000,0.259032,0.000000
211,data/3D_cc_images.npz,0,10,cpu,cpu,1,1,0.000000,0.258867,0.000000
212,data/3D_cc_images.npz,0,10,cpu,cpu,1,1,0.000000,0.259231,0.000000
213,data/3D_cc_images.npz,0,10,cpu,cpu,1,1,0.000000,0.260689,0.000000
214,data/3D_cc_images.npz,0,10,cpu,cpu,1,1,0.000000,0.258982,0.000000
215,data/3D_cc_images.npz,0,10,cpu,cpu,1,1,0.000000,0.257961,0.000000
216,data/3D_cc_images.npz,0,10,cpu,cpu,1,1,0.000000,0.258936,0.000000
217,data/3D_cc_images.npz,0,10,cpu,cpu,1,1,0.000000,0.261106,0.000000
218,data/3D_cc_images.npz,0,10,cpu,cpu,1,1,0.000000,0.261601,0.000000
219,data/3D_cc_images.npz,0,10,cpu,cpu,1,1,0.000000,0.260755,0.000000
220,data/3D_cc_images.npz,0,10,cpu,cpu,1,1,0.000000,0.259945,0.000000
221,data/3D_cc_images.npz,0,10,cpu,cpu,1,1,0.000000,0.259046,0.000000
222,data/3D_cc_images.npz,0,10,cpu,cpu,1,1,0.000000,0.258826,0.000000
223,data/3D_cc_images.npz,0,10,cpu,cpu,1,1,0.000000,0.258906,0.000000
224,data/3D_cc_images.npz,0,10,cpu,cpu,1,1,0.000000,0.259145,0.000000
225,data/3D_cc_images.npz,0,10,cpu,cpu,1,1,0.000000,0.259047,0.000000
226,data/3D_cc_images.npz,0,10,cpu,cpu,1,1,0.000000,0.260811,0.000000
227,data/3D_cc_images.npz,0,10,cpu,cpu,1,1,0.000000,0.261247,0.000000
228,data/3D_cc_images.npz,0,10,cpu,cpu,1,1,0.000000,0.259221,0.000000
229,data/3D_cc_images.npz,0,10,cpu,cpu,1,1,0.000000,0.258749,0.000000
230,data/3D_cc_images.npz,0,10,cpu,cpu,1,1,0.000000,0.257189,0.000000
231,data/3D_cc_images.npz,0,10,cpu,cpu,1,1,0.000000,0.258594,0.000000
232,data/3D_cc_images.npz,0,10,cpu,cpu,1,1,0.000000,0.258404,0.000000
233,data/3D_cc_images.npz,0,10,cpu,cpu,1,1,0.000000,0.257931,0.000000
234,data/3D_cc_images.npz,0,10,cpu,cpu,1,1,0.000000,0.259148,0.000000
235,data/3D_cc_images.npz,0,10,cpu,cpu,1,1,0.000000,0.258721,0.000000
236,data/3D_cc_images.npz,0,10,cpu,cpu,1,1,0.000000,0.258307,0.000000
237,data/3D_cc_images.npz,0,10,cpu,cpu,1,1,0.000000,0.258473,0.000000
238,data/3D_cc_images.npz,0,10,cpu,cpu,1,1,0.000000,0.258652,0.000000
239,data/3D_cc_images.npz,0,10,cpu,cpu,1,1,0.000000,0.257826,0.000000
240,data/3D_cc_images.npz,0,10,cpu,cpu,1,1,0.000000,0.257840,0.000000
241,data/3D_cc_images.npz,0,10,cpu,cpu,1,1,0.000000,0.258947,0.000000
242,data/3D_cc_images.npz,0,10,cpu,cpu,1,1,0.000000,0.260016,0.000000
243,data/3D_cc_images.npz,0,10,cpu,cpu,1,1,0.000000,0.259744,0.000000
244,data/3D_cc_images.npz,0,10,cpu,cpu,1,1,0.000000,0.259228,0.000000
245,data/3D_cc_images.npz,0,10,cpu,cpu,1,1,0.000000,0.257627,0.000000
246,data/3D_cc_images.npz,0,10,cpu,cpu,1,1,0.000000,0.258181,0.000000
247,data/3D_cc_images.npz,0,10,cpu,cpu,1,1,0.000000,0.257696,0.000000
248,data/3D_cc_images.npz,0,10,cpu,cpu,1,1,0.000000,0.258501,0.000000
249,data/3D_cc_images.npz,0,10,cpu,cpu,1,1,0.000000,0.257366,0.000000
250,data/3D_cc_images.npz,0,10,cpu,cpu,1,1,0.000000,0.257997,0.000000
251,data/3D_cc_images.npz,0,10,cpu,cpu,1,1,0.000000,0.258004,0.000000
252,data/3D_cc_images.npz,0,10,cpu,cpu,1,1,0.000000,0.260274,0.000000
253,data/3D_cc_images.npz,0,10,cpu,cpu,1,1,0.000000,0.258630,0.000000
254,data/3D_cc_images.npz,0,10,cpu,cpu,1,1,0.000000,0.258271,0.000000
255,data/3D_cc_images.npz,0,10,cpu,cpu,1,1,0.000000,0.256761,0.000000
256,data/3D_cc_images.npz,0,10,cpu,cpu,1,1,0.000000,0.257628,0.000000
257,data/3D_cc_images.npz,0,10,cpu,cpu,1,1,0.000000,0.257929,0.000000
258,data/3D_cc_images.npz,0,10,cpu,cpu,1,1,0.000000,0.258576,0.000000
259,data/3D_cc_images.npz,0,10,cpu,cpu,1,1,0.000000,0.258445,0.000000
260,data/3D_cc_images.npz,0,10,cpu,cpu,1,1,0.000000,0.258581,0.000000
261,data/3D_cc_images.npz,0,10,cpu,cpu,1,1,0.000000,0.255753,0.000000
262,data/3D_cc_images.npz,0,10,cpu,cpu,1,1,0.000000,0.256125,0.000000
263,data/3D_cc_images.npz,0,10,cpu,cpu,1,1,0.000000,0.256627,0.000000
264,data/3D_cc_images.npz,0,10,cpu,cpu,1,1,0.000000,0.257943,0.000000
265,data/3D_cc_images.npz,0,10,cpu,cpu,1,1,0.000000,0.259400,0.000000
266,data/3D_cc_images.npz,0,10,cpu,cpu,1,1,0.000000,0.259364,0.000000
267,data/3D_cc_images.npz,0,10,cpu,cpu,1,1,0.000000,0.258888,0.000000
268,data/3D_cc_images.npz,0,10,cpu,cpu,1,1,0.000000,0.258140,0.000000
269,data/3D_cc_images.npz,0,10,cpu,cpu,1,1,0.000000,0.258517,0.000000
270,data/3D_cc_images.npz,0,10,cpu,cpu,1,1,0.000000,0.258247,0.000000
271,data/3D_cc_images.npz,0,10,cpu,cpu,1,1,0.000000,0.258566,0.000000
272,data/3D_cc_images.npz,0,10,cpu,cpu,1,1,0.000000,0.257675,0.000000
273,data/3D_cc_images.npz,0,10,cpu,cpu,1,1,0.000000,0.258748,0.000000
274,data/3D_cc_images.npz,0,10,cpu,cpu,1,1,0.000000,0.258580,0.000000
275,data/3D_cc_images.npz,0,10,cpu,cpu,1,1,0.000000,0.258041,0.000000
276,data/3D_cc_images.npz,0,10,cpu,cpu,1,1,0.000000,0.258749,0.000000
277,data/3D_cc_images.npz,0,10,cpu,cpu,1,1,0.000000,0.258715,0.000000
278,data/3D_cc_images.npz,0,10,cpu,cpu,1,1,0.000000,0.258984,0.000000
279,data/3D_cc_images.npz,0,10,cpu,cpu,1,1,0.000000,0.257629,0.000000
280,data/3D_cc_images.npz,0,10,cpu,cpu,1,1,0.000000,0.258360,0.000000
281,data/3D_cc_images.npz,0,10,cpu,cpu,1,1,0.000000,0.258058,0.000000
282,data/3D_cc_images.npz,0,10,cpu,cpu,1,1,0.000000,0.259673,0.000000
283,data/3D_cc_images.npz,0,10,cpu,cpu,1,1,0.000000,0.259541,0.000000
284,data/3D_cc_images.npz,0,10,cpu,cpu,1,1,0.000000,0.258704,0.000000
285,data/3D_cc_images.npz,0,10,cpu,cpu,1,1,0.000000,0.258314,0.000000
286,data/3D_cc_images.npz,0,10,cpu,cpu,1,1,0.000000,0.258320,0.000000
287,data/3D_cc_images.npz,0,10,cpu,cpu,1,1,0.000000,0.257946,0.000000
288,data/3D_cc_images.npz,0,10,cpu,cpu,1,1,0.000000,0.260050,0.000000
289,data/3D_cc_images.npz,0,10,cpu,cpu,1,1,0.000000,0.260313,0.000000
290,data/3D_cc_images.npz,0,10,cpu,cpu,1,1,0.000000,0.259470,0.000000
291,data/3D_cc_images.npz,0,10,cpu,cpu,1,1,0.000000,0.258635,0.000000
292,data/3D_cc_images.npz,0,10,cpu,cpu,1,1,0.000000,0.259377,0.000000
293,data/3D_cc_images.npz,0,10,cpu,cpu,1,1,0.000000,0.258692,0.000000
294,data/3D_cc_images.npz,0,10,cpu,cpu,1,1,0.000000,0.258829,0.000000
295,data/3D_cc_images.npz,0,10,cpu,cpu,1,1,0.000000,0.257721,0.000000
296,data/3D_cc_images.npz,0,10,cpu,cpu,1,1,0.000000,0.258136,0.000000
297,data/3D_cc_images.npz,0,10,cpu,cpu,1,1,0.000000,0.258292,0.000000
298,data/3D_cc_images.npz,0,10,cpu,cpu,1,1,0.000000,0.259517,0.000000
299,data/3D_cc_images.npz,0,10,cpu,cpu,1,1,0.000000,0.258630,0.000000
300,data/3D_cc_images.npz,0,10,cpu,cpu,1,1,0.000000,0.258701,0.000000
301,data/3D_cc_images.npz,0,10,cpu,cpu,1,1,0.000000,0.258272,0.000000
302,data/3D_cc_images.npz,0,10,cpu,cpu,1,1,0.000000,0.258401,0.000000
303,data/3D_cc_images.npz,0,10,cpu,cpu,1,1,0.000000,0.258209,0.000000
304,data/3D_cc_images.npz,0,10,cpu,cpu,1,1,0.000000,0.260333,0.000000
305,data/3D_cc_images.npz,0,10,cpu,cpu,1,1,0.000000,0.258496,0.000000
306,data/3D_cc_images.npz,0,10,cpu,cpu,1,1,0.000000,0.257741,0.000000
307,data/3D_cc_images.npz,0,10,cpu,cpu,1,1,0.000000,0.258293,0.000000
308,data/3D_cc_images.npz,0,10,cpu,cpu,1,1,0.000000,0.258787,0.000000
309,data/3D_cc_images.npz,0,10,cpu,cpu,1,1,0.000000,0.258729,0.000000
310,data/3D_cc_images.npz,0,10,cpu,cpu,1,1,0.000000,0.258184,0.000000
311,data/3D_cc_images.npz,0,10,cpu,cpu,1,1,0.000000,0.258572,0.000000
312,data/3D_cc_images.npz,0,10,cpu,cpu,1,1,0.000000,0.256883,0.000000
313,data/3D_cc_images.npz,0,10,cpu,cpu,1,1,0.000000,0.258040,0.000000
314,data/3D_cc_images.npz,0,10,cpu,cpu,1,1,0.000000,0.257830,0.000000
315,data/3D_cc_images.npz,0,10,cpu,cpu,1,1,0.000000,0.258742,0.000000
316,data/3D_cc_images.npz,0,10,cpu,cpu,1,1,0.000000,0.259309,0.000000
317,data/3D_cc_images.npz,0,10,cpu,cpu,1,1,0.000000,0.258925,0.000000
318,data/3D_cc_images.npz,0,10,cpu,cpu,1,1,0.000000,0.259347,0.000000
319,data/3D_cc_images.npz,0,10,cpu,cpu,1,1,0.000000,0.259095,0.000000
320,data/3D_cc_images.npz,0,10,cpu,cpu,1,1,0.000000,0.258889,0.000000
321,data/3D_cc_images.npz,0,10,cpu,cpu,1,1,0.000000,0.258411,0.000000
322,data/3D_cc_images.npz,0,10,cpu,cpu,1,1,0.000000,0.258404,0.000000
323,data/3D_cc_images.npz,0,10,cpu,cpu,1,1,0.000000,0.257878,0.000000
324,data/3D_cc_images.npz,0,10,cpu,cpu,1,1,0.000000,0.258316,0.000000
325,data/3D_cc_images.npz,0,10,cpu,cpu,1,1,0.000000,0.257490,0.000000
326,data/3D_cc_images.npz,0,10,cpu,cpu,1,1,0.000000,0.257939,0.000000
327,data/3D_cc_images.npz,0,10,cpu,cpu,1,1,0.000000,0.257835,0.000000
328,data/3D_cc_images.npz,0,10,cpu,cpu,1,1,0.000000,0.257806,0.000000
329,data/3D_cc_images.npz,0,10,cpu,cpu,1,1,0.000000,0.257926,0.000000
330,data/3D_cc_images.npz,0,10,cpu,cpu,1,1,0.000000,0.257523,0.000000
331,data/3D_cc_images.npz,0,10,cpu,cpu,1,1,0.000000,0.257896,0.000000
332,data/3D_cc_images.npz,0,10,cpu,cpu,1,1,0.000000,0.258914,0.000000
333,data/3D_cc_images.npz,0,10,cpu,cpu,1,1,0.000000,0.257610,0.000000
334,data/3D_cc_images.npz,0,10,cpu,cpu,1,1,0.000000,0.258227,0.000000
335,data/3D_cc_images.npz,0,10,cpu,cpu,1,1,0.000000,0.258246,0.000000
336,data/3D_cc_images.npz,0,10,cpu,cpu,1,1,0.000000,0.259407,0.000000
337,data/3D_cc_images.npz,0,10,cpu,cpu,1,1,0.000000,0.259388,0.000000
338,data/3D_cc_images.npz,0,10,cpu,cpu,1,1,0.000000,0.258636,0.000000
339,data/3D_cc_images.npz,0,10,cpu,cpu,1,1,0.000000,0.257403,0.000000
340,data/3D_cc_images.npz,0,10,cpu,cpu,1,1,0.000000,0.258611,0.000000
341,data/3D_cc_images.npz,0,10,cpu,cpu,1,1,0.000000,0.258797,0.000000
342,data/3D_cc_images.npz,0,10,cpu,cpu,1,1,0.000000,0.258548,0.000000
343,data/3D_cc_images.npz,0,10,cpu,cpu,1,1,0.000000,0.258669,0.000000
344,data/3D_cc_images.npz,0,10,cpu,cpu,1,1,0.000000,0.258477,0.000000
345,data/3D_cc_images.npz,0,10,cpu,cpu,1,1,0.000000,0.258808,0.000000
346,data/3D_cc_images.npz,0,10,cpu,cpu,1,1,0.000000,0.258838,0.000000
347,data/3D_cc_images.npz,0,10,cpu,cpu,1,1,0.000000,0.258598,0.000000
348,data/3D_cc_images.npz,0,10,cpu,cpu,1,1,0.000000,0.258288,0.000000
349,data/3D_cc_images.npz,0,10,cpu,cpu,1,1,0.000000,0.258498,0.000000
350,data/3D_cc_images.npz,0,10,cpu,cpu,1,1,0.000000,0.258531,0.000000
351,data/3D_cc_images.npz,0,10,cpu,cpu,1,1,0.000000,0.258419,0.000000
352,data/3D_cc_images.npz,0,10,cpu,cpu,1,1,0.000000,0.256910,0.000000
353,data/3D_cc_images.npz,0,10,cpu,cpu,1,1,0.000000,0.257522,0.000000
354,data/3D_cc_images.npz,0,10,cpu,cpu,1,1,0.000000,0.258499,0.000000
355,data/3D_cc_images.npz,0,10,cpu,cpu,1,1,0.000000,0.259035,0.000000
356,data/3D_cc_images.npz,0,10,cpu,cpu,1,1,0.000000,0.259156,0.000000
357,data/3D_cc_images.npz,0,10,cpu,cpu,1,1,0.000000,0.259648,0.000000
358,data/3D_cc_images.npz,0,10,cpu,cpu,1,1,0.000000,0.258658,0.000000
359,data/3D_cc_images.npz,0,10,cpu,cpu,1,1,0.000000,0.259650,0.000000
360,data/3D_cc_images.npz,0,10,cpu,cpu,1,1,0.000000,0.259067,0.000000
361,data/3D_cc_images.npz,0,10,cpu,cpu,1,1,0.000000,0.259763,0.000000
362,data/3D_cc_images.npz,0,10,cpu,cpu,1,1,0.000000,0.259635,0.000000
363,data/3D_cc_images.npz,0,10,cpu,cpu,1,1,0.000000,0.260954,0.000000
364,data/3D_cc_images.npz,0,10,cpu,cpu,1,1,0.000000,0.259881,0.000000
365,data/3D_cc_images.npz,0,10,cpu,cpu,1,1,0.000000,0.259203,0.000000
366,data/3D_cc_images.npz,0,10,cpu,cpu,1,1,0.000000,0.258991,0.000000
367,data/3D_cc_images.npz,0,10,cpu,cpu,1,1,0.000000,0.258884,0.000000
368,data/3D_cc_images.npz,0,10,cpu,cpu,1,1,0.000000,0.258715,0.000000
369,data/3D_cc_images.npz,0,10,cpu,cpu,1,1,0.000000,0.257312,0.000000
370,data/3D_cc_images.npz,0,10,cpu,cpu,1,1,0.000000,0.261112,0.000000
371,data/3D_cc_images.npz,0,10,cpu,cpu,1,1,0.000000,0.259091,0.000000
372,data/3D_cc_images.npz,0,10,cpu,cpu,1,1,0.000000,0.259928,0.000000
373,data/3D_cc_images.npz,0,10,cpu,cpu,1,1,0.000000,0.260383,0.000000
374,data/3D_cc_images.npz,0,10,cpu,cpu,1,1,0.000000,0.259434,0.000000
375,data/3D_cc_images.npz,0,10,cpu,cpu,1,1,0.000000,0.258681,0.000000
376,data/3D_cc_images.npz,0,10,cpu,cpu,1,1,0.000000,0.258973,0.000000
377,data/3D_cc_images.npz,0,10,cpu,cpu,1,1,0.000000,0.257757,0.000000
378,data/3D_cc_images.npz,0,10,cpu,cpu,1,1,0.000000,0.257954,0.000000
379,data/3D_cc_images.npz,0,10,cpu,cpu,1,1,0.000000,0.258493,0.000000
380,data/3D_cc_images.npz,0,10,cpu,cpu,1,1,0.000000,0.258476,0.000000
381,data/3D_cc_images.npz,0,10,cpu,cpu,1,1,0.000000,0.259615,0.000000
382,data/3D_cc_images.npz,0,10,cpu,cpu,1,1,0.000000,0.257389,0.000000
383,data/3D_cc_images.npz,0,10,cpu,cpu,1,1,0.000000,0.258547,0.000000
384,data/3D_cc_images.npz,0,10,cpu,cpu,1,1,0.000000,0.258604,0.000000
385,data/3D_cc_images.npz,0,10,cpu,cpu,1,1,0.000000,0.258393,0.000000
386,data/3D_cc_images.npz,0,10,cpu,cpu,1,1,0.000000,0.257499,0.000000
387,data/3D_cc_images.npz,0,10,cpu,cpu,1,1,0.000000,0.257610,0.000000
388,data/3D_cc_images.npz,0,10,cpu,cpu,1,1,0.000000,0.258325,0.000000
389,data/3D_cc_images.npz,0,10,cpu,cpu,1,1,0.000000,0.257802,0.000000
390,data/3D_cc_images.npz,0,10,cpu,cpu,1,1,0.000000,0.258092,0.000000
391,data/3D_cc_images.npz,0,10,cpu,cpu,1,1,0.000000,0.258260,0.000000
392,data/3D_cc_images.npz,0,10,cpu,cpu,1,1,0.000000,0.257439,0.000000
393,data/3D_cc_images.npz,0,10,cpu,cpu,1,1,0.000000,0.257925,0.000000
394,data/3D_cc_images.npz,0,10,cpu,cpu,1,1,0.000000,0.257187,0.000000
395,data/3D_cc_images.npz,0,10,cpu,cpu,1,1,0.000000,0.257741,0.000000
396,data/3D_cc_images.npz,0,10,cpu,cpu,1,1,0.000000,0.257469,0.000000
397,data/3D_cc_images.npz,0,10,cpu,cpu,1,1,0.000000,0.258746,0.000000
398,data/3D_cc_images.npz,0,10,cpu,cpu,1,1,0.000000,0.258822,0.000000
399,data/3D_cc_images.npz,0,10,cpu,cpu,1,1,0.000000,0.259135,0.000000
400,data/3D_cc_images.npz,0,10,cpu,cpu,1,1,0.000000,0.258966,0.000000
401,data/3D_cc_images.npz,0,10,cpu,cpu,1,1,0.000000,0.258852,0.000000
402,data/3D_cc_images.npz,0,10,cpu,cpu,1,1,0.000000,0.259016,0.000000
403,data/3D_cc_images.npz,0,10,cpu,cpu,1,1,0.000000,0.257479,0.000000
404,data/3D_cc_images.npz,0,10,cpu,cpu,1,1,0.000000,0.257336,0.000000
405,data/3D_cc_images.npz,0,10,cpu,cpu,1,1,0.000000,0.257377,0.000000
406,data/3D_cc_images.npz,0,10,cpu,cpu,1,1,0.000000,0.257841,0.000000
407,data/3D_cc_images.npz,0,10,cpu,cpu,1,1,0.000000,0.258548,0.000000
408,data/3D_cc_images.npz,0,10,cpu,cpu,1,1,0.000000,0.259092,0.000000
409,data/3D_cc_images.npz,0,10,cpu,cpu,1,1,0.000000,0.258625,0.000000
410,data/3D_cc_images.npz,0,10,cpu,cpu,1,1,0.000000,0.259391,0.000000
411,data/3D_cc_images.npz,0,10,cpu,cpu,1,1,0.000000,0.258595,0.000000
412,data/3D_cc_images.npz,0,10,cpu,cpu,1,1,0.000000,0.258214,0.000000
413,data/3D_cc_images.npz,0,10,cpu,cpu,1,1,0.000000,0.258533,0.000000
414,data/3D_cc_images.npz,0,10,cpu,cpu,1,1,0.000000,0.258009,0.000000
415,data/3D_cc_images.npz,0,10,cpu,cpu,1,1,0.000000,0.257859,0.000000
416,data/3D_cc_images.npz,0,10,cpu,cpu,1,1,0.000000,0.258743,0.000000
417,data/3D_cc_images.npz,0,10,cpu,cpu,1,1,0.000000,0.258370,0.000000
418,data/3D_cc_images.npz,0,10,cpu,cpu,1,1,0.000000,0.258106,0.000000
419,data/3D_cc_images.npz,0,10,cpu,cpu,1,1,0.000000,0.257336,0.000000
420,data/3D_cc_images.npz,0,10,cpu,cpu,1,1,0.000000,0.257943,0.000000
421,data/3D_cc_images.npz,0,10,cpu,cpu,1,1,0.000000,0.258070,0.000000
422,data/3D_cc_images.npz,0,10,cpu,cpu,1,1,0.000000,0.257378,0.000000
423,data/3D_cc_images.npz,0,10,cpu,cpu,1,1,0.000000,0.258750,0.000000
424,data/3D_cc_images.npz,0,10,cpu,cpu,1,1,0.000000,0.257627,0.000000
425,data/3D_cc_images.npz,0,10,cpu,cpu,1,1,0.000000,0.257835,0.000000
426,data/3D_cc_images.npz,0,10,cpu,cpu,1,1,0.000000,0.257759,0.000000
427,data/3D_cc_images.npz,0,10,cpu,cpu,1,1,0.000000,0.258853,0.000000
428,data/3D_cc_images.npz,0,10,cpu,cpu,1,1,0.000000,0.257652,0.000000
429,data/3D_cc_images.npz,0,10,cpu,cpu,1,1,0.000000,0.257917,0.000000
430,data/3D_cc_images.npz,0,10,cpu,cpu,1,1,0.000000,0.257088,0.000000
431,data/3D_cc_images.npz,0,10,cpu,cpu,1,1,0.000000,0.257893,0.000000
432,data/3D_cc_images.npz,0,10,cpu,cpu,1,1,0.000000,0.257887,0.000000
433,data/3D_cc_images.npz,0,10,cpu,cpu,1,1,0.000000,0.258587,0.000000
434,data/3D_cc_images.npz,0,10,cpu,cpu,1,1,0.000000,0.257497,0.000000
435,data/3D_cc_images.npz,0,10,cpu,cpu,1,1,0.000000,0.257888,0.000000
436,data/3D_cc_images.npz,0,10,cpu,cpu,1,1,0.000000,0.258410,0.000000
437,data/3D_cc_images.npz,0,10,cpu,cpu,1,1,0.000000,0.258755,0.000000
438,data/3D_cc_images.npz,0,10,cpu,cpu,1,1,0.000000,0.258140,0.000000
439,data/3D_cc_images.npz,0,10,cpu,cpu,1,1,0.000000,0.257966,0.000000
440,data/3D_cc_images.npz,0,10,cpu,cpu,1,1,0.000000,0.257288,0.000000
441,data/3D_cc_images.npz,0,10,cpu,cpu,1,1,0.000000,0.258460,0.000000
442,data/3D_cc_images.npz,0,10,cpu,cpu,1,1,0.000000,0.257394,0.000000
443,data/3D_cc_images.npz,0,10,cpu,cpu,1,1,0.000000,0.257543,0.000000
444,data/3D_cc_images.npz,0,10,cpu,cpu,1,1,0.000000,0.257409,0.000000
445,data/3D_cc_images.npz,0,10,cpu,cpu,1,1,0.000000,0.256976,0.000000
446,data/3D_cc_images.npz,0,10,cpu,cpu,1,1,0.000000,0.256018,0.000000
447,data/3D_cc_images.npz,0,10,cpu,cpu,1,1,0.000000,0.258429,0.000000
448,data/3D_cc_images.npz,0,10,cpu,cpu,1,1,0.000000,0.258446,0.000000
449,data/3D_cc_images.npz,0,10,cpu,cpu,1,1,0.000000,0.258275,0.000000
450,data/3D_cc_images.npz,0,10,cpu,cpu,1,1,0.000000,0.258880,0.000000
451,data/3D_cc_images.npz,0,10,cpu,cpu,1,1,0.000000,0.258310,0.000000
452,data/3D_cc_images.npz,0,10,cpu,cpu,1,1,0.000000,0.258470,0.000000
453,data/3D_cc_images.npz,0,10,cpu,cpu,1,1,0.000000,0.258380,0.000000
454,data/3D_cc_images.npz,0,10,cpu,cpu,1,1,0.000000,0.258661,0.000000
455,data/3D_cc_images.npz,0,10,cpu,cpu,1,1,0.000000,0.257591,0.000000
456,data/3D_cc_images.npz,0,10,cpu,cpu,1,1,0.000000,0.258841,0.000000
457,data/3D_cc_images.npz,0,10,cpu,cpu,1,1,0.000000,0.258139,0.000000
458,data/3D_cc_images.npz,0,10,cpu,cpu,1,1,0.000000,0.259395,0.000000
459,data/3D_cc_images.npz,0,10,cpu,cpu,1,1,0.000000,0.257714,0.000000
460,data/3D_cc_images.npz,0,10,cpu,cpu,1,1,0.000000,0.258369,0.000000
461,data/3D_cc_images.npz,0,10,cpu,cpu,1,1,0.000000,0.256820,0.000000
462,data/3D_cc_images.npz,0,10,cpu,cpu,1,1,0.000000,0.258902,0.000000
463,data/3D_cc_images.npz,0,10,cpu,cpu,1,1,0.000000,0.258616,0.000000
464,data/3D_cc_images.npz,0,10,cpu,cpu,1,1,0.000000,0.257990,0.000000
465,data/3D_cc_images.npz,0,10,cpu,cpu,1,1,0.000000,0.258653,0.000000
466,data/3D_cc_images.npz,0,10,cpu,cpu,1,1,0.000000,0.257733,0.000000
467,data/3D_cc_images.npz,0,10,cpu,cpu,1,1,0.000000,0.258810,0.000000
468,data/3D_cc_images.npz,0,10,cpu,cpu,1,1,0.000000,0.258509,0.000000
469,data/3D_cc_images.npz,0,10,cpu,cpu,1,1,0.000000,0.257959,0.000000
470,data/3D_cc_images.npz,0,10,cpu,cpu,1,1,0.000000,0.257650,0.000000
471,data/3D_cc_images.npz,0,10,cpu,cpu,1,1,0.000000,0.258011,0.000000
472,data/3D_cc_images.npz,0,10,cpu,cpu,1,1,0.000000,0.256772,0.000000
473,data/3D_cc_images.npz,0,10,cpu,cpu,1,1,0.000000,0.257626,0.000000
474,data/3D_cc_images.npz,0,10,cpu,cpu,1,1,0.000000,0.257874,0.000000
475,data/3D_cc_images.npz,0,10,cpu,cpu,1,1,0.000000,0.258050,0.000000
476,data/3D_cc_images.npz,0,10,cpu,cpu,1,1,0.000000,0.257069,0.000000
477,data/3D_cc_images.npz,0,10,cpu,cpu,1,1,0.000000,0.258035,0.000000
478,data/3D_cc_images.npz,0,10,cpu,cpu,1,1,0.000000,0.257919,0.000000
479,data/3D_cc_images.npz,0,10,cpu,cpu,1,1,0.000000,0.258258,0.000000
480,data/3D_cc_images.npz,0,10,cpu,cpu,1,1,0.000000,0.257691,0.000000
481,data/3D_cc_images.npz,0,10,cpu,cpu,1,1,0.000000,0.257787,0.000000
482,data/3D_cc_images.npz,0,10,cpu,cpu,1,1,0.000000,0.257032,0.000000
483,data/3D_cc_images.npz,0,10,cpu,cpu,1,1,0.000000,0.257557,0.000000
484,data/3D_cc_images.npz,0,10,cpu,cpu,1,1,0.000000,0.256192,0.000000
485,data/3D_cc_images.npz,0,10,cpu,cpu,1,1,0.000000,0.256369,0.000000
486,data/3D_cc_images.npz,0,10,cpu,cpu,1,1,0.000000,0.257362,0.000000
487,data/3D_cc_images.npz,0,10,cpu,cpu,1,1,0.000000,0.256986,0.000000
488,data/3D_cc_images.npz,0,10,cpu,cpu,1,1,0.000000,0.257397,0.000000
489,data/3D_cc_images.npz,0,10,cpu,cpu,1,1,0.000000,0.258047,0.000000
490,data/3D_cc_images.npz,0,10,cpu,cpu,1,1,0.000000,0.257155,0.000000
491,data/3D_cc_images.npz,0,10,cpu,cpu,1,1,0.000000,0.253256,0.000000
492,data/3D_cc_images.npz,0,10,cpu,cpu,1,1,0.000000,0.254701,0.000000
493,data/3D_cc_images.npz,0,10,cpu,cpu,1,1,0.000000,0.253822,0.000000
494,data/3D_cc_images.npz,0,10,cpu,cpu,1,1,0.000000,0.256570,0.000000
495,data/3D_cc_images.npz,0,10,cpu,cpu,1,1,0.000000,0.257380,0.000000
496,data/3D_cc_images.npz,0,10,cpu,cpu,1,1,0.000000,0.257133,0.000000
497,data/3D_cc_images.npz,0,10,cpu,cpu,1,1,0.000000,0.258501,0.000000
498,data/3D_cc_images.npz,0,10,cpu,cpu,1,1,0.000000,0.257062,0.000000
499,data/3D_cc_images.npz,0,10,cpu,cpu,1,1,0.000000,0.257224,0.000000
500,data/3D_cc_images.npz,0,10,cpu,cpu,1,1,0.000000,0.257860,0.000000
501,data/3D_cc_images.npz,0,10,cpu,cpu,1,1,0.000000,0.257069,0.000000
502,data/3D_cc_images.npz,0,10,cpu,cpu,1,1,0.000000,0.257846,0.000000
503,data/3D_cc_images.npz,0,10,cpu,cpu,1,1,0.000000,0.257625,0.000000
504,data/3D_cc_images.npz,0,10,cpu,cpu,1,1,0.000000,0.257565,0.000000
505,data/3D_cc_images.npz,0,10,cpu,cpu,1,1,0.000000,0.256806,0.000000
506,data/3D_cc_images.npz,0,10,cpu,cpu,1,1,0.000000,0.257933,0.000000
507,data/3D_cc_images.npz,0,10,cpu,cpu,1,1,0.000000,0.257008,0.000000
508,data/3D_cc_images.npz,0,10,cpu,cpu,1,1,0.000000,0.256616,0.000000
509,data/3D_cc_images.npz,0,10,cpu,cpu,1,1,0.000000,0.257143,0.000000
510,data/3D_cc_images.npz,0,10,cpu,cpu,1,1,0.000000,0.256981,0.000000
511,data/3D_cc_images.npz,0,10,cpu,cpu,1,1,0.000000,0.256975,0.000000
512,data/3D_cc_images.npz,0,10,cpu,cpu,1,1,0.000000,0.256873,0.000000
513,data/3D_cc_images.npz,0,10,cpu,cpu,1,1,0.000000,0.257857,0.000000
514,data/3D_cc_images.npz,0,10,cpu,cpu,1,1,0.000000,0.257357,0.000000
515,data/3D_cc_images.npz,0,10,cpu,cpu,1,1,0.000000,0.257690,0.000000
516,data/3D_cc_images.npz,0,10,cpu,cpu,1,1,0.000000,0.257541,0.000000
517,data/3D_cc_images.npz,0,10,cpu,cpu,1,1,0.000000,0.257513,0.000000
518,data/3D_cc_images.npz,0,10,cpu,cpu,1,1,0.000000,0.257466,0.000000
519,data/3D_cc_images.npz,0,10,cpu,cpu,1,1,0.000000,0.257794,0.000000
520,data/3D_cc_images.npz,0,10,cpu,cpu,1,1,0.000000,0.257590,0.000000
521,data/3D_cc_images.npz,0,10,cpu,cpu,1,1,0.000000,0.257943,0.000000
522,data/3D_cc_images.npz,0,10,cpu,cpu,1,1,0.000000,0.257811,0.000000
523,data/3D_cc_images.npz,0,10,cpu,cpu,1,1,0.000000,0.257113,0.000000
524,data/3D_cc_images.npz,0,10,cpu,cpu,1,1,0.000000,0.257702,0.000000
525,data/3D_cc_images.npz,0,10,cpu,cpu,1,1,0.000000,0.257154,0.000000
526,data/3D_cc_images.npz,0,10,cpu,cpu,1,1,0.000000,0.254884,0.000000
527,data/3D_cc_images.npz,0,10,cpu,cpu,1,1,0.000000,0.255277,0.000000
528,data/3D_cc_images.npz,0,10,cpu,cpu,1,1,0.000000,0.257389,0.000000
529,data/3D_cc_images.npz,0,10,cpu,cpu,1,1,0.000000,0.257389,0.000000
530,data/3D_cc_images.npz,0,10,cpu,cpu,1,1,0.000000,0.257230,0.000000
531,data/3D_cc_images.npz,0,10,cpu,cpu,1,1,0.000000,0.258340,0.000000
532,data/3D_cc_images.npz,0,10,cpu,cpu,1,1,0.000000,0.257605,0.000000
533,data/3D_cc_images.npz,0,10,cpu,cpu,1,1,0.000000,0.257579,0.000000
534,data/3D_cc_images.npz,0,10,cpu,cpu,1,1,0.000000,0.258049,0.000000
535,data/3D_cc_images.npz,0,10,cpu,cpu,1,1,0.000000,0.257707,0.000000
536,data/3D_cc_images.npz,0,10,cpu,cpu,1,1,0.000000,0.259247,0.000000
537,data/3D_cc_images.npz,0,10,cpu,cpu,1,1,0.000000,0.256711,0.000000
538,data/3D_cc_images.npz,0,10,cpu,cpu,1,1,0.000000,0.257845,0.000000
539,data/3D_cc_images.npz,0,10,cpu,cpu,1,1,0.000000,0.257203,0.000000
540,data/3D_cc_images.npz,0,10,cpu,cpu,1,1,0.000000,0.257929,0.000000
541,data/3D_cc_images.npz,0,10,cpu,cpu,1,1,0.000000,0.257702,0.000000
542,data/3D_cc_images.npz,0,10,cpu,cpu,1,1,0.000000,0.257886,0.000000
543,data/3D_cc_images.npz,0,10,cpu,cpu,1,1,0.000000,0.257569,0.000000
544,data/3D_cc_images.npz,0,10,cpu,cpu,1,1,0.000000,0.258259,0.000000
545,data/3D_cc_images.npz,0,10,cpu,cpu,1,1,0.000000,0.257172,0.000000
546,data/3D_cc_images.npz,0,10,cpu,cpu,1,1,0.000000,0.257988,0.000000
547,data/3D_cc_images.npz,0,10,cpu,cpu,1,1,0.000000,0.257631,0.000000
548,data/3D_cc_images.npz,0,10,cpu,cpu,1,1,0.000000,0.258226,0.000000
549,data/3D_cc_images.npz,0,10,cpu,cpu,1,1,0.000000,0.258224,0.000000
550,data/3D_cc_images.npz,0,10,cpu,cpu,1,1,0.000000,0.257596,0.000000
551,data/3D_cc_images.npz,0,10,cpu,cpu,1,1,0.000000,0.257575,0.000000
552,data/3D_cc_images.npz,0,10,cpu,cpu,1,1,0.000000,0.257822,0.000000
553,data/3D_cc_images.npz,0,10,cpu,cpu,1,1,0.000000,0.257466,0.000000
554,data/3D_cc_images.npz,0,10,cpu,cpu,1,1,0.000000,0.259010,0.000000
555,data/3D_cc_images.npz,0,10,cpu,cpu,1,1,0.000000,0.258208,0.000000
556,data/3D_cc_images.npz,0,10,cpu,cpu,1,1,0.000000,0.257054,0.000000
557,data/3D_cc_images.npz,0,10,cpu,cpu,1,1,0.000000,0.257968,0.000000
558,data/3D_cc_images.npz,0,10,cpu,cpu,1,1,0.000000,0.257911,0.000000
559,data/3D_cc_images.npz,0,10,cpu,cpu,1,1,0.000000,0.257973,0.000000
560,data/3D_cc_images.npz,0,10,cpu,cpu,1,1,0.000000,0.257350,0.000000
561,data/3D_cc_images.npz,0,10,cpu,cpu,1,1,0.000000,0.257253,0.000000
562,data/3D_cc_images.npz,0,10,cpu,cpu,1,1,0.000000,0.257364,0.000000
563,data/3D_cc_images.npz,0,10,cpu,cpu,1,1,0.000000,0.257736,0.000000
564,data/3D_cc_images.npz,0,10,cpu,cpu,1,1,0.000000,0.257639,0.000000
565,data/3D_cc_images.npz,0,10,cpu,cpu,1,1,0.000000,0.257686,0.000000
566,data/3D_cc_images.npz,0,10,cpu,cpu,1,1,0.000000,0.258463,0.000000
567,data/3D_cc_images.npz,0,10,cpu,cpu,1,1,0.000000,0.259119,0.000000
568,data/3D_cc_images.npz,0,10,cpu,cpu,1,1,0.000000,0.258683,0.000000
569,data/3D_cc_images.npz,0,10,cpu,cpu,1,1,0.000000,0.258408,0.000000
570,data/3D_cc_images.npz,0,10,cpu,cpu,1,1,0.000000,0.258348,0.000000
571,data/3D_cc_images.npz,0,10,cpu,cpu,1,1,0.000000,0.260586,0.000000
572,data/3D_cc_images.npz,0,10,cpu,cpu,1,1,0.000000,0.259480,0.000000
573,data/3D_cc_images.npz,0,10,cpu,cpu,1,1,0.000000,0.258662,0.000000
574,data/3D_cc_images.npz,0,10,cpu,cpu,1,1,0.000000,0.257415,0.000000
575,data/3D_cc_images.npz,0,10,cpu,cpu,1,1,0.000000,0.258608,0.000000
576,data/3D_cc_images.npz,0,10,cpu,cpu,1,1,0.000000,0.257433,0.000000
577,data/3D_cc_images.npz,0,10,cpu,cpu,1,1,0.000000,0.257866,0.000000
578,data/3D_cc_images.npz,0,10,cpu,cpu,1,1,0.000000,0.257590,0.000000
579,data/3D_cc_images.npz,0,10,cpu,cpu,1,1,0.000000,0.257323,0.000000
580,data/3D_cc_images.npz,0,10,cpu,cpu,1,1,0.000000,0.258311,0.000000
581,data/3D_cc_images.npz,0,10,cpu,cpu,1,1,0.000000,0.258199,0.000000
582,data/3D_cc_images.npz,0,10,cpu,cpu,1,1,0.000000,0.257380,0.000000
583,data/3D_cc_images.npz,0,10,cpu,cpu,1,1,0.000000,0.258239,0.000000
584,data/3D_cc_images.npz,0,10,cpu,cpu,1,1,0.000000,0.257730,0.000000
585,data/3D_cc_images.npz,0,10,cpu,cpu,1,1,0.000000,0.257203,0.000000
586,data/3D_cc_images.npz,0,10,cpu,cpu,1,1,0.000000,0.258277,0.000000
587,data/3D_cc_images.npz,0,10,cpu,cpu,1,1,0.000000,0.258936,0.000000
588,data/3D_cc_images.npz,0,10,cpu,cpu,1,1,0.000000,0.259792,0.000000
589,data/3D_cc_images.npz,0,10,cpu,cpu,1,1,0.000000,0.259303,0.000000
590,data/3D_cc_images.npz,0,10,cpu,cpu,1,1,0.000000,0.259509,0.000000
591,data/3D_cc_images.npz,0,10,cpu,cpu,1,1,0.000000,0.258426,0.000000
592,data/3D_cc_images.npz,0,10,cpu,cpu,1,1,0.000000,0.257525,0.000000
593,data/3D_cc_images.npz,0,10,cpu,cpu,1,1,0.000000,0.257231,0.000000
594,data/3D_cc_images.npz,0,10,cpu,cpu,1,1,0.000000,0.259094,0.000000
595,data/3D_cc_images.npz,0,10,cpu,cpu,1,1,0.000000,0.257710,0.000000
596,data/3D_cc_images.npz,0,10,cpu,cpu,1,1,0.000000,0.257733,0.000000
597,data/3D_cc_images.npz,0,10,cpu,cpu,1,1,0.000000,0.257977,0.000000
598,data/3D_cc_images.npz,0,10,cpu,cpu,1,1,0.000000,0.258216,0.000000
599,data/3D_cc_images.npz,0,10,cpu,cpu,1,1,0.000000,0.257666,0.000000
600,data/3D_cc_images.npz,0,10,cpu,cpu,1,1,0.000000,0.258090,0.000000
601,data/3D_cc_images.npz,0,10,cpu,cpu,1,1,0.000000,0.258075,0.000000
602,data/3D_cc_images.npz,0,10,cpu,cpu,1,1,0.000000,0.257958,0.000000
603,data/3D_cc_images.npz,0,10,cpu,cpu,1,1,0.000000,0.258167,0.000000
604,data/3D_cc_images.npz,0,10,cpu,cpu,1,1,0.000000,0.257837,0.000000
605,data/3D_cc_images.npz,0,10,cpu,cpu,1,1,0.000000,0.259266,0.000000
606,data/3D_cc_images.npz,0,10,cpu,cpu,1,1,0.000000,0.258091,0.000000
607,data/3D_cc_images.npz,0,10,cpu,cpu,1,1,0.000000,0.258158,0.000000
608,data/3D_cc_images.npz,0,10,cpu,cpu,1,1,0.000000,0.258618,0.000000
609,data/3D_cc_images.npz,0,10,cpu,cpu,1,1,0.000000,0.258895,0.000000
610,data/3D_cc_images.npz,0,10,cpu,cpu,1,1,0.000000,0.258480,0.000000
611,data/3D_cc_images.npz,0,10,cpu,cpu,1,1,0.000000,0.258269,0.000000
612,data/3D_cc_images.npz,0,10,cpu,cpu,1,1,0.000000,0.256814,0.000000
613,data/3D_cc_images.npz,0,10,cpu,cpu,1,1,0.000000,0.258810,0.000000
614,data/3D_cc_images.npz,0,10,cpu,cpu,1,1,0.000000,0.257070,0.000000
615,data/3D_cc_images.npz,0,10,cpu,cpu,1,1,0.000000,0.257947,0.000000
616,data/3D_cc_images.npz,0,10,cpu,cpu,1,1,0.000000,0.256697,0.000000
617,data/3D_cc_images.npz,0,10,cpu,cpu,1,1,0.000000,0.257715,0.000000
618,data/3D_cc_images.npz,0,10,cpu,cpu,1,1,0.000000,0.257373,0.000000
619,data/3D_cc_images.npz,0,10,cpu,cpu,1,1,0.000000,0.257518,0.000000
620,data/3D_cc_images.npz,0,10,cpu,cpu,1,1,0.000000,0.257611,0.000000
621,data/3D_cc_images.npz,0,10,cpu,cpu,1,1,0.000000,0.258038,0.000000
622,data/3D_cc_images.npz,0,10,cpu,cpu,1,1,0.000000,0.257678,0.000000
623,data/3D_cc_images.npz,0,10,cpu,cpu,1,1,0.000000,0.257143,0.000000
624,data/3D_cc_images.npz,0,10,cpu,cpu,1,1,0.000000,0.257170,0.000000
625,data/3D_cc_images.npz,0,10,cpu,cpu,1,1,0.000000,0.257587,0.000000
626,data/3D_cc_images.npz,0,10,cpu,cpu,1,1,0.000000,0.258158,0.000000
627,data/3D_cc_images.npz,0,10,cpu,cpu,1,1,0.000000,0.257936,0.000000
628,data/3D_cc_images.npz,0,10,cpu,cpu,1,1,0.000000,0.258926,0.000000
629,data/3D_cc_images.npz,0,10,cpu,cpu,1,1,0.000000,0.258247,0.000000
630,data/3D_cc_images.npz,0,10,cpu,cpu,1,1,0.000000,0.258876,0.000000
631,data/3D_cc_images.npz,0,10,cpu,cpu,1,1,0.000000,0.257828,0.000000
632,data/3D_cc_images.npz,0,10,cpu,cpu,1,1,0.000000,0.256843,0.000000
633,data/3D_cc_images.npz,0,10,cpu,cpu,1,1,0.000000,0.257263,0.000000
634,data/3D_cc_images.npz,0,10,cpu,cpu,1,1,0.000000,0.257704,0.000000
635,data/3D_cc_images.npz,0,10,cpu,cpu,1,1,0.000000,0.257329,0.000000
636,data/3D_cc_images.npz,0,10,cpu,cpu,1,1,0.000000,0.257406,0.000000
637,data/3D_cc_images.npz,0,10,cpu,cpu,1,1,0.000000,0.257030,0.000000
638,data/3D_cc_images.npz,0,10,cpu,cpu,1,1,0.000000,0.258232,0.000000
639,data/3D_cc_images.npz,0,10,cpu,cpu,1,1,0.000000,0.255327,0.000000
640,data/3D_cc_images.npz,0,10,cpu,cpu,1,1,0.000000,0.257589,0.000000
641,data/3D_cc_images.npz,0,10,cpu,cpu,1,1,0.000000,0.256918,0.000000
642,data/3D_cc_images.npz,0,10,cpu,cpu,1,1,0.000000,0.257866,0.000000
643,data/3D_cc_images.npz,0,10,cpu,cpu,1,1,0.000000,0.257816,0.000000
644,data/3D_cc_images.npz,0,10,cpu,cpu,1,1,0.000000,0.257325,0.000000
645,data/3D_cc_images.npz,0,10,cpu,cpu,1,1,0.000000,0.257959,0.000000
646,data/3D_cc_images.npz,0,10,cpu,cpu,1,1,0.000000,0.257323,0.000000
647,data/3D_cc_images.npz,0,10,cpu,cpu,1,1,0.000000,0.256793,0.000000
648,data/3D_cc_images.npz,0,10,cpu,cpu,1,1,0.000000,0.257093,0.000000
649,data/3D_cc_images.npz,0,10,cpu,cpu,1,1,0.000000,0.255791,0.000000
650,data/3D_cc_images.npz,0,10,cpu,cpu,1,1,0.000000,0.257433,0.000000
651,data/3D_cc_images.npz,0,10,cpu,cpu,1,1,0.000000,0.257245,0.000000
652,data/3D_cc_images.npz,0,10,cpu,cpu,1,1,0.000000,0.257192,0.000000
653,data/3D_cc_images.npz,0,10,cpu,cpu,1,1,0.000000,0.257128,0.000000
654,data/3D_cc_images.npz,0,10,cpu,cpu,1,1,0.000000,0.256691,0.000000
655,data/3D_cc_images.npz,0,10,cpu,cpu,1,1,0.000000,0.257603,0.000000
656,data/3D_cc_images.npz,0,10,cpu,cpu,1,1,0.000000,0.257093,0.000000
657,data/3D_cc_images.npz,0,10,cpu,cpu,1,1,0.000000,0.256256,0.000000
658,data/3D_cc_images.npz,0,10,cpu,cpu,1,1,0.000000,0.257727,0.000000
659,data/3D_cc_images.npz,0,10,cpu,cpu,1,1,0.000000,0.257813,0.000000
660,data/3D_cc_images.npz,0,10,cpu,cpu,1,1,0.000000,0.257092,0.000000
661,data/3D_cc_images.npz,0,10,cpu,cpu,1,1,0.000000,0.258670,0.000000
662,data/3D_cc_images.npz,0,10,cpu,cpu,1,1,0.000000,0.258964,0.000000
663,data/3D_cc_images.npz,0,10,cpu,cpu,1,1,0.000000,0.259152,0.000000
664,data/3D_cc_images.npz,0,10,cpu,cpu,1,1,0.000000,0.258749,0.000000
665,data/3D_cc_images.npz,0,10,cpu,cpu,1,1,0.000000,0.261977,0.000000
666,data/3D_cc_images.npz,0,10,cpu,cpu,1,1,0.000000,0.260251,0.000000
667,data/3D_cc_images.npz,0,10,cpu,cpu,1,1,0.000000,0.259452,0.000000
668,data/3D_cc_images.npz,0,10,cpu,cpu,1,1,0.000000,0.259141,0.000000
669,data/3D_cc_images.npz,0,10,cpu,cpu,1,1,0.000000,0.258656,0.000000
670,data/3D_cc_images.npz,0,10,cpu,cpu,1,1,0.000000,0.258654,0.000000
671,data/3D_cc_images.npz,0,10,cpu,cpu,1,1,0.000000,0.258280,0.000000
672,data/3D_cc_images.npz,0,10,cpu,cpu,1,1,0.000000,0.258499,0.000000
673,data/3D_cc_images.npz,0,10,cpu,cpu,1,1,0.000000,0.258960,0.000000
674,data/3D_cc_images.npz,0,10,cpu,cpu,1,1,0.000000,0.259276,0.000000
675,data/3D_cc_images.npz,0,10,cpu,cpu,1,1,0.000000,0.257442,0.000000
676,data/3D_cc_images.npz,0,10,cpu,cpu,1,1,0.000000,0.258318,0.000000
677,data/3D_cc_images.npz,0,10,cpu,cpu,1,1,0.000000,0.258989,0.000000
678,data/3D_cc_images.npz,0,10,cpu,cpu,1,1,0.000000,0.258472,0.000000
679,data/3D_cc_images.npz,0,10,cpu,cpu,1,1,0.000000,0.257916,0.000000
680,data/3D_cc_images.npz,0,10,cpu,cpu,1,1,0.000000,0.258244,0.000000
681,data/3D_cc_images.npz,0,10,cpu,cpu,1,1,0.000000,0.257952,0.000000
682,data/3D_cc_images.npz,0,10,cpu,cpu,1,1,0.000000,0.260692,0.000000
683,data/3D_cc_images.npz,0,10,cpu,cpu,1,1,0.000000,0.258151,0.000000
684,data/3D_cc_images.npz,0,10,cpu,cpu,1,1,0.000000,0.260343,0.000000
685,data/3D_cc_images.npz,0,10,cpu,cpu,1,1,0.000000,0.258418,0.000000
686,data/3D_cc_images.npz,0,10,cpu,cpu,1,1,0.000000,0.258398,0.000000
687,data/3D_cc_images.npz,0,10,cpu,cpu,1,1,0.000000,0.259038,0.000000
688,data/3D_cc_images.npz,0,10,cpu,cpu,1,1,0.000000,0.257542,0.000000
689,data/3D_cc_images.npz,0,10,cpu,cpu,1,1,0.000000,0.258300,0.000000
690,data/3D_cc_images.npz,0,10,cpu,cpu,1,1,0.000000,0.258584,0.000000
691,data/3D_cc_images.npz,0,10,cpu,cpu,1,1,0.000000,0.260393,0.000000
692,data/3D_cc_images.npz,0,10,cpu,cpu,1,1,0.000000,0.258129,0.000000
693,data/3D_cc_images.npz,0,10,cpu,cpu,1,1,0.000000,0.257445,0.000000
694,data/3D_cc_images.npz,0,10,cpu,cpu,1,1,0.000000,0.257592,0.000000
695,data/3D_cc_images.npz,0,10,cpu,cpu,1,1,0.000000,0.257409,0.000000
696,data/3D_cc_images.npz,0,10,cpu,cpu,1,1,0.000000,0.257528,0.000000
697,data/3D_cc_images.npz,0,10,cpu,cpu,1,1,0.000000,0.258180,0.000000
698,data/3D_cc_images.npz,0,10,cpu,cpu,1,1,0.000000,0.256497,0.000000
699,data/3D_cc_images.npz,0,10,cpu,cpu,1,1,0.000000,0.258396,0.000000
700,data/3D_cc_images.npz,0,10,cpu,cpu,1,1,0.000000,0.257168,0.000000
701,data/3D_cc_images.npz,0,10,cpu,cpu,1,1,0.000000,0.258839,0.000000
702,data/3D_cc_images.npz,0,10,cpu,cpu,1,1,0.000000,0.257160,0.000000
703,data/3D_cc_images.npz,0,10,cpu,cpu,1,1,0.000000,0.257990,0.000000
704,data/3D_cc_images.npz,0,10,cpu,cpu,1,1,0.000000,0.257225,0.000000
705,data/3D_cc_images.npz,0,10,cpu,cpu,1,1,0.000000,0.257635,0.000000
706,data/3D_cc_images.npz,0,10,cpu,cpu,1,1,0.000000,0.257646,0.000000
707,data/3D_cc_images.npz,0,10,cpu,cpu,1,1,0.000000,0.258196,0.000000
708,data/3D_cc_images.npz,0,10,cpu,cpu,1,1,0.000000,0.258360,0.000000
709,data/3D_cc_images.npz,0,10,cpu,cpu,1,1,0.000000,0.259023,0.000000
710,data/3D_cc_images.npz,0,10,cpu,cpu,1,1,0.000000,0.258922,0.000000
711,data/3D_cc_images.npz,0,10,cpu,cpu,1,1,0.000000,0.258217,0.000000
712,data/3D_cc_images.npz,0,10,cpu,cpu,1,1,0.000000,0.258322,0.000000
713,data/3D_cc_images.npz,0,10,cpu,cpu,1,1,0.000000,0.258616,0.000000
714,data/3D_cc_images.npz,0,10,cpu,cpu,1,1,0.000000,0.259928,0.000000
715,data/3D_cc_images.npz,0,10,cpu,cpu,1,1,0.000000,0.258611,0.000000
716,data/3D_cc_images.npz,0,10,cpu,cpu,1,1,0.000000,0.259787,0.000000
717,data/3D_cc_images.npz,0,10,cpu,cpu,1,1,0.000000,0.258027,0.000000
718,data/3D_cc_images.npz,0,10,cpu,cpu,1,1,0.000000,0.258434,0.000000
719,data/3D_cc_images.npz,0,10,cpu,cpu,1,1,0.000000,0.257981,0.000000
720,data/3D_cc_images.npz,0,10,cpu,cpu,1,1,0.000000,0.259938,0.000000
721,data/3D_cc_images.npz,0,10,cpu,cpu,1,1,0.000000,0.258570,0.000000
722,data/3D_cc_images.npz,0,10,cpu,cpu,1,1,0.000000,0.258051,0.000000
723,data/3D_cc_images.npz,0,10,cpu,cpu,1,1,0.000000,0.257711,0.000000
724,data/3D_cc_images.npz,0,10,cpu,cpu,1,1,0.000000,0.259737,0.000000
725,data/3D_cc_images.npz,0,10,cpu,cpu,1,1,0.000000,0.258549,0.000000
726,data/3D_cc_images.npz,0,10,cpu,cpu,1,1,0.000000,0.258223,0.000000
727,data/3D_cc_images.npz,0,10,cpu,cpu,1,1,0.000000,0.256240,0.000000
728,data/3D_cc_images.npz,0,10,cpu,cpu,1,1,0.000000,0.257119,0.000000
729,data/3D_cc_images.npz,0,10,cpu,cpu,1,1,0.000000,0.258041,0.000000
730,data/3D_cc_images.npz,0,10,cpu,cpu,1,1,0.000000,0.261916,0.000000
731,data/3D_cc_images.npz,0,10,cpu,cpu,1,1,0.000000,0.261067,0.000000
732,data/3D_cc_images.npz,0,10,cpu,cpu,1,1,0.000000,0.258795,0.000000
733,data/3D_cc_images.npz,0,10,cpu,cpu,1,1,0.000000,0.258979,0.000000
734,data/3D_cc_images.npz,0,10,cpu,cpu,1,1,0.000000,0.258123,0.000000
735,data/3D_cc_images.npz,0,10,cpu,cpu,1,1,0.000000,0.258871,0.000000
736,data/3D_cc_images.npz,0,10,cpu,cpu,1,1,0.000000,0.259226,0.000000
737,data/3D_cc_images.npz,0,10,cpu,cpu,1,1,0.000000,0.258791,0.000000
738,data/3D_cc_images.npz,0,10,cpu,cpu,1,1,0.000000,0.258044,0.000000
739,data/3D_cc_images.npz,0,10,cpu,cpu,1,1,0.000000,0.257847,0.000000
740,data/3D_cc_images.npz,0,10,cpu,cpu,1,1,0.000000,0.258414,0.000000
741,data/3D_cc_images.npz,0,10,cpu,cpu,1,1,0.000000,0.258410,0.000000
742,data/3D_cc_images.npz,0,10,cpu,cpu,1,1,0.000000,0.257758,0.000000
743,data/3D_cc_images.npz,0,10,cpu,cpu,1,1,0.000000,0.259251,0.000000
744,data/3D_cc_images.npz,0,10,cpu,cpu,1,1,0.000000,0.257929,0.000000
745,data/3D_cc_images.npz,0,10,cpu,cpu,1,1,0.000000,0.258062,0.000000
746,data/3D_cc_images.npz,0,10,cpu,cpu,1,1,0.000000,0.256741,0.000000
747,data/3D_cc_images.npz,0,10,cpu,cpu,1,1,0.000000,0.259354,0.000000
748,data/3D_cc_images.npz,0,10,cpu,cpu,1,1,0.000000,0.258727,0.000000
749,data/3D_cc_images.npz,0,10,cpu,cpu,1,1,0.000000,0.260723,0.000000
750,data/3D_cc_images.npz,0,10,cpu,cpu,1,1,0.000000,0.258257,0.000000
751,data/3D_cc_images.npz,0,10,cpu,cpu,1,1,0.000000,0.259852,0.000000
752,data/3D_cc_images.npz,0,10,cpu,cpu,1,1,0.000000,0.259032,0.000000
753,data/3D_cc_images.npz,0,10,cpu,cpu,1,1,0.000000,0.258492,0.000000
754,data/3D_cc_images.npz,0,10,cpu,cpu,1,1,0.000000,0.257429,0.000000
755,data/3D_cc_images.npz,0,10,cpu,cpu,1,1,0.000000,0.258432,0.000000
756,data/3D_cc_images.npz,0,10,cpu,cpu,1,1,0.000000,0.260644,0.000000
757,data/3D_cc_images.npz,0,10,cpu,cpu,1,1,0.000000,0.258118,0.000000
758,data/3D_cc_images.npz,0,10,cpu,cpu,1,1,0.000000,0.257596,0.000000
759,data/3D_cc_images.npz,0,10,cpu,cpu,1,1,0.000000,0.258056,0.000000
760,data/3D_cc_images.npz,0,10,cpu,cpu,1,1,0.000000,0.259115,0.000000
761,data/3D_cc_images.npz,0,10,cpu,cpu,1,1,0.000000,0.258238,0.000000
762,data/3D_cc_images.npz,0,10,cpu,cpu,1,1,0.000000,0.258388,0.000000
763,data/3D_cc_images.npz,0,10,cpu,cpu,1,1,0.000000,0.257524,0.000000
764,data/3D_cc_images.npz,0,10,cpu,cpu,1,1,0.000000,0.257444,0.000000
765,data/3D_cc_images.npz,0,10,cpu,cpu,1,1,0.000000,0.256966,0.000000
766,data/3D_cc_images.npz,0,10,cpu,cpu,1,1,0.000000,0.257633,0.000000
767,data/3D_cc_images.npz,0,10,cpu,cpu,1,1,0.000000,0.258234,0.000000
768,data/3D_cc_images.npz,0,10,cpu,cpu,1,1,0.000000,0.259226,0.000000
769,data/3D_cc_images.npz,0,10,cpu,cpu,1,1,0.000000,0.258599,0.000000
770,data/3D_cc_images.npz,0,10,cpu,cpu,1,1,0.000000,0.258466,0.000000
771,data/3D_cc_images.npz,0,10,cpu,cpu,1,1,0.000000,0.258641,0.000000
772,data/3D_cc_images.npz,0,10,cpu,cpu,1,1,0.000000,0.258366,0.000000
773,data/3D_cc_images.npz,0,10,cpu,cpu,1,1,0.000000,0.258119,0.000000
774,data/3D_cc_images.npz,0,10,cpu,cpu,1,1,0.000000,0.258137,0.000000
775,data/3D_cc_images.npz,0,10,cpu,cpu,1,1,0.000000,0.258415,0.000000
776,data/3D_cc_images.npz,0,10,cpu,cpu,1,1,0.000000,0.258141,0.000000
777,data/3D_cc_images.npz,0,10,cpu,cpu,1,1,0.000000,0.258662,0.000000
778,data/3D_cc_images.npz,0,10,cpu,cpu,1,1,0.000000,0.259377,0.000000
779,data/3D_cc_images.npz,0,10,cpu,cpu,1,1,0.000000,0.260550,0.000000
780,data/3D_cc_images.npz,0,10,cpu,cpu,1,1,0.000000,0.259840,0.000000
781,data/3D_cc_images.npz,0,10,cpu,cpu,1,1,0.000000,0.260110,0.000000
782,data/3D_cc_images.npz,0,10,cpu,cpu,1,1,0.000000,0.260512,0.000000
783,data/3D_cc_images.npz,0,10,cpu,cpu,1,1,0.000000,0.259294,0.000000
784,data/3D_cc_images.npz,0,10,cpu,cpu,1,1,0.000000,0.258824,0.000000
785,data/3D_cc_images.npz,0,10,cpu,cpu,1,1,0.000000,0.260232,0.000000
786,data/3D_cc_images.npz,0,10,cpu,cpu,1,1,0.000000,0.260460,0.000000
787,data/3D_cc_images.npz,0,10,cpu,cpu,1,1,0.000000,0.260520,0.000000
788,data/3D_cc_images.npz,0,10,cpu,cpu,1,1,0.000000,0.259277,0.000000
789,data/3D_cc_images.npz,0,10,cpu,cpu,1,1,0.000000,0.258889,0.000000
790,data/3D_cc_images.npz,0,10,cpu,cpu,1,1,0.000000,0.257923,0.000000
791,data/3D_cc_images.npz,0,10,cpu,cpu,1,1,0.000000,0.260513,0.000000
792,data/3D_cc_images.npz,0,10,cpu,cpu,1,1,0.000000,0.258652,0.000000
793,data/3D_cc_images.npz,0,10,cpu,cpu,1,1,0.000000,0.258599,0.000000
794,data/3D_cc_images.npz,0,10,cpu,cpu,1,1,0.000000,0.258989,0.000000
795,data/3D_cc_images.npz,0,10,cpu,cpu,1,1,0.000000,0.258000,0.000000
796,data/3D_cc_images.npz,0,10,cpu,cpu,1,1,0.000000,0.258654,0.000000
797,data/3D_cc_images.npz,0,10,cpu,cpu,1,1,0.000000,0.258604,0.000000
798,data/3D_cc_images.npz,0,10,cpu,cpu,1,1,0.000000,0.258850,0.000000
799,data/3D_cc_images.npz,0,10,cpu,cpu,1,1,0.000000,0.259661,0.000000
800,data/3D_cc_images.npz,0,10,cpu,cpu,1,1,0.000000,0.259020,0.000000
801,data/3D_cc_images.npz,0,10,cpu,cpu,1,1,0.000000,0.258023,0.000000
802,data/3D_cc_images.npz,0,10,cpu,cpu,1,1,0.000000,0.258176,0.000000
803,data/3D_cc_images.npz,0,10,cpu,cpu,1,1,0.000000,0.257135,0.000000
804,data/3D_cc_images.npz,0,10,cpu,cpu,1,1,0.000000,0.258495,0.000000
805,data/3D_cc_images.npz,0,10,cpu,cpu,1,1,0.000000,0.259131,0.000000
806,data/3D_cc_images.npz,0,10,cpu,cpu,1,1,0.000000,0.259510,0.000000
807,data/3D_cc_images.npz,0,10,cpu,cpu,1,1,0.000000,0.257795,0.000000
808,data/3D_cc_images.npz,0,10,cpu,cpu,1,1,0.000000,0.258649,0.000000
809,data/3D_cc_images.npz,0,10,cpu,cpu,1,1,0.000000,0.258251,0.000000
810,data/3D_cc_images.npz,0,10,cpu,cpu,1,1,0.000000,0.258535,0.000000
811,data/3D_cc_images.npz,0,10,cpu,cpu,1,1,0.000000,0.257668,0.000000
812,data/3D_cc_images.npz,0,10,cpu,cpu,1,1,0.000000,0.257208,0.000000
813,data/3D_cc_images.npz,0,10,cpu,cpu,1,1,0.000000,0.256880,0.000000
814,data/3D_cc_images.npz,0,10,cpu,cpu,1,1,0.000000,0.258602,0.000000
815,data/3D_cc_images.npz,0,10,cpu,cpu,1,1,0.000000,0.259375,0.000000
816,data/3D_cc_images.npz,0,10,cpu,cpu,1,1,0.000000,0.259268,0.000000
817,data/3D_cc_images.npz,0,10,cpu,cpu,1,1,0.000000,0.260723,0.000000
818,data/3D_cc_images.npz,0,10,cpu,cpu,1,1,0.000000,0.259756,0.000000
819,data/3D_cc_images.npz,0,10,cpu,cpu,1,1,0.000000,0.258841,0.000000
820,data/3D_cc_images.npz,0,10,cpu,cpu,1,1,0.000000,0.259548,0.000000
821,data/3D_cc_images.npz,0,10,cpu,cpu,1,1,0.000000,0.258616,0.000000
822,data/3D_cc_images.npz,0,10,cpu,cpu,1,1,0.000000,0.259669,0.000000
823,data/3D_cc_images.npz,0,10,cpu,cpu,1,1,0.000000,0.258822,0.000000
824,data/3D_cc_images.npz,0,10,cpu,cpu,1,1,0.000000,0.259078,0.000000
825,data/3D_cc_images.npz,0,10,cpu,cpu,1,1,0.000000,0.259176,0.000000
826,data/3D_cc_images.npz,0,10,cpu,cpu,1,1,0.000000,0.258416,0.000000
827,data/3D_cc_images.npz,0,10,cpu,cpu,1,1,0.000000,0.258941,0.000000
828,data/3D_cc_images.npz,0,10,cpu,cpu,1,1,0.000000,0.258325,0.000000
829,data/3D_cc_images.npz,0,10,cpu,cpu,1,1,0.000000,0.258390,0.000000
830,data/3D_cc_images.npz,0,10,cpu,cpu,1,1,0.000000,0.257061,0.000000
831,data/3D_cc_images.npz,0,10,cpu,cpu,1,1,0.000000,0.258722,0.000000
832,data/3D_cc_images.npz,0,10,cpu,cpu,1,1,0.000000,0.258509,0.000000
833,data/3D_cc_images.npz,0,10,cpu,cpu,1,1,0.000000,0.258827,0.000000
834,data/3D_cc_images.npz,0,10,cpu,cpu,1,1,0.000000,0.258447,0.000000
835,data/3D_cc_images.npz,0,10,cpu,cpu,1,1,0.000000,0.261333,0.000000
836,data/3D_cc_images.npz,0,10,cpu,cpu,1,1,0.000000,0.260234,0.000000
837,data/3D_cc_images.npz,0,10,cpu,cpu,1,1,0.000000,0.258442,0.000000
838,data/3D_cc_images.npz,0,10,cpu,cpu,1,1,0.000000,0.258750,0.000000
839,data/3D_cc_images.npz,0,10,cpu,cpu,1,1,0.000000,0.258621,0.000000
840,data/3D_cc_images.npz,0,10,cpu,cpu,1,1,0.000000,0.258562,0.000000
841,data/3D_cc_images.npz,0,10,cpu,cpu,1,1,0.000000,0.259684,0.000000
842,data/3D_cc_images.npz,0,10,cpu,cpu,1,1,0.000000,0.259157,0.000000
843,data/3D_cc_images.npz,0,10,cpu,cpu,1,1,0.000000,0.258368,0.000000
844,data/3D_cc_images.npz,0,10,cpu,cpu,1,1,0.000000,0.260409,0.000000
845,data/3D_cc_images.npz,0,10,cpu,cpu,1,1,0.000000,0.259500,0.000000
846,data/3D_cc_images.npz,0,10,cpu,cpu,1,1,0.000000,0.259466,0.000000
847,data/3D_cc_images.npz,0,10,cpu,cpu,1,1,0.000000,0.256913,0.000000
848,data/3D_cc_images.npz,0,10,cpu,cpu,1,1,0.000000,0.257345,0.000000
849,data/3D_cc_images.npz,0,10,cpu,cpu,1,1,0.000000,0.256842,0.000000
850,data/3D_cc_images.npz,0,10,cpu,cpu,1,1,0.000000,0.257840,0.000000
851,data/3D_cc_images.npz,0,10,cpu,cpu,1,1,0.000000,0.257614,0.000000
852,data/3D_cc_images.npz,0,10,cpu,cpu,1,1,0.000000,0.258688,0.000000
853,data/3D_cc_images.npz,0,10,cpu,cpu,1,1,0.000000,0.259061,0.000000
854,data/3D_cc_images.npz,0,10,cpu,cpu,1,1,0.000000,0.258920,0.000000
855,data/3D_cc_images.npz,0,10,cpu,cpu,1,1,0.000000,0.259510,0.000000
856,data/3D_cc_images.npz,0,10,cpu,cpu,1,1,0.000000,0.259437,0.000000
857,data/3D_cc_images.npz,0,10,cpu,cpu,1,1,0.000000,0.259504,0.000000
858,data/3D_cc_images.npz,0,10,cpu,cpu,1,1,0.000000,0.258378,0.000000
859,data/3D_cc_images.npz,0,10,cpu,cpu,1,1,0.000000,0.260393,0.000000
860,data/3D_cc_images.npz,0,10,cpu,cpu,1,1,0.000000,0.259742,0.000000
861,data/3D_cc_images.npz,0,10,cpu,cpu,1,1,0.000000,0.259145,0.000000
862,data/3D_cc_images.npz,0,10,cpu,cpu,1,1,0.000000,0.260041,0.000000
863,data/3D_cc_images.npz,0,10,cpu,cpu,1,1,0.000000,0.259018,0.000000
864,data/3D_cc_images.npz,0,10,cpu,cpu,1,1,0.000000,0.258854,0.000000
865,data/3D_cc_images.npz,0,10,cpu,cpu,1,1,0.000000,0.259091,0.000000
866,data/3D_cc_images.npz,0,10,cpu,cpu,1,1,0.000000,0.257829,0.000000
867,data/3D_cc_images.npz,0,10,cpu,cpu,1,1,0.000000,0.257981,0.000000
868,data/3D_cc_images.npz,0,10,cpu,cpu,1,1,0.000000,0.257801,0.000000
869,data/3D_cc_images.npz,0,10,cpu,cpu,1,1,0.000000,0.259178,0.000000
870,data/3D_cc_images.npz,0,10,cpu,cpu,1,1,0.000000,0.259479,0.000000
871,data/3D_cc_images.npz,0,10,cpu,cpu,1,1,0.000000,0.261323,0.000000
872,data/3D_cc_images.npz,0,10,cpu,cpu,1,1,0.000000,0.258831,0.000000
873,data/3D_cc_images.npz,0,10,cpu,cpu,1,1,0.000000,0.257860,0.000000
874,data/3D_cc_images.npz,0,10,cpu,cpu,1,1,0.000000,0.257891,0.000000
875,data/3D_cc_images.npz,0,10,cpu,cpu,1,1,0.000000,0.258895,0.000000
876,data/3D_cc_images.npz,0,10,cpu,cpu,1,1,0.000000,0.259530,0.000000
877,data/3D_cc_images.npz,0,10,cpu,cpu,1,1,0.000000,0.260522,0.000000
878,data/3D_cc_images.npz,0,10,cpu,cpu,1,1,0.000000,0.258506,0.000000
879,data/3D_cc_images.npz,0,10,cpu,cpu,1,1,0.000000,0.258759,0.000000
880,data/3D_cc_images.npz,0,10,cpu,cpu,1,1,0.000000,0.259074,0.000000
881,data/3D_cc_images.npz,0,10,cpu,cpu,1,1,0.000000,0.258503,0.000000
882,data/3D_cc_images.npz,0,10,cpu,cpu,1,1,0.000000,0.258543,0.000000
883,data/3D_cc_images.npz,0,10,cpu,cpu,1,1,0.000000,0.258433,0.000000
884,data/3D_cc_images.npz,0,10,cpu,cpu,1,1,0.000000,0.260855,0.000000
885,data/3D_cc_images.npz,0,10,cpu,cpu,1,1,0.000000,0.258702,0.000000
886,data/3D_cc_images.npz,0,10,cpu,cpu,1,1,0.000000,0.258444,0.000000
887,data/3D_cc_images.npz,0,10,cpu,cpu,1,1,0.000000,0.257772,0.000000
888,data/3D_cc_images.npz,0,10,cpu,cpu,1,1,0.000000,0.258435,0.000000
889,data/3D_cc_images.npz,0,10,cpu,cpu,1,1,0.000000,0.257446,0.000000
890,data/3D_cc_images.npz,0,10,cpu,cpu,1,1,0.000000,0.258106,0.000000
891,data/3D_cc_images.npz,0,10,cpu,cpu,1,1,0.000000,0.257899,0.000000
892,data/3D_cc_images.npz,0,10,cpu,cpu,1,1,0.000000,0.260246,0.000000
893,data/3D_cc_images.npz,0,10,cpu,cpu,1,1,0.000000,0.262194,0.000000
894,data/3D_cc_images.npz,0,10,cpu,cpu,1,1,0.000000,0.262005,0.000000
895,data/3D_cc_images.npz,0,10,cpu,cpu,1,1,0.000000,0.261353,0.000000
896,data/3D_cc_images.npz,0,10,cpu,cpu,1,1,0.000000,0.258858,0.000000
897,data/3D_cc_images.npz,0,10,cpu,cpu,1,1,0.000000,0.258805,0.000000
898,data/3D_cc_images.npz,0,10,cpu,cpu,1,1,0.000000,0.259157,0.000000
899,data/3D_cc_images.npz,0,10,cpu,cpu,1,1,0.000000,0.258257,0.000000
900,data/3D_cc_images.npz,0,10,cpu,cpu,1,1,0.000000,0.258859,0.000000
901,data/3D_cc_images.npz,0,10,cpu,cpu,1,1,0.000000,0.258823,0.000000
902,data/3D_cc_images.npz,0,10,cpu,cpu,1,1,0.000000,0.260363,0.000000
903,data/3D_cc_images.npz,0,10,cpu,cpu,1,1,0.000000,0.262179,0.000000
904,data/3D_cc_images.npz,0,10,cpu,cpu,1,1,0.000000,0.260592,0.000000
905,data/3D_cc_images.npz,0,10,cpu,cpu,1,1,0.000000,0.260739,0.000000
906,data/3D_cc_images.npz,0,10,cpu,cpu,1,1,0.000000,0.258162,0.000000
907,data/3D_cc_images.npz,0,10,cpu,cpu,1,1,0.000000,0.259568,0.000000
908,data/3D_cc_images.npz,0,10,cpu,cpu,1,1,0.000000,0.258561,0.000000
909,data/3D_cc_images.npz,0,10,cpu,cpu,1,1,0.000000,0.261297,0.000000
910,data/3D_cc_images.npz,0,10,cpu,cpu,1,1,0.000000,0.260599,0.000000
911,data/3D_cc_images.npz,0,10,cpu,cpu,1,1,0.000000,0.259725,0.000000
912,data/3D_cc_images.npz,0,10,cpu,cpu,1,1,0.000000,0.260212,0.000000
913,data/3D_cc_images.npz,0,10,cpu,cpu,1,1,0.000000,0.260361,0.000000
914,data/3D_cc_images.npz,0,10,cpu,cpu,1,1,0.000000,0.258097,0.000000
915,data/3D_cc_images.npz,0,10,cpu,cpu,1,1,0.000000,0.257585,0.000000
916,data/3D_cc_images.npz,0,10,cpu,cpu,1,1,0.000000,0.257361,0.000000
917,data/3D_cc_images.npz,0,10,cpu,cpu,1,1,0.000000,0.258342,0.000000
918,data/3D_cc_images.npz,0,10,cpu,cpu,1,1,0.000000,0.259772,0.000000
919,data/3D_cc_images.npz,0,10,cpu,cpu,1,1,0.000000,0.259564,0.000000
920,data/3D_cc_images.npz,0,10,cpu,cpu,1,1,0.000000,0.259642,0.000000
921,data/3D_cc_images.npz,0,10,cpu,cpu,1,1,0.000000,0.259339,0.000000
922,data/3D_cc_images.npz,0,10,cpu,cpu,1,1,0.000000,0.258375,0.000000
923,data/3D_cc_images.npz,0,10,cpu,cpu,1,1,0.000000,0.258672,0.000000
924,data/3D_cc_images.npz,0,10,cpu,cpu,1,1,0.000000,0.259355,0.000000
925,data/3D_cc_images.npz,0,10,cpu,cpu,1,1,0.000000,0.257720,0.000000
926,data/3D_cc_images.npz,0,10,cpu,cpu,1,1,0.000000,0.260637,0.000000
927,data/3D_cc_images.npz,0,10,cpu,cpu,1,1,0.000000,0.258597,0.000000
928,data/3D_cc_images.npz,0,10,cpu,cpu,1,1,0.000000,0.257509,0.000000
929,data/3D_cc_images.npz,0,10,cpu,cpu,1,1,0.000000,0.258152,0.000000
930,data/3D_cc_images.npz,0,10,cpu,cpu,1,1,0.000000,0.258981,0.000000
931,data/3D_cc_images.npz,0,10,cpu,cpu,1,1,0.000000,0.257848,0.000000
932,data/3D_cc_images.npz,0,10,cpu,cpu,1,1,0.000000,0.258635,0.000000
933,data/3D_cc_images.npz,0,10,cpu,cpu,1,1,0.000000,0.257862,0.000000
934,data/3D_cc_images.npz,0,10,cpu,cpu,1,1,0.000000,0.258836,0.000000
935,data/3D_cc_images.npz,0,10,cpu,cpu,1,1,0.000000,0.258489,0.000000
936,data/3D_cc_images.npz,0,10,cpu,cpu,1,1,0.000000,0.258435,0.000000
937,data/3D_cc_images.npz,0,10,cpu,cpu,1,1,0.000000,0.259437,0.000000
938,data/3D_cc_images.npz,0,10,cpu,cpu,1,1,0.000000,0.258051,0.000000
939,data/3D_cc_images.npz,0,10,cpu,cpu,1,1,0.000000,0.258636,0.000000
940,data/3D_cc_images.npz,0,10,cpu,cpu,1,1,0.000000,0.258102,0.000000
941,data/3D_cc_images.npz,0,10,cpu,cpu,1,1,0.000000,0.258471,0.000000
942,data/3D_cc_images.npz,0,10,cpu,cpu,1,1,0.000000,0.258280,0.000000
943,data/3D_cc_images.npz,0,10,cpu,cpu,1,1,0.000000,0.258661,0.000000
944,data/3D_cc_images.npz,0,10,cpu,cpu,1,1,0.000000,0.258128,0.000000
945,data/3D_cc_images.npz,0,10,cpu,cpu,1,1,0.000000,0.259480,0.000000
946,data/3D_cc_images.npz,0,10,cpu,cpu,1,1,0.000000,0.259399,0.000000
947,data/3D_cc_images.npz,0,10,cpu,cpu,1,1,0.000000,0.258524,0.000000
948,data/3D_cc_images.npz,0,10,cpu,cpu,1,1,0.000000,0.257586,0.000000
949,data/3D_cc_images.npz,0,10,cpu,cpu,1,1,0.000000,0.261092,0.000000
950,data/3D_cc_images.npz,0,10,cpu,cpu,1,1,0.000000,0.258239,0.000000
951,data/3D_cc_images.npz,0,10,cpu,cpu,1,1,0.000000,0.258212,0.000000
952,data/3D_cc_images.npz,0,10,cpu,cpu,1,1,0.000000,0.258676,0.000000
953,data/3D_cc_images.npz,0,10,cpu,cpu,1,1,0.000000,0.258486,0.000000
954,data/3D_cc_images.npz,0,10,cpu,cpu,1,1,0.000000,0.258213,0.000000
955,data/3D_cc_images.npz,0,10,cpu,cpu,1,1,0.000000,0.257922,0.000000
956,data/3D_cc_images.npz,0,10,cpu,cpu,1,1,0.000000,0.257920,0.000000
957,data/3D_cc_images.npz,0,10,cpu,cpu,1,1,0.000000,0.257633,0.000000
958,data/3D_cc_images.npz,0,10,cpu,cpu,1,1,0.000000,0.257813,0.000000
959,data/3D_cc_images.npz,0,10,cpu,cpu,1,1,0.000000,0.258093,0.000000
960,data/3D_cc_images.npz,0,10,cpu,cpu,1,1,0.000000,0.255822,0.000000
961,data/3D_cc_images.npz,0,10,cpu,cpu,1,1,0.000000,0.257780,0.000000
962,data/3D_cc_images.npz,0,10,cpu,cpu,1,1,0.000000,0.258532,0.000000
963,data/3D_cc_images.npz,0,10,cpu,cpu,1,1,0.000000,0.258173,0.000000
964,data/3D_cc_images.npz,0,10,cpu,cpu,1,1,0.000000,0.257770,0.000000
965,data/3D_cc_images.npz,0,10,cpu,cpu,1,1,0.000000,0.257176,0.000000
966,data/3D_cc_images.npz,0,10,cpu,cpu,1,1,0.000000,0.258057,0.000000
967,data/3D_cc_images.npz,0,10,cpu,cpu,1,1,0.000000,0.256930,0.000000
968,data/3D_cc_images.npz,0,10,cpu,cpu,1,1,0.000000,0.258372,0.000000
969,data/3D_cc_images.npz,0,10,cpu,cpu,1,1,0.000000,0.258540,0.000000
970,data/3D_cc_images.npz,0,10,cpu,cpu,1,1,0.000000,0.258693,0.000000
971,data/3D_cc_images.npz,0,10,cpu,cpu,1,1,0.000000,0.257457,0.000000
972,data/3D_cc_images.npz,0,10,cpu,cpu,1,1,0.000000,0.259307,0.000000
973,data/3D_cc_images.npz,0,10,cpu,cpu,1,1,0.000000,0.258145,0.000000
974,data/3D_cc_images.npz,0,10,cpu,cpu,1,1,0.000000,0.258100,0.000000
975,data/3D_cc_images.npz,0,10,cpu,cpu,1,1,0.000000,0.260158,0.000000
976,data/3D_cc_images.npz,0,10,cpu,cpu,1,1,0.000000,0.258492,0.000000
977,data/3D_cc_images.npz,0,10,cpu,cpu,1,1,0.000000,0.258092,0.000000
978,data/3D_cc_images.npz,0,10,cpu,cpu,1,1,0.000000,0.258032,0.000000
979,data/3D_cc_images.npz,0,10,cpu,cpu,1,1,0.000000,0.259141,0.000000
980,data/3D_cc_images.npz,0,10,cpu,cpu,1,1,0.000000,0.259518,0.000000
981,data/3D_cc_images.npz,0,10,cpu,cpu,1,1,0.000000,0.259217,0.000000
982,data/3D_cc_images.npz,0,10,cpu,cpu,1,1,0.000000,0.259682,0.000000
983,data/3D_cc_images.npz,0,10,cpu,cpu,1,1,0.000000,0.259726,0.000000
984,data/3D_cc_images.npz,0,10,cpu,cpu,1,1,0.000000,0.259186,0.000000
985,data/3D_cc_images.npz,0,10,cpu,cpu,1,1,0.000000,0.258501,0.000000
986,data/3D_cc_images.npz,0,10,cpu,cpu,1,1,0.000000,0.259902,0.000000
987,data/3D_cc_images.npz,0,10,cpu,cpu,1,1,0.000000,0.259352,0.000000
988,data/3D_cc_images.npz,0,10,cpu,cpu,1,1,0.000000,0.257802,0.000000
989,data/3D_cc_images.npz,0,10,cpu,cpu,1,1,0.000000,0.257503,0.000000
990,data/3D_cc_images.npz,0,10,cpu,cpu,1,1,0.000000,0.258066,0.000000
991,data/3D_cc_images.npz,0,10,cpu,cpu,1,1,0.000000,0.258043,0.000000
992,data/3D_cc_images.npz,0,10,cpu,cpu,1,1,0.000000,0.257285,0.000000
993,data/3D_cc_images.npz,0,10,cpu,cpu,1,1,0.000000,0.257940,0.000000
994,data/3D_cc_images.npz,0,10,cpu,cpu,1,1,0.000000,0.256925,0.000000
995,data/3D_cc_images.npz,0,10,cpu,cpu,1,1,0.000000,0.256291,0.000000
996,data/3D_cc_images.npz,0,10,cpu,cpu,1,1,0.000000,0.254874,0.000000
997,data/3D_cc_images.npz,0,10,cpu,cpu,1,1,0.000000,0.256964,0.000000
998,data/3D_cc_images.npz,0,10,cpu,cpu,1,1,0.000000,0.257179,0.000000
999,data/3D_cc_images.npz,0,10,cpu,cpu,1,1,0.000000,0.257333,0.000000
