image_index,data_path,num_directions,num_timesteps,device_requested,device_used,batch_size,num_cores,complex_construction_time,computation_time,vectorization_time
0,data/3D_cc_images.npz,0,100,cpu,cpu,1,1,0.000000,0.258329,0.000000
1,data/3D_cc_images.npz,0,100,cpu,cpu,1,1,0.000000,0.256098,0.000000
2,data/3D_cc_images.npz,0,100,cpu,cpu,1,1,0.000000,0.256121,0.000000
3,data/3D_cc_images.npz,0,100,cpu,cpu,1,1,0.000000,0.255381,0.000000
4,data/3D_cc_images.npz,0,100,cpu,cpu,1,1,0.000000,0.256390,0.000000
5,data/3D_cc_images.npz,0,100,cpu,cpu,1,1,0.000000,0.257274,0.000000
6,data/3D_cc_images.npz,0,100,cpu,cpu,1,1,0.000000,0.257660,0.000000
7,data/3D_cc_images.npz,0,100,cpu,cpu,1,1,0.000000,0.257234,0.000000
8,data/3D_cc_images.npz,0,100,cpu,cpu,1,1,0.000000,0.258438,0.000000
9,data/3D_cc_images.npz,0,100,cpu,cpu,1,1,0.000000,0.258279,0.000000
10,data/3D_cc_images.npz,0,100,cpu,cpu,1,1,0.000000,0.257612,0.000000
11,data/3D_cc_images.npz,0,100,cpu,cpu,1,1,0.000000,0.256428,0.000000
12,data/3D_cc_images.npz,0,100,cpu,cpu,1,1,0.000000,0.258254,0.000000
13,data/3D_cc_images.npz,0,100,cpu,cpu,1,1,0.000000,0.258909,0.000000
14,data/3D_cc_images.npz,0,100,cpu,cpu,1,1,0.000000,0.257784,0.000000
15,data/3D_cc_images.npz,0,100,cpu,cpu,1,1,0.000000,0.258705,0.000000
16,data/3D_cc_images.npz,0,100,cpu,cpu,1,1,0.000000,0.258059,0.000000
17,data/3D_cc_images.npz,0,100,cpu,cpu,1,1,0.000000,0.258754,0.000000
18,data/3D_cc_images.npz,0,100,cpu,cpu,1,1,0.000000,0.257672,0.000000
19,data/3D_cc_images.npz,0,100,cpu,cpu,1,1,0.000000,0.258627,0.000000
20,data/3D_cc_images.npz,0,100,cpu,cpu,1,1,0.000000,0.257327,0.000000
21,data/3D_cc_images.npz,0,100,cpu,cpu,1,1,0.000000,0.257726,0.000000
22,data/3D_cc_images.npz,0,100,cpu,cpu,1,1,0.000000,0.257494,0.000000
23,data/3D_cc_images.npz,0,100,cpu,cpu,1,1,0.000000,0.257714,0.000000
24,data/3D_cc_images.npz,0,100,cpu,cpu,1,1,0.000000,0.257455,0.000000
25,data/3D_cc_images.npz,0,100,cpu,cpu,1,1,0.000000,0.257283,0.000000
26,data/3D_cc_images.npz,0,100,cpu,cpu,1,1,0.000000,0.256417,0.000000
27,data/3D_cc_images.npz,0,100,cpu,cpu,1,1,0.000000,0.257033,0.000000
28,data/3D_cc_images.npz,0,100,cpu,cpu,1,1,0.000000,0.255759,0.000000
29,data/3D_cc_images.npz,0,100,cpu,cpu,1,1,0.000000,0.256538,0.000000
30,data/3D_cc_images.npz,0,100,cpu,cpu,1,1,0.000000,0.255483,0.000000
31,data/3D_cc_images.npz,0,100,cpu,cpu,1,1,0.000000,0.256620,0.000000
32,data/3D_cc_images.npz,0,100,cpu,cpu,1,1,0.000000,0.258513,0.000000
33,data/3D_cc_images.npz,0,100,cpu,cpu,1,1,0.000000,0.258206,0.000000
34,data/3D_cc_images.npz,0,100,cpu,cpu,1,1,0.000000,0.257090,0.000000
35,data/3D_cc_images.npz,0,100,cpu,cpu,1,1,0.000000,0.256443,0.000000
36,data/3D_cc_images.npz,0,100,cpu,cpu,1,1,0.000000,0.256754,0.000000
37,data/3D_cc_images.npz,0,100,cpu,cpu,1,1,0.000000,0.256714,0.000000
38,data/3D_cc_images.npz,0,100,cpu,cpu,1,1,0.000000,0.259963,0.000000
39,data/3D_cc_images.npz,0,100,cpu,cpu,1,1,0.000000,0.260708,0.000000
40,data/3D_cc_images.npz,0,100,cpu,cpu,1,1,0.000000,0.259640,0.000000
41,data/3D_cc_images.npz,0,100,cpu,cpu,1,1,0.000000,0.261150,0.000000
42,data/3D_cc_images.npz,0,100,cpu,cpu,1,1,0.000000,0.260641,0.000000
43,data/3D_cc_images.npz,0,100,cpu,cpu,1,1,0.000000,0.259591,0.000000
44,data/3D_cc_images.npz,0,100,cpu,cpu,1,1,0.000000,0.258340,0.000000
45,data/3D_cc_images.npz,0,100,cpu,cpu,1,1,0.000000,0.257517,0.000000
46,data/3D_cc_images.npz,0,100,cpu,cpu,1,1,0.000000,0.256996,0.000000
47,data/3D_cc_images.npz,0,100,cpu,cpu,1,1,0.000000,0.256560,0.000000
48,data/3D_cc_images.npz,0,100,cpu,cpu,1,1,0.000000,0.256855,0.000000
49,data/3D_cc_images.npz,0,100,cpu,cpu,1,1,0.000000,0.258226,0.000000
50,data/3D_cc_images.npz,0,100,cpu,cpu,1,1,0.000000,0.257327,0.000000
51,data/3D_cc_images.npz,0,100,cpu,cpu,1,1,0.000000,0.259692,0.000000
52,data/3D_cc_images.npz,0,100,cpu,cpu,1,1,0.000000,0.259036,0.000000
53,data/3D_cc_images.npz,0,100,cpu,cpu,1,1,0.000000,0.257833,0.000000
54,data/3D_cc_images.npz,0,100,cpu,cpu,1,1,0.000000,0.258682,0.000000
55,data/3D_cc_images.npz,0,100,cpu,cpu,1,1,0.000000,0.257333,0.000000
56,data/3D_cc_images.npz,0,100,cpu,cpu,1,1,0.000000,0.259590,0.000000
57,data/3D_cc_images.npz,0,100,cpu,cpu,1,1,0.000000,0.260842,0.000000
58,data/3D_cc_images.npz,0,100,cpu,cpu,1,1,0.000000,0.261858,0.000000
59,data/3D_cc_images.npz,0,100,cpu,cpu,1,1,0.000000,0.260075,0.000000
60,data/3D_cc_images.npz,0,100,cpu,cpu,1,1,0.000000,0.259749,0.000000
61,data/3D_cc_images.npz,0,100,cpu,cpu,1,1,0.000000,0.259482,0.000000
62,data/3D_cc_images.npz,0,100,cpu,cpu,1,1,0.000000,0.257740,0.000000
63,data/3D_cc_images.npz,0,100,cpu,cpu,1,1,0.000000,0.257617,0.000000
64,data/3D_cc_images.npz,0,100,cpu,cpu,1,1,0.000000,0.257008,0.000000
65,data/3D_cc_images.npz,0,100,cpu,cpu,1,1,0.000000,0.258343,0.000000
66,data/3D_cc_images.npz,0,100,cpu,cpu,1,1,0.000000,0.258520,0.000000
67,data/3D_cc_images.npz,0,100,cpu,cpu,1,1,0.000000,0.259019,0.000000
68,data/3D_cc_images.npz,0,100,cpu,cpu,1,1,0.000000,0.257815,0.000000
69,data/3D_cc_images.npz,0,100,cpu,cpu,1,1,0.000000,0.257651,0.000000
70,data/3D_cc_images.npz,0,100,cpu,cpu,1,1,0.000000,0.256602,0.000000
71,data/3D_cc_images.npz,0,100,cpu,cpu,1,1,0.000000,0.256886,0.000000
72,data/3D_cc_images.npz,0,100,cpu,cpu,1,1,0.000000,0.257028,0.000000
73,data/3D_cc_images.npz,0,100,cpu,cpu,1,1,0.000000,0.257948,0.000000
74,data/3D_cc_images.npz,0,100,cpu,cpu,1,1,0.000000,0.256661,0.000000
75,data/3D_cc_images.npz,0,100,cpu,cpu,1,1,0.000000,0.257631,0.000000
76,data/3D_cc_images.npz,0,100,cpu,cpu,1,1,0.000000,0.256728,0.000000
77,data/3D_cc_images.npz,0,100,cpu,cpu,1,1,0.000000,0.256865,0.000000
78,data/3D_cc_images.npz,0,100,cpu,cpu,1,1,0.000000,0.257035,0.000000
79,data/3D_cc_images.npz,0,100,cpu,cpu,1,1,0.000000,0.257962,0.000000
80,data/3D_cc_images.npz,0,100,cpu,cpu,1,1,0.000000,0.258105,0.000000
81,data/3D_cc_images.npz,0,100,cpu,cpu,1,1,0.000000,0.254714,0.000000
82,data/3D_cc_images.npz,0,100,cpu,cpu,1,1,0.000000,0.254381,0.000000
83,data/3D_cc_images.npz,0,100,cpu,cpu,1,1,0.000000,0.256684,0.000000
84,data/3D_cc_images.npz,0,100,cpu,cpu,1,1,0.000000,0.257767,0.000000
85,data/3D_cc_images.npz,0,100,cpu,cpu,1,1,0.000000,0.257745,0.000000
86,data/3D_cc_images.npz,0,100,cpu,cpu,1,1,0.000000,0.258893,0.000000
87,data/3D_cc_images.npz,0,100,cpu,cpu,1,1,0.000000,0.257730,0.000000
88,data/3D_cc_images.npz,0,100,cpu,cpu,1,1,0.000000,0.257777,0.000000
89,data/3D_cc_images.npz,0,100,cpu,cpu,1,1,0.000000,0.256756,0.000000
90,data/3D_cc_images.npz,0,100,cpu,cpu,1,1,0.000000,0.257004,0.000000
91,data/3D_cc_images.npz,0,100,cpu,cpu,1,1,0.000000,0.258687,0.000000
92,data/3D_cc_images.npz,0,100,cpu,cpu,1,1,0.000000,0.258923,0.000000
93,data/3D_cc_images.npz,0,100,cpu,cpu,1,1,0.000000,0.258245,0.000000
94,data/3D_cc_images.npz,0,100,cpu,cpu,1,1,0.000000,0.258915,0.000000
95,data/3D_cc_images.npz,0,100,cpu,cpu,1,1,0.000000,0.258929,0.000000
96,data/3D_cc_images.npz,0,100,cpu,cpu,1,1,0.000000,0.257963,0.000000
97,data/3D_cc_images.npz,0,100,cpu,cpu,1,1,0.000000,0.257642,0.000000
98,data/3D_cc_images.npz,0,100,cpu,cpu,1,1,0.000000,0.257090,0.000000
99,data/3D_cc_images.npz,0,100,cpu,cpu,1,1,0.000000,0.256426,0.000000
100,data/3D_cc_images.npz,0,100,cpu,cpu,1,1,0.000000,0.259554,0.000000
101,data/3D_cc_images.npz,0,100,cpu,cpu,1,1,0.000000,0.259691,0.000000
102,data/3D_cc_images.npz,0,100,cpu,cpu,1,1,0.000000,0.260198,0.000000
103,data/3D_cc_images.npz,0,100,cpu,cpu,1,1,0.000000,0.258482,0.000000
104,data/3D_cc_images.npz,0,100,cpu,cpu,1,1,0.000000,0.257984,0.000000
105,data/3D_cc_images.npz,0,100,cpu,cpu,1,1,0.000000,0.258135,0.000000
106,data/3D_cc_images.npz,0,100,cpu,cpu,1,1,0.000000,0.257823,0.000000
107,data/3D_cc_images.npz,0,100,cpu,cpu,1,1,0.000000,0.257529,0.000000
108,data/3D_cc_images.npz,0,100,cpu,cpu,1,1,0.000000,0.259345,0.000000
109,data/3D_cc_images.npz,0,100,cpu,cpu,1,1,0.000000,0.260377,0.000000
110,data/3D_cc_images.npz,0,100,cpu,cpu,1,1,0.000000,0.258964,0.000000
111,data/3D_cc_images.npz,0,100,cpu,cpu,1,1,0.000000,0.261708,0.000000
112,data/3D_cc_images.npz,0,100,cpu,cpu,1,1,0.000000,0.259046,0.000000
113,data/3D_cc_images.npz,0,100,cpu,cpu,1,1,0.000000,0.257805,0.000000
114,data/3D_cc_images.npz,0,100,cpu,cpu,1,1,0.000000,0.257887,0.000000
115,data/3D_cc_images.npz,0,100,cpu,cpu,1,1,0.000000,0.257848,0.000000
116,data/3D_cc_images.npz,0,100,cpu,cpu,1,1,0.000000,0.257209,0.000000
117,data/3D_cc_images.npz,0,100,cpu,cpu,1,1,0.000000,0.257582,0.000000
118,data/3D_cc_images.npz,0,100,cpu,cpu,1,1,0.000000,0.258053,0.000000
119,data/3D_cc_images.npz,0,100,cpu,cpu,1,1,0.000000,0.258330,0.000000
120,data/3D_cc_images.npz,0,100,cpu,cpu,1,1,0.000000,0.258136,0.000000
121,data/3D_cc_images.npz,0,100,cpu,cpu,1,1,0.000000,0.258749,0.000000
122,data/3D_cc_images.npz,0,100,cpu,cpu,1,1,0.000000,0.257320,0.000000
123,data/3D_cc_images.npz,0,100,cpu,cpu,1,1,0.000000,0.258197,0.000000
124,data/3D_cc_images.npz,0,100,cpu,cpu,1,1,0.000000,0.259018,0.000000
125,data/3D_cc_images.npz,0,100,cpu,cpu,1,1,0.000000,0.258971,0.000000
126,data/3D_cc_images.npz,0,100,cpu,cpu,1,1,0.000000,0.258254,0.000000
127,data/3D_cc_images.npz,0,100,cpu,cpu,1,1,0.000000,0.258164,0.000000
128,data/3D_cc_images.npz,0,100,cpu,cpu,1,1,0.000000,0.258088,0.000000
129,data/3D_cc_images.npz,0,100,cpu,cpu,1,1,0.000000,0.256808,0.000000
130,data/3D_cc_images.npz,0,100,cpu,cpu,1,1,0.000000,0.257443,0.000000
131,data/3D_cc_images.npz,0,100,cpu,cpu,1,1,0.000000,0.257390,0.000000
132,data/3D_cc_images.npz,0,100,cpu,cpu,1,1,0.000000,0.258527,0.000000
133,data/3D_cc_images.npz,0,100,cpu,cpu,1,1,0.000000,0.260556,0.000000
134,data/3D_cc_images.npz,0,100,cpu,cpu,1,1,0.000000,0.260357,0.000000
135,data/3D_cc_images.npz,0,100,cpu,cpu,1,1,0.000000,0.259114,0.000000
136,data/3D_cc_images.npz,0,100,cpu,cpu,1,1,0.000000,0.258495,0.000000
137,data/3D_cc_images.npz,0,100,cpu,cpu,1,1,0.000000,0.258082,0.000000
138,data/3D_cc_images.npz,0,100,cpu,cpu,1,1,0.000000,0.257400,0.000000
139,data/3D_cc_images.npz,0,100,cpu,cpu,1,1,0.000000,0.258437,0.000000
140,data/3D_cc_images.npz,0,100,cpu,cpu,1,1,0.000000,0.258127,0.000000
141,data/3D_cc_images.npz,0,100,cpu,cpu,1,1,0.000000,0.258570,0.000000
142,data/3D_cc_images.npz,0,100,cpu,cpu,1,1,0.000000,0.259637,0.000000
143,data/3D_cc_images.npz,0,100,cpu,cpu,1,1,0.000000,0.258715,0.000000
144,data/3D_cc_images.npz,0,100,cpu,cpu,1,1,0.000000,0.260673,0.000000
145,data/3D_cc_images.npz,0,100,cpu,cpu,1,1,0.000000,0.257697,0.000000
146,data/3D_cc_images.npz,0,100,cpu,cpu,1,1,0.000000,0.256670,0.000000
147,data/3D_cc_images.npz,0,100,cpu,cpu,1,1,0.000000,0.257789,0.000000
148,data/3D_cc_images.npz,0,100,cpu,cpu,1,1,0.000000,0.257507,0.000000
149,data/3D_cc_images.npz,0,100,cpu,cpu,1,1,0.000000,0.257318,0.000000
150,data/3D_cc_images.npz,0,100,cpu,cpu,1,1,0.000000,0.257170,0.000000
151,data/3D_cc_images.npz,0,100,cpu,cpu,1,1,0.000000,0.257426,0.000000
152,data/3D_cc_images.npz,0,100,cpu,cpu,1,1,0.000000,0.257153,0.000000
153,data/3D_cc_images.npz,0,100,cpu,cpu,1,1,0.000000,0.257107,0.000000
154,data/3D_cc_images.npz,0,100,cpu,cpu,1,1,0.000000,0.255942,0.000000
155,data/3D_cc_images.npz,0,100,cpu,cpu,1,1,0.000000,0.254749,0.000000
156,data/3D_cc_images.npz,0,100,cpu,cpu,1,1,0.000000,0.257135,0.000000
157,data/3D_cc_images.npz,0,100,cpu,cpu,1,1,0.000000,0.258225,0.000000
158,data/3D_cc_images.npz,0,100,cpu,cpu,1,1,0.000000,0.257987,0.000000
159,data/3D_cc_images.npz,0,100,cpu,cpu,1,1,0.000000,0.257707,0.000000
160,data/3D_cc_images.npz,0,100,cpu,cpu,1,1,0.000000,0.257433,0.000000
161,data/3D_cc_images.npz,0,100,cpu,cpu,1,1,0.000000,0.257844,0.000000
162,data/3D_cc_images.npz,0,100,cpu,cpu,1,1,0.000000,0.257102,0.000000
163,data/3D_cc_images.npz,0,100,cpu,cpu,1,1,0.000000,0.257877,0.000000
164,data/3D_cc_images.npz,0,100,cpu,cpu,1,1,0.000000,0.257862,0.000000
165,data/3D_cc_images.npz,0,100,cpu,cpu,1,1,0.000000,0.257331,0.000000
166,data/3D_cc_images.npz,0,100,cpu,cpu,1,1,0.000000,0.256929,0.000000
167,data/3D_cc_images.npz,0,100,cpu,cpu,1,1,0.000000,0.257528,0.000000
168,data/3D_cc_images.npz,0,100,cpu,cpu,1,1,0.000000,0.257155,0.000000
169,data/3D_cc_images.npz,0,100,cpu,cpu,1,1,0.000000,0.258296,0.000000
170,data/3D_cc_images.npz,0,100,cpu,cpu,1,1,0.000000,0.260190,0.000000
171,data/3D_cc_images.npz,0,100,cpu,cpu,1,1,0.000000,0.261089,0.000000
172,data/3D_cc_images.npz,0,100,cpu,cpu,1,1,0.000000,0.258851,0.000000
173,data/3D_cc_images.npz,0,100,cpu,cpu,1,1,0.000000,0.258553,0.000000
174,data/3D_cc_images.npz,0,100,cpu,cpu,1,1,0.000000,0.258367,0.000000
175,data/3D_cc_images.npz,0,100,cpu,cpu,1,1,0.000000,0.257958,0.000000
176,data/3D_cc_images.npz,0,100,cpu,cpu,1,1,0.000000,0.259094,0.000000
177,data/3D_cc_images.npz,0,100,cpu,cpu,1,1,0.000000,0.260101,0.000000
178,data/3D_cc_images.npz,0,100,cpu,cpu,1,1,0.000000,0.260189,0.000000
179,data/3D_cc_images.npz,0,100,cpu,cpu,1,1,0.000000,0.259446,0.000000
180,data/3D_cc_images.npz,0,100,cpu,cpu,1,1,0.000000,0.260061,0.000000
181,data/3D_cc_images.npz,0,100,cpu,cpu,1,1,0.000000,0.259814,0.000000
182,data/3D_cc_images.npz,0,100,cpu,cpu,1,1,0.000000,0.260332,0.000000
183,data/3D_cc_images.npz,0,100,cpu,cpu,1,1,0.000000,0.259258,0.000000
184,data/3D_cc_images.npz,0,100,cpu,cpu,1,1,0.000000,0.258346,0.000000
185,data/3D_cc_images.npz,0,100,cpu,cpu,1,1,0.000000,0.257927,0.000000
186,data/3D_cc_images.npz,0,100,cpu,cpu,1,1,0.000000,0.258073,0.000000
187,data/3D_cc_images.npz,0,100,cpu,cpu,1,1,0.000000,0.257717,0.000000
188,data/3D_cc_images.npz,0,100,cpu,cpu,1,1,0.000000,0.259120,0.000000
189,data/3D_cc_images.npz,0,100,cpu,cpu,1,1,0.000000,0.258112,0.000000
190,data/3D_cc_images.npz,0,100,cpu,cpu,1,1,0.000000,0.259442,0.000000
191,data/3D_cc_images.npz,0,100,cpu,cpu,1,1,0.000000,0.258636,0.000000
192,data/3D_cc_images.npz,0,100,cpu,cpu,1,1,0.000000,0.257895,0.000000
193,data/3D_cc_images.npz,0,100,cpu,cpu,1,1,0.000000,0.258489,0.000000
194,data/3D_cc_images.npz,0,100,cpu,cpu,1,1,0.000000,0.258507,0.000000
195,data/3D_cc_images.npz,0,100,cpu,cpu,1,1,0.000000,0.259199,0.000000
196,data/3D_cc_images.npz,0,100,cpu,cpu,1,1,0.000000,0.261920,0.000000
197,data/3D_cc_images.npz,0,100,cpu,cpu,1,1,0.000000,0.259406,0.000000
198,data/3D_cc_images.npz,0,100,cpu,cpu,1,1,0.000000,0.260169,0.000000
199,data/3D_cc_images.npz,0,100,cpu,cpu,1,1,0.000000,0.261165,0.000000
200,data/3D_cc_images.npz,0,100,cpu,cpu,1,1,0.000000,0.258639,0.000000
201,data/3D_cc_images.npz,0,100,cpu,cpu,1,1,0.000000,0.257827,0.000000
202,data/3D_cc_images.npz,0,100,cpu,cpu,1,1,0.000000,0.256794,0.000000
203,data/3D_cc_images.npz,0,100,cpu,cpu,1,1,0.000000,0.256469,0.000000
204,data/3D_cc_images.npz,0,100,cpu,cpu,1,1,0.000000,0.257792,0.000000
205,data/3D_cc_images.npz,0,100,cpu,cpu,1,1,0.000000,0.258708,0.000000
206,data/3D_cc_images.npz,0,100,cpu,cpu,1,1,0.000000,0.258888,0.000000
207,data/3D_cc_images.npz,0,100,cpu,cpu,1,1,0.000000,0.258075,0.000000
208,data/3D_cc_images.npz,0,100,cpu,cpu,1,1,0.000000,0.259649,0.000000
209,data/3D_cc_images.npz,0,100,cpu,cpu,1,1,0.000000,0.261392,0.000000
210,data/3D_cc_images.npz,0,100,cpu,cpu,1,1,0.000000,0.259814,0.000000
211,data/3D_cc_images.npz,0,100,cpu,cpu,1,1,0.000000,0.260876,0.000000
212,data/3D_cc_images.npz,0,100,cpu,cpu,1,1,0.000000,0.260444,0.000000
213,data/3D_cc_images.npz,0,100,cpu,cpu,1,1,0.000000,0.259675,0.000000
214,data/3D_cc_images.npz,0,100,cpu,cpu,1,1,0.000000,0.259860,0.000000
215,data/3D_cc_images.npz,0,100,cpu,cpu,1,1,0.000000,0.259875,0.000000
216,data/3D_cc_images.npz,0,100,cpu,cpu,1,1,0.000000,0.260213,0.000000
217,data/3D_cc_images.npz,0,100,cpu,cpu,1,1,0.000000,0.259068,0.000000
218,data/3D_cc_images.npz,0,100,cpu,cpu,1,1,0.000000,0.257397,0.000000
219,data/3D_cc_images.npz,0,100,cpu,cpu,1,1,0.000000,0.257139,0.000000
220,data/3D_cc_images.npz,0,100,cpu,cpu,1,1,0.000000,0.256612,0.000000
221,data/3D_cc_images.npz,0,100,cpu,cpu,1,1,0.000000,0.257205,0.000000
222,data/3D_cc_images.npz,0,100,cpu,cpu,1,1,0.000000,0.258343,0.000000
223,data/3D_cc_images.npz,0,100,cpu,cpu,1,1,0.000000,0.257709,0.000000
224,data/3D_cc_images.npz,0,100,cpu,cpu,1,1,0.000000,0.258458,0.000000
225,data/3D_cc_images.npz,0,100,cpu,cpu,1,1,0.000000,0.258160,0.000000
226,data/3D_cc_images.npz,0,100,cpu,cpu,1,1,0.000000,0.257792,0.000000
227,data/3D_cc_images.npz,0,100,cpu,cpu,1,1,0.000000,0.257406,0.000000
228,data/3D_cc_images.npz,0,100,cpu,cpu,1,1,0.000000,0.257404,0.000000
229,data/3D_cc_images.npz,0,100,cpu,cpu,1,1,0.000000,0.257287,0.000000
230,data/3D_cc_images.npz,0,100,cpu,cpu,1,1,0.000000,0.254083,0.000000
231,data/3D_cc_images.npz,0,100,cpu,cpu,1,1,0.000000,0.255648,0.000000
232,data/3D_cc_images.npz,0,100,cpu,cpu,1,1,0.000000,0.256963,0.000000
233,data/3D_cc_images.npz,0,100,cpu,cpu,1,1,0.000000,0.257457,0.000000
234,data/3D_cc_images.npz,0,100,cpu,cpu,1,1,0.000000,0.257884,0.000000
235,data/3D_cc_images.npz,0,100,cpu,cpu,1,1,0.000000,0.257407,0.000000
236,data/3D_cc_images.npz,0,100,cpu,cpu,1,1,0.000000,0.257903,0.000000
237,data/3D_cc_images.npz,0,100,cpu,cpu,1,1,0.000000,0.258158,0.000000
238,data/3D_cc_images.npz,0,100,cpu,cpu,1,1,0.000000,0.257965,0.000000
239,data/3D_cc_images.npz,0,100,cpu,cpu,1,1,0.000000,0.257985,0.000000
240,data/3D_cc_images.npz,0,100,cpu,cpu,1,1,0.000000,0.256131,0.000000
241,data/3D_cc_images.npz,0,100,cpu,cpu,1,1,0.000000,0.255304,0.000000
242,data/3D_cc_images.npz,0,100,cpu,cpu,1,1,0.000000,0.255484,0.000000
243,data/3D_cc_images.npz,0,100,cpu,cpu,1,1,0.000000,0.255278,0.000000
244,data/3D_cc_images.npz,0,100,cpu,cpu,1,1,0.000000,0.256868,0.000000
245,data/3D_cc_images.npz,0,100,cpu,cpu,1,1,0.000000,0.258059,0.000000
246,data/3D_cc_images.npz,0,100,cpu,cpu,1,1,0.000000,0.256992,0.000000
247,data/3D_cc_images.npz,0,100,cpu,cpu,1,1,0.000000,0.257583,0.000000
248,data/3D_cc_images.npz,0,100,cpu,cpu,1,1,0.000000,0.258500,0.000000
249,data/3D_cc_images.npz,0,100,cpu,cpu,1,1,0.000000,0.256365,0.000000
250,data/3D_cc_images.npz,0,100,cpu,cpu,1,1,0.000000,0.256796,0.000000
251,data/3D_cc_images.npz,0,100,cpu,cpu,1,1,0.000000,0.258422,0.000000
252,data/3D_cc_images.npz,0,100,cpu,cpu,1,1,0.000000,0.258087,0.000000
253,data/3D_cc_images.npz,0,100,cpu,cpu,1,1,0.000000,0.259673,0.000000
254,data/3D_cc_images.npz,0,100,cpu,cpu,1,1,0.000000,0.259501,0.000000
255,data/3D_cc_images.npz,0,100,cpu,cpu,1,1,0.000000,0.258358,0.000000
256,data/3D_cc_images.npz,0,100,cpu,cpu,1,1,0.000000,0.258936,0.000000
257,data/3D_cc_images.npz,0,100,cpu,cpu,1,1,0.000000,0.265575,0.000000
258,data/3D_cc_images.npz,0,100,cpu,cpu,1,1,0.000000,0.257369,0.000000
259,data/3D_cc_images.npz,0,100,cpu,cpu,1,1,0.000000,0.257620,0.000000
260,data/3D_cc_images.npz,0,100,cpu,cpu,1,1,0.000000,0.258011,0.000000
261,data/3D_cc_images.npz,0,100,cpu,cpu,1,1,0.000000,0.260573,0.000000
262,data/3D_cc_images.npz,0,100,cpu,cpu,1,1,0.000000,0.260056,0.000000
263,data/3D_cc_images.npz,0,100,cpu,cpu,1,1,0.000000,0.260232,0.000000
264,data/3D_cc_images.npz,0,100,cpu,cpu,1,1,0.000000,0.259535,0.000000
265,data/3D_cc_images.npz,0,100,cpu,cpu,1,1,0.000000,0.256928,0.000000
266,data/3D_cc_images.npz,0,100,cpu,cpu,1,1,0.000000,0.257921,0.000000
267,data/3D_cc_images.npz,0,100,cpu,cpu,1,1,0.000000,0.258875,0.000000
268,data/3D_cc_images.npz,0,100,cpu,cpu,1,1,0.000000,0.258495,0.000000
269,data/3D_cc_images.npz,0,100,cpu,cpu,1,1,0.000000,0.259003,0.000000
270,data/3D_cc_images.npz,0,100,cpu,cpu,1,1,0.000000,0.261020,0.000000
271,data/3D_cc_images.npz,0,100,cpu,cpu,1,1,0.000000,0.259183,0.000000
272,data/3D_cc_images.npz,0,100,cpu,cpu,1,1,0.000000,0.259491,0.000000
273,data/3D_cc_images.npz,0,100,cpu,cpu,1,1,0.000000,0.258510,0.000000
274,data/3D_cc_images.npz,0,100,cpu,cpu,1,1,0.000000,0.257635,0.000000
275,data/3D_cc_images.npz,0,100,cpu,cpu,1,1,0.000000,0.259130,0.000000
276,data/3D_cc_images.npz,0,100,cpu,cpu,1,1,0.000000,0.260361,0.000000
277,data/3D_cc_images.npz,0,100,cpu,cpu,1,1,0.000000,0.261124,0.000000
278,data/3D_cc_images.npz,0,100,cpu,cpu,1,1,0.000000,0.260005,0.000000
279,data/3D_cc_images.npz,0,100,cpu,cpu,1,1,0.000000,0.260024,0.000000
280,data/3D_cc_images.npz,0,100,cpu,cpu,1,1,0.000000,0.258558,0.000000
281,data/3D_cc_images.npz,0,100,cpu,cpu,1,1,0.000000,0.259624,0.000000
282,data/3D_cc_images.npz,0,100,cpu,cpu,1,1,0.000000,0.259710,0.000000
283,data/3D_cc_images.npz,0,100,cpu,cpu,1,1,0.000000,0.258063,0.000000
284,data/3D_cc_images.npz,0,100,cpu,cpu,1,1,0.000000,0.258336,0.000000
285,data/3D_cc_images.npz,0,100,cpu,cpu,1,1,0.000000,0.258998,0.000000
286,data/3D_cc_images.npz,0,100,cpu,cpu,1,1,0.000000,0.258846,0.000000
287,data/3D_cc_images.npz,0,100,cpu,cpu,1,1,0.000000,0.259730,0.000000
288,data/3D_cc_images.npz,0,100,cpu,cpu,1,1,0.000000,0.258171,0.000000
289,data/3D_cc_images.npz,0,100,cpu,cpu,1,1,0.000000,0.260031,0.000000
290,data/3D_cc_images.npz,0,100,cpu,cpu,1,1,0.000000,0.257953,0.000000
291,data/3D_cc_images.npz,0,100,cpu,cpu,1,1,0.000000,0.259930,0.000000
292,data/3D_cc_images.npz,0,100,cpu,cpu,1,1,0.000000,0.259664,0.000000
293,data/3D_cc_images.npz,0,100,cpu,cpu,1,1,0.000000,0.261432,0.000000
294,data/3D_cc_images.npz,0,100,cpu,cpu,1,1,0.000000,0.261566,0.000000
295,data/3D_cc_images.npz,0,100,cpu,cpu,1,1,0.000000,0.260789,0.000000
296,data/3D_cc_images.npz,0,100,cpu,cpu,1,1,0.000000,0.260001,0.000000
297,data/3D_cc_images.npz,0,100,cpu,cpu,1,1,0.000000,0.258912,0.000000
298,data/3D_cc_images.npz,0,100,cpu,cpu,1,1,0.000000,0.259288,0.000000
299,data/3D_cc_images.npz,0,100,cpu,cpu,1,1,0.000000,0.261629,0.000000
300,data/3D_cc_images.npz,0,100,cpu,cpu,1,1,0.000000,0.259824,0.000000
301,data/3D_cc_images.npz,0,100,cpu,cpu,1,1,0.000000,0.258451,0.000000
302,data/3D_cc_images.npz,0,100,cpu,cpu,1,1,0.000000,0.259658,0.000000
303,data/3D_cc_images.npz,0,100,cpu,cpu,1,1,0.000000,0.260267,0.000000
304,data/3D_cc_images.npz,0,100,cpu,cpu,1,1,0.000000,0.259856,0.000000
305,data/3D_cc_images.npz,0,100,cpu,cpu,1,1,0.000000,0.259650,0.000000
306,data/3D_cc_images.npz,0,100,cpu,cpu,1,1,0.000000,0.257764,0.000000
307,data/3D_cc_images.npz,0,100,cpu,cpu,1,1,0.000000,0.257279,0.000000
308,data/3D_cc_images.npz,0,100,cpu,cpu,1,1,0.000000,0.258030,0.000000
309,data/3D_cc_images.npz,0,100,cpu,cpu,1,1,0.000000,0.258944,0.000000
310,data/3D_cc_images.npz,0,100,cpu,cpu,1,1,0.000000,0.258632,0.000000
311,data/3D_cc_images.npz,0,100,cpu,cpu,1,1,0.000000,0.259293,0.000000
312,data/3D_cc_images.npz,0,100,cpu,cpu,1,1,0.000000,0.260817,0.000000
313,data/3D_cc_images.npz,0,100,cpu,cpu,1,1,0.000000,0.259153,0.000000
314,data/3D_cc_images.npz,0,100,cpu,cpu,1,1,0.000000,0.257905,0.000000
315,data/3D_cc_images.npz,0,100,cpu,cpu,1,1,0.000000,0.258898,0.000000
316,data/3D_cc_images.npz,0,100,cpu,cpu,1,1,0.000000,0.259024,0.000000
317,data/3D_cc_images.npz,0,100,cpu,cpu,1,1,0.000000,0.258922,0.000000
318,data/3D_cc_images.npz,0,100,cpu,cpu,1,1,0.000000,0.260856,0.000000
319,data/3D_cc_images.npz,0,100,cpu,cpu,1,1,0.000000,0.260752,0.000000
320,data/3D_cc_images.npz,0,100,cpu,cpu,1,1,0.000000,0.259803,0.000000
321,data/3D_cc_images.npz,0,100,cpu,cpu,1,1,0.000000,0.260279,0.000000
322,data/3D_cc_images.npz,0,100,cpu,cpu,1,1,0.000000,0.257925,0.000000
323,data/3D_cc_images.npz,0,100,cpu,cpu,1,1,0.000000,0.257760,0.000000
324,data/3D_cc_images.npz,0,100,cpu,cpu,1,1,0.000000,0.257300,0.000000
325,data/3D_cc_images.npz,0,100,cpu,cpu,1,1,0.000000,0.257689,0.000000
326,data/3D_cc_images.npz,0,100,cpu,cpu,1,1,0.000000,0.258375,0.000000
327,data/3D_cc_images.npz,0,100,cpu,cpu,1,1,0.000000,0.257641,0.000000
328,data/3D_cc_images.npz,0,100,cpu,cpu,1,1,0.000000,0.257938,0.000000
329,data/3D_cc_images.npz,0,100,cpu,cpu,1,1,0.000000,0.259504,0.000000
330,data/3D_cc_images.npz,0,100,cpu,cpu,1,1,0.000000,0.259416,0.000000
331,data/3D_cc_images.npz,0,100,cpu,cpu,1,1,0.000000,0.259521,0.000000
332,data/3D_cc_images.npz,0,100,cpu,cpu,1,1,0.000000,0.257461,0.000000
333,data/3D_cc_images.npz,0,100,cpu,cpu,1,1,0.000000,0.257434,0.000000
334,data/3D_cc_images.npz,0,100,cpu,cpu,1,1,0.000000,0.257996,0.000000
335,data/3D_cc_images.npz,0,100,cpu,cpu,1,1,0.000000,0.258870,0.000000
336,data/3D_cc_images.npz,0,100,cpu,cpu,1,1,0.000000,0.259500,0.000000
337,data/3D_cc_images.npz,0,100,cpu,cpu,1,1,0.000000,0.258934,0.000000
338,data/3D_cc_images.npz,0,100,cpu,cpu,1,1,0.000000,0.259703,0.000000
339,data/3D_cc_images.npz,0,100,cpu,cpu,1,1,0.000000,0.258026,0.000000
340,data/3D_cc_images.npz,0,100,cpu,cpu,1,1,0.000000,0.257957,0.000000
341,data/3D_cc_images.npz,0,100,cpu,cpu,1,1,0.000000,0.257632,0.000000
342,data/3D_cc_images.npz,0,100,cpu,cpu,1,1,0.000000,0.258393,0.000000
343,data/3D_cc_images.npz,0,100,cpu,cpu,1,1,0.000000,0.257450,0.000000
344,data/3D_cc_images.npz,0,100,cpu,cpu,1,1,0.000000,0.258212,0.000000
345,data/3D_cc_images.npz,0,100,cpu,cpu,1,1,0.000000,0.257481,0.000000
346,data/3D_cc_images.npz,0,100,cpu,cpu,1,1,0.000000,0.258823,0.000000
347,data/3D_cc_images.npz,0,100,cpu,cpu,1,1,0.000000,0.258209,0.000000
348,data/3D_cc_images.npz,0,100,cpu,cpu,1,1,0.000000,0.259366,0.000000
349,data/3D_cc_images.npz,0,100,cpu,cpu,1,1,0.000000,0.258714,0.000000
350,data/3D_cc_images.npz,0,100,cpu,cpu,1,1,0.000000,0.259296,0.000000
351,data/3D_cc_images.npz,0,100,cpu,cpu,1,1,0.000000,0.260563,0.000000
352,data/3D_cc_images.npz,0,100,cpu,cpu,1,1,0.000000,0.258272,0.000000
353,data/3D_cc_images.npz,0,100,cpu,cpu,1,1,0.000000,0.258142,0.000000
354,data/3D_cc_images.npz,0,100,cpu,cpu,1,1,0.000000,0.257675,0.000000
355,data/3D_cc_images.npz,0,100,cpu,cpu,1,1,0.000000,0.257701,0.000000
356,data/3D_cc_images.npz,0,100,cpu,cpu,1,1,0.000000,0.260019,0.000000
357,data/3D_cc_images.npz,0,100,cpu,cpu,1,1,0.000000,0.260764,0.000000
358,data/3D_cc_images.npz,0,100,cpu,cpu,1,1,0.000000,0.259331,0.000000
359,data/3D_cc_images.npz,0,100,cpu,cpu,1,1,0.000000,0.261544,0.000000
360,data/3D_cc_images.npz,0,100,cpu,cpu,1,1,0.000000,0.260129,0.000000
361,data/3D_cc_images.npz,0,100,cpu,cpu,1,1,0.000000,0.259425,0.000000
362,data/3D_cc_images.npz,0,100,cpu,cpu,1,1,0.000000,0.259229,0.000000
363,data/3D_cc_images.npz,0,100,cpu,cpu,1,1,0.000000,0.257738,0.000000
364,data/3D_cc_images.npz,0,100,cpu,cpu,1,1,0.000000,0.258936,0.000000
365,data/3D_cc_images.npz,0,100,cpu,cpu,1,1,0.000000,0.257553,0.000000
366,data/3D_cc_images.npz,0,100,cpu,cpu,1,1,0.000000,0.257756,0.000000
367,data/3D_cc_images.npz,0,100,cpu,cpu,1,1,0.000000,0.259383,0.000000
368,data/3D_cc_images.npz,0,100,cpu,cpu,1,1,0.000000,0.259304,0.000000
369,data/3D_cc_images.npz,0,100,cpu,cpu,1,1,0.000000,0.259603,0.000000
370,data/3D_cc_images.npz,0,100,cpu,cpu,1,1,0.000000,0.261822,0.000000
371,data/3D_cc_images.npz,0,100,cpu,cpu,1,1,0.000000,0.257871,0.000000
372,data/3D_cc_images.npz,0,100,cpu,cpu,1,1,0.000000,0.256580,0.000000
373,data/3D_cc_images.npz,0,100,cpu,cpu,1,1,0.000000,0.257463,0.000000
374,data/3D_cc_images.npz,0,100,cpu,cpu,1,1,0.000000,0.256162,0.000000
375,data/3D_cc_images.npz,0,100,cpu,cpu,1,1,0.000000,0.256579,0.000000
376,data/3D_cc_images.npz,0,100,cpu,cpu,1,1,0.000000,0.256714,0.000000
377,data/3D_cc_images.npz,0,100,cpu,cpu,1,1,0.000000,0.257131,0.000000
378,data/3D_cc_images.npz,0,100,cpu,cpu,1,1,0.000000,0.256921,0.000000
379,data/3D_cc_images.npz,0,100,cpu,cpu,1,1,0.000000,0.256477,0.000000
380,data/3D_cc_images.npz,0,100,cpu,cpu,1,1,0.000000,0.257212,0.000000
381,data/3D_cc_images.npz,0,100,cpu,cpu,1,1,0.000000,0.256589,0.000000
382,data/3D_cc_images.npz,0,100,cpu,cpu,1,1,0.000000,0.257023,0.000000
383,data/3D_cc_images.npz,0,100,cpu,cpu,1,1,0.000000,0.257630,0.000000
384,data/3D_cc_images.npz,0,100,cpu,cpu,1,1,0.000000,0.257928,0.000000
385,data/3D_cc_images.npz,0,100,cpu,cpu,1,1,0.000000,0.257209,0.000000
386,data/3D_cc_images.npz,0,100,cpu,cpu,1,1,0.000000,0.257168,0.000000
387,data/3D_cc_images.npz,0,100,cpu,cpu,1,1,0.000000,0.258045,0.000000
388,data/3D_cc_images.npz,0,100,cpu,cpu,1,1,0.000000,0.258747,0.000000
389,data/3D_cc_images.npz,0,100,cpu,cpu,1,1,0.000000,0.258519,0.000000
390,data/3D_cc_images.npz,0,100,cpu,cpu,1,1,0.000000,0.257956,0.000000
391,data/3D_cc_images.npz,0,100,cpu,cpu,1,1,0.000000,0.257518,0.000000
392,data/3D_cc_images.npz,0,100,cpu,cpu,1,1,0.000000,0.257240,0.000000
393,data/3D_cc_images.npz,0,100,cpu,cpu,1,1,0.000000,0.256822,0.000000
394,data/3D_cc_images.npz,0,100,cpu,cpu,1,1,0.000000,0.256981,0.000000
395,data/3D_cc_images.npz,0,100,cpu,cpu,1,1,0.000000,0.257547,0.000000
396,data/3D_cc_images.npz,0,100,cpu,cpu,1,1,0.000000,0.257295,0.000000
397,data/3D_cc_images.npz,0,100,cpu,cpu,1,1,0.000000,0.257386,0.000000
398,data/3D_cc_images.npz,0,100,cpu,cpu,1,1,0.000000,0.257986,0.000000
399,data/3D_cc_images.npz,0,100,cpu,cpu,1,1,0.000000,0.258010,0.000000
400,data/3D_cc_images.npz,0,100,cpu,cpu,1,1,0.000000,0.257447,0.000000
401,data/3D_cc_images.npz,0,100,cpu,cpu,1,1,0.000000,0.257426,0.000000
402,data/3D_cc_images.npz,0,100,cpu,cpu,1,1,0.000000,0.259117,0.000000
403,data/3D_cc_images.npz,0,100,cpu,cpu,1,1,0.000000,0.257115,0.000000
404,data/3D_cc_images.npz,0,100,cpu,cpu,1,1,0.000000,0.255593,0.000000
405,data/3D_cc_images.npz,0,100,cpu,cpu,1,1,0.000000,0.256386,0.000000
406,data/3D_cc_images.npz,0,100,cpu,cpu,1,1,0.000000,0.257053,0.000000
407,data/3D_cc_images.npz,0,100,cpu,cpu,1,1,0.000000,0.258180,0.000000
408,data/3D_cc_images.npz,0,100,cpu,cpu,1,1,0.000000,0.256861,0.000000
409,data/3D_cc_images.npz,0,100,cpu,cpu,1,1,0.000000,0.266785,0.000000
410,data/3D_cc_images.npz,0,100,cpu,cpu,1,1,0.000000,0.257183,0.000000
411,data/3D_cc_images.npz,0,100,cpu,cpu,1,1,0.000000,0.257361,0.000000
412,data/3D_cc_images.npz,0,100,cpu,cpu,1,1,0.000000,0.256854,0.000000
413,data/3D_cc_images.npz,0,100,cpu,cpu,1,1,0.000000,0.257252,0.000000
414,data/3D_cc_images.npz,0,100,cpu,cpu,1,1,0.000000,0.257237,0.000000
415,data/3D_cc_images.npz,0,100,cpu,cpu,1,1,0.000000,0.257410,0.000000
416,data/3D_cc_images.npz,0,100,cpu,cpu,1,1,0.000000,0.258391,0.000000
417,data/3D_cc_images.npz,0,100,cpu,cpu,1,1,0.000000,0.257362,0.000000
418,data/3D_cc_images.npz,0,100,cpu,cpu,1,1,0.000000,0.256514,0.000000
419,data/3D_cc_images.npz,0,100,cpu,cpu,1,1,0.000000,0.257111,0.000000
420,data/3D_cc_images.npz,0,100,cpu,cpu,1,1,0.000000,0.256438,0.000000
421,data/3D_cc_images.npz,0,100,cpu,cpu,1,1,0.000000,0.256666,0.000000
422,data/3D_cc_images.npz,0,100,cpu,cpu,1,1,0.000000,0.256830,0.000000
423,data/3D_cc_images.npz,0,100,cpu,cpu,1,1,0.000000,0.255771,0.000000
424,data/3D_cc_images.npz,0,100,cpu,cpu,1,1,0.000000,0.256305,0.000000
425,data/3D_cc_images.npz,0,100,cpu,cpu,1,1,0.000000,0.257570,0.000000
426,data/3D_cc_images.npz,0,100,cpu,cpu,1,1,0.000000,0.257932,0.000000
427,data/3D_cc_images.npz,0,100,cpu,cpu,1,1,0.000000,0.258063,0.000000
428,data/3D_cc_images.npz,0,100,cpu,cpu,1,1,0.000000,0.257519,0.000000
429,data/3D_cc_images.npz,0,100,cpu,cpu,1,1,0.000000,0.257242,0.000000
430,data/3D_cc_images.npz,0,100,cpu,cpu,1,1,0.000000,0.256907,0.000000
431,data/3D_cc_images.npz,0,100,cpu,cpu,1,1,0.000000,0.256335,0.000000
432,data/3D_cc_images.npz,0,100,cpu,cpu,1,1,0.000000,0.257135,0.000000
433,data/3D_cc_images.npz,0,100,cpu,cpu,1,1,0.000000,0.257058,0.000000
434,data/3D_cc_images.npz,0,100,cpu,cpu,1,1,0.000000,0.257122,0.000000
435,data/3D_cc_images.npz,0,100,cpu,cpu,1,1,0.000000,0.257091,0.000000
436,data/3D_cc_images.npz,0,100,cpu,cpu,1,1,0.000000,0.257687,0.000000
437,data/3D_cc_images.npz,0,100,cpu,cpu,1,1,0.000000,0.257445,0.000000
438,data/3D_cc_images.npz,0,100,cpu,cpu,1,1,0.000000,0.257434,0.000000
439,data/3D_cc_images.npz,0,100,cpu,cpu,1,1,0.000000,0.256294,0.000000
440,data/3D_cc_images.npz,0,100,cpu,cpu,1,1,0.000000,0.257777,0.000000
441,data/3D_cc_images.npz,0,100,cpu,cpu,1,1,0.000000,0.257927,0.000000
442,data/3D_cc_images.npz,0,100,cpu,cpu,1,1,0.000000,0.258170,0.000000
443,data/3D_cc_images.npz,0,100,cpu,cpu,1,1,0.000000,0.258967,0.000000
444,data/3D_cc_images.npz,0,100,cpu,cpu,1,1,0.000000,0.257557,0.000000
445,data/3D_cc_images.npz,0,100,cpu,cpu,1,1,0.000000,0.257519,0.000000
446,data/3D_cc_images.npz,0,100,cpu,cpu,1,1,0.000000,0.257229,0.000000
447,data/3D_cc_images.npz,0,100,cpu,cpu,1,1,0.000000,0.257128,0.000000
448,data/3D_cc_images.npz,0,100,cpu,cpu,1,1,0.000000,0.257275,0.000000
449,data/3D_cc_images.npz,0,100,cpu,cpu,1,1,0.000000,0.257569,0.000000
450,data/3D_cc_images.npz,0,100,cpu,cpu,1,1,0.000000,0.257235,0.000000
451,data/3D_cc_images.npz,0,100,cpu,cpu,1,1,0.000000,0.256798,0.000000
452,data/3D_cc_images.npz,0,100,cpu,cpu,1,1,0.000000,0.260140,0.000000
453,data/3D_cc_images.npz,0,100,cpu,cpu,1,1,0.000000,0.258407,0.000000
454,data/3D_cc_images.npz,0,100,cpu,cpu,1,1,0.000000,0.261444,0.000000
455,data/3D_cc_images.npz,0,100,cpu,cpu,1,1,0.000000,0.257711,0.000000
456,data/3D_cc_images.npz,0,100,cpu,cpu,1,1,0.000000,0.256480,0.000000
457,data/3D_cc_images.npz,0,100,cpu,cpu,1,1,0.000000,0.256532,0.000000
458,data/3D_cc_images.npz,0,100,cpu,cpu,1,1,0.000000,0.256733,0.000000
459,data/3D_cc_images.npz,0,100,cpu,cpu,1,1,0.000000,0.257171,0.000000
460,data/3D_cc_images.npz,0,100,cpu,cpu,1,1,0.000000,0.258669,0.000000
461,data/3D_cc_images.npz,0,100,cpu,cpu,1,1,0.000000,0.261760,0.000000
462,data/3D_cc_images.npz,0,100,cpu,cpu,1,1,0.000000,0.259698,0.000000
463,data/3D_cc_images.npz,0,100,cpu,cpu,1,1,0.000000,0.259838,0.000000
464,data/3D_cc_images.npz,0,100,cpu,cpu,1,1,0.000000,0.256962,0.000000
465,data/3D_cc_images.npz,0,100,cpu,cpu,1,1,0.000000,0.258022,0.000000
466,data/3D_cc_images.npz,0,100,cpu,cpu,1,1,0.000000,0.257875,0.000000
467,data/3D_cc_images.npz,0,100,cpu,cpu,1,1,0.000000,0.260002,0.000000
468,data/3D_cc_images.npz,0,100,cpu,cpu,1,1,0.000000,0.259953,0.000000
469,data/3D_cc_images.npz,0,100,cpu,cpu,1,1,0.000000,0.258276,0.000000
470,data/3D_cc_images.npz,0,100,cpu,cpu,1,1,0.000000,0.259370,0.000000
471,data/3D_cc_images.npz,0,100,cpu,cpu,1,1,0.000000,0.258771,0.000000
472,data/3D_cc_images.npz,0,100,cpu,cpu,1,1,0.000000,0.259244,0.000000
473,data/3D_cc_images.npz,0,100,cpu,cpu,1,1,0.000000,0.257793,0.000000
474,data/3D_cc_images.npz,0,100,cpu,cpu,1,1,0.000000,0.257497,0.000000
475,data/3D_cc_images.npz,0,100,cpu,cpu,1,1,0.000000,0.256116,0.000000
476,data/3D_cc_images.npz,0,100,cpu,cpu,1,1,0.000000,0.256296,0.000000
477,data/3D_cc_images.npz,0,100,cpu,cpu,1,1,0.000000,0.257213,0.000000
478,data/3D_cc_images.npz,0,100,cpu,cpu,1,1,0.000000,0.258135,0.000000
479,data/3D_cc_images.npz,0,100,cpu,cpu,1,1,0.000000,0.259610,0.000000
480,data/3D_cc_images.npz,0,100,cpu,cpu,1,1,0.000000,0.261023,0.000000
481,data/3D_cc_images.npz,0,100,cpu,cpu,1,1,0.000000,0.259430,0.000000
482,data/3D_cc_images.npz,0,100,cpu,cpu,1,1,0.000000,0.258092,0.000000
483,data/3D_cc_images.npz,0,100,cpu,cpu,1,1,0.000000,0.257025,0.000000
484,data/3D_cc_images.npz,0,100,cpu,cpu,1,1,0.000000,0.255710,0.000000
485,data/3D_cc_images.npz,0,100,cpu,cpu,1,1,0.000000,0.255017,0.000000
486,data/3D_cc_images.npz,0,100,cpu,cpu,1,1,0.000000,0.256601,0.000000
487,data/3D_cc_images.npz,0,100,cpu,cpu,1,1,0.000000,0.256393,0.000000
488,data/3D_cc_images.npz,0,100,cpu,cpu,1,1,0.000000,0.257525,0.000000
489,data/3D_cc_images.npz,0,100,cpu,cpu,1,1,0.000000,0.257135,0.000000
490,data/3D_cc_images.npz,0,100,cpu,cpu,1,1,0.000000,0.257930,0.000000
491,data/3D_cc_images.npz,0,100,cpu,cpu,1,1,0.000000,0.257610,0.000000
492,data/3D_cc_images.npz,0,100,cpu,cpu,1,1,0.000000,0.257953,0.000000
493,data/3D_cc_images.npz,0,100,cpu,cpu,1,1,0.000000,0.258984,0.000000
494,data/3D_cc_images.npz,0,100,cpu,cpu,1,1,0.000000,0.256836,0.000000
495,data/3D_cc_images.npz,0,100,cpu,cpu,1,1,0.000000,0.255565,0.000000
496,data/3D_cc_images.npz,0,100,cpu,cpu,1,1,0.000000,0.255853,0.000000
497,data/3D_cc_images.npz,0,100,cpu,cpu,1,1,0.000000,0.255621,0.000000
498,data/3D_cc_images.npz,0,100,cpu,cpu,1,1,0.000000,0.257165,0.000000
499,data/3D_cc_images.npz,0,100,cpu,cpu,1,1,0.000000,0.257581,0.000000
500,data/3D_cc_images.npz,0,100,cpu,cpu,1,1,0.000000,0.258477,0.000000
501,data/3D_cc_images.npz,0,100,cpu,cpu,1,1,0.000000,0.258829,0.000000
502,data/3D_cc_images.npz,0,100,cpu,cpu,1,1,0.000000,0.257309,0.000000
503,data/3D_cc_images.npz,0,100,cpu,cpu,1,1,0.000000,0.257949,0.000000
504,data/3D_cc_images.npz,0,100,cpu,cpu,1,1,0.000000,0.258550,0.000000
505,data/3D_cc_images.npz,0,100,cpu,cpu,1,1,0.000000,0.259762,0.000000
506,data/3D_cc_images.npz,0,100,cpu,cpu,1,1,0.000000,0.260816,0.000000
507,data/3D_cc_images.npz,0,100,cpu,cpu,1,1,0.000000,0.261055,0.000000
508,data/3D_cc_images.npz,0,100,cpu,cpu,1,1,0.000000,0.260709,0.000000
509,data/3D_cc_images.npz,0,100,cpu,cpu,1,1,0.000000,0.259141,0.000000
510,data/3D_cc_images.npz,0,100,cpu,cpu,1,1,0.000000,0.257454,0.000000
511,data/3D_cc_images.npz,0,100,cpu,cpu,1,1,0.000000,0.257019,0.000000
512,data/3D_cc_images.npz,0,100,cpu,cpu,1,1,0.000000,0.255987,0.000000
513,data/3D_cc_images.npz,0,100,cpu,cpu,1,1,0.000000,0.257527,0.000000
514,data/3D_cc_images.npz,0,100,cpu,cpu,1,1,0.000000,0.258439,0.000000
515,data/3D_cc_images.npz,0,100,cpu,cpu,1,1,0.000000,0.257947,0.000000
516,data/3D_cc_images.npz,0,100,cpu,cpu,1,1,0.000000,0.257342,0.000000
517,data/3D_cc_images.npz,0,100,cpu,cpu,1,1,0.000000,0.257711,0.000000
518,data/3D_cc_images.npz,0,100,cpu,cpu,1,1,0.000000,0.257120,0.000000
519,data/3D_cc_images.npz,0,100,cpu,cpu,1,1,0.000000,0.259059,0.000000
520,data/3D_cc_images.npz,0,100,cpu,cpu,1,1,0.000000,0.258042,0.000000
521,data/3D_cc_images.npz,0,100,cpu,cpu,1,1,0.000000,0.258600,0.000000
522,data/3D_cc_images.npz,0,100,cpu,cpu,1,1,0.000000,0.259743,0.000000
523,data/3D_cc_images.npz,0,100,cpu,cpu,1,1,0.000000,0.258458,0.000000
524,data/3D_cc_images.npz,0,100,cpu,cpu,1,1,0.000000,0.259580,0.000000
525,data/3D_cc_images.npz,0,100,cpu,cpu,1,1,0.000000,0.259991,0.000000
526,data/3D_cc_images.npz,0,100,cpu,cpu,1,1,0.000000,0.258937,0.000000
527,data/3D_cc_images.npz,0,100,cpu,cpu,1,1,0.000000,0.256766,0.000000
528,data/3D_cc_images.npz,0,100,cpu,cpu,1,1,0.000000,0.256818,0.000000
529,data/3D_cc_images.npz,0,100,cpu,cpu,1,1,0.000000,0.257416,0.000000
530,data/3D_cc_images.npz,0,100,cpu,cpu,1,1,0.000000,0.256972,0.000000
531,data/3D_cc_images.npz,0,100,cpu,cpu,1,1,0.000000,0.256431,0.000000
532,data/3D_cc_images.npz,0,100,cpu,cpu,1,1,0.000000,0.257737,0.000000
533,data/3D_cc_images.npz,0,100,cpu,cpu,1,1,0.000000,0.258048,0.000000
534,data/3D_cc_images.npz,0,100,cpu,cpu,1,1,0.000000,0.257979,0.000000
535,data/3D_cc_images.npz,0,100,cpu,cpu,1,1,0.000000,0.257830,0.000000
536,data/3D_cc_images.npz,0,100,cpu,cpu,1,1,0.000000,0.258848,0.000000
537,data/3D_cc_images.npz,0,100,cpu,cpu,1,1,0.000000,0.257904,0.000000
538,data/3D_cc_images.npz,0,100,cpu,cpu,1,1,0.000000,0.258109,0.000000
539,data/3D_cc_images.npz,0,100,cpu,cpu,1,1,0.000000,0.257625,0.000000
540,data/3D_cc_images.npz,0,100,cpu,cpu,1,1,0.000000,0.256789,0.000000
541,data/3D_cc_images.npz,0,100,cpu,cpu,1,1,0.000000,0.258229,0.000000
542,data/3D_cc_images.npz,0,100,cpu,cpu,1,1,0.000000,0.260474,0.000000
543,data/3D_cc_images.npz,0,100,cpu,cpu,1,1,0.000000,0.261635,0.000000
544,data/3D_cc_images.npz,0,100,cpu,cpu,1,1,0.000000,0.261039,0.000000
545,data/3D_cc_images.npz,0,100,cpu,cpu,1,1,0.000000,0.261077,0.000000
546,data/3D_cc_images.npz,0,100,cpu,cpu,1,1,0.000000,0.260607,0.000000
547,data/3D_cc_images.npz,0,100,cpu,cpu,1,1,0.000000,0.261019,0.000000
548,data/3D_cc_images.npz,0,100,cpu,cpu,1,1,0.000000,0.260820,0.000000
549,data/3D_cc_images.npz,0,100,cpu,cpu,1,1,0.000000,0.258343,0.000000
550,data/3D_cc_images.npz,0,100,cpu,cpu,1,1,0.000000,0.258558,0.000000
551,data/3D_cc_images.npz,0,100,cpu,cpu,1,1,0.000000,0.259732,0.000000
552,data/3D_cc_images.npz,0,100,cpu,cpu,1,1,0.000000,0.260441,0.000000
553,data/3D_cc_images.npz,0,100,cpu,cpu,1,1,0.000000,0.260738,0.000000
554,data/3D_cc_images.npz,0,100,cpu,cpu,1,1,0.000000,0.259081,0.000000
555,data/3D_cc_images.npz,0,100,cpu,cpu,1,1,0.000000,0.258635,0.000000
556,data/3D_cc_images.npz,0,100,cpu,cpu,1,1,0.000000,0.258759,0.000000
557,data/3D_cc_images.npz,0,100,cpu,cpu,1,1,0.000000,0.258034,0.000000
558,data/3D_cc_images.npz,0,100,cpu,cpu,1,1,0.000000,0.259726,0.000000
559,data/3D_cc_images.npz,0,100,cpu,cpu,1,1,0.000000,0.258158,0.000000
560,data/3D_cc_images.npz,0,100,cpu,cpu,1,1,0.000000,0.258268,0.000000
561,data/3D_cc_images.npz,0,100,cpu,cpu,1,1,0.000000,0.259858,0.000000
562,data/3D_cc_images.npz,0,100,cpu,cpu,1,1,0.000000,0.259301,0.000000
563,data/3D_cc_images.npz,0,100,cpu,cpu,1,1,0.000000,0.259860,0.000000
564,data/3D_cc_images.npz,0,100,cpu,cpu,1,1,0.000000,0.259385,0.000000
565,data/3D_cc_images.npz,0,100,cpu,cpu,1,1,0.000000,0.259293,0.000000
566,data/3D_cc_images.npz,0,100,cpu,cpu,1,1,0.000000,0.258146,0.000000
567,data/3D_cc_images.npz,0,100,cpu,cpu,1,1,0.000000,0.257616,0.000000
568,data/3D_cc_images.npz,0,100,cpu,cpu,1,1,0.000000,0.258905,0.000000
569,data/3D_cc_images.npz,0,100,cpu,cpu,1,1,0.000000,0.259869,0.000000
570,data/3D_cc_images.npz,0,100,cpu,cpu,1,1,0.000000,0.261138,0.000000
571,data/3D_cc_images.npz,0,100,cpu,cpu,1,1,0.000000,0.260729,0.000000
572,data/3D_cc_images.npz,0,100,cpu,cpu,1,1,0.000000,0.259578,0.000000
573,data/3D_cc_images.npz,0,100,cpu,cpu,1,1,0.000000,0.257474,0.000000
574,data/3D_cc_images.npz,0,100,cpu,cpu,1,1,0.000000,0.257304,0.000000
575,data/3D_cc_images.npz,0,100,cpu,cpu,1,1,0.000000,0.256723,0.000000
576,data/3D_cc_images.npz,0,100,cpu,cpu,1,1,0.000000,0.256945,0.000000
577,data/3D_cc_images.npz,0,100,cpu,cpu,1,1,0.000000,0.257657,0.000000
578,data/3D_cc_images.npz,0,100,cpu,cpu,1,1,0.000000,0.260308,0.000000
579,data/3D_cc_images.npz,0,100,cpu,cpu,1,1,0.000000,0.258819,0.000000
580,data/3D_cc_images.npz,0,100,cpu,cpu,1,1,0.000000,0.258262,0.000000
581,data/3D_cc_images.npz,0,100,cpu,cpu,1,1,0.000000,0.260598,0.000000
582,data/3D_cc_images.npz,0,100,cpu,cpu,1,1,0.000000,0.258234,0.000000
583,data/3D_cc_images.npz,0,100,cpu,cpu,1,1,0.000000,0.259547,0.000000
584,data/3D_cc_images.npz,0,100,cpu,cpu,1,1,0.000000,0.257309,0.000000
585,data/3D_cc_images.npz,0,100,cpu,cpu,1,1,0.000000,0.258269,0.000000
586,data/3D_cc_images.npz,0,100,cpu,cpu,1,1,0.000000,0.258255,0.000000
587,data/3D_cc_images.npz,0,100,cpu,cpu,1,1,0.000000,0.259952,0.000000
588,data/3D_cc_images.npz,0,100,cpu,cpu,1,1,0.000000,0.257211,0.000000
589,data/3D_cc_images.npz,0,100,cpu,cpu,1,1,0.000000,0.257471,0.000000
590,data/3D_cc_images.npz,0,100,cpu,cpu,1,1,0.000000,0.257957,0.000000
591,data/3D_cc_images.npz,0,100,cpu,cpu,1,1,0.000000,0.257149,0.000000
592,data/3D_cc_images.npz,0,100,cpu,cpu,1,1,0.000000,0.256976,0.000000
593,data/3D_cc_images.npz,0,100,cpu,cpu,1,1,0.000000,0.257196,0.000000
594,data/3D_cc_images.npz,0,100,cpu,cpu,1,1,0.000000,0.256776,0.000000
595,data/3D_cc_images.npz,0,100,cpu,cpu,1,1,0.000000,0.259146,0.000000
596,data/3D_cc_images.npz,0,100,cpu,cpu,1,1,0.000000,0.258823,0.000000
597,data/3D_cc_images.npz,0,100,cpu,cpu,1,1,0.000000,0.259003,0.000000
598,data/3D_cc_images.npz,0,100,cpu,cpu,1,1,0.000000,0.257944,0.000000
599,data/3D_cc_images.npz,0,100,cpu,cpu,1,1,0.000000,0.258299,0.000000
600,data/3D_cc_images.npz,0,100,cpu,cpu,1,1,0.000000,0.257526,0.000000
601,data/3D_cc_images.npz,0,100,cpu,cpu,1,1,0.000000,0.256078,0.000000
602,data/3D_cc_images.npz,0,100,cpu,cpu,1,1,0.000000,0.257020,0.000000
603,data/3D_cc_images.npz,0,100,cpu,cpu,1,1,0.000000,0.257283,0.000000
604,data/3D_cc_images.npz,0,100,cpu,cpu,1,1,0.000000,0.257855,0.000000
605,data/3D_cc_images.npz,0,100,cpu,cpu,1,1,0.000000,0.258387,0.000000
606,data/3D_cc_images.npz,0,100,cpu,cpu,1,1,0.000000,0.259444,0.000000
607,data/3D_cc_images.npz,0,100,cpu,cpu,1,1,0.000000,0.257808,0.000000
608,data/3D_cc_images.npz,0,100,cpu,cpu,1,1,0.000000,0.258791,0.000000
609,data/3D_cc_images.npz,0,100,cpu,cpu,1,1,0.000000,0.258274,0.000000
610,data/3D_cc_images.npz,0,100,cpu,cpu,1,1,0.000000,0.257050,0.000000
611,data/3D_cc_images.npz,0,100,cpu,cpu,1,1,0.000000,0.257290,0.000000
612,data/3D_cc_images.npz,0,100,cpu,cpu,1,1,0.000000,0.258021,0.000000
613,data/3D_cc_images.npz,0,100,cpu,cpu,1,1,0.000000,0.260236,0.000000
614,data/3D_cc_images.npz,0,100,cpu,cpu,1,1,0.000000,0.260961,0.000000
615,data/3D_cc_images.npz,0,100,cpu,cpu,1,1,0.000000,0.260457,0.000000
616,data/3D_cc_images.npz,0,100,cpu,cpu,1,1,0.000000,0.259860,0.000000
617,data/3D_cc_images.npz,0,100,cpu,cpu,1,1,0.000000,0.258767,0.000000
618,data/3D_cc_images.npz,0,100,cpu,cpu,1,1,0.000000,0.257447,0.000000
619,data/3D_cc_images.npz,0,100,cpu,cpu,1,1,0.000000,0.257377,0.000000
620,data/3D_cc_images.npz,0,100,cpu,cpu,1,1,0.000000,0.257727,0.000000
621,data/3D_cc_images.npz,0,100,cpu,cpu,1,1,0.000000,0.257072,0.000000
622,data/3D_cc_images.npz,0,100,cpu,cpu,1,1,0.000000,0.259320,0.000000
623,data/3D_cc_images.npz,0,100,cpu,cpu,1,1,0.000000,0.258776,0.000000
624,data/3D_cc_images.npz,0,100,cpu,cpu,1,1,0.000000,0.257990,0.000000
625,data/3D_cc_images.npz,0,100,cpu,cpu,1,1,0.000000,0.259052,0.000000
626,data/3D_cc_images.npz,0,100,cpu,cpu,1,1,0.000000,0.258916,0.000000
627,data/3D_cc_images.npz,0,100,cpu,cpu,1,1,0.000000,0.257342,0.000000
628,data/3D_cc_images.npz,0,100,cpu,cpu,1,1,0.000000,0.257451,0.000000
629,data/3D_cc_images.npz,0,100,cpu,cpu,1,1,0.000000,0.257690,0.000000
630,data/3D_cc_images.npz,0,100,cpu,cpu,1,1,0.000000,0.257598,0.000000
631,data/3D_cc_images.npz,0,100,cpu,cpu,1,1,0.000000,0.257523,0.000000
632,data/3D_cc_images.npz,0,100,cpu,cpu,1,1,0.000000,0.257654,0.000000
633,data/3D_cc_images.npz,0,100,cpu,cpu,1,1,0.000000,0.257979,0.000000
634,data/3D_cc_images.npz,0,100,cpu,cpu,1,1,0.000000,0.258819,0.000000
635,data/3D_cc_images.npz,0,100,cpu,cpu,1,1,0.000000,0.260638,0.000000
636,data/3D_cc_images.npz,0,100,cpu,cpu,1,1,0.000000,0.258805,0.000000
637,data/3D_cc_images.npz,0,100,cpu,cpu,1,1,0.000000,0.258726,0.000000
638,data/3D_cc_images.npz,0,100,cpu,cpu,1,1,0.000000,0.257430,0.000000
639,data/3D_cc_images.npz,0,100,cpu,cpu,1,1,0.000000,0.255946,0.000000
640,data/3D_cc_images.npz,0,100,cpu,cpu,1,1,0.000000,0.257365,0.000000
641,data/3D_cc_images.npz,0,100,cpu,cpu,1,1,0.000000,0.257909,0.000000
642,data/3D_cc_images.npz,0,100,cpu,cpu,1,1,0.000000,0.259663,0.000000
643,data/3D_cc_images.npz,0,100,cpu,cpu,1,1,0.000000,0.259468,0.000000
644,data/3D_cc_images.npz,0,100,cpu,cpu,1,1,0.000000,0.259262,0.000000
645,data/3D_cc_images.npz,0,100,cpu,cpu,1,1,0.000000,0.258892,0.000000
646,data/3D_cc_images.npz,0,100,cpu,cpu,1,1,0.000000,0.258209,0.000000
647,data/3D_cc_images.npz,0,100,cpu,cpu,1,1,0.000000,0.258227,0.000000
648,data/3D_cc_images.npz,0,100,cpu,cpu,1,1,0.000000,0.258093,0.000000
649,data/3D_cc_images.npz,0,100,cpu,cpu,1,1,0.000000,0.258070,0.000000
650,data/3D_cc_images.npz,0,100,cpu,cpu,1,1,0.000000,0.259197,0.000000
651,data/3D_cc_images.npz,0,100,cpu,cpu,1,1,0.000000,0.260289,0.000000
652,data/3D_cc_images.npz,0,100,cpu,cpu,1,1,0.000000,0.258943,0.000000
653,data/3D_cc_images.npz,0,100,cpu,cpu,1,1,0.000000,0.258334,0.000000
654,data/3D_cc_images.npz,0,100,cpu,cpu,1,1,0.000000,0.260536,0.000000
655,data/3D_cc_images.npz,0,100,cpu,cpu,1,1,0.000000,0.258732,0.000000
656,data/3D_cc_images.npz,0,100,cpu,cpu,1,1,0.000000,0.258802,0.000000
657,data/3D_cc_images.npz,0,100,cpu,cpu,1,1,0.000000,0.258806,0.000000
658,data/3D_cc_images.npz,0,100,cpu,cpu,1,1,0.000000,0.259435,0.000000
659,data/3D_cc_images.npz,0,100,cpu,cpu,1,1,0.000000,0.259604,0.000000
660,data/3D_cc_images.npz,0,100,cpu,cpu,1,1,0.000000,0.260346,0.000000
661,data/3D_cc_images.npz,0,100,cpu,cpu,1,1,0.000000,0.259654,0.000000
662,data/3D_cc_images.npz,0,100,cpu,cpu,1,1,0.000000,0.261112,0.000000
663,data/3D_cc_images.npz,0,100,cpu,cpu,1,1,0.000000,0.261786,0.000000
664,data/3D_cc_images.npz,0,100,cpu,cpu,1,1,0.000000,0.261979,0.000000
665,data/3D_cc_images.npz,0,100,cpu,cpu,1,1,0.000000,0.259709,0.000000
666,data/3D_cc_images.npz,0,100,cpu,cpu,1,1,0.000000,0.259695,0.000000
667,data/3D_cc_images.npz,0,100,cpu,cpu,1,1,0.000000,0.258671,0.000000
668,data/3D_cc_images.npz,0,100,cpu,cpu,1,1,0.000000,0.259152,0.000000
669,data/3D_cc_images.npz,0,100,cpu,cpu,1,1,0.000000,0.259812,0.000000
670,data/3D_cc_images.npz,0,100,cpu,cpu,1,1,0.000000,0.259466,0.000000
671,data/3D_cc_images.npz,0,100,cpu,cpu,1,1,0.000000,0.259024,0.000000
672,data/3D_cc_images.npz,0,100,cpu,cpu,1,1,0.000000,0.259354,0.000000
673,data/3D_cc_images.npz,0,100,cpu,cpu,1,1,0.000000,0.258720,0.000000
674,data/3D_cc_images.npz,0,100,cpu,cpu,1,1,0.000000,0.257561,0.000000
675,data/3D_cc_images.npz,0,100,cpu,cpu,1,1,0.000000,0.257610,0.000000
676,data/3D_cc_images.npz,0,100,cpu,cpu,1,1,0.000000,0.258529,0.000000
677,data/3D_cc_images.npz,0,100,cpu,cpu,1,1,0.000000,0.259872,0.000000
678,data/3D_cc_images.npz,0,100,cpu,cpu,1,1,0.000000,0.259345,0.000000
679,data/3D_cc_images.npz,0,100,cpu,cpu,1,1,0.000000,0.258443,0.000000
680,data/3D_cc_images.npz,0,100,cpu,cpu,1,1,0.000000,0.260010,0.000000
681,data/3D_cc_images.npz,0,100,cpu,cpu,1,1,0.000000,0.256653,0.000000
682,data/3D_cc_images.npz,0,100,cpu,cpu,1,1,0.000000,0.257287,0.000000
683,data/3D_cc_images.npz,0,100,cpu,cpu,1,1,0.000000,0.258820,0.000000
684,data/3D_cc_images.npz,0,100,cpu,cpu,1,1,0.000000,0.258817,0.000000
685,data/3D_cc_images.npz,0,100,cpu,cpu,1,1,0.000000,0.257763,0.000000
686,data/3D_cc_images.npz,0,100,cpu,cpu,1,1,0.000000,0.258676,0.000000
687,data/3D_cc_images.npz,0,100,cpu,cpu,1,1,0.000000,0.258907,0.000000
688,data/3D_cc_images.npz,0,100,cpu,cpu,1,1,0.000000,0.257265,0.000000
689,data/3D_cc_images.npz,0,100,cpu,cpu,1,1,0.000000,0.258138,0.000000
690,data/3D_cc_images.npz,0,100,cpu,cpu,1,1,0.000000,0.258149,0.000000
691,data/3D_cc_images.npz,0,100,cpu,cpu,1,1,0.000000,0.256529,0.000000
692,data/3D_cc_images.npz,0,100,cpu,cpu,1,1,0.000000,0.257379,0.000000
693,data/3D_cc_images.npz,0,100,cpu,cpu,1,1,0.000000,0.257920,0.000000
694,data/3D_cc_images.npz,0,100,cpu,cpu,1,1,0.000000,0.259136,0.000000
695,data/3D_cc_images.npz,0,100,cpu,cpu,1,1,0.000000,0.258659,0.000000
696,data/3D_cc_images.npz,0,100,cpu,cpu,1,1,0.000000,0.259629,0.000000
697,data/3D_cc_images.npz,0,100,cpu,cpu,1,1,0.000000,0.259311,0.000000
698,data/3D_cc_images.npz,0,100,cpu,cpu,1,1,0.000000,0.259007,0.000000
699,data/3D_cc_images.npz,0,100,cpu,cpu,1,1,0.000000,0.257689,0.000000
700,data/3D_cc_images.npz,0,100,cpu,cpu,1,1,0.000000,0.261201,0.000000
701,data/3D_cc_images.npz,0,100,cpu,cpu,1,1,0.000000,0.259689,0.000000
702,data/3D_cc_images.npz,0,100,cpu,cpu,1,1,0.000000,0.258766,0.000000
703,data/3D_cc_images.npz,0,100,cpu,cpu,1,1,0.000000,0.261188,0.000000
704,data/3D_cc_images.npz,0,100,cpu,cpu,1,1,0.000000,0.261286,0.000000
705,data/3D_cc_images.npz,0,100,cpu,cpu,1,1,0.000000,0.261158,0.000000
706,data/3D_cc_images.npz,0,100,cpu,cpu,1,1,0.000000,0.259776,0.000000
707,data/3D_cc_images.npz,0,100,cpu,cpu,1,1,0.000000,0.259209,0.000000
708,data/3D_cc_images.npz,0,100,cpu,cpu,1,1,0.000000,0.257638,0.000000
709,data/3D_cc_images.npz,0,100,cpu,cpu,1,1,0.000000,0.259077,0.000000
710,data/3D_cc_images.npz,0,100,cpu,cpu,1,1,0.000000,0.259600,0.000000
711,data/3D_cc_images.npz,0,100,cpu,cpu,1,1,0.000000,0.259476,0.000000
712,data/3D_cc_images.npz,0,100,cpu,cpu,1,1,0.000000,0.259003,0.000000
713,data/3D_cc_images.npz,0,100,cpu,cpu,1,1,0.000000,0.258594,0.000000
714,data/3D_cc_images.npz,0,100,cpu,cpu,1,1,0.000000,0.259513,0.000000
715,data/3D_cc_images.npz,0,100,cpu,cpu,1,1,0.000000,0.257799,0.000000
716,data/3D_cc_images.npz,0,100,cpu,cpu,1,1,0.000000,0.257338,0.000000
717,data/3D_cc_images.npz,0,100,cpu,cpu,1,1,0.000000,0.259418,0.000000
718,data/3D_cc_images.npz,0,100,cpu,cpu,1,1,0.000000,0.258424,0.000000
719,data/3D_cc_images.npz,0,100,cpu,cpu,1,1,0.000000,0.258540,0.000000
720,data/3D_cc_images.npz,0,100,cpu,cpu,1,1,0.000000,0.259187,0.000000
721,data/3D_cc_images.npz,0,100,cpu,cpu,1,1,0.000000,0.259156,0.000000
722,data/3D_cc_images.npz,0,100,cpu,cpu,1,1,0.000000,0.258645,0.000000
723,data/3D_cc_images.npz,0,100,cpu,cpu,1,1,0.000000,0.258595,0.000000
724,data/3D_cc_images.npz,0,100,cpu,cpu,1,1,0.000000,0.257096,0.000000
725,data/3D_cc_images.npz,0,100,cpu,cpu,1,1,0.000000,0.258452,0.000000
726,data/3D_cc_images.npz,0,100,cpu,cpu,1,1,0.000000,0.259026,0.000000
727,data/3D_cc_images.npz,0,100,cpu,cpu,1,1,0.000000,0.259637,0.000000
728,data/3D_cc_images.npz,0,100,cpu,cpu,1,1,0.000000,0.258046,0.000000
729,data/3D_cc_images.npz,0,100,cpu,cpu,1,1,0.000000,0.258034,0.000000
730,data/3D_cc_images.npz,0,100,cpu,cpu,1,1,0.000000,0.258295,0.000000
731,data/3D_cc_images.npz,0,100,cpu,cpu,1,1,0.000000,0.259240,0.000000
732,data/3D_cc_images.npz,0,100,cpu,cpu,1,1,0.000000,0.257388,0.000000
733,data/3D_cc_images.npz,0,100,cpu,cpu,1,1,0.000000,0.257899,0.000000
734,data/3D_cc_images.npz,0,100,cpu,cpu,1,1,0.000000,0.260535,0.000000
735,data/3D_cc_images.npz,0,100,cpu,cpu,1,1,0.000000,0.258687,0.000000
736,data/3D_cc_images.npz,0,100,cpu,cpu,1,1,0.000000,0.259283,0.000000
737,data/3D_cc_images.npz,0,100,cpu,cpu,1,1,0.000000,0.258892,0.000000
738,data/3D_cc_images.npz,0,100,cpu,cpu,1,1,0.000000,0.260517,0.000000
739,data/3D_cc_images.npz,0,100,cpu,cpu,1,1,0.000000,0.258799,0.000000
740,data/3D_cc_images.npz,0,100,cpu,cpu,1,1,0.000000,0.259223,0.000000
741,data/3D_cc_images.npz,0,100,cpu,cpu,1,1,0.000000,0.256772,0.000000
742,data/3D_cc_images.npz,0,100,cpu,cpu,1,1,0.000000,0.256349,0.000000
743,data/3D_cc_images.npz,0,100,cpu,cpu,1,1,0.000000,0.256902,0.000000
744,data/3D_cc_images.npz,0,100,cpu,cpu,1,1,0.000000,0.258483,0.000000
745,data/3D_cc_images.npz,0,100,cpu,cpu,1,1,0.000000,0.259598,0.000000
746,data/3D_cc_images.npz,0,100,cpu,cpu,1,1,0.000000,0.258798,0.000000
747,data/3D_cc_images.npz,0,100,cpu,cpu,1,1,0.000000,0.259914,0.000000
748,data/3D_cc_images.npz,0,100,cpu,cpu,1,1,0.000000,0.258612,0.000000
749,data/3D_cc_images.npz,0,100,cpu,cpu,1,1,0.000000,0.258565,0.000000
750,data/3D_cc_images.npz,0,100,cpu,cpu,1,1,0.000000,0.257851,0.000000
751,data/3D_cc_images.npz,0,100,cpu,cpu,1,1,0.000000,0.259051,0.000000
752,data/3D_cc_images.npz,0,100,cpu,cpu,1,1,0.000000,0.260407,0.000000
753,data/3D_cc_images.npz,0,100,cpu,cpu,1,1,0.000000,0.258513,0.000000
754,data/3D_cc_images.npz,0,100,cpu,cpu,1,1,0.000000,0.259401,0.000000
755,data/3D_cc_images.npz,0,100,cpu,cpu,1,1,0.000000,0.259941,0.000000
756,data/3D_cc_images.npz,0,100,cpu,cpu,1,1,0.000000,0.256741,0.000000
757,data/3D_cc_images.npz,0,100,cpu,cpu,1,1,0.000000,0.257378,0.000000
758,data/3D_cc_images.npz,0,100,cpu,cpu,1,1,0.000000,0.258330,0.000000
759,data/3D_cc_images.npz,0,100,cpu,cpu,1,1,0.000000,0.258132,0.000000
760,data/3D_cc_images.npz,0,100,cpu,cpu,1,1,0.000000,0.257366,0.000000
761,data/3D_cc_images.npz,0,100,cpu,cpu,1,1,0.000000,0.258937,0.000000
762,data/3D_cc_images.npz,0,100,cpu,cpu,1,1,0.000000,0.257836,0.000000
763,data/3D_cc_images.npz,0,100,cpu,cpu,1,1,0.000000,0.258413,0.000000
764,data/3D_cc_images.npz,0,100,cpu,cpu,1,1,0.000000,0.256940,0.000000
765,data/3D_cc_images.npz,0,100,cpu,cpu,1,1,0.000000,0.257158,0.000000
766,data/3D_cc_images.npz,0,100,cpu,cpu,1,1,0.000000,0.256948,0.000000
767,data/3D_cc_images.npz,0,100,cpu,cpu,1,1,0.000000,0.257491,0.000000
768,data/3D_cc_images.npz,0,100,cpu,cpu,1,1,0.000000,0.256395,0.000000
769,data/3D_cc_images.npz,0,100,cpu,cpu,1,1,0.000000,0.257622,0.000000
770,data/3D_cc_images.npz,0,100,cpu,cpu,1,1,0.000000,0.258029,0.000000
771,data/3D_cc_images.npz,0,100,cpu,cpu,1,1,0.000000,0.260605,0.000000
772,data/3D_cc_images.npz,0,100,cpu,cpu,1,1,0.000000,0.261020,0.000000
773,data/3D_cc_images.npz,0,100,cpu,cpu,1,1,0.000000,0.259042,0.000000
774,data/3D_cc_images.npz,0,100,cpu,cpu,1,1,0.000000,0.259893,0.000000
775,data/3D_cc_images.npz,0,100,cpu,cpu,1,1,0.000000,0.258618,0.000000
776,data/3D_cc_images.npz,0,100,cpu,cpu,1,1,0.000000,0.258100,0.000000
777,data/3D_cc_images.npz,0,100,cpu,cpu,1,1,0.000000,0.258374,0.000000
778,data/3D_cc_images.npz,0,100,cpu,cpu,1,1,0.000000,0.257412,0.000000
779,data/3D_cc_images.npz,0,100,cpu,cpu,1,1,0.000000,0.257849,0.000000
780,data/3D_cc_images.npz,0,100,cpu,cpu,1,1,0.000000,0.258360,0.000000
781,data/3D_cc_images.npz,0,100,cpu,cpu,1,1,0.000000,0.259655,0.000000
782,data/3D_cc_images.npz,0,100,cpu,cpu,1,1,0.000000,0.258528,0.000000
783,data/3D_cc_images.npz,0,100,cpu,cpu,1,1,0.000000,0.257912,0.000000
784,data/3D_cc_images.npz,0,100,cpu,cpu,1,1,0.000000,0.258997,0.000000
785,data/3D_cc_images.npz,0,100,cpu,cpu,1,1,0.000000,0.259963,0.000000
786,data/3D_cc_images.npz,0,100,cpu,cpu,1,1,0.000000,0.258016,0.000000
787,data/3D_cc_images.npz,0,100,cpu,cpu,1,1,0.000000,0.259334,0.000000
788,data/3D_cc_images.npz,0,100,cpu,cpu,1,1,0.000000,0.260423,0.000000
789,data/3D_cc_images.npz,0,100,cpu,cpu,1,1,0.000000,0.260201,0.000000
790,data/3D_cc_images.npz,0,100,cpu,cpu,1,1,0.000000,0.261183,0.000000
791,data/3D_cc_images.npz,0,100,cpu,cpu,1,1,0.000000,0.258123,0.000000
792,data/3D_cc_images.npz,0,100,cpu,cpu,1,1,0.000000,0.258000,0.000000
793,data/3D_cc_images.npz,0,100,cpu,cpu,1,1,0.000000,0.257388,0.000000
794,data/3D_cc_images.npz,0,100,cpu,cpu,1,1,0.000000,0.257208,0.000000
795,data/3D_cc_images.npz,0,100,cpu,cpu,1,1,0.000000,0.256324,0.000000
796,data/3D_cc_images.npz,0,100,cpu,cpu,1,1,0.000000,0.255715,0.000000
797,data/3D_cc_images.npz,0,100,cpu,cpu,1,1,0.000000,0.257835,0.000000
798,data/3D_cc_images.npz,0,100,cpu,cpu,1,1,0.000000,0.258583,0.000000
799,data/3D_cc_images.npz,0,100,cpu,cpu,1,1,0.000000,0.258472,0.000000
800,data/3D_cc_images.npz,0,100,cpu,cpu,1,1,0.000000,0.257914,0.000000
801,data/3D_cc_images.npz,0,100,cpu,cpu,1,1,0.000000,0.258507,0.000000
802,data/3D_cc_images.npz,0,100,cpu,cpu,1,1,0.000000,0.257096,0.000000
803,data/3D_cc_images.npz,0,100,cpu,cpu,1,1,0.000000,0.257466,0.000000
804,data/3D_cc_images.npz,0,100,cpu,cpu,1,1,0.000000,0.256730,0.000000
805,data/3D_cc_images.npz,0,100,cpu,cpu,1,1,0.000000,0.258115,0.000000
806,data/3D_cc_images.npz,0,100,cpu,cpu,1,1,0.000000,0.257941,0.000000
807,data/3D_cc_images.npz,0,100,cpu,cpu,1,1,0.000000,0.258697,0.000000
808,data/3D_cc_images.npz,0,100,cpu,cpu,1,1,0.000000,0.258649,0.000000
809,data/3D_cc_images.npz,0,100,cpu,cpu,1,1,0.000000,0.257873,0.000000
810,data/3D_cc_images.npz,0,100,cpu,cpu,1,1,0.000000,0.257234,0.000000
811,data/3D_cc_images.npz,0,100,cpu,cpu,1,1,0.000000,0.258854,0.000000
812,data/3D_cc_images.npz,0,100,cpu,cpu,1,1,0.000000,0.259701,0.000000
813,data/3D_cc_images.npz,0,100,cpu,cpu,1,1,0.000000,0.258212,0.000000
814,data/3D_cc_images.npz,0,100,cpu,cpu,1,1,0.000000,0.259666,0.000000
815,data/3D_cc_images.npz,0,100,cpu,cpu,1,1,0.000000,0.258581,0.000000
816,data/3D_cc_images.npz,0,100,cpu,cpu,1,1,0.000000,0.257668,0.000000
817,data/3D_cc_images.npz,0,100,cpu,cpu,1,1,0.000000,0.257340,0.000000
818,data/3D_cc_images.npz,0,100,cpu,cpu,1,1,0.000000,0.258414,0.000000
819,data/3D_cc_images.npz,0,100,cpu,cpu,1,1,0.000000,0.258224,0.000000
820,data/3D_cc_images.npz,0,100,cpu,cpu,1,1,0.000000,0.259316,0.000000
821,data/3D_cc_images.npz,0,100,cpu,cpu,1,1,0.000000,0.257543,0.000000
822,data/3D_cc_images.npz,0,100,cpu,cpu,1,1,0.000000,0.259076,0.000000
823,data/3D_cc_images.npz,0,100,cpu,cpu,1,1,0.000000,0.257905,0.000000
824,data/3D_cc_images.npz,0,100,cpu,cpu,1,1,0.000000,0.257895,0.000000
825,data/3D_cc_images.npz,0,100,cpu,cpu,1,1,0.000000,0.259142,0.000000
826,data/3D_cc_images.npz,0,100,cpu,cpu,1,1,0.000000,0.259527,0.000000
827,data/3D_cc_images.npz,0,100,cpu,cpu,1,1,0.000000,0.257577,0.000000
828,data/3D_cc_images.npz,0,100,cpu,cpu,1,1,0.000000,0.258581,0.000000
829,data/3D_cc_images.npz,0,100,cpu,cpu,1,1,0.000000,0.259876,0.000000
830,data/3D_cc_images.npz,0,100,cpu,cpu,1,1,0.000000,0.258436,0.000000
831,data/3D_cc_images.npz,0,100,cpu,cpu,1,1,0.000000,0.257966,0.000000
832,data/3D_cc_images.npz,0,100,cpu,cpu,1,1,0.000000,0.257525,0.000000
833,data/3D_cc_images.npz,0,100,cpu,cpu,1,1,0.000000,0.257431,0.000000
834,data/3D_cc_images.npz,0,100,cpu,cpu,1,1,0.000000,0.257687,0.000000
835,data/3D_cc_images.npz,0,100,cpu,cpu,1,1,0.000000,0.257612,0.000000
836,data/3D_cc_images.npz,0,100,cpu,cpu,1,1,0.000000,0.257756,0.000000
837,data/3D_cc_images.npz,0,100,cpu,cpu,1,1,0.000000,0.257436,0.000000
838,data/3D_cc_images.npz,0,100,cpu,cpu,1,1,0.000000,0.257167,0.000000
839,data/3D_cc_images.npz,0,100,cpu,cpu,1,1,0.000000,0.259876,0.000000
840,data/3D_cc_images.npz,0,100,cpu,cpu,1,1,0.000000,0.259972,0.000000
841,data/3D_cc_images.npz,0,100,cpu,cpu,1,1,0.000000,0.260260,0.000000
842,data/3D_cc_images.npz,0,100,cpu,cpu,1,1,0.000000,0.258868,0.000000
843,data/3D_cc_images.npz,0,100,cpu,cpu,1,1,0.000000,0.257179,0.000000
844,data/3D_cc_images.npz,0,100,cpu,cpu,1,1,0.000000,0.257352,0.000000
845,data/3D_cc_images.npz,0,100,cpu,cpu,1,1,0.000000,0.258798,0.000000
846,data/3D_cc_images.npz,0,100,cpu,cpu,1,1,0.000000,0.258742,0.000000
847,data/3D_cc_images.npz,0,100,cpu,cpu,1,1,0.000000,0.258700,0.000000
848,data/3D_cc_images.npz,0,100,cpu,cpu,1,1,0.000000,0.258428,0.000000
849,data/3D_cc_images.npz,0,100,cpu,cpu,1,1,0.000000,0.260237,0.000000
850,data/3D_cc_images.npz,0,100,cpu,cpu,1,1,0.000000,0.258159,0.000000
851,data/3D_cc_images.npz,0,100,cpu,cpu,1,1,0.000000,0.258172,0.000000
852,data/3D_cc_images.npz,0,100,cpu,cpu,1,1,0.000000,0.257799,0.000000
853,data/3D_cc_images.npz,0,100,cpu,cpu,1,1,0.000000,0.257704,0.000000
854,data/3D_cc_images.npz,0,100,cpu,cpu,1,1,0.000000,0.257731,0.000000
855,data/3D_cc_images.npz,0,100,cpu,cpu,1,1,0.000000,0.260948,0.000000
856,data/3D_cc_images.npz,0,100,cpu,cpu,1,1,0.000000,0.260602,0.000000
857,data/3D_cc_images.npz,0,100,cpu,cpu,1,1,0.000000,0.262304,0.000000
858,data/3D_cc_images.npz,0,100,cpu,cpu,1,1,0.000000,0.260700,0.000000
859,data/3D_cc_images.npz,0,100,cpu,cpu,1,1,0.000000,0.259460,0.000000
860,data/3D_cc_images.npz,0,100,cpu,cpu,1,1,0.000000,0.259190,0.000000
861,data/3D_cc_images.npz,0,100,cpu,cpu,1,1,0.000000,0.257546,0.000000
862,data/3D_cc_images.npz,0,100,cpu,cpu,1,1,0.000000,0.259839,0.000000
863,data/3D_cc_images.npz,0,100,cpu,cpu,1,1,0.000000,0.257366,0.000000
864,data/3D_cc_images.npz,0,100,cpu,cpu,1,1,0.000000,0.258346,0.000000
865,data/3D_cc_images.npz,0,100,cpu,cpu,1,1,0.000000,0.259182,0.000000
866,data/3D_cc_images.npz,0,100,cpu,cpu,1,1,0.000000,0.260845,0.000000
867,data/3D_cc_images.npz,0,100,cpu,cpu,1,1,0.000000,0.259244,0.000000
868,data/3D_cc_images.npz,0,100,cpu,cpu,1,1,0.000000,0.259994,0.000000
869,data/3D_cc_images.npz,0,100,cpu,cpu,1,1,0.000000,0.259544,0.000000
870,data/3D_cc_images.npz,0,100,cpu,cpu,1,1,0.000000,0.257712,0.000000
871,data/3D_cc_images.npz,0,100,cpu,cpu,1,1,0.000000,0.266913,0.000000
872,data/3D_cc_images.npz,0,100,cpu,cpu,1,1,0.000000,0.258058,0.000000
873,data/3D_cc_images.npz,0,100,cpu,cpu,1,1,0.000000,0.260015,0.000000
874,data/3D_cc_images.npz,0,100,cpu,cpu,1,1,0.000000,0.261060,0.000000
875,data/3D_cc_images.npz,0,100,cpu,cpu,1,1,0.000000,0.258585,0.000000
876,data/3D_cc_images.npz,0,100,cpu,cpu,1,1,0.000000,0.258118,0.000000
877,data/3D_cc_images.npz,0,100,cpu,cpu,1,1,0.000000,0.258944,0.000000
878,data/3D_cc_images.npz,0,100,cpu,cpu,1,1,0.000000,0.258855,0.000000
879,data/3D_cc_images.npz,0,100,cpu,cpu,1,1,0.000000,0.257476,0.000000
880,data/3D_cc_images.npz,0,100,cpu,cpu,1,1,0.000000,0.258803,0.000000
881,data/3D_cc_images.npz,0,100,cpu,cpu,1,1,0.000000,0.258771,0.000000
882,data/3D_cc_images.npz,0,100,cpu,cpu,1,1,0.000000,0.259765,0.000000
883,data/3D_cc_images.npz,0,100,cpu,cpu,1,1,0.000000,0.260067,0.000000
884,data/3D_cc_images.npz,0,100,cpu,cpu,1,1,0.000000,0.258713,0.000000
885,data/3D_cc_images.npz,0,100,cpu,cpu,1,1,0.000000,0.260679,0.000000
886,data/3D_cc_images.npz,0,100,cpu,cpu,1,1,0.000000,0.259502,0.000000
887,data/3D_cc_images.npz,0,100,cpu,cpu,1,1,0.000000,0.262641,0.000000
888,data/3D_cc_images.npz,0,100,cpu,cpu,1,1,0.000000,0.257013,0.000000
889,data/3D_cc_images.npz,0,100,cpu,cpu,1,1,0.000000,0.257039,0.000000
890,data/3D_cc_images.npz,0,100,cpu,cpu,1,1,0.000000,0.256170,0.000000
891,data/3D_cc_images.npz,0,100,cpu,cpu,1,1,0.000000,0.258109,0.000000
892,data/3D_cc_images.npz,0,100,cpu,cpu,1,1,0.000000,0.258436,0.000000
893,data/3D_cc_images.npz,0,100,cpu,cpu,1,1,0.000000,0.261789,0.000000
894,data/3D_cc_images.npz,0,100,cpu,cpu,1,1,0.000000,0.258409,0.000000
895,data/3D_cc_images.npz,0,100,cpu,cpu,1,1,0.000000,0.258851,0.000000
896,data/3D_cc_images.npz,0,100,cpu,cpu,1,1,0.000000,0.257541,0.000000
897,data/3D_cc_images.npz,0,100,cpu,cpu,1,1,0.000000,0.258815,0.000000
898,data/3D_cc_images.npz,0,100,cpu,cpu,1,1,0.000000,0.259455,0.000000
899,data/3D_cc_images.npz,0,100,cpu,cpu,1,1,0.000000,0.259617,0.000000
900,data/3D_cc_images.npz,0,100,cpu,cpu,1,1,0.000000,0.259640,0.000000
901,data/3D_cc_images.npz,0,100,cpu,cpu,1,1,0.000000,0.258375,0.000000
902,data/3D_cc_images.npz,0,100,cpu,cpu,1,1,0.000000,0.260278,0.000000
903,data/3D_cc_images.npz,0,100,cpu,cpu,1,1,0.000000,0.258239,0.000000
904,data/3D_cc_images.npz,0,100,cpu,cpu,1,1,0.000000,0.256880,0.000000
905,data/3D_cc_images.npz,0,100,cpu,cpu,1,1,0.000000,0.257676,0.000000
906,data/3D_cc_images.npz,0,100,cpu,cpu,1,1,0.000000,0.257673,0.000000
907,data/3D_cc_images.npz,0,100,cpu,cpu,1,1,0.000000,0.257493,0.000000
908,data/3D_cc_images.npz,0,100,cpu,cpu,1,1,0.000000,0.258726,0.000000
909,data/3D_cc_images.npz,0,100,cpu,cpu,1,1,0.000000,0.256357,0.000000
910,data/3D_cc_images.npz,0,100,cpu,cpu,1,1,0.000000,0.257499,0.000000
911,data/3D_cc_images.npz,0,100,cpu,cpu,1,1,0.000000,0.256648,0.000000
912,data/3D_cc_images.npz,0,100,cpu,cpu,1,1,0.000000,0.257762,0.000000
913,data/3D_cc_images.npz,0,100,cpu,cpu,1,1,0.000000,0.256800,0.000000
914,data/3D_cc_images.npz,0,100,cpu,cpu,1,1,0.000000,0.257127,0.000000
915,data/3D_cc_images.npz,0,100,cpu,cpu,1,1,0.000000,0.257984,0.000000
916,data/3D_cc_images.npz,0,100,cpu,cpu,1,1,0.000000,0.257521,0.000000
917,data/3D_cc_images.npz,0,100,cpu,cpu,1,1,0.000000,0.256235,0.000000
918,data/3D_cc_images.npz,0,100,cpu,cpu,1,1,0.000000,0.258752,0.000000
919,data/3D_cc_images.npz,0,100,cpu,cpu,1,1,0.000000,0.259652,0.000000
920,data/3D_cc_images.npz,0,100,cpu,cpu,1,1,0.000000,0.258438,0.000000
921,data/3D_cc_images.npz,0,100,cpu,cpu,1,1,0.000000,0.259561,0.000000
922,data/3D_cc_images.npz,0,100,cpu,cpu,1,1,0.000000,0.258576,0.000000
923,data/3D_cc_images.npz,0,100,cpu,cpu,1,1,0.000000,0.258700,0.000000
924,data/3D_cc_images.npz,0,100,cpu,cpu,1,1,0.000000,0.257735,0.000000
925,data/3D_cc_images.npz,0,100,cpu,cpu,1,1,0.000000,0.256927,0.000000
926,data/3D_cc_images.npz,0,100,cpu,cpu,1,1,0.000000,0.256641,0.000000
927,data/3D_cc_images.npz,0,100,cpu,cpu,1,1,0.000000,0.255778,0.000000
928,data/3D_cc_images.npz,0,100,cpu,cpu,1,1,0.000000,0.257216,0.000000
929,data/3D_cc_images.npz,0,100,cpu,cpu,1,1,0.000000,0.257390,0.000000
930,data/3D_cc_images.npz,0,100,cpu,cpu,1,1,0.000000,0.256326,0.000000
931,data/3D_cc_images.npz,0,100,cpu,cpu,1,1,0.000000,0.257442,0.000000
932,data/3D_cc_images.npz,0,100,cpu,cpu,1,1,0.000000,0.258795,0.000000
933,data/3D_cc_images.npz,0,100,cpu,cpu,1,1,0.000000,0.258414,0.000000
934,data/3D_cc_images.npz,0,100,cpu,cpu,1,1,0.000000,0.256608,0.000000
935,data/3D_cc_images.npz,0,100,cpu,cpu,1,1,0.000000,0.257190,0.000000
936,data/3D_cc_images.npz,0,100,cpu,cpu,1,1,0.000000,0.255551,0.000000
937,data/3D_cc_images.npz,0,100,cpu,cpu,1,1,0.000000,0.256875,0.000000
938,data/3D_cc_images.npz,0,100,cpu,cpu,1,1,0.000000,0.257267,0.000000
939,data/3D_cc_images.npz,0,100,cpu,cpu,1,1,0.000000,0.257958,0.000000
940,data/3D_cc_images.npz,0,100,cpu,cpu,1,1,0.000000,0.257555,0.000000
941,data/3D_cc_images.npz,0,100,cpu,cpu,1,1,0.000000,0.257925,0.000000
942,data/3D_cc_images.npz,0,100,cpu,cpu,1,1,0.000000,0.258423,0.000000
943,data/3D_cc_images.npz,0,100,cpu,cpu,1,1,0.000000,0.258026,0.000000
944,data/3D_cc_images.npz,0,100,cpu,cpu,1,1,0.000000,0.257568,0.000000
945,data/3D_cc_images.npz,0,100,cpu,cpu,1,1,0.000000,0.257548,0.000000
946,data/3D_cc_images.npz,0,100,cpu,cpu,1,1,0.000000,0.256290,0.000000
947,data/3D_cc_images.npz,0,100,cpu,cpu,1,1,0.000000,0.256210,0.000000
948,data/3D_cc_images.npz,0,100,cpu,cpu,1,1,0.000000,0.257484,0.000000
949,data/3D_cc_images.npz,0,100,cpu,cpu,1,1,0.000000,0.258002,0.000000
950,data/3D_cc_images.npz,0,100,cpu,cpu,1,1,0.000000,0.257078,0.000000
951,data/3D_cc_images.npz,0,100,cpu,cpu,1,1,0.000000,0.257340,0.000000
952,data/3D_cc_images.npz,0,100,cpu,cpu,1,1,0.000000,0.257012,0.000000
953,data/3D_cc_images.npz,0,100,cpu,cpu,1,1,0.000000,0.255523,0.000000
954,data/3D_cc_images.npz,0,100,cpu,cpu,1,1,0.000000,0.257149,0.000000
955,data/3D_cc_images.npz,0,100,cpu,cpu,1,1,0.000000,0.256948,0.000000
956,data/3D_cc_images.npz,0,100,cpu,cpu,1,1,0.000000,0.256980,0.000000
957,data/3D_cc_images.npz,0,100,cpu,cpu,1,1,0.000000,0.256431,0.000000
958,data/3D_cc_images.npz,0,100,cpu,cpu,1,1,0.000000,0.257618,0.000000
959,data/3D_cc_images.npz,0,100,cpu,cpu,1,1,0.000000,0.256272,0.000000
960,data/3D_cc_images.npz,0,100,cpu,cpu,1,1,0.000000,0.257618,0.000000
961,data/3D_cc_images.npz,0,100,cpu,cpu,1,1,0.000000,0.256802,0.000000
962,data/3D_cc_images.npz,0,100,cpu,cpu,1,1,0.000000,0.257051,0.000000
963,data/3D_cc_images.npz,0,100,cpu,cpu,1,1,0.000000,0.257176,0.000000
964,data/3D_cc_images.npz,0,100,cpu,cpu,1,1,0.000000,0.257813,0.000000
965,data/3D_cc_images.npz,0,100,cpu,cpu,1,1,0.000000,0.261145,0.000000
966,data/3D_cc_images.npz,0,100,cpu,cpu,1,1,0.000000,0.257659,0.000000
967,data/3D_cc_images.npz,0,100,cpu,cpu,1,1,0.000000,0.257266,0.000000
968,data/3D_cc_images.npz,0,100,cpu,cpu,1,1,0.000000,0.258583,0.000000
969,data/3D_cc_images.npz,0,100,cpu,cpu,1,1,0.000000,0.258741,0.000000
970,data/3D_cc_images.npz,0,100,cpu,cpu,1,1,0.000000,0.256582,0.000000
971,data/3D_cc_images.npz,0,100,cpu,cpu,1,1,0.000000,0.260510,0.000000
972,data/3D_cc_images.npz,0,100,cpu,cpu,1,1,0.000000,0.257527,0.000000
973,data/3D_cc_images.npz,0,100,cpu,cpu,1,1,0.000000,0.258718,0.000000
974,data/3D_cc_images.npz,0,100,cpu,cpu,1,1,0.000000,0.257005,0.000000
975,data/3D_cc_images.npz,0,100,cpu,cpu,1,1,0.000000,0.258060,0.000000
976,data/3D_cc_images.npz,0,100,cpu,cpu,1,1,0.000000,0.256911,0.000000
977,data/3D_cc_images.npz,0,100,cpu,cpu,1,1,0.000000,0.257837,0.000000
978,data/3D_cc_images.npz,0,100,cpu,cpu,1,1,0.000000,0.257049,0.000000
979,data/3D_cc_images.npz,0,100,cpu,cpu,1,1,0.000000,0.258366,0.000000
980,data/3D_cc_images.npz,0,100,cpu,cpu,1,1,0.000000,0.256959,0.000000
981,data/3D_cc_images.npz,0,100,cpu,cpu,1,1,0.000000,0.258067,0.000000
982,data/3D_cc_images.npz,0,100,cpu,cpu,1,1,0.000000,0.256796,0.000000
983,data/3D_cc_images.npz,0,100,cpu,cpu,1,1,0.000000,0.257041,0.000000
984,data/3D_cc_images.npz,0,100,cpu,cpu,1,1,0.000000,0.258267,0.000000
985,data/3D_cc_images.npz,0,100,cpu,cpu,1,1,0.000000,0.256503,0.000000
986,data/3D_cc_images.npz,0,100,cpu,cpu,1,1,0.000000,0.257094,0.000000
987,data/3D_cc_images.npz,0,100,cpu,cpu,1,1,0.000000,0.257034,0.000000
988,data/3D_cc_images.npz,0,100,cpu,cpu,1,1,0.000000,0.257341,0.000000
989,data/3D_cc_images.npz,0,100,cpu,cpu,1,1,0.000000,0.257056,0.000000
990,data/3D_cc_images.npz,0,100,cpu,cpu,1,1,0.000000,0.257520,0.000000
991,data/3D_cc_images.npz,0,100,cpu,cpu,1,1,0.000000,0.256553,0.000000
992,data/3D_cc_images.npz,0,100,cpu,cpu,1,1,0.000000,0.257148,0.000000
993,data/3D_cc_images.npz,0,100,cpu,cpu,1,1,0.000000,0.256483,0.000000
994,data/3D_cc_images.npz,0,100,cpu,cpu,1,1,0.000000,0.257279,0.000000
995,data/3D_cc_images.npz,0,100,cpu,cpu,1,1,0.000000,0.256420,0.000000
996,data/3D_cc_images.npz,0,100,cpu,cpu,1,1,0.000000,0.257601,0.000000
997,data/3D_cc_images.npz,0,100,cpu,cpu,1,1,0.000000,0.258075,0.000000
998,data/3D_cc_images.npz,0,100,cpu,cpu,1,1,0.000000,0.258303,0.000000
999,data/3D_cc_images.npz,0,100,cpu,cpu,1,1,0.000000,0.257227,0.000000
