image_index,data_path,num_directions,num_timesteps,device_requested,device_used,batch_size,num_cores,complex_construction_time,computation_time,vectorization_time
0,data/3D_cc_images.npz,0,100,cpu,cpu,1,16,0.000000,0.052448,0.000000
1,data/3D_cc_images.npz,0,100,cpu,cpu,1,16,0.000000,0.107925,0.000000
2,data/3D_cc_images.npz,0,100,cpu,cpu,1,16,0.000000,0.079610,0.000000
3,data/3D_cc_images.npz,0,100,cpu,cpu,1,16,0.000000,0.076771,0.000000
4,data/3D_cc_images.npz,0,100,cpu,cpu,1,16,0.000000,0.085933,0.000000
5,data/3D_cc_images.npz,0,100,cpu,cpu,1,16,0.000000,0.083027,0.000000
6,data/3D_cc_images.npz,0,100,cpu,cpu,1,16,0.000000,0.083581,0.000000
7,data/3D_cc_images.npz,0,100,cpu,cpu,1,16,0.000000,0.085105,0.000000
8,data/3D_cc_images.npz,0,100,cpu,cpu,1,16,0.000000,0.083211,0.000000
9,data/3D_cc_images.npz,0,100,cpu,cpu,1,16,0.000000,0.055359,0.000000
10,data/3D_cc_images.npz,0,100,cpu,cpu,1,16,0.000000,0.080027,0.000000
11,data/3D_cc_images.npz,0,100,cpu,cpu,1,16,0.000000,0.080036,0.000000
12,data/3D_cc_images.npz,0,100,cpu,cpu,1,16,0.000000,0.029095,0.000000
13,data/3D_cc_images.npz,0,100,cpu,cpu,1,16,0.000000,0.041506,0.000000
14,data/3D_cc_images.npz,0,100,cpu,cpu,1,16,0.000000,0.088047,0.000000
15,data/3D_cc_images.npz,0,100,cpu,cpu,1,16,0.000000,0.089611,0.000000
16,data/3D_cc_images.npz,0,100,cpu,cpu,1,16,0.000000,0.078184,0.000000
17,data/3D_cc_images.npz,0,100,cpu,cpu,1,16,0.000000,0.077858,0.000000
18,data/3D_cc_images.npz,0,100,cpu,cpu,1,16,0.000000,0.068671,0.000000
19,data/3D_cc_images.npz,0,100,cpu,cpu,1,16,0.000000,0.082370,0.000000
20,data/3D_cc_images.npz,0,100,cpu,cpu,1,16,0.000000,0.083138,0.000000
21,data/3D_cc_images.npz,0,100,cpu,cpu,1,16,0.000000,0.082690,0.000000
22,data/3D_cc_images.npz,0,100,cpu,cpu,1,16,0.000000,0.079812,0.000000
23,data/3D_cc_images.npz,0,100,cpu,cpu,1,16,0.000000,0.037009,0.000000
24,data/3D_cc_images.npz,0,100,cpu,cpu,1,16,0.000000,0.084880,0.000000
25,data/3D_cc_images.npz,0,100,cpu,cpu,1,16,0.000000,0.075188,0.000000
26,data/3D_cc_images.npz,0,100,cpu,cpu,1,16,0.000000,0.084562,0.000000
27,data/3D_cc_images.npz,0,100,cpu,cpu,1,16,0.000000,0.083636,0.000000
28,data/3D_cc_images.npz,0,100,cpu,cpu,1,16,0.000000,0.082335,0.000000
29,data/3D_cc_images.npz,0,100,cpu,cpu,1,16,0.000000,0.082142,0.000000
30,data/3D_cc_images.npz,0,100,cpu,cpu,1,16,0.000000,0.085532,0.000000
31,data/3D_cc_images.npz,0,100,cpu,cpu,1,16,0.000000,0.083395,0.000000
32,data/3D_cc_images.npz,0,100,cpu,cpu,1,16,0.000000,0.084951,0.000000
33,data/3D_cc_images.npz,0,100,cpu,cpu,1,16,0.000000,0.085342,0.000000
34,data/3D_cc_images.npz,0,100,cpu,cpu,1,16,0.000000,0.072783,0.000000
35,data/3D_cc_images.npz,0,100,cpu,cpu,1,16,0.000000,0.044168,0.000000
36,data/3D_cc_images.npz,0,100,cpu,cpu,1,16,0.000000,0.083334,0.000000
37,data/3D_cc_images.npz,0,100,cpu,cpu,1,16,0.000000,0.085938,0.000000
38,data/3D_cc_images.npz,0,100,cpu,cpu,1,16,0.000000,0.083421,0.000000
39,data/3D_cc_images.npz,0,100,cpu,cpu,1,16,0.000000,0.083633,0.000000
40,data/3D_cc_images.npz,0,100,cpu,cpu,1,16,0.000000,0.082760,0.000000
41,data/3D_cc_images.npz,0,100,cpu,cpu,1,16,0.000000,0.079538,0.000000
42,data/3D_cc_images.npz,0,100,cpu,cpu,1,16,0.000000,0.084339,0.000000
43,data/3D_cc_images.npz,0,100,cpu,cpu,1,16,0.000000,0.084594,0.000000
44,data/3D_cc_images.npz,0,100,cpu,cpu,1,16,0.000000,0.083998,0.000000
45,data/3D_cc_images.npz,0,100,cpu,cpu,1,16,0.000000,0.083991,0.000000
46,data/3D_cc_images.npz,0,100,cpu,cpu,1,16,0.000000,0.082191,0.000000
47,data/3D_cc_images.npz,0,100,cpu,cpu,1,16,0.000000,0.084066,0.000000
48,data/3D_cc_images.npz,0,100,cpu,cpu,1,16,0.000000,0.085890,0.000000
49,data/3D_cc_images.npz,0,100,cpu,cpu,1,16,0.000000,0.081821,0.000000
50,data/3D_cc_images.npz,0,100,cpu,cpu,1,16,0.000000,0.083972,0.000000
51,data/3D_cc_images.npz,0,100,cpu,cpu,1,16,0.000000,0.086541,0.000000
52,data/3D_cc_images.npz,0,100,cpu,cpu,1,16,0.000000,0.079224,0.000000
53,data/3D_cc_images.npz,0,100,cpu,cpu,1,16,0.000000,0.082324,0.000000
54,data/3D_cc_images.npz,0,100,cpu,cpu,1,16,0.000000,0.079133,0.000000
55,data/3D_cc_images.npz,0,100,cpu,cpu,1,16,0.000000,0.082043,0.000000
56,data/3D_cc_images.npz,0,100,cpu,cpu,1,16,0.000000,0.083250,0.000000
57,data/3D_cc_images.npz,0,100,cpu,cpu,1,16,0.000000,0.085284,0.000000
58,data/3D_cc_images.npz,0,100,cpu,cpu,1,16,0.000000,0.077862,0.000000
59,data/3D_cc_images.npz,0,100,cpu,cpu,1,16,0.000000,0.084049,0.000000
60,data/3D_cc_images.npz,0,100,cpu,cpu,1,16,0.000000,0.081795,0.000000
61,data/3D_cc_images.npz,0,100,cpu,cpu,1,16,0.000000,0.082166,0.000000
62,data/3D_cc_images.npz,0,100,cpu,cpu,1,16,0.000000,0.082505,0.000000
63,data/3D_cc_images.npz,0,100,cpu,cpu,1,16,0.000000,0.082153,0.000000
64,data/3D_cc_images.npz,0,100,cpu,cpu,1,16,0.000000,0.081971,0.000000
65,data/3D_cc_images.npz,0,100,cpu,cpu,1,16,0.000000,0.082342,0.000000
66,data/3D_cc_images.npz,0,100,cpu,cpu,1,16,0.000000,0.084370,0.000000
67,data/3D_cc_images.npz,0,100,cpu,cpu,1,16,0.000000,0.081893,0.000000
68,data/3D_cc_images.npz,0,100,cpu,cpu,1,16,0.000000,0.083367,0.000000
69,data/3D_cc_images.npz,0,100,cpu,cpu,1,16,0.000000,0.084898,0.000000
70,data/3D_cc_images.npz,0,100,cpu,cpu,1,16,0.000000,0.081730,0.000000
71,data/3D_cc_images.npz,0,100,cpu,cpu,1,16,0.000000,0.088563,0.000000
72,data/3D_cc_images.npz,0,100,cpu,cpu,1,16,0.000000,0.082997,0.000000
73,data/3D_cc_images.npz,0,100,cpu,cpu,1,16,0.000000,0.086161,0.000000
74,data/3D_cc_images.npz,0,100,cpu,cpu,1,16,0.000000,0.082641,0.000000
75,data/3D_cc_images.npz,0,100,cpu,cpu,1,16,0.000000,0.081680,0.000000
76,data/3D_cc_images.npz,0,100,cpu,cpu,1,16,0.000000,0.081636,0.000000
77,data/3D_cc_images.npz,0,100,cpu,cpu,1,16,0.000000,0.080199,0.000000
78,data/3D_cc_images.npz,0,100,cpu,cpu,1,16,0.000000,0.081615,0.000000
79,data/3D_cc_images.npz,0,100,cpu,cpu,1,16,0.000000,0.081933,0.000000
80,data/3D_cc_images.npz,0,100,cpu,cpu,1,16,0.000000,0.082625,0.000000
81,data/3D_cc_images.npz,0,100,cpu,cpu,1,16,0.000000,0.081762,0.000000
82,data/3D_cc_images.npz,0,100,cpu,cpu,1,16,0.000000,0.081512,0.000000
83,data/3D_cc_images.npz,0,100,cpu,cpu,1,16,0.000000,0.084066,0.000000
84,data/3D_cc_images.npz,0,100,cpu,cpu,1,16,0.000000,0.081441,0.000000
85,data/3D_cc_images.npz,0,100,cpu,cpu,1,16,0.000000,0.080741,0.000000
86,data/3D_cc_images.npz,0,100,cpu,cpu,1,16,0.000000,0.082193,0.000000
87,data/3D_cc_images.npz,0,100,cpu,cpu,1,16,0.000000,0.083691,0.000000
88,data/3D_cc_images.npz,0,100,cpu,cpu,1,16,0.000000,0.080704,0.000000
89,data/3D_cc_images.npz,0,100,cpu,cpu,1,16,0.000000,0.083749,0.000000
90,data/3D_cc_images.npz,0,100,cpu,cpu,1,16,0.000000,0.083625,0.000000
91,data/3D_cc_images.npz,0,100,cpu,cpu,1,16,0.000000,0.082823,0.000000
92,data/3D_cc_images.npz,0,100,cpu,cpu,1,16,0.000000,0.084295,0.000000
93,data/3D_cc_images.npz,0,100,cpu,cpu,1,16,0.000000,0.082498,0.000000
94,data/3D_cc_images.npz,0,100,cpu,cpu,1,16,0.000000,0.082848,0.000000
95,data/3D_cc_images.npz,0,100,cpu,cpu,1,16,0.000000,0.081640,0.000000
96,data/3D_cc_images.npz,0,100,cpu,cpu,1,16,0.000000,0.084215,0.000000
97,data/3D_cc_images.npz,0,100,cpu,cpu,1,16,0.000000,0.084107,0.000000
98,data/3D_cc_images.npz,0,100,cpu,cpu,1,16,0.000000,0.082228,0.000000
99,data/3D_cc_images.npz,0,100,cpu,cpu,1,16,0.000000,0.045749,0.000000
100,data/3D_cc_images.npz,0,100,cpu,cpu,1,16,0.000000,0.086020,0.000000
101,data/3D_cc_images.npz,0,100,cpu,cpu,1,16,0.000000,0.078547,0.000000
102,data/3D_cc_images.npz,0,100,cpu,cpu,1,16,0.000000,0.048926,0.000000
103,data/3D_cc_images.npz,0,100,cpu,cpu,1,16,0.000000,0.082088,0.000000
104,data/3D_cc_images.npz,0,100,cpu,cpu,1,16,0.000000,0.082229,0.000000
105,data/3D_cc_images.npz,0,100,cpu,cpu,1,16,0.000000,0.080441,0.000000
106,data/3D_cc_images.npz,0,100,cpu,cpu,1,16,0.000000,0.085605,0.000000
107,data/3D_cc_images.npz,0,100,cpu,cpu,1,16,0.000000,0.083450,0.000000
108,data/3D_cc_images.npz,0,100,cpu,cpu,1,16,0.000000,0.078758,0.000000
109,data/3D_cc_images.npz,0,100,cpu,cpu,1,16,0.000000,0.036329,0.000000
110,data/3D_cc_images.npz,0,100,cpu,cpu,1,16,0.000000,0.085613,0.000000
111,data/3D_cc_images.npz,0,100,cpu,cpu,1,16,0.000000,0.088982,0.000000
112,data/3D_cc_images.npz,0,100,cpu,cpu,1,16,0.000000,0.086290,0.000000
113,data/3D_cc_images.npz,0,100,cpu,cpu,1,16,0.000000,0.037160,0.000000
114,data/3D_cc_images.npz,0,100,cpu,cpu,1,16,0.000000,0.082592,0.000000
115,data/3D_cc_images.npz,0,100,cpu,cpu,1,16,0.000000,0.042332,0.000000
116,data/3D_cc_images.npz,0,100,cpu,cpu,1,16,0.000000,0.040658,0.000000
117,data/3D_cc_images.npz,0,100,cpu,cpu,1,16,0.000000,0.081359,0.000000
118,data/3D_cc_images.npz,0,100,cpu,cpu,1,16,0.000000,0.042724,0.000000
119,data/3D_cc_images.npz,0,100,cpu,cpu,1,16,0.000000,0.043231,0.000000
120,data/3D_cc_images.npz,0,100,cpu,cpu,1,16,0.000000,0.073638,0.000000
121,data/3D_cc_images.npz,0,100,cpu,cpu,1,16,0.000000,0.026236,0.000000
122,data/3D_cc_images.npz,0,100,cpu,cpu,1,16,0.000000,0.042393,0.000000
123,data/3D_cc_images.npz,0,100,cpu,cpu,1,16,0.000000,0.034919,0.000000
124,data/3D_cc_images.npz,0,100,cpu,cpu,1,16,0.000000,0.080606,0.000000
125,data/3D_cc_images.npz,0,100,cpu,cpu,1,16,0.000000,0.082582,0.000000
126,data/3D_cc_images.npz,0,100,cpu,cpu,1,16,0.000000,0.084149,0.000000
127,data/3D_cc_images.npz,0,100,cpu,cpu,1,16,0.000000,0.084323,0.000000
128,data/3D_cc_images.npz,0,100,cpu,cpu,1,16,0.000000,0.085150,0.000000
129,data/3D_cc_images.npz,0,100,cpu,cpu,1,16,0.000000,0.078842,0.000000
130,data/3D_cc_images.npz,0,100,cpu,cpu,1,16,0.000000,0.039311,0.000000
131,data/3D_cc_images.npz,0,100,cpu,cpu,1,16,0.000000,0.046191,0.000000
132,data/3D_cc_images.npz,0,100,cpu,cpu,1,16,0.000000,0.085189,0.000000
133,data/3D_cc_images.npz,0,100,cpu,cpu,1,16,0.000000,0.043660,0.000000
134,data/3D_cc_images.npz,0,100,cpu,cpu,1,16,0.000000,0.042783,0.000000
135,data/3D_cc_images.npz,0,100,cpu,cpu,1,16,0.000000,0.086210,0.000000
136,data/3D_cc_images.npz,0,100,cpu,cpu,1,16,0.000000,0.082264,0.000000
137,data/3D_cc_images.npz,0,100,cpu,cpu,1,16,0.000000,0.082419,0.000000
138,data/3D_cc_images.npz,0,100,cpu,cpu,1,16,0.000000,0.081260,0.000000
139,data/3D_cc_images.npz,0,100,cpu,cpu,1,16,0.000000,0.081981,0.000000
140,data/3D_cc_images.npz,0,100,cpu,cpu,1,16,0.000000,0.081194,0.000000
141,data/3D_cc_images.npz,0,100,cpu,cpu,1,16,0.000000,0.083551,0.000000
142,data/3D_cc_images.npz,0,100,cpu,cpu,1,16,0.000000,0.067748,0.000000
143,data/3D_cc_images.npz,0,100,cpu,cpu,1,16,0.000000,0.083336,0.000000
144,data/3D_cc_images.npz,0,100,cpu,cpu,1,16,0.000000,0.083405,0.000000
145,data/3D_cc_images.npz,0,100,cpu,cpu,1,16,0.000000,0.077484,0.000000
146,data/3D_cc_images.npz,0,100,cpu,cpu,1,16,0.000000,0.061356,0.000000
147,data/3D_cc_images.npz,0,100,cpu,cpu,1,16,0.000000,0.037237,0.000000
148,data/3D_cc_images.npz,0,100,cpu,cpu,1,16,0.000000,0.082456,0.000000
149,data/3D_cc_images.npz,0,100,cpu,cpu,1,16,0.000000,0.081719,0.000000
150,data/3D_cc_images.npz,0,100,cpu,cpu,1,16,0.000000,0.083878,0.000000
151,data/3D_cc_images.npz,0,100,cpu,cpu,1,16,0.000000,0.082124,0.000000
152,data/3D_cc_images.npz,0,100,cpu,cpu,1,16,0.000000,0.083260,0.000000
153,data/3D_cc_images.npz,0,100,cpu,cpu,1,16,0.000000,0.084921,0.000000
154,data/3D_cc_images.npz,0,100,cpu,cpu,1,16,0.000000,0.084098,0.000000
155,data/3D_cc_images.npz,0,100,cpu,cpu,1,16,0.000000,0.084731,0.000000
156,data/3D_cc_images.npz,0,100,cpu,cpu,1,16,0.000000,0.070831,0.000000
157,data/3D_cc_images.npz,0,100,cpu,cpu,1,16,0.000000,0.082893,0.000000
158,data/3D_cc_images.npz,0,100,cpu,cpu,1,16,0.000000,0.081294,0.000000
159,data/3D_cc_images.npz,0,100,cpu,cpu,1,16,0.000000,0.083522,0.000000
160,data/3D_cc_images.npz,0,100,cpu,cpu,1,16,0.000000,0.083068,0.000000
161,data/3D_cc_images.npz,0,100,cpu,cpu,1,16,0.000000,0.082415,0.000000
162,data/3D_cc_images.npz,0,100,cpu,cpu,1,16,0.000000,0.074412,0.000000
163,data/3D_cc_images.npz,0,100,cpu,cpu,1,16,0.000000,0.082798,0.000000
164,data/3D_cc_images.npz,0,100,cpu,cpu,1,16,0.000000,0.084542,0.000000
165,data/3D_cc_images.npz,0,100,cpu,cpu,1,16,0.000000,0.083750,0.000000
166,data/3D_cc_images.npz,0,100,cpu,cpu,1,16,0.000000,0.081062,0.000000
167,data/3D_cc_images.npz,0,100,cpu,cpu,1,16,0.000000,0.085643,0.000000
168,data/3D_cc_images.npz,0,100,cpu,cpu,1,16,0.000000,0.082379,0.000000
169,data/3D_cc_images.npz,0,100,cpu,cpu,1,16,0.000000,0.076812,0.000000
170,data/3D_cc_images.npz,0,100,cpu,cpu,1,16,0.000000,0.086381,0.000000
171,data/3D_cc_images.npz,0,100,cpu,cpu,1,16,0.000000,0.070820,0.000000
172,data/3D_cc_images.npz,0,100,cpu,cpu,1,16,0.000000,0.078327,0.000000
173,data/3D_cc_images.npz,0,100,cpu,cpu,1,16,0.000000,0.085151,0.000000
174,data/3D_cc_images.npz,0,100,cpu,cpu,1,16,0.000000,0.078305,0.000000
175,data/3D_cc_images.npz,0,100,cpu,cpu,1,16,0.000000,0.083687,0.000000
176,data/3D_cc_images.npz,0,100,cpu,cpu,1,16,0.000000,0.085265,0.000000
177,data/3D_cc_images.npz,0,100,cpu,cpu,1,16,0.000000,0.041966,0.000000
178,data/3D_cc_images.npz,0,100,cpu,cpu,1,16,0.000000,0.085454,0.000000
179,data/3D_cc_images.npz,0,100,cpu,cpu,1,16,0.000000,0.082358,0.000000
180,data/3D_cc_images.npz,0,100,cpu,cpu,1,16,0.000000,0.072612,0.000000
181,data/3D_cc_images.npz,0,100,cpu,cpu,1,16,0.000000,0.059571,0.000000
182,data/3D_cc_images.npz,0,100,cpu,cpu,1,16,0.000000,0.060597,0.000000
183,data/3D_cc_images.npz,0,100,cpu,cpu,1,16,0.000000,0.081598,0.000000
184,data/3D_cc_images.npz,0,100,cpu,cpu,1,16,0.000000,0.080655,0.000000
185,data/3D_cc_images.npz,0,100,cpu,cpu,1,16,0.000000,0.080081,0.000000
186,data/3D_cc_images.npz,0,100,cpu,cpu,1,16,0.000000,0.078322,0.000000
187,data/3D_cc_images.npz,0,100,cpu,cpu,1,16,0.000000,0.084403,0.000000
188,data/3D_cc_images.npz,0,100,cpu,cpu,1,16,0.000000,0.082163,0.000000
189,data/3D_cc_images.npz,0,100,cpu,cpu,1,16,0.000000,0.085474,0.000000
190,data/3D_cc_images.npz,0,100,cpu,cpu,1,16,0.000000,0.067512,0.000000
191,data/3D_cc_images.npz,0,100,cpu,cpu,1,16,0.000000,0.075138,0.000000
192,data/3D_cc_images.npz,0,100,cpu,cpu,1,16,0.000000,0.085094,0.000000
193,data/3D_cc_images.npz,0,100,cpu,cpu,1,16,0.000000,0.081311,0.000000
194,data/3D_cc_images.npz,0,100,cpu,cpu,1,16,0.000000,0.082291,0.000000
195,data/3D_cc_images.npz,0,100,cpu,cpu,1,16,0.000000,0.081888,0.000000
196,data/3D_cc_images.npz,0,100,cpu,cpu,1,16,0.000000,0.084604,0.000000
197,data/3D_cc_images.npz,0,100,cpu,cpu,1,16,0.000000,0.084167,0.000000
198,data/3D_cc_images.npz,0,100,cpu,cpu,1,16,0.000000,0.082219,0.000000
199,data/3D_cc_images.npz,0,100,cpu,cpu,1,16,0.000000,0.075468,0.000000
200,data/3D_cc_images.npz,0,100,cpu,cpu,1,16,0.000000,0.083761,0.000000
201,data/3D_cc_images.npz,0,100,cpu,cpu,1,16,0.000000,0.036492,0.000000
202,data/3D_cc_images.npz,0,100,cpu,cpu,1,16,0.000000,0.078990,0.000000
203,data/3D_cc_images.npz,0,100,cpu,cpu,1,16,0.000000,0.078877,0.000000
204,data/3D_cc_images.npz,0,100,cpu,cpu,1,16,0.000000,0.080393,0.000000
205,data/3D_cc_images.npz,0,100,cpu,cpu,1,16,0.000000,0.081182,0.000000
206,data/3D_cc_images.npz,0,100,cpu,cpu,1,16,0.000000,0.077246,0.000000
207,data/3D_cc_images.npz,0,100,cpu,cpu,1,16,0.000000,0.039334,0.000000
208,data/3D_cc_images.npz,0,100,cpu,cpu,1,16,0.000000,0.035766,0.000000
209,data/3D_cc_images.npz,0,100,cpu,cpu,1,16,0.000000,0.081485,0.000000
210,data/3D_cc_images.npz,0,100,cpu,cpu,1,16,0.000000,0.078511,0.000000
211,data/3D_cc_images.npz,0,100,cpu,cpu,1,16,0.000000,0.081167,0.000000
212,data/3D_cc_images.npz,0,100,cpu,cpu,1,16,0.000000,0.081953,0.000000
213,data/3D_cc_images.npz,0,100,cpu,cpu,1,16,0.000000,0.083045,0.000000
214,data/3D_cc_images.npz,0,100,cpu,cpu,1,16,0.000000,0.058592,0.000000
215,data/3D_cc_images.npz,0,100,cpu,cpu,1,16,0.000000,0.076626,0.000000
216,data/3D_cc_images.npz,0,100,cpu,cpu,1,16,0.000000,0.079976,0.000000
217,data/3D_cc_images.npz,0,100,cpu,cpu,1,16,0.000000,0.082586,0.000000
218,data/3D_cc_images.npz,0,100,cpu,cpu,1,16,0.000000,0.082722,0.000000
219,data/3D_cc_images.npz,0,100,cpu,cpu,1,16,0.000000,0.085805,0.000000
220,data/3D_cc_images.npz,0,100,cpu,cpu,1,16,0.000000,0.081361,0.000000
221,data/3D_cc_images.npz,0,100,cpu,cpu,1,16,0.000000,0.077967,0.000000
222,data/3D_cc_images.npz,0,100,cpu,cpu,1,16,0.000000,0.083516,0.000000
223,data/3D_cc_images.npz,0,100,cpu,cpu,1,16,0.000000,0.070986,0.000000
224,data/3D_cc_images.npz,0,100,cpu,cpu,1,16,0.000000,0.083555,0.000000
225,data/3D_cc_images.npz,0,100,cpu,cpu,1,16,0.000000,0.082751,0.000000
226,data/3D_cc_images.npz,0,100,cpu,cpu,1,16,0.000000,0.085113,0.000000
227,data/3D_cc_images.npz,0,100,cpu,cpu,1,16,0.000000,0.082239,0.000000
228,data/3D_cc_images.npz,0,100,cpu,cpu,1,16,0.000000,0.043580,0.000000
229,data/3D_cc_images.npz,0,100,cpu,cpu,1,16,0.000000,0.065463,0.000000
230,data/3D_cc_images.npz,0,100,cpu,cpu,1,16,0.000000,0.068163,0.000000
231,data/3D_cc_images.npz,0,100,cpu,cpu,1,16,0.000000,0.035054,0.000000
232,data/3D_cc_images.npz,0,100,cpu,cpu,1,16,0.000000,0.037700,0.000000
233,data/3D_cc_images.npz,0,100,cpu,cpu,1,16,0.000000,0.053686,0.000000
234,data/3D_cc_images.npz,0,100,cpu,cpu,1,16,0.000000,0.082203,0.000000
235,data/3D_cc_images.npz,0,100,cpu,cpu,1,16,0.000000,0.077304,0.000000
236,data/3D_cc_images.npz,0,100,cpu,cpu,1,16,0.000000,0.081497,0.000000
237,data/3D_cc_images.npz,0,100,cpu,cpu,1,16,0.000000,0.037014,0.000000
238,data/3D_cc_images.npz,0,100,cpu,cpu,1,16,0.000000,0.083503,0.000000
239,data/3D_cc_images.npz,0,100,cpu,cpu,1,16,0.000000,0.082307,0.000000
240,data/3D_cc_images.npz,0,100,cpu,cpu,1,16,0.000000,0.036729,0.000000
241,data/3D_cc_images.npz,0,100,cpu,cpu,1,16,0.000000,0.086920,0.000000
242,data/3D_cc_images.npz,0,100,cpu,cpu,1,16,0.000000,0.082875,0.000000
243,data/3D_cc_images.npz,0,100,cpu,cpu,1,16,0.000000,0.088131,0.000000
244,data/3D_cc_images.npz,0,100,cpu,cpu,1,16,0.000000,0.061846,0.000000
245,data/3D_cc_images.npz,0,100,cpu,cpu,1,16,0.000000,0.082732,0.000000
246,data/3D_cc_images.npz,0,100,cpu,cpu,1,16,0.000000,0.084473,0.000000
247,data/3D_cc_images.npz,0,100,cpu,cpu,1,16,0.000000,0.071406,0.000000
248,data/3D_cc_images.npz,0,100,cpu,cpu,1,16,0.000000,0.036740,0.000000
249,data/3D_cc_images.npz,0,100,cpu,cpu,1,16,0.000000,0.071976,0.000000
250,data/3D_cc_images.npz,0,100,cpu,cpu,1,16,0.000000,0.082423,0.000000
251,data/3D_cc_images.npz,0,100,cpu,cpu,1,16,0.000000,0.073891,0.000000
252,data/3D_cc_images.npz,0,100,cpu,cpu,1,16,0.000000,0.083817,0.000000
253,data/3D_cc_images.npz,0,100,cpu,cpu,1,16,0.000000,0.083580,0.000000
254,data/3D_cc_images.npz,0,100,cpu,cpu,1,16,0.000000,0.037335,0.000000
255,data/3D_cc_images.npz,0,100,cpu,cpu,1,16,0.000000,0.073611,0.000000
256,data/3D_cc_images.npz,0,100,cpu,cpu,1,16,0.000000,0.036806,0.000000
257,data/3D_cc_images.npz,0,100,cpu,cpu,1,16,0.000000,0.084146,0.000000
258,data/3D_cc_images.npz,0,100,cpu,cpu,1,16,0.000000,0.078695,0.000000
259,data/3D_cc_images.npz,0,100,cpu,cpu,1,16,0.000000,0.081933,0.000000
260,data/3D_cc_images.npz,0,100,cpu,cpu,1,16,0.000000,0.083551,0.000000
261,data/3D_cc_images.npz,0,100,cpu,cpu,1,16,0.000000,0.082520,0.000000
262,data/3D_cc_images.npz,0,100,cpu,cpu,1,16,0.000000,0.081378,0.000000
263,data/3D_cc_images.npz,0,100,cpu,cpu,1,16,0.000000,0.081677,0.000000
264,data/3D_cc_images.npz,0,100,cpu,cpu,1,16,0.000000,0.081771,0.000000
265,data/3D_cc_images.npz,0,100,cpu,cpu,1,16,0.000000,0.084590,0.000000
266,data/3D_cc_images.npz,0,100,cpu,cpu,1,16,0.000000,0.079860,0.000000
267,data/3D_cc_images.npz,0,100,cpu,cpu,1,16,0.000000,0.082147,0.000000
268,data/3D_cc_images.npz,0,100,cpu,cpu,1,16,0.000000,0.071910,0.000000
269,data/3D_cc_images.npz,0,100,cpu,cpu,1,16,0.000000,0.077305,0.000000
270,data/3D_cc_images.npz,0,100,cpu,cpu,1,16,0.000000,0.082820,0.000000
271,data/3D_cc_images.npz,0,100,cpu,cpu,1,16,0.000000,0.082007,0.000000
272,data/3D_cc_images.npz,0,100,cpu,cpu,1,16,0.000000,0.083059,0.000000
273,data/3D_cc_images.npz,0,100,cpu,cpu,1,16,0.000000,0.083546,0.000000
274,data/3D_cc_images.npz,0,100,cpu,cpu,1,16,0.000000,0.085469,0.000000
275,data/3D_cc_images.npz,0,100,cpu,cpu,1,16,0.000000,0.036585,0.000000
276,data/3D_cc_images.npz,0,100,cpu,cpu,1,16,0.000000,0.078723,0.000000
277,data/3D_cc_images.npz,0,100,cpu,cpu,1,16,0.000000,0.083019,0.000000
278,data/3D_cc_images.npz,0,100,cpu,cpu,1,16,0.000000,0.082220,0.000000
279,data/3D_cc_images.npz,0,100,cpu,cpu,1,16,0.000000,0.082003,0.000000
280,data/3D_cc_images.npz,0,100,cpu,cpu,1,16,0.000000,0.076751,0.000000
281,data/3D_cc_images.npz,0,100,cpu,cpu,1,16,0.000000,0.082261,0.000000
282,data/3D_cc_images.npz,0,100,cpu,cpu,1,16,0.000000,0.084779,0.000000
283,data/3D_cc_images.npz,0,100,cpu,cpu,1,16,0.000000,0.073234,0.000000
284,data/3D_cc_images.npz,0,100,cpu,cpu,1,16,0.000000,0.082038,0.000000
285,data/3D_cc_images.npz,0,100,cpu,cpu,1,16,0.000000,0.081773,0.000000
286,data/3D_cc_images.npz,0,100,cpu,cpu,1,16,0.000000,0.082444,0.000000
287,data/3D_cc_images.npz,0,100,cpu,cpu,1,16,0.000000,0.045642,0.000000
288,data/3D_cc_images.npz,0,100,cpu,cpu,1,16,0.000000,0.045685,0.000000
289,data/3D_cc_images.npz,0,100,cpu,cpu,1,16,0.000000,0.045614,0.000000
290,data/3D_cc_images.npz,0,100,cpu,cpu,1,16,0.000000,0.045966,0.000000
291,data/3D_cc_images.npz,0,100,cpu,cpu,1,16,0.000000,0.085235,0.000000
292,data/3D_cc_images.npz,0,100,cpu,cpu,1,16,0.000000,0.083459,0.000000
293,data/3D_cc_images.npz,0,100,cpu,cpu,1,16,0.000000,0.050783,0.000000
294,data/3D_cc_images.npz,0,100,cpu,cpu,1,16,0.000000,0.082892,0.000000
295,data/3D_cc_images.npz,0,100,cpu,cpu,1,16,0.000000,0.045486,0.000000
296,data/3D_cc_images.npz,0,100,cpu,cpu,1,16,0.000000,0.084786,0.000000
297,data/3D_cc_images.npz,0,100,cpu,cpu,1,16,0.000000,0.039494,0.000000
298,data/3D_cc_images.npz,0,100,cpu,cpu,1,16,0.000000,0.083080,0.000000
299,data/3D_cc_images.npz,0,100,cpu,cpu,1,16,0.000000,0.082781,0.000000
300,data/3D_cc_images.npz,0,100,cpu,cpu,1,16,0.000000,0.084660,0.000000
301,data/3D_cc_images.npz,0,100,cpu,cpu,1,16,0.000000,0.076714,0.000000
302,data/3D_cc_images.npz,0,100,cpu,cpu,1,16,0.000000,0.081822,0.000000
303,data/3D_cc_images.npz,0,100,cpu,cpu,1,16,0.000000,0.075070,0.000000
304,data/3D_cc_images.npz,0,100,cpu,cpu,1,16,0.000000,0.084453,0.000000
305,data/3D_cc_images.npz,0,100,cpu,cpu,1,16,0.000000,0.083775,0.000000
306,data/3D_cc_images.npz,0,100,cpu,cpu,1,16,0.000000,0.085366,0.000000
307,data/3D_cc_images.npz,0,100,cpu,cpu,1,16,0.000000,0.083030,0.000000
308,data/3D_cc_images.npz,0,100,cpu,cpu,1,16,0.000000,0.084051,0.000000
309,data/3D_cc_images.npz,0,100,cpu,cpu,1,16,0.000000,0.036817,0.000000
310,data/3D_cc_images.npz,0,100,cpu,cpu,1,16,0.000000,0.064202,0.000000
311,data/3D_cc_images.npz,0,100,cpu,cpu,1,16,0.000000,0.083838,0.000000
312,data/3D_cc_images.npz,0,100,cpu,cpu,1,16,0.000000,0.083437,0.000000
313,data/3D_cc_images.npz,0,100,cpu,cpu,1,16,0.000000,0.082039,0.000000
314,data/3D_cc_images.npz,0,100,cpu,cpu,1,16,0.000000,0.083281,0.000000
315,data/3D_cc_images.npz,0,100,cpu,cpu,1,16,0.000000,0.083058,0.000000
316,data/3D_cc_images.npz,0,100,cpu,cpu,1,16,0.000000,0.081662,0.000000
317,data/3D_cc_images.npz,0,100,cpu,cpu,1,16,0.000000,0.081022,0.000000
318,data/3D_cc_images.npz,0,100,cpu,cpu,1,16,0.000000,0.082845,0.000000
319,data/3D_cc_images.npz,0,100,cpu,cpu,1,16,0.000000,0.082903,0.000000
320,data/3D_cc_images.npz,0,100,cpu,cpu,1,16,0.000000,0.081045,0.000000
321,data/3D_cc_images.npz,0,100,cpu,cpu,1,16,0.000000,0.084027,0.000000
322,data/3D_cc_images.npz,0,100,cpu,cpu,1,16,0.000000,0.080240,0.000000
323,data/3D_cc_images.npz,0,100,cpu,cpu,1,16,0.000000,0.057037,0.000000
324,data/3D_cc_images.npz,0,100,cpu,cpu,1,16,0.000000,0.087174,0.000000
325,data/3D_cc_images.npz,0,100,cpu,cpu,1,16,0.000000,0.081962,0.000000
326,data/3D_cc_images.npz,0,100,cpu,cpu,1,16,0.000000,0.086905,0.000000
327,data/3D_cc_images.npz,0,100,cpu,cpu,1,16,0.000000,0.086495,0.000000
328,data/3D_cc_images.npz,0,100,cpu,cpu,1,16,0.000000,0.077843,0.000000
329,data/3D_cc_images.npz,0,100,cpu,cpu,1,16,0.000000,0.082253,0.000000
330,data/3D_cc_images.npz,0,100,cpu,cpu,1,16,0.000000,0.082668,0.000000
331,data/3D_cc_images.npz,0,100,cpu,cpu,1,16,0.000000,0.080293,0.000000
332,data/3D_cc_images.npz,0,100,cpu,cpu,1,16,0.000000,0.082107,0.000000
333,data/3D_cc_images.npz,0,100,cpu,cpu,1,16,0.000000,0.084423,0.000000
334,data/3D_cc_images.npz,0,100,cpu,cpu,1,16,0.000000,0.070487,0.000000
335,data/3D_cc_images.npz,0,100,cpu,cpu,1,16,0.000000,0.082363,0.000000
336,data/3D_cc_images.npz,0,100,cpu,cpu,1,16,0.000000,0.086962,0.000000
337,data/3D_cc_images.npz,0,100,cpu,cpu,1,16,0.000000,0.082180,0.000000
338,data/3D_cc_images.npz,0,100,cpu,cpu,1,16,0.000000,0.078738,0.000000
339,data/3D_cc_images.npz,0,100,cpu,cpu,1,16,0.000000,0.083670,0.000000
340,data/3D_cc_images.npz,0,100,cpu,cpu,1,16,0.000000,0.042716,0.000000
341,data/3D_cc_images.npz,0,100,cpu,cpu,1,16,0.000000,0.037579,0.000000
342,data/3D_cc_images.npz,0,100,cpu,cpu,1,16,0.000000,0.082095,0.000000
343,data/3D_cc_images.npz,0,100,cpu,cpu,1,16,0.000000,0.083313,0.000000
344,data/3D_cc_images.npz,0,100,cpu,cpu,1,16,0.000000,0.081050,0.000000
345,data/3D_cc_images.npz,0,100,cpu,cpu,1,16,0.000000,0.083219,0.000000
346,data/3D_cc_images.npz,0,100,cpu,cpu,1,16,0.000000,0.083070,0.000000
347,data/3D_cc_images.npz,0,100,cpu,cpu,1,16,0.000000,0.081895,0.000000
348,data/3D_cc_images.npz,0,100,cpu,cpu,1,16,0.000000,0.075026,0.000000
349,data/3D_cc_images.npz,0,100,cpu,cpu,1,16,0.000000,0.080835,0.000000
350,data/3D_cc_images.npz,0,100,cpu,cpu,1,16,0.000000,0.082115,0.000000
351,data/3D_cc_images.npz,0,100,cpu,cpu,1,16,0.000000,0.081230,0.000000
352,data/3D_cc_images.npz,0,100,cpu,cpu,1,16,0.000000,0.082364,0.000000
353,data/3D_cc_images.npz,0,100,cpu,cpu,1,16,0.000000,0.076590,0.000000
354,data/3D_cc_images.npz,0,100,cpu,cpu,1,16,0.000000,0.080974,0.000000
355,data/3D_cc_images.npz,0,100,cpu,cpu,1,16,0.000000,0.076769,0.000000
356,data/3D_cc_images.npz,0,100,cpu,cpu,1,16,0.000000,0.083656,0.000000
357,data/3D_cc_images.npz,0,100,cpu,cpu,1,16,0.000000,0.082513,0.000000
358,data/3D_cc_images.npz,0,100,cpu,cpu,1,16,0.000000,0.036064,0.000000
359,data/3D_cc_images.npz,0,100,cpu,cpu,1,16,0.000000,0.083049,0.000000
360,data/3D_cc_images.npz,0,100,cpu,cpu,1,16,0.000000,0.083782,0.000000
361,data/3D_cc_images.npz,0,100,cpu,cpu,1,16,0.000000,0.084137,0.000000
362,data/3D_cc_images.npz,0,100,cpu,cpu,1,16,0.000000,0.081866,0.000000
363,data/3D_cc_images.npz,0,100,cpu,cpu,1,16,0.000000,0.083785,0.000000
364,data/3D_cc_images.npz,0,100,cpu,cpu,1,16,0.000000,0.082168,0.000000
365,data/3D_cc_images.npz,0,100,cpu,cpu,1,16,0.000000,0.083200,0.000000
366,data/3D_cc_images.npz,0,100,cpu,cpu,1,16,0.000000,0.083548,0.000000
367,data/3D_cc_images.npz,0,100,cpu,cpu,1,16,0.000000,0.083765,0.000000
368,data/3D_cc_images.npz,0,100,cpu,cpu,1,16,0.000000,0.084027,0.000000
369,data/3D_cc_images.npz,0,100,cpu,cpu,1,16,0.000000,0.084902,0.000000
370,data/3D_cc_images.npz,0,100,cpu,cpu,1,16,0.000000,0.082215,0.000000
371,data/3D_cc_images.npz,0,100,cpu,cpu,1,16,0.000000,0.085164,0.000000
372,data/3D_cc_images.npz,0,100,cpu,cpu,1,16,0.000000,0.083106,0.000000
373,data/3D_cc_images.npz,0,100,cpu,cpu,1,16,0.000000,0.082198,0.000000
374,data/3D_cc_images.npz,0,100,cpu,cpu,1,16,0.000000,0.080939,0.000000
375,data/3D_cc_images.npz,0,100,cpu,cpu,1,16,0.000000,0.082503,0.000000
376,data/3D_cc_images.npz,0,100,cpu,cpu,1,16,0.000000,0.080543,0.000000
377,data/3D_cc_images.npz,0,100,cpu,cpu,1,16,0.000000,0.038543,0.000000
378,data/3D_cc_images.npz,0,100,cpu,cpu,1,16,0.000000,0.082557,0.000000
379,data/3D_cc_images.npz,0,100,cpu,cpu,1,16,0.000000,0.081120,0.000000
380,data/3D_cc_images.npz,0,100,cpu,cpu,1,16,0.000000,0.082728,0.000000
381,data/3D_cc_images.npz,0,100,cpu,cpu,1,16,0.000000,0.082253,0.000000
382,data/3D_cc_images.npz,0,100,cpu,cpu,1,16,0.000000,0.083881,0.000000
383,data/3D_cc_images.npz,0,100,cpu,cpu,1,16,0.000000,0.079582,0.000000
384,data/3D_cc_images.npz,0,100,cpu,cpu,1,16,0.000000,0.082987,0.000000
385,data/3D_cc_images.npz,0,100,cpu,cpu,1,16,0.000000,0.082420,0.000000
386,data/3D_cc_images.npz,0,100,cpu,cpu,1,16,0.000000,0.081459,0.000000
387,data/3D_cc_images.npz,0,100,cpu,cpu,1,16,0.000000,0.084857,0.000000
388,data/3D_cc_images.npz,0,100,cpu,cpu,1,16,0.000000,0.082193,0.000000
389,data/3D_cc_images.npz,0,100,cpu,cpu,1,16,0.000000,0.077844,0.000000
390,data/3D_cc_images.npz,0,100,cpu,cpu,1,16,0.000000,0.081744,0.000000
391,data/3D_cc_images.npz,0,100,cpu,cpu,1,16,0.000000,0.078965,0.000000
392,data/3D_cc_images.npz,0,100,cpu,cpu,1,16,0.000000,0.083525,0.000000
393,data/3D_cc_images.npz,0,100,cpu,cpu,1,16,0.000000,0.084239,0.000000
394,data/3D_cc_images.npz,0,100,cpu,cpu,1,16,0.000000,0.081051,0.000000
395,data/3D_cc_images.npz,0,100,cpu,cpu,1,16,0.000000,0.082090,0.000000
396,data/3D_cc_images.npz,0,100,cpu,cpu,1,16,0.000000,0.083562,0.000000
397,data/3D_cc_images.npz,0,100,cpu,cpu,1,16,0.000000,0.082125,0.000000
398,data/3D_cc_images.npz,0,100,cpu,cpu,1,16,0.000000,0.082901,0.000000
399,data/3D_cc_images.npz,0,100,cpu,cpu,1,16,0.000000,0.085145,0.000000
400,data/3D_cc_images.npz,0,100,cpu,cpu,1,16,0.000000,0.082825,0.000000
401,data/3D_cc_images.npz,0,100,cpu,cpu,1,16,0.000000,0.087219,0.000000
402,data/3D_cc_images.npz,0,100,cpu,cpu,1,16,0.000000,0.082931,0.000000
403,data/3D_cc_images.npz,0,100,cpu,cpu,1,16,0.000000,0.082920,0.000000
404,data/3D_cc_images.npz,0,100,cpu,cpu,1,16,0.000000,0.084181,0.000000
405,data/3D_cc_images.npz,0,100,cpu,cpu,1,16,0.000000,0.082458,0.000000
406,data/3D_cc_images.npz,0,100,cpu,cpu,1,16,0.000000,0.082185,0.000000
407,data/3D_cc_images.npz,0,100,cpu,cpu,1,16,0.000000,0.081291,0.000000
408,data/3D_cc_images.npz,0,100,cpu,cpu,1,16,0.000000,0.082689,0.000000
409,data/3D_cc_images.npz,0,100,cpu,cpu,1,16,0.000000,0.081715,0.000000
410,data/3D_cc_images.npz,0,100,cpu,cpu,1,16,0.000000,0.084188,0.000000
411,data/3D_cc_images.npz,0,100,cpu,cpu,1,16,0.000000,0.087690,0.000000
412,data/3D_cc_images.npz,0,100,cpu,cpu,1,16,0.000000,0.083093,0.000000
413,data/3D_cc_images.npz,0,100,cpu,cpu,1,16,0.000000,0.082606,0.000000
414,data/3D_cc_images.npz,0,100,cpu,cpu,1,16,0.000000,0.084527,0.000000
415,data/3D_cc_images.npz,0,100,cpu,cpu,1,16,0.000000,0.081632,0.000000
416,data/3D_cc_images.npz,0,100,cpu,cpu,1,16,0.000000,0.081306,0.000000
417,data/3D_cc_images.npz,0,100,cpu,cpu,1,16,0.000000,0.082941,0.000000
418,data/3D_cc_images.npz,0,100,cpu,cpu,1,16,0.000000,0.081459,0.000000
419,data/3D_cc_images.npz,0,100,cpu,cpu,1,16,0.000000,0.082262,0.000000
420,data/3D_cc_images.npz,0,100,cpu,cpu,1,16,0.000000,0.085962,0.000000
421,data/3D_cc_images.npz,0,100,cpu,cpu,1,16,0.000000,0.089868,0.000000
422,data/3D_cc_images.npz,0,100,cpu,cpu,1,16,0.000000,0.082654,0.000000
423,data/3D_cc_images.npz,0,100,cpu,cpu,1,16,0.000000,0.081395,0.000000
424,data/3D_cc_images.npz,0,100,cpu,cpu,1,16,0.000000,0.081503,0.000000
425,data/3D_cc_images.npz,0,100,cpu,cpu,1,16,0.000000,0.084311,0.000000
426,data/3D_cc_images.npz,0,100,cpu,cpu,1,16,0.000000,0.083609,0.000000
427,data/3D_cc_images.npz,0,100,cpu,cpu,1,16,0.000000,0.083245,0.000000
428,data/3D_cc_images.npz,0,100,cpu,cpu,1,16,0.000000,0.048338,0.000000
429,data/3D_cc_images.npz,0,100,cpu,cpu,1,16,0.000000,0.083954,0.000000
430,data/3D_cc_images.npz,0,100,cpu,cpu,1,16,0.000000,0.082129,0.000000
431,data/3D_cc_images.npz,0,100,cpu,cpu,1,16,0.000000,0.082660,0.000000
432,data/3D_cc_images.npz,0,100,cpu,cpu,1,16,0.000000,0.084957,0.000000
433,data/3D_cc_images.npz,0,100,cpu,cpu,1,16,0.000000,0.054808,0.000000
434,data/3D_cc_images.npz,0,100,cpu,cpu,1,16,0.000000,0.084465,0.000000
435,data/3D_cc_images.npz,0,100,cpu,cpu,1,16,0.000000,0.084495,0.000000
436,data/3D_cc_images.npz,0,100,cpu,cpu,1,16,0.000000,0.085439,0.000000
437,data/3D_cc_images.npz,0,100,cpu,cpu,1,16,0.000000,0.082281,0.000000
438,data/3D_cc_images.npz,0,100,cpu,cpu,1,16,0.000000,0.081450,0.000000
439,data/3D_cc_images.npz,0,100,cpu,cpu,1,16,0.000000,0.082734,0.000000
440,data/3D_cc_images.npz,0,100,cpu,cpu,1,16,0.000000,0.083135,0.000000
441,data/3D_cc_images.npz,0,100,cpu,cpu,1,16,0.000000,0.074472,0.000000
442,data/3D_cc_images.npz,0,100,cpu,cpu,1,16,0.000000,0.080559,0.000000
443,data/3D_cc_images.npz,0,100,cpu,cpu,1,16,0.000000,0.084295,0.000000
444,data/3D_cc_images.npz,0,100,cpu,cpu,1,16,0.000000,0.078696,0.000000
445,data/3D_cc_images.npz,0,100,cpu,cpu,1,16,0.000000,0.083074,0.000000
446,data/3D_cc_images.npz,0,100,cpu,cpu,1,16,0.000000,0.081777,0.000000
447,data/3D_cc_images.npz,0,100,cpu,cpu,1,16,0.000000,0.086234,0.000000
448,data/3D_cc_images.npz,0,100,cpu,cpu,1,16,0.000000,0.095242,0.000000
449,data/3D_cc_images.npz,0,100,cpu,cpu,1,16,0.000000,0.081846,0.000000
450,data/3D_cc_images.npz,0,100,cpu,cpu,1,16,0.000000,0.047272,0.000000
451,data/3D_cc_images.npz,0,100,cpu,cpu,1,16,0.000000,0.082700,0.000000
452,data/3D_cc_images.npz,0,100,cpu,cpu,1,16,0.000000,0.083898,0.000000
453,data/3D_cc_images.npz,0,100,cpu,cpu,1,16,0.000000,0.078729,0.000000
454,data/3D_cc_images.npz,0,100,cpu,cpu,1,16,0.000000,0.081155,0.000000
455,data/3D_cc_images.npz,0,100,cpu,cpu,1,16,0.000000,0.082259,0.000000
456,data/3D_cc_images.npz,0,100,cpu,cpu,1,16,0.000000,0.080989,0.000000
457,data/3D_cc_images.npz,0,100,cpu,cpu,1,16,0.000000,0.081819,0.000000
458,data/3D_cc_images.npz,0,100,cpu,cpu,1,16,0.000000,0.082000,0.000000
459,data/3D_cc_images.npz,0,100,cpu,cpu,1,16,0.000000,0.086288,0.000000
460,data/3D_cc_images.npz,0,100,cpu,cpu,1,16,0.000000,0.082073,0.000000
461,data/3D_cc_images.npz,0,100,cpu,cpu,1,16,0.000000,0.081912,0.000000
462,data/3D_cc_images.npz,0,100,cpu,cpu,1,16,0.000000,0.061474,0.000000
463,data/3D_cc_images.npz,0,100,cpu,cpu,1,16,0.000000,0.082999,0.000000
464,data/3D_cc_images.npz,0,100,cpu,cpu,1,16,0.000000,0.083629,0.000000
465,data/3D_cc_images.npz,0,100,cpu,cpu,1,16,0.000000,0.082785,0.000000
466,data/3D_cc_images.npz,0,100,cpu,cpu,1,16,0.000000,0.087985,0.000000
467,data/3D_cc_images.npz,0,100,cpu,cpu,1,16,0.000000,0.081745,0.000000
468,data/3D_cc_images.npz,0,100,cpu,cpu,1,16,0.000000,0.084275,0.000000
469,data/3D_cc_images.npz,0,100,cpu,cpu,1,16,0.000000,0.080467,0.000000
470,data/3D_cc_images.npz,0,100,cpu,cpu,1,16,0.000000,0.084858,0.000000
471,data/3D_cc_images.npz,0,100,cpu,cpu,1,16,0.000000,0.036899,0.000000
472,data/3D_cc_images.npz,0,100,cpu,cpu,1,16,0.000000,0.083457,0.000000
473,data/3D_cc_images.npz,0,100,cpu,cpu,1,16,0.000000,0.080815,0.000000
474,data/3D_cc_images.npz,0,100,cpu,cpu,1,16,0.000000,0.082884,0.000000
475,data/3D_cc_images.npz,0,100,cpu,cpu,1,16,0.000000,0.036692,0.000000
476,data/3D_cc_images.npz,0,100,cpu,cpu,1,16,0.000000,0.083060,0.000000
477,data/3D_cc_images.npz,0,100,cpu,cpu,1,16,0.000000,0.081112,0.000000
478,data/3D_cc_images.npz,0,100,cpu,cpu,1,16,0.000000,0.086224,0.000000
479,data/3D_cc_images.npz,0,100,cpu,cpu,1,16,0.000000,0.074301,0.000000
480,data/3D_cc_images.npz,0,100,cpu,cpu,1,16,0.000000,0.086461,0.000000
481,data/3D_cc_images.npz,0,100,cpu,cpu,1,16,0.000000,0.074199,0.000000
482,data/3D_cc_images.npz,0,100,cpu,cpu,1,16,0.000000,0.079462,0.000000
483,data/3D_cc_images.npz,0,100,cpu,cpu,1,16,0.000000,0.085724,0.000000
484,data/3D_cc_images.npz,0,100,cpu,cpu,1,16,0.000000,0.074836,0.000000
485,data/3D_cc_images.npz,0,100,cpu,cpu,1,16,0.000000,0.025897,0.000000
486,data/3D_cc_images.npz,0,100,cpu,cpu,1,16,0.000000,0.082872,0.000000
487,data/3D_cc_images.npz,0,100,cpu,cpu,1,16,0.000000,0.078805,0.000000
488,data/3D_cc_images.npz,0,100,cpu,cpu,1,16,0.000000,0.082682,0.000000
489,data/3D_cc_images.npz,0,100,cpu,cpu,1,16,0.000000,0.082633,0.000000
490,data/3D_cc_images.npz,0,100,cpu,cpu,1,16,0.000000,0.081620,0.000000
491,data/3D_cc_images.npz,0,100,cpu,cpu,1,16,0.000000,0.074369,0.000000
492,data/3D_cc_images.npz,0,100,cpu,cpu,1,16,0.000000,0.084478,0.000000
493,data/3D_cc_images.npz,0,100,cpu,cpu,1,16,0.000000,0.080685,0.000000
494,data/3D_cc_images.npz,0,100,cpu,cpu,1,16,0.000000,0.072483,0.000000
495,data/3D_cc_images.npz,0,100,cpu,cpu,1,16,0.000000,0.083298,0.000000
496,data/3D_cc_images.npz,0,100,cpu,cpu,1,16,0.000000,0.076643,0.000000
497,data/3D_cc_images.npz,0,100,cpu,cpu,1,16,0.000000,0.082598,0.000000
498,data/3D_cc_images.npz,0,100,cpu,cpu,1,16,0.000000,0.053228,0.000000
499,data/3D_cc_images.npz,0,100,cpu,cpu,1,16,0.000000,0.082091,0.000000
500,data/3D_cc_images.npz,0,100,cpu,cpu,1,16,0.000000,0.035513,0.000000
501,data/3D_cc_images.npz,0,100,cpu,cpu,1,16,0.000000,0.077856,0.000000
502,data/3D_cc_images.npz,0,100,cpu,cpu,1,16,0.000000,0.081726,0.000000
503,data/3D_cc_images.npz,0,100,cpu,cpu,1,16,0.000000,0.053686,0.000000
504,data/3D_cc_images.npz,0,100,cpu,cpu,1,16,0.000000,0.078960,0.000000
505,data/3D_cc_images.npz,0,100,cpu,cpu,1,16,0.000000,0.082206,0.000000
506,data/3D_cc_images.npz,0,100,cpu,cpu,1,16,0.000000,0.083450,0.000000
507,data/3D_cc_images.npz,0,100,cpu,cpu,1,16,0.000000,0.082610,0.000000
508,data/3D_cc_images.npz,0,100,cpu,cpu,1,16,0.000000,0.046056,0.000000
509,data/3D_cc_images.npz,0,100,cpu,cpu,1,16,0.000000,0.082354,0.000000
510,data/3D_cc_images.npz,0,100,cpu,cpu,1,16,0.000000,0.081657,0.000000
511,data/3D_cc_images.npz,0,100,cpu,cpu,1,16,0.000000,0.082301,0.000000
512,data/3D_cc_images.npz,0,100,cpu,cpu,1,16,0.000000,0.082027,0.000000
513,data/3D_cc_images.npz,0,100,cpu,cpu,1,16,0.000000,0.082435,0.000000
514,data/3D_cc_images.npz,0,100,cpu,cpu,1,16,0.000000,0.053784,0.000000
515,data/3D_cc_images.npz,0,100,cpu,cpu,1,16,0.000000,0.081847,0.000000
516,data/3D_cc_images.npz,0,100,cpu,cpu,1,16,0.000000,0.081520,0.000000
517,data/3D_cc_images.npz,0,100,cpu,cpu,1,16,0.000000,0.080930,0.000000
518,data/3D_cc_images.npz,0,100,cpu,cpu,1,16,0.000000,0.082983,0.000000
519,data/3D_cc_images.npz,0,100,cpu,cpu,1,16,0.000000,0.083305,0.000000
520,data/3D_cc_images.npz,0,100,cpu,cpu,1,16,0.000000,0.083424,0.000000
521,data/3D_cc_images.npz,0,100,cpu,cpu,1,16,0.000000,0.082566,0.000000
522,data/3D_cc_images.npz,0,100,cpu,cpu,1,16,0.000000,0.085491,0.000000
523,data/3D_cc_images.npz,0,100,cpu,cpu,1,16,0.000000,0.088951,0.000000
524,data/3D_cc_images.npz,0,100,cpu,cpu,1,16,0.000000,0.081093,0.000000
525,data/3D_cc_images.npz,0,100,cpu,cpu,1,16,0.000000,0.069049,0.000000
526,data/3D_cc_images.npz,0,100,cpu,cpu,1,16,0.000000,0.080313,0.000000
527,data/3D_cc_images.npz,0,100,cpu,cpu,1,16,0.000000,0.083118,0.000000
528,data/3D_cc_images.npz,0,100,cpu,cpu,1,16,0.000000,0.083826,0.000000
529,data/3D_cc_images.npz,0,100,cpu,cpu,1,16,0.000000,0.083744,0.000000
530,data/3D_cc_images.npz,0,100,cpu,cpu,1,16,0.000000,0.082286,0.000000
531,data/3D_cc_images.npz,0,100,cpu,cpu,1,16,0.000000,0.085150,0.000000
532,data/3D_cc_images.npz,0,100,cpu,cpu,1,16,0.000000,0.083176,0.000000
533,data/3D_cc_images.npz,0,100,cpu,cpu,1,16,0.000000,0.083842,0.000000
534,data/3D_cc_images.npz,0,100,cpu,cpu,1,16,0.000000,0.081976,0.000000
535,data/3D_cc_images.npz,0,100,cpu,cpu,1,16,0.000000,0.081946,0.000000
536,data/3D_cc_images.npz,0,100,cpu,cpu,1,16,0.000000,0.081457,0.000000
537,data/3D_cc_images.npz,0,100,cpu,cpu,1,16,0.000000,0.084284,0.000000
538,data/3D_cc_images.npz,0,100,cpu,cpu,1,16,0.000000,0.083853,0.000000
539,data/3D_cc_images.npz,0,100,cpu,cpu,1,16,0.000000,0.063755,0.000000
540,data/3D_cc_images.npz,0,100,cpu,cpu,1,16,0.000000,0.081737,0.000000
541,data/3D_cc_images.npz,0,100,cpu,cpu,1,16,0.000000,0.079005,0.000000
542,data/3D_cc_images.npz,0,100,cpu,cpu,1,16,0.000000,0.042950,0.000000
543,data/3D_cc_images.npz,0,100,cpu,cpu,1,16,0.000000,0.057999,0.000000
544,data/3D_cc_images.npz,0,100,cpu,cpu,1,16,0.000000,0.044999,0.000000
545,data/3D_cc_images.npz,0,100,cpu,cpu,1,16,0.000000,0.084348,0.000000
546,data/3D_cc_images.npz,0,100,cpu,cpu,1,16,0.000000,0.083394,0.000000
547,data/3D_cc_images.npz,0,100,cpu,cpu,1,16,0.000000,0.067294,0.000000
548,data/3D_cc_images.npz,0,100,cpu,cpu,1,16,0.000000,0.070441,0.000000
549,data/3D_cc_images.npz,0,100,cpu,cpu,1,16,0.000000,0.083965,0.000000
550,data/3D_cc_images.npz,0,100,cpu,cpu,1,16,0.000000,0.038889,0.000000
551,data/3D_cc_images.npz,0,100,cpu,cpu,1,16,0.000000,0.085559,0.000000
552,data/3D_cc_images.npz,0,100,cpu,cpu,1,16,0.000000,0.079705,0.000000
553,data/3D_cc_images.npz,0,100,cpu,cpu,1,16,0.000000,0.044552,0.000000
554,data/3D_cc_images.npz,0,100,cpu,cpu,1,16,0.000000,0.077430,0.000000
555,data/3D_cc_images.npz,0,100,cpu,cpu,1,16,0.000000,0.078684,0.000000
556,data/3D_cc_images.npz,0,100,cpu,cpu,1,16,0.000000,0.080867,0.000000
557,data/3D_cc_images.npz,0,100,cpu,cpu,1,16,0.000000,0.082124,0.000000
558,data/3D_cc_images.npz,0,100,cpu,cpu,1,16,0.000000,0.041514,0.000000
559,data/3D_cc_images.npz,0,100,cpu,cpu,1,16,0.000000,0.082680,0.000000
560,data/3D_cc_images.npz,0,100,cpu,cpu,1,16,0.000000,0.036659,0.000000
561,data/3D_cc_images.npz,0,100,cpu,cpu,1,16,0.000000,0.036095,0.000000
562,data/3D_cc_images.npz,0,100,cpu,cpu,1,16,0.000000,0.079762,0.000000
563,data/3D_cc_images.npz,0,100,cpu,cpu,1,16,0.000000,0.080888,0.000000
564,data/3D_cc_images.npz,0,100,cpu,cpu,1,16,0.000000,0.076707,0.000000
565,data/3D_cc_images.npz,0,100,cpu,cpu,1,16,0.000000,0.083257,0.000000
566,data/3D_cc_images.npz,0,100,cpu,cpu,1,16,0.000000,0.081555,0.000000
567,data/3D_cc_images.npz,0,100,cpu,cpu,1,16,0.000000,0.079428,0.000000
568,data/3D_cc_images.npz,0,100,cpu,cpu,1,16,0.000000,0.083044,0.000000
569,data/3D_cc_images.npz,0,100,cpu,cpu,1,16,0.000000,0.083096,0.000000
570,data/3D_cc_images.npz,0,100,cpu,cpu,1,16,0.000000,0.036013,0.000000
571,data/3D_cc_images.npz,0,100,cpu,cpu,1,16,0.000000,0.064839,0.000000
572,data/3D_cc_images.npz,0,100,cpu,cpu,1,16,0.000000,0.047021,0.000000
573,data/3D_cc_images.npz,0,100,cpu,cpu,1,16,0.000000,0.037335,0.000000
574,data/3D_cc_images.npz,0,100,cpu,cpu,1,16,0.000000,0.081461,0.000000
575,data/3D_cc_images.npz,0,100,cpu,cpu,1,16,0.000000,0.078961,0.000000
576,data/3D_cc_images.npz,0,100,cpu,cpu,1,16,0.000000,0.074162,0.000000
577,data/3D_cc_images.npz,0,100,cpu,cpu,1,16,0.000000,0.074341,0.000000
578,data/3D_cc_images.npz,0,100,cpu,cpu,1,16,0.000000,0.082417,0.000000
579,data/3D_cc_images.npz,0,100,cpu,cpu,1,16,0.000000,0.079446,0.000000
580,data/3D_cc_images.npz,0,100,cpu,cpu,1,16,0.000000,0.082364,0.000000
581,data/3D_cc_images.npz,0,100,cpu,cpu,1,16,0.000000,0.040639,0.000000
582,data/3D_cc_images.npz,0,100,cpu,cpu,1,16,0.000000,0.082939,0.000000
583,data/3D_cc_images.npz,0,100,cpu,cpu,1,16,0.000000,0.081600,0.000000
584,data/3D_cc_images.npz,0,100,cpu,cpu,1,16,0.000000,0.079525,0.000000
585,data/3D_cc_images.npz,0,100,cpu,cpu,1,16,0.000000,0.079290,0.000000
586,data/3D_cc_images.npz,0,100,cpu,cpu,1,16,0.000000,0.080797,0.000000
587,data/3D_cc_images.npz,0,100,cpu,cpu,1,16,0.000000,0.064881,0.000000
588,data/3D_cc_images.npz,0,100,cpu,cpu,1,16,0.000000,0.084561,0.000000
589,data/3D_cc_images.npz,0,100,cpu,cpu,1,16,0.000000,0.081316,0.000000
590,data/3D_cc_images.npz,0,100,cpu,cpu,1,16,0.000000,0.082235,0.000000
591,data/3D_cc_images.npz,0,100,cpu,cpu,1,16,0.000000,0.083282,0.000000
592,data/3D_cc_images.npz,0,100,cpu,cpu,1,16,0.000000,0.072768,0.000000
593,data/3D_cc_images.npz,0,100,cpu,cpu,1,16,0.000000,0.083661,0.000000
594,data/3D_cc_images.npz,0,100,cpu,cpu,1,16,0.000000,0.083407,0.000000
595,data/3D_cc_images.npz,0,100,cpu,cpu,1,16,0.000000,0.056717,0.000000
596,data/3D_cc_images.npz,0,100,cpu,cpu,1,16,0.000000,0.081857,0.000000
597,data/3D_cc_images.npz,0,100,cpu,cpu,1,16,0.000000,0.078946,0.000000
598,data/3D_cc_images.npz,0,100,cpu,cpu,1,16,0.000000,0.078611,0.000000
599,data/3D_cc_images.npz,0,100,cpu,cpu,1,16,0.000000,0.083103,0.000000
600,data/3D_cc_images.npz,0,100,cpu,cpu,1,16,0.000000,0.081597,0.000000
601,data/3D_cc_images.npz,0,100,cpu,cpu,1,16,0.000000,0.080570,0.000000
602,data/3D_cc_images.npz,0,100,cpu,cpu,1,16,0.000000,0.063667,0.000000
603,data/3D_cc_images.npz,0,100,cpu,cpu,1,16,0.000000,0.078259,0.000000
604,data/3D_cc_images.npz,0,100,cpu,cpu,1,16,0.000000,0.075324,0.000000
605,data/3D_cc_images.npz,0,100,cpu,cpu,1,16,0.000000,0.076240,0.000000
606,data/3D_cc_images.npz,0,100,cpu,cpu,1,16,0.000000,0.053141,0.000000
607,data/3D_cc_images.npz,0,100,cpu,cpu,1,16,0.000000,0.034841,0.000000
608,data/3D_cc_images.npz,0,100,cpu,cpu,1,16,0.000000,0.038956,0.000000
609,data/3D_cc_images.npz,0,100,cpu,cpu,1,16,0.000000,0.082846,0.000000
610,data/3D_cc_images.npz,0,100,cpu,cpu,1,16,0.000000,0.082668,0.000000
611,data/3D_cc_images.npz,0,100,cpu,cpu,1,16,0.000000,0.083561,0.000000
612,data/3D_cc_images.npz,0,100,cpu,cpu,1,16,0.000000,0.036865,0.000000
613,data/3D_cc_images.npz,0,100,cpu,cpu,1,16,0.000000,0.078824,0.000000
614,data/3D_cc_images.npz,0,100,cpu,cpu,1,16,0.000000,0.072104,0.000000
615,data/3D_cc_images.npz,0,100,cpu,cpu,1,16,0.000000,0.080745,0.000000
616,data/3D_cc_images.npz,0,100,cpu,cpu,1,16,0.000000,0.036879,0.000000
617,data/3D_cc_images.npz,0,100,cpu,cpu,1,16,0.000000,0.083186,0.000000
618,data/3D_cc_images.npz,0,100,cpu,cpu,1,16,0.000000,0.072344,0.000000
619,data/3D_cc_images.npz,0,100,cpu,cpu,1,16,0.000000,0.078019,0.000000
620,data/3D_cc_images.npz,0,100,cpu,cpu,1,16,0.000000,0.067456,0.000000
621,data/3D_cc_images.npz,0,100,cpu,cpu,1,16,0.000000,0.039073,0.000000
622,data/3D_cc_images.npz,0,100,cpu,cpu,1,16,0.000000,0.036775,0.000000
623,data/3D_cc_images.npz,0,100,cpu,cpu,1,16,0.000000,0.083838,0.000000
624,data/3D_cc_images.npz,0,100,cpu,cpu,1,16,0.000000,0.078110,0.000000
625,data/3D_cc_images.npz,0,100,cpu,cpu,1,16,0.000000,0.083048,0.000000
626,data/3D_cc_images.npz,0,100,cpu,cpu,1,16,0.000000,0.082892,0.000000
627,data/3D_cc_images.npz,0,100,cpu,cpu,1,16,0.000000,0.043759,0.000000
628,data/3D_cc_images.npz,0,100,cpu,cpu,1,16,0.000000,0.077679,0.000000
629,data/3D_cc_images.npz,0,100,cpu,cpu,1,16,0.000000,0.075378,0.000000
630,data/3D_cc_images.npz,0,100,cpu,cpu,1,16,0.000000,0.080545,0.000000
631,data/3D_cc_images.npz,0,100,cpu,cpu,1,16,0.000000,0.072803,0.000000
632,data/3D_cc_images.npz,0,100,cpu,cpu,1,16,0.000000,0.084985,0.000000
633,data/3D_cc_images.npz,0,100,cpu,cpu,1,16,0.000000,0.036949,0.000000
634,data/3D_cc_images.npz,0,100,cpu,cpu,1,16,0.000000,0.058599,0.000000
635,data/3D_cc_images.npz,0,100,cpu,cpu,1,16,0.000000,0.083852,0.000000
636,data/3D_cc_images.npz,0,100,cpu,cpu,1,16,0.000000,0.079681,0.000000
637,data/3D_cc_images.npz,0,100,cpu,cpu,1,16,0.000000,0.075691,0.000000
638,data/3D_cc_images.npz,0,100,cpu,cpu,1,16,0.000000,0.075089,0.000000
639,data/3D_cc_images.npz,0,100,cpu,cpu,1,16,0.000000,0.083727,0.000000
640,data/3D_cc_images.npz,0,100,cpu,cpu,1,16,0.000000,0.080104,0.000000
641,data/3D_cc_images.npz,0,100,cpu,cpu,1,16,0.000000,0.077229,0.000000
642,data/3D_cc_images.npz,0,100,cpu,cpu,1,16,0.000000,0.082240,0.000000
643,data/3D_cc_images.npz,0,100,cpu,cpu,1,16,0.000000,0.074495,0.000000
644,data/3D_cc_images.npz,0,100,cpu,cpu,1,16,0.000000,0.044905,0.000000
645,data/3D_cc_images.npz,0,100,cpu,cpu,1,16,0.000000,0.079037,0.000000
646,data/3D_cc_images.npz,0,100,cpu,cpu,1,16,0.000000,0.071489,0.000000
647,data/3D_cc_images.npz,0,100,cpu,cpu,1,16,0.000000,0.077517,0.000000
648,data/3D_cc_images.npz,0,100,cpu,cpu,1,16,0.000000,0.082293,0.000000
649,data/3D_cc_images.npz,0,100,cpu,cpu,1,16,0.000000,0.081449,0.000000
650,data/3D_cc_images.npz,0,100,cpu,cpu,1,16,0.000000,0.077595,0.000000
651,data/3D_cc_images.npz,0,100,cpu,cpu,1,16,0.000000,0.036994,0.000000
652,data/3D_cc_images.npz,0,100,cpu,cpu,1,16,0.000000,0.077887,0.000000
653,data/3D_cc_images.npz,0,100,cpu,cpu,1,16,0.000000,0.080944,0.000000
654,data/3D_cc_images.npz,0,100,cpu,cpu,1,16,0.000000,0.078812,0.000000
655,data/3D_cc_images.npz,0,100,cpu,cpu,1,16,0.000000,0.081456,0.000000
656,data/3D_cc_images.npz,0,100,cpu,cpu,1,16,0.000000,0.083887,0.000000
657,data/3D_cc_images.npz,0,100,cpu,cpu,1,16,0.000000,0.082285,0.000000
658,data/3D_cc_images.npz,0,100,cpu,cpu,1,16,0.000000,0.084064,0.000000
659,data/3D_cc_images.npz,0,100,cpu,cpu,1,16,0.000000,0.081481,0.000000
660,data/3D_cc_images.npz,0,100,cpu,cpu,1,16,0.000000,0.081402,0.000000
661,data/3D_cc_images.npz,0,100,cpu,cpu,1,16,0.000000,0.083652,0.000000
662,data/3D_cc_images.npz,0,100,cpu,cpu,1,16,0.000000,0.083459,0.000000
663,data/3D_cc_images.npz,0,100,cpu,cpu,1,16,0.000000,0.082197,0.000000
664,data/3D_cc_images.npz,0,100,cpu,cpu,1,16,0.000000,0.081166,0.000000
665,data/3D_cc_images.npz,0,100,cpu,cpu,1,16,0.000000,0.083225,0.000000
666,data/3D_cc_images.npz,0,100,cpu,cpu,1,16,0.000000,0.084574,0.000000
667,data/3D_cc_images.npz,0,100,cpu,cpu,1,16,0.000000,0.082931,0.000000
668,data/3D_cc_images.npz,0,100,cpu,cpu,1,16,0.000000,0.082504,0.000000
669,data/3D_cc_images.npz,0,100,cpu,cpu,1,16,0.000000,0.061818,0.000000
670,data/3D_cc_images.npz,0,100,cpu,cpu,1,16,0.000000,0.083280,0.000000
671,data/3D_cc_images.npz,0,100,cpu,cpu,1,16,0.000000,0.084047,0.000000
672,data/3D_cc_images.npz,0,100,cpu,cpu,1,16,0.000000,0.044829,0.000000
673,data/3D_cc_images.npz,0,100,cpu,cpu,1,16,0.000000,0.084174,0.000000
674,data/3D_cc_images.npz,0,100,cpu,cpu,1,16,0.000000,0.026222,0.000000
675,data/3D_cc_images.npz,0,100,cpu,cpu,1,16,0.000000,0.072022,0.000000
676,data/3D_cc_images.npz,0,100,cpu,cpu,1,16,0.000000,0.084758,0.000000
677,data/3D_cc_images.npz,0,100,cpu,cpu,1,16,0.000000,0.035545,0.000000
678,data/3D_cc_images.npz,0,100,cpu,cpu,1,16,0.000000,0.084170,0.000000
679,data/3D_cc_images.npz,0,100,cpu,cpu,1,16,0.000000,0.082382,0.000000
680,data/3D_cc_images.npz,0,100,cpu,cpu,1,16,0.000000,0.080179,0.000000
681,data/3D_cc_images.npz,0,100,cpu,cpu,1,16,0.000000,0.078572,0.000000
682,data/3D_cc_images.npz,0,100,cpu,cpu,1,16,0.000000,0.083230,0.000000
683,data/3D_cc_images.npz,0,100,cpu,cpu,1,16,0.000000,0.061307,0.000000
684,data/3D_cc_images.npz,0,100,cpu,cpu,1,16,0.000000,0.026641,0.000000
685,data/3D_cc_images.npz,0,100,cpu,cpu,1,16,0.000000,0.036235,0.000000
686,data/3D_cc_images.npz,0,100,cpu,cpu,1,16,0.000000,0.053542,0.000000
687,data/3D_cc_images.npz,0,100,cpu,cpu,1,16,0.000000,0.073466,0.000000
688,data/3D_cc_images.npz,0,100,cpu,cpu,1,16,0.000000,0.078911,0.000000
689,data/3D_cc_images.npz,0,100,cpu,cpu,1,16,0.000000,0.072388,0.000000
690,data/3D_cc_images.npz,0,100,cpu,cpu,1,16,0.000000,0.051014,0.000000
691,data/3D_cc_images.npz,0,100,cpu,cpu,1,16,0.000000,0.077776,0.000000
692,data/3D_cc_images.npz,0,100,cpu,cpu,1,16,0.000000,0.072314,0.000000
693,data/3D_cc_images.npz,0,100,cpu,cpu,1,16,0.000000,0.036197,0.000000
694,data/3D_cc_images.npz,0,100,cpu,cpu,1,16,0.000000,0.084929,0.000000
695,data/3D_cc_images.npz,0,100,cpu,cpu,1,16,0.000000,0.079554,0.000000
696,data/3D_cc_images.npz,0,100,cpu,cpu,1,16,0.000000,0.070407,0.000000
697,data/3D_cc_images.npz,0,100,cpu,cpu,1,16,0.000000,0.044812,0.000000
698,data/3D_cc_images.npz,0,100,cpu,cpu,1,16,0.000000,0.083335,0.000000
699,data/3D_cc_images.npz,0,100,cpu,cpu,1,16,0.000000,0.039180,0.000000
700,data/3D_cc_images.npz,0,100,cpu,cpu,1,16,0.000000,0.038855,0.000000
701,data/3D_cc_images.npz,0,100,cpu,cpu,1,16,0.000000,0.040499,0.000000
702,data/3D_cc_images.npz,0,100,cpu,cpu,1,16,0.000000,0.049585,0.000000
703,data/3D_cc_images.npz,0,100,cpu,cpu,1,16,0.000000,0.072063,0.000000
704,data/3D_cc_images.npz,0,100,cpu,cpu,1,16,0.000000,0.079993,0.000000
705,data/3D_cc_images.npz,0,100,cpu,cpu,1,16,0.000000,0.040656,0.000000
706,data/3D_cc_images.npz,0,100,cpu,cpu,1,16,0.000000,0.065240,0.000000
707,data/3D_cc_images.npz,0,100,cpu,cpu,1,16,0.000000,0.055393,0.000000
708,data/3D_cc_images.npz,0,100,cpu,cpu,1,16,0.000000,0.079932,0.000000
709,data/3D_cc_images.npz,0,100,cpu,cpu,1,16,0.000000,0.079069,0.000000
710,data/3D_cc_images.npz,0,100,cpu,cpu,1,16,0.000000,0.079732,0.000000
711,data/3D_cc_images.npz,0,100,cpu,cpu,1,16,0.000000,0.040612,0.000000
712,data/3D_cc_images.npz,0,100,cpu,cpu,1,16,0.000000,0.081714,0.000000
713,data/3D_cc_images.npz,0,100,cpu,cpu,1,16,0.000000,0.044354,0.000000
714,data/3D_cc_images.npz,0,100,cpu,cpu,1,16,0.000000,0.073192,0.000000
715,data/3D_cc_images.npz,0,100,cpu,cpu,1,16,0.000000,0.079533,0.000000
716,data/3D_cc_images.npz,0,100,cpu,cpu,1,16,0.000000,0.082109,0.000000
717,data/3D_cc_images.npz,0,100,cpu,cpu,1,16,0.000000,0.036842,0.000000
718,data/3D_cc_images.npz,0,100,cpu,cpu,1,16,0.000000,0.082019,0.000000
719,data/3D_cc_images.npz,0,100,cpu,cpu,1,16,0.000000,0.083966,0.000000
720,data/3D_cc_images.npz,0,100,cpu,cpu,1,16,0.000000,0.077647,0.000000
721,data/3D_cc_images.npz,0,100,cpu,cpu,1,16,0.000000,0.085305,0.000000
722,data/3D_cc_images.npz,0,100,cpu,cpu,1,16,0.000000,0.082070,0.000000
723,data/3D_cc_images.npz,0,100,cpu,cpu,1,16,0.000000,0.045987,0.000000
724,data/3D_cc_images.npz,0,100,cpu,cpu,1,16,0.000000,0.082501,0.000000
725,data/3D_cc_images.npz,0,100,cpu,cpu,1,16,0.000000,0.077247,0.000000
726,data/3D_cc_images.npz,0,100,cpu,cpu,1,16,0.000000,0.040231,0.000000
727,data/3D_cc_images.npz,0,100,cpu,cpu,1,16,0.000000,0.081677,0.000000
728,data/3D_cc_images.npz,0,100,cpu,cpu,1,16,0.000000,0.043025,0.000000
729,data/3D_cc_images.npz,0,100,cpu,cpu,1,16,0.000000,0.042786,0.000000
730,data/3D_cc_images.npz,0,100,cpu,cpu,1,16,0.000000,0.082054,0.000000
731,data/3D_cc_images.npz,0,100,cpu,cpu,1,16,0.000000,0.043614,0.000000
732,data/3D_cc_images.npz,0,100,cpu,cpu,1,16,0.000000,0.035862,0.000000
733,data/3D_cc_images.npz,0,100,cpu,cpu,1,16,0.000000,0.042177,0.000000
734,data/3D_cc_images.npz,0,100,cpu,cpu,1,16,0.000000,0.042851,0.000000
735,data/3D_cc_images.npz,0,100,cpu,cpu,1,16,0.000000,0.083867,0.000000
736,data/3D_cc_images.npz,0,100,cpu,cpu,1,16,0.000000,0.042569,0.000000
737,data/3D_cc_images.npz,0,100,cpu,cpu,1,16,0.000000,0.042435,0.000000
738,data/3D_cc_images.npz,0,100,cpu,cpu,1,16,0.000000,0.045274,0.000000
739,data/3D_cc_images.npz,0,100,cpu,cpu,1,16,0.000000,0.077426,0.000000
740,data/3D_cc_images.npz,0,100,cpu,cpu,1,16,0.000000,0.082080,0.000000
741,data/3D_cc_images.npz,0,100,cpu,cpu,1,16,0.000000,0.042862,0.000000
742,data/3D_cc_images.npz,0,100,cpu,cpu,1,16,0.000000,0.042786,0.000000
743,data/3D_cc_images.npz,0,100,cpu,cpu,1,16,0.000000,0.079243,0.000000
744,data/3D_cc_images.npz,0,100,cpu,cpu,1,16,0.000000,0.043327,0.000000
745,data/3D_cc_images.npz,0,100,cpu,cpu,1,16,0.000000,0.071388,0.000000
746,data/3D_cc_images.npz,0,100,cpu,cpu,1,16,0.000000,0.040809,0.000000
747,data/3D_cc_images.npz,0,100,cpu,cpu,1,16,0.000000,0.057656,0.000000
748,data/3D_cc_images.npz,0,100,cpu,cpu,1,16,0.000000,0.035249,0.000000
749,data/3D_cc_images.npz,0,100,cpu,cpu,1,16,0.000000,0.081868,0.000000
750,data/3D_cc_images.npz,0,100,cpu,cpu,1,16,0.000000,0.079291,0.000000
751,data/3D_cc_images.npz,0,100,cpu,cpu,1,16,0.000000,0.045264,0.000000
752,data/3D_cc_images.npz,0,100,cpu,cpu,1,16,0.000000,0.040137,0.000000
753,data/3D_cc_images.npz,0,100,cpu,cpu,1,16,0.000000,0.037618,0.000000
754,data/3D_cc_images.npz,0,100,cpu,cpu,1,16,0.000000,0.077110,0.000000
755,data/3D_cc_images.npz,0,100,cpu,cpu,1,16,0.000000,0.053849,0.000000
756,data/3D_cc_images.npz,0,100,cpu,cpu,1,16,0.000000,0.069553,0.000000
757,data/3D_cc_images.npz,0,100,cpu,cpu,1,16,0.000000,0.035399,0.000000
758,data/3D_cc_images.npz,0,100,cpu,cpu,1,16,0.000000,0.042802,0.000000
759,data/3D_cc_images.npz,0,100,cpu,cpu,1,16,0.000000,0.043040,0.000000
760,data/3D_cc_images.npz,0,100,cpu,cpu,1,16,0.000000,0.072695,0.000000
761,data/3D_cc_images.npz,0,100,cpu,cpu,1,16,0.000000,0.049417,0.000000
762,data/3D_cc_images.npz,0,100,cpu,cpu,1,16,0.000000,0.064662,0.000000
763,data/3D_cc_images.npz,0,100,cpu,cpu,1,16,0.000000,0.085537,0.000000
764,data/3D_cc_images.npz,0,100,cpu,cpu,1,16,0.000000,0.077470,0.000000
765,data/3D_cc_images.npz,0,100,cpu,cpu,1,16,0.000000,0.078737,0.000000
766,data/3D_cc_images.npz,0,100,cpu,cpu,1,16,0.000000,0.081838,0.000000
767,data/3D_cc_images.npz,0,100,cpu,cpu,1,16,0.000000,0.082159,0.000000
768,data/3D_cc_images.npz,0,100,cpu,cpu,1,16,0.000000,0.033528,0.000000
769,data/3D_cc_images.npz,0,100,cpu,cpu,1,16,0.000000,0.073702,0.000000
770,data/3D_cc_images.npz,0,100,cpu,cpu,1,16,0.000000,0.081280,0.000000
771,data/3D_cc_images.npz,0,100,cpu,cpu,1,16,0.000000,0.042794,0.000000
772,data/3D_cc_images.npz,0,100,cpu,cpu,1,16,0.000000,0.083011,0.000000
773,data/3D_cc_images.npz,0,100,cpu,cpu,1,16,0.000000,0.048717,0.000000
774,data/3D_cc_images.npz,0,100,cpu,cpu,1,16,0.000000,0.083561,0.000000
775,data/3D_cc_images.npz,0,100,cpu,cpu,1,16,0.000000,0.060406,0.000000
776,data/3D_cc_images.npz,0,100,cpu,cpu,1,16,0.000000,0.080923,0.000000
777,data/3D_cc_images.npz,0,100,cpu,cpu,1,16,0.000000,0.082209,0.000000
778,data/3D_cc_images.npz,0,100,cpu,cpu,1,16,0.000000,0.041666,0.000000
779,data/3D_cc_images.npz,0,100,cpu,cpu,1,16,0.000000,0.078462,0.000000
780,data/3D_cc_images.npz,0,100,cpu,cpu,1,16,0.000000,0.082656,0.000000
781,data/3D_cc_images.npz,0,100,cpu,cpu,1,16,0.000000,0.081336,0.000000
782,data/3D_cc_images.npz,0,100,cpu,cpu,1,16,0.000000,0.078852,0.000000
783,data/3D_cc_images.npz,0,100,cpu,cpu,1,16,0.000000,0.066393,0.000000
784,data/3D_cc_images.npz,0,100,cpu,cpu,1,16,0.000000,0.048326,0.000000
785,data/3D_cc_images.npz,0,100,cpu,cpu,1,16,0.000000,0.052009,0.000000
786,data/3D_cc_images.npz,0,100,cpu,cpu,1,16,0.000000,0.074683,0.000000
787,data/3D_cc_images.npz,0,100,cpu,cpu,1,16,0.000000,0.070856,0.000000
788,data/3D_cc_images.npz,0,100,cpu,cpu,1,16,0.000000,0.072977,0.000000
789,data/3D_cc_images.npz,0,100,cpu,cpu,1,16,0.000000,0.078475,0.000000
790,data/3D_cc_images.npz,0,100,cpu,cpu,1,16,0.000000,0.080775,0.000000
791,data/3D_cc_images.npz,0,100,cpu,cpu,1,16,0.000000,0.042508,0.000000
792,data/3D_cc_images.npz,0,100,cpu,cpu,1,16,0.000000,0.079268,0.000000
793,data/3D_cc_images.npz,0,100,cpu,cpu,1,16,0.000000,0.036806,0.000000
794,data/3D_cc_images.npz,0,100,cpu,cpu,1,16,0.000000,0.075980,0.000000
795,data/3D_cc_images.npz,0,100,cpu,cpu,1,16,0.000000,0.059455,0.000000
796,data/3D_cc_images.npz,0,100,cpu,cpu,1,16,0.000000,0.080968,0.000000
797,data/3D_cc_images.npz,0,100,cpu,cpu,1,16,0.000000,0.043804,0.000000
798,data/3D_cc_images.npz,0,100,cpu,cpu,1,16,0.000000,0.078020,0.000000
799,data/3D_cc_images.npz,0,100,cpu,cpu,1,16,0.000000,0.074071,0.000000
800,data/3D_cc_images.npz,0,100,cpu,cpu,1,16,0.000000,0.041409,0.000000
801,data/3D_cc_images.npz,0,100,cpu,cpu,1,16,0.000000,0.066652,0.000000
802,data/3D_cc_images.npz,0,100,cpu,cpu,1,16,0.000000,0.064220,0.000000
803,data/3D_cc_images.npz,0,100,cpu,cpu,1,16,0.000000,0.061437,0.000000
804,data/3D_cc_images.npz,0,100,cpu,cpu,1,16,0.000000,0.071397,0.000000
805,data/3D_cc_images.npz,0,100,cpu,cpu,1,16,0.000000,0.067398,0.000000
806,data/3D_cc_images.npz,0,100,cpu,cpu,1,16,0.000000,0.083209,0.000000
807,data/3D_cc_images.npz,0,100,cpu,cpu,1,16,0.000000,0.050144,0.000000
808,data/3D_cc_images.npz,0,100,cpu,cpu,1,16,0.000000,0.036449,0.000000
809,data/3D_cc_images.npz,0,100,cpu,cpu,1,16,0.000000,0.055878,0.000000
810,data/3D_cc_images.npz,0,100,cpu,cpu,1,16,0.000000,0.060393,0.000000
811,data/3D_cc_images.npz,0,100,cpu,cpu,1,16,0.000000,0.083851,0.000000
812,data/3D_cc_images.npz,0,100,cpu,cpu,1,16,0.000000,0.085998,0.000000
813,data/3D_cc_images.npz,0,100,cpu,cpu,1,16,0.000000,0.080403,0.000000
814,data/3D_cc_images.npz,0,100,cpu,cpu,1,16,0.000000,0.076902,0.000000
815,data/3D_cc_images.npz,0,100,cpu,cpu,1,16,0.000000,0.031182,0.000000
816,data/3D_cc_images.npz,0,100,cpu,cpu,1,16,0.000000,0.031943,0.000000
817,data/3D_cc_images.npz,0,100,cpu,cpu,1,16,0.000000,0.050229,0.000000
818,data/3D_cc_images.npz,0,100,cpu,cpu,1,16,0.000000,0.067116,0.000000
819,data/3D_cc_images.npz,0,100,cpu,cpu,1,16,0.000000,0.077719,0.000000
820,data/3D_cc_images.npz,0,100,cpu,cpu,1,16,0.000000,0.072985,0.000000
821,data/3D_cc_images.npz,0,100,cpu,cpu,1,16,0.000000,0.077558,0.000000
822,data/3D_cc_images.npz,0,100,cpu,cpu,1,16,0.000000,0.080793,0.000000
823,data/3D_cc_images.npz,0,100,cpu,cpu,1,16,0.000000,0.068107,0.000000
824,data/3D_cc_images.npz,0,100,cpu,cpu,1,16,0.000000,0.080178,0.000000
825,data/3D_cc_images.npz,0,100,cpu,cpu,1,16,0.000000,0.081074,0.000000
826,data/3D_cc_images.npz,0,100,cpu,cpu,1,16,0.000000,0.072588,0.000000
827,data/3D_cc_images.npz,0,100,cpu,cpu,1,16,0.000000,0.078192,0.000000
828,data/3D_cc_images.npz,0,100,cpu,cpu,1,16,0.000000,0.073791,0.000000
829,data/3D_cc_images.npz,0,100,cpu,cpu,1,16,0.000000,0.073038,0.000000
830,data/3D_cc_images.npz,0,100,cpu,cpu,1,16,0.000000,0.069975,0.000000
831,data/3D_cc_images.npz,0,100,cpu,cpu,1,16,0.000000,0.082370,0.000000
832,data/3D_cc_images.npz,0,100,cpu,cpu,1,16,0.000000,0.084311,0.000000
833,data/3D_cc_images.npz,0,100,cpu,cpu,1,16,0.000000,0.079283,0.000000
834,data/3D_cc_images.npz,0,100,cpu,cpu,1,16,0.000000,0.081859,0.000000
835,data/3D_cc_images.npz,0,100,cpu,cpu,1,16,0.000000,0.036436,0.000000
836,data/3D_cc_images.npz,0,100,cpu,cpu,1,16,0.000000,0.078268,0.000000
837,data/3D_cc_images.npz,0,100,cpu,cpu,1,16,0.000000,0.076747,0.000000
838,data/3D_cc_images.npz,0,100,cpu,cpu,1,16,0.000000,0.079128,0.000000
839,data/3D_cc_images.npz,0,100,cpu,cpu,1,16,0.000000,0.078226,0.000000
840,data/3D_cc_images.npz,0,100,cpu,cpu,1,16,0.000000,0.082147,0.000000
841,data/3D_cc_images.npz,0,100,cpu,cpu,1,16,0.000000,0.080738,0.000000
842,data/3D_cc_images.npz,0,100,cpu,cpu,1,16,0.000000,0.082082,0.000000
843,data/3D_cc_images.npz,0,100,cpu,cpu,1,16,0.000000,0.076300,0.000000
844,data/3D_cc_images.npz,0,100,cpu,cpu,1,16,0.000000,0.077840,0.000000
845,data/3D_cc_images.npz,0,100,cpu,cpu,1,16,0.000000,0.081317,0.000000
846,data/3D_cc_images.npz,0,100,cpu,cpu,1,16,0.000000,0.037084,0.000000
847,data/3D_cc_images.npz,0,100,cpu,cpu,1,16,0.000000,0.075496,0.000000
848,data/3D_cc_images.npz,0,100,cpu,cpu,1,16,0.000000,0.084277,0.000000
849,data/3D_cc_images.npz,0,100,cpu,cpu,1,16,0.000000,0.070097,0.000000
850,data/3D_cc_images.npz,0,100,cpu,cpu,1,16,0.000000,0.081368,0.000000
851,data/3D_cc_images.npz,0,100,cpu,cpu,1,16,0.000000,0.081674,0.000000
852,data/3D_cc_images.npz,0,100,cpu,cpu,1,16,0.000000,0.046962,0.000000
853,data/3D_cc_images.npz,0,100,cpu,cpu,1,16,0.000000,0.076153,0.000000
854,data/3D_cc_images.npz,0,100,cpu,cpu,1,16,0.000000,0.082128,0.000000
855,data/3D_cc_images.npz,0,100,cpu,cpu,1,16,0.000000,0.082647,0.000000
856,data/3D_cc_images.npz,0,100,cpu,cpu,1,16,0.000000,0.082682,0.000000
857,data/3D_cc_images.npz,0,100,cpu,cpu,1,16,0.000000,0.081250,0.000000
858,data/3D_cc_images.npz,0,100,cpu,cpu,1,16,0.000000,0.084288,0.000000
859,data/3D_cc_images.npz,0,100,cpu,cpu,1,16,0.000000,0.081345,0.000000
860,data/3D_cc_images.npz,0,100,cpu,cpu,1,16,0.000000,0.083274,0.000000
861,data/3D_cc_images.npz,0,100,cpu,cpu,1,16,0.000000,0.082273,0.000000
862,data/3D_cc_images.npz,0,100,cpu,cpu,1,16,0.000000,0.079533,0.000000
863,data/3D_cc_images.npz,0,100,cpu,cpu,1,16,0.000000,0.081925,0.000000
864,data/3D_cc_images.npz,0,100,cpu,cpu,1,16,0.000000,0.082560,0.000000
865,data/3D_cc_images.npz,0,100,cpu,cpu,1,16,0.000000,0.037692,0.000000
866,data/3D_cc_images.npz,0,100,cpu,cpu,1,16,0.000000,0.084935,0.000000
867,data/3D_cc_images.npz,0,100,cpu,cpu,1,16,0.000000,0.080614,0.000000
868,data/3D_cc_images.npz,0,100,cpu,cpu,1,16,0.000000,0.040907,0.000000
869,data/3D_cc_images.npz,0,100,cpu,cpu,1,16,0.000000,0.075318,0.000000
870,data/3D_cc_images.npz,0,100,cpu,cpu,1,16,0.000000,0.082953,0.000000
871,data/3D_cc_images.npz,0,100,cpu,cpu,1,16,0.000000,0.084928,0.000000
872,data/3D_cc_images.npz,0,100,cpu,cpu,1,16,0.000000,0.082181,0.000000
873,data/3D_cc_images.npz,0,100,cpu,cpu,1,16,0.000000,0.078730,0.000000
874,data/3D_cc_images.npz,0,100,cpu,cpu,1,16,0.000000,0.034468,0.000000
875,data/3D_cc_images.npz,0,100,cpu,cpu,1,16,0.000000,0.078838,0.000000
876,data/3D_cc_images.npz,0,100,cpu,cpu,1,16,0.000000,0.050098,0.000000
877,data/3D_cc_images.npz,0,100,cpu,cpu,1,16,0.000000,0.082338,0.000000
878,data/3D_cc_images.npz,0,100,cpu,cpu,1,16,0.000000,0.045144,0.000000
879,data/3D_cc_images.npz,0,100,cpu,cpu,1,16,0.000000,0.036329,0.000000
880,data/3D_cc_images.npz,0,100,cpu,cpu,1,16,0.000000,0.083615,0.000000
881,data/3D_cc_images.npz,0,100,cpu,cpu,1,16,0.000000,0.083778,0.000000
882,data/3D_cc_images.npz,0,100,cpu,cpu,1,16,0.000000,0.026574,0.000000
883,data/3D_cc_images.npz,0,100,cpu,cpu,1,16,0.000000,0.077870,0.000000
884,data/3D_cc_images.npz,0,100,cpu,cpu,1,16,0.000000,0.035451,0.000000
885,data/3D_cc_images.npz,0,100,cpu,cpu,1,16,0.000000,0.043424,0.000000
886,data/3D_cc_images.npz,0,100,cpu,cpu,1,16,0.000000,0.041665,0.000000
887,data/3D_cc_images.npz,0,100,cpu,cpu,1,16,0.000000,0.080942,0.000000
888,data/3D_cc_images.npz,0,100,cpu,cpu,1,16,0.000000,0.076212,0.000000
889,data/3D_cc_images.npz,0,100,cpu,cpu,1,16,0.000000,0.034932,0.000000
890,data/3D_cc_images.npz,0,100,cpu,cpu,1,16,0.000000,0.081319,0.000000
891,data/3D_cc_images.npz,0,100,cpu,cpu,1,16,0.000000,0.083369,0.000000
892,data/3D_cc_images.npz,0,100,cpu,cpu,1,16,0.000000,0.043986,0.000000
893,data/3D_cc_images.npz,0,100,cpu,cpu,1,16,0.000000,0.070154,0.000000
894,data/3D_cc_images.npz,0,100,cpu,cpu,1,16,0.000000,0.084358,0.000000
895,data/3D_cc_images.npz,0,100,cpu,cpu,1,16,0.000000,0.077935,0.000000
896,data/3D_cc_images.npz,0,100,cpu,cpu,1,16,0.000000,0.082504,0.000000
897,data/3D_cc_images.npz,0,100,cpu,cpu,1,16,0.000000,0.081878,0.000000
898,data/3D_cc_images.npz,0,100,cpu,cpu,1,16,0.000000,0.084170,0.000000
899,data/3D_cc_images.npz,0,100,cpu,cpu,1,16,0.000000,0.081587,0.000000
900,data/3D_cc_images.npz,0,100,cpu,cpu,1,16,0.000000,0.082567,0.000000
901,data/3D_cc_images.npz,0,100,cpu,cpu,1,16,0.000000,0.082398,0.000000
902,data/3D_cc_images.npz,0,100,cpu,cpu,1,16,0.000000,0.082446,0.000000
903,data/3D_cc_images.npz,0,100,cpu,cpu,1,16,0.000000,0.083214,0.000000
904,data/3D_cc_images.npz,0,100,cpu,cpu,1,16,0.000000,0.081383,0.000000
905,data/3D_cc_images.npz,0,100,cpu,cpu,1,16,0.000000,0.043444,0.000000
906,data/3D_cc_images.npz,0,100,cpu,cpu,1,16,0.000000,0.043351,0.000000
907,data/3D_cc_images.npz,0,100,cpu,cpu,1,16,0.000000,0.045043,0.000000
908,data/3D_cc_images.npz,0,100,cpu,cpu,1,16,0.000000,0.083198,0.000000
909,data/3D_cc_images.npz,0,100,cpu,cpu,1,16,0.000000,0.081968,0.000000
910,data/3D_cc_images.npz,0,100,cpu,cpu,1,16,0.000000,0.080657,0.000000
911,data/3D_cc_images.npz,0,100,cpu,cpu,1,16,0.000000,0.082602,0.000000
912,data/3D_cc_images.npz,0,100,cpu,cpu,1,16,0.000000,0.082585,0.000000
913,data/3D_cc_images.npz,0,100,cpu,cpu,1,16,0.000000,0.078544,0.000000
914,data/3D_cc_images.npz,0,100,cpu,cpu,1,16,0.000000,0.071195,0.000000
915,data/3D_cc_images.npz,0,100,cpu,cpu,1,16,0.000000,0.078892,0.000000
916,data/3D_cc_images.npz,0,100,cpu,cpu,1,16,0.000000,0.080467,0.000000
917,data/3D_cc_images.npz,0,100,cpu,cpu,1,16,0.000000,0.081487,0.000000
918,data/3D_cc_images.npz,0,100,cpu,cpu,1,16,0.000000,0.079263,0.000000
919,data/3D_cc_images.npz,0,100,cpu,cpu,1,16,0.000000,0.080348,0.000000
920,data/3D_cc_images.npz,0,100,cpu,cpu,1,16,0.000000,0.041600,0.000000
921,data/3D_cc_images.npz,0,100,cpu,cpu,1,16,0.000000,0.083922,0.000000
922,data/3D_cc_images.npz,0,100,cpu,cpu,1,16,0.000000,0.081712,0.000000
923,data/3D_cc_images.npz,0,100,cpu,cpu,1,16,0.000000,0.082223,0.000000
924,data/3D_cc_images.npz,0,100,cpu,cpu,1,16,0.000000,0.056504,0.000000
925,data/3D_cc_images.npz,0,100,cpu,cpu,1,16,0.000000,0.070764,0.000000
926,data/3D_cc_images.npz,0,100,cpu,cpu,1,16,0.000000,0.078393,0.000000
927,data/3D_cc_images.npz,0,100,cpu,cpu,1,16,0.000000,0.082452,0.000000
928,data/3D_cc_images.npz,0,100,cpu,cpu,1,16,0.000000,0.082845,0.000000
929,data/3D_cc_images.npz,0,100,cpu,cpu,1,16,0.000000,0.082358,0.000000
930,data/3D_cc_images.npz,0,100,cpu,cpu,1,16,0.000000,0.083429,0.000000
931,data/3D_cc_images.npz,0,100,cpu,cpu,1,16,0.000000,0.082128,0.000000
932,data/3D_cc_images.npz,0,100,cpu,cpu,1,16,0.000000,0.082263,0.000000
933,data/3D_cc_images.npz,0,100,cpu,cpu,1,16,0.000000,0.082434,0.000000
934,data/3D_cc_images.npz,0,100,cpu,cpu,1,16,0.000000,0.052731,0.000000
935,data/3D_cc_images.npz,0,100,cpu,cpu,1,16,0.000000,0.083630,0.000000
936,data/3D_cc_images.npz,0,100,cpu,cpu,1,16,0.000000,0.084652,0.000000
937,data/3D_cc_images.npz,0,100,cpu,cpu,1,16,0.000000,0.083409,0.000000
938,data/3D_cc_images.npz,0,100,cpu,cpu,1,16,0.000000,0.081546,0.000000
939,data/3D_cc_images.npz,0,100,cpu,cpu,1,16,0.000000,0.079530,0.000000
940,data/3D_cc_images.npz,0,100,cpu,cpu,1,16,0.000000,0.084611,0.000000
941,data/3D_cc_images.npz,0,100,cpu,cpu,1,16,0.000000,0.082439,0.000000
942,data/3D_cc_images.npz,0,100,cpu,cpu,1,16,0.000000,0.085975,0.000000
943,data/3D_cc_images.npz,0,100,cpu,cpu,1,16,0.000000,0.059484,0.000000
944,data/3D_cc_images.npz,0,100,cpu,cpu,1,16,0.000000,0.058291,0.000000
945,data/3D_cc_images.npz,0,100,cpu,cpu,1,16,0.000000,0.076821,0.000000
946,data/3D_cc_images.npz,0,100,cpu,cpu,1,16,0.000000,0.060154,0.000000
947,data/3D_cc_images.npz,0,100,cpu,cpu,1,16,0.000000,0.064559,0.000000
948,data/3D_cc_images.npz,0,100,cpu,cpu,1,16,0.000000,0.065949,0.000000
949,data/3D_cc_images.npz,0,100,cpu,cpu,1,16,0.000000,0.039944,0.000000
950,data/3D_cc_images.npz,0,100,cpu,cpu,1,16,0.000000,0.060311,0.000000
951,data/3D_cc_images.npz,0,100,cpu,cpu,1,16,0.000000,0.070836,0.000000
952,data/3D_cc_images.npz,0,100,cpu,cpu,1,16,0.000000,0.082002,0.000000
953,data/3D_cc_images.npz,0,100,cpu,cpu,1,16,0.000000,0.048418,0.000000
954,data/3D_cc_images.npz,0,100,cpu,cpu,1,16,0.000000,0.083215,0.000000
955,data/3D_cc_images.npz,0,100,cpu,cpu,1,16,0.000000,0.085731,0.000000
956,data/3D_cc_images.npz,0,100,cpu,cpu,1,16,0.000000,0.084541,0.000000
957,data/3D_cc_images.npz,0,100,cpu,cpu,1,16,0.000000,0.082658,0.000000
958,data/3D_cc_images.npz,0,100,cpu,cpu,1,16,0.000000,0.084228,0.000000
959,data/3D_cc_images.npz,0,100,cpu,cpu,1,16,0.000000,0.079158,0.000000
960,data/3D_cc_images.npz,0,100,cpu,cpu,1,16,0.000000,0.064142,0.000000
961,data/3D_cc_images.npz,0,100,cpu,cpu,1,16,0.000000,0.082666,0.000000
962,data/3D_cc_images.npz,0,100,cpu,cpu,1,16,0.000000,0.083423,0.000000
963,data/3D_cc_images.npz,0,100,cpu,cpu,1,16,0.000000,0.081308,0.000000
964,data/3D_cc_images.npz,0,100,cpu,cpu,1,16,0.000000,0.078404,0.000000
965,data/3D_cc_images.npz,0,100,cpu,cpu,1,16,0.000000,0.078080,0.000000
966,data/3D_cc_images.npz,0,100,cpu,cpu,1,16,0.000000,0.036140,0.000000
967,data/3D_cc_images.npz,0,100,cpu,cpu,1,16,0.000000,0.084269,0.000000
968,data/3D_cc_images.npz,0,100,cpu,cpu,1,16,0.000000,0.082707,0.000000
969,data/3D_cc_images.npz,0,100,cpu,cpu,1,16,0.000000,0.078705,0.000000
970,data/3D_cc_images.npz,0,100,cpu,cpu,1,16,0.000000,0.081141,0.000000
971,data/3D_cc_images.npz,0,100,cpu,cpu,1,16,0.000000,0.085087,0.000000
972,data/3D_cc_images.npz,0,100,cpu,cpu,1,16,0.000000,0.074988,0.000000
973,data/3D_cc_images.npz,0,100,cpu,cpu,1,16,0.000000,0.085833,0.000000
974,data/3D_cc_images.npz,0,100,cpu,cpu,1,16,0.000000,0.082732,0.000000
975,data/3D_cc_images.npz,0,100,cpu,cpu,1,16,0.000000,0.083126,0.000000
976,data/3D_cc_images.npz,0,100,cpu,cpu,1,16,0.000000,0.082140,0.000000
977,data/3D_cc_images.npz,0,100,cpu,cpu,1,16,0.000000,0.082908,0.000000
978,data/3D_cc_images.npz,0,100,cpu,cpu,1,16,0.000000,0.077986,0.000000
979,data/3D_cc_images.npz,0,100,cpu,cpu,1,16,0.000000,0.083385,0.000000
980,data/3D_cc_images.npz,0,100,cpu,cpu,1,16,0.000000,0.079885,0.000000
981,data/3D_cc_images.npz,0,100,cpu,cpu,1,16,0.000000,0.078806,0.000000
982,data/3D_cc_images.npz,0,100,cpu,cpu,1,16,0.000000,0.080877,0.000000
983,data/3D_cc_images.npz,0,100,cpu,cpu,1,16,0.000000,0.082498,0.000000
984,data/3D_cc_images.npz,0,100,cpu,cpu,1,16,0.000000,0.084645,0.000000
985,data/3D_cc_images.npz,0,100,cpu,cpu,1,16,0.000000,0.082201,0.000000
986,data/3D_cc_images.npz,0,100,cpu,cpu,1,16,0.000000,0.083335,0.000000
987,data/3D_cc_images.npz,0,100,cpu,cpu,1,16,0.000000,0.082522,0.000000
988,data/3D_cc_images.npz,0,100,cpu,cpu,1,16,0.000000,0.084125,0.000000
989,data/3D_cc_images.npz,0,100,cpu,cpu,1,16,0.000000,0.083140,0.000000
990,data/3D_cc_images.npz,0,100,cpu,cpu,1,16,0.000000,0.081986,0.000000
991,data/3D_cc_images.npz,0,100,cpu,cpu,1,16,0.000000,0.082399,0.000000
992,data/3D_cc_images.npz,0,100,cpu,cpu,1,16,0.000000,0.083340,0.000000
993,data/3D_cc_images.npz,0,100,cpu,cpu,1,16,0.000000,0.084370,0.000000
994,data/3D_cc_images.npz,0,100,cpu,cpu,1,16,0.000000,0.082832,0.000000
995,data/3D_cc_images.npz,0,100,cpu,cpu,1,16,0.000000,0.082219,0.000000
996,data/3D_cc_images.npz,0,100,cpu,cpu,1,16,0.000000,0.082959,0.000000
997,data/3D_cc_images.npz,0,100,cpu,cpu,1,16,0.000000,0.082439,0.000000
998,data/3D_cc_images.npz,0,100,cpu,cpu,1,16,0.000000,0.084965,0.000000
999,data/3D_cc_images.npz,0,100,cpu,cpu,1,16,0.000000,0.078145,0.000000
