image_index,data_path,num_directions,num_timesteps,device_requested,device_used,batch_size,num_cores,complex_construction_time,computation_time,vectorization_time
0,data/3D_cc_images.npz,0,10000,cpu,cpu,1,1,0.000000,0.057551,0.000000
1,data/3D_cc_images.npz,0,10000,cpu,cpu,1,1,0.000000,0.055948,0.000000
2,data/3D_cc_images.npz,0,10000,cpu,cpu,1,1,0.000000,0.055651,0.000000
3,data/3D_cc_images.npz,0,10000,cpu,cpu,1,1,0.000000,0.055990,0.000000
4,data/3D_cc_images.npz,0,10000,cpu,cpu,1,1,0.000000,0.055615,0.000000
5,data/3D_cc_images.npz,0,10000,cpu,cpu,1,1,0.000000,0.055591,0.000000
6,data/3D_cc_images.npz,0,10000,cpu,cpu,1,1,0.000000,0.057147,0.000000
7,data/3D_cc_images.npz,0,10000,cpu,cpu,1,1,0.000000,0.055552,0.000000
8,data/3D_cc_images.npz,0,10000,cpu,cpu,1,1,0.000000,0.055476,0.000000
9,data/3D_cc_images.npz,0,10000,cpu,cpu,1,1,0.000000,0.055849,0.000000
10,data/3D_cc_images.npz,0,10000,cpu,cpu,1,1,0.000000,0.056177,0.000000
11,data/3D_cc_images.npz,0,10000,cpu,cpu,1,1,0.000000,0.055742,0.000000
12,data/3D_cc_images.npz,0,10000,cpu,cpu,1,1,0.000000,0.056164,0.000000
13,data/3D_cc_images.npz,0,10000,cpu,cpu,1,1,0.000000,0.055811,0.000000
14,data/3D_cc_images.npz,0,10000,cpu,cpu,1,1,0.000000,0.056134,0.000000
15,data/3D_cc_images.npz,0,10000,cpu,cpu,1,1,0.000000,0.058049,0.000000
16,data/3D_cc_images.npz,0,10000,cpu,cpu,1,1,0.000000,0.055957,0.000000
17,data/3D_cc_images.npz,0,10000,cpu,cpu,1,1,0.000000,0.055667,0.000000
18,data/3D_cc_images.npz,0,10000,cpu,cpu,1,1,0.000000,0.055851,0.000000
19,data/3D_cc_images.npz,0,10000,cpu,cpu,1,1,0.000000,0.059236,0.000000
20,data/3D_cc_images.npz,0,10000,cpu,cpu,1,1,0.000000,0.056255,0.000000
21,data/3D_cc_images.npz,0,10000,cpu,cpu,1,1,0.000000,0.055477,0.000000
22,data/3D_cc_images.npz,0,10000,cpu,cpu,1,1,0.000000,0.055650,0.000000
23,data/3D_cc_images.npz,0,10000,cpu,cpu,1,1,0.000000,0.056388,0.000000
24,data/3D_cc_images.npz,0,10000,cpu,cpu,1,1,0.000000,0.056886,0.000000
25,data/3D_cc_images.npz,0,10000,cpu,cpu,1,1,0.000000,0.055969,0.000000
26,data/3D_cc_images.npz,0,10000,cpu,cpu,1,1,0.000000,0.055930,0.000000
27,data/3D_cc_images.npz,0,10000,cpu,cpu,1,1,0.000000,0.057120,0.000000
28,data/3D_cc_images.npz,0,10000,cpu,cpu,1,1,0.000000,0.056730,0.000000
29,data/3D_cc_images.npz,0,10000,cpu,cpu,1,1,0.000000,0.055646,0.000000
30,data/3D_cc_images.npz,0,10000,cpu,cpu,1,1,0.000000,0.056663,0.000000
31,data/3D_cc_images.npz,0,10000,cpu,cpu,1,1,0.000000,0.061109,0.000000
32,data/3D_cc_images.npz,0,10000,cpu,cpu,1,1,0.000000,0.055559,0.000000
33,data/3D_cc_images.npz,0,10000,cpu,cpu,1,1,0.000000,0.056302,0.000000
34,data/3D_cc_images.npz,0,10000,cpu,cpu,1,1,0.000000,0.056091,0.000000
35,data/3D_cc_images.npz,0,10000,cpu,cpu,1,1,0.000000,0.055953,0.000000
36,data/3D_cc_images.npz,0,10000,cpu,cpu,1,1,0.000000,0.055861,0.000000
37,data/3D_cc_images.npz,0,10000,cpu,cpu,1,1,0.000000,0.055773,0.000000
38,data/3D_cc_images.npz,0,10000,cpu,cpu,1,1,0.000000,0.056058,0.000000
39,data/3D_cc_images.npz,0,10000,cpu,cpu,1,1,0.000000,0.055730,0.000000
40,data/3D_cc_images.npz,0,10000,cpu,cpu,1,1,0.000000,0.055727,0.000000
41,data/3D_cc_images.npz,0,10000,cpu,cpu,1,1,0.000000,0.056171,0.000000
42,data/3D_cc_images.npz,0,10000,cpu,cpu,1,1,0.000000,0.055866,0.000000
43,data/3D_cc_images.npz,0,10000,cpu,cpu,1,1,0.000000,0.055967,0.000000
44,data/3D_cc_images.npz,0,10000,cpu,cpu,1,1,0.000000,0.055791,0.000000
45,data/3D_cc_images.npz,0,10000,cpu,cpu,1,1,0.000000,0.057233,0.000000
46,data/3D_cc_images.npz,0,10000,cpu,cpu,1,1,0.000000,0.058969,0.000000
47,data/3D_cc_images.npz,0,10000,cpu,cpu,1,1,0.000000,0.056853,0.000000
48,data/3D_cc_images.npz,0,10000,cpu,cpu,1,1,0.000000,0.057075,0.000000
49,data/3D_cc_images.npz,0,10000,cpu,cpu,1,1,0.000000,0.059593,0.000000
50,data/3D_cc_images.npz,0,10000,cpu,cpu,1,1,0.000000,0.055892,0.000000
51,data/3D_cc_images.npz,0,10000,cpu,cpu,1,1,0.000000,0.055772,0.000000
52,data/3D_cc_images.npz,0,10000,cpu,cpu,1,1,0.000000,0.056761,0.000000
53,data/3D_cc_images.npz,0,10000,cpu,cpu,1,1,0.000000,0.056702,0.000000
54,data/3D_cc_images.npz,0,10000,cpu,cpu,1,1,0.000000,0.061231,0.000000
55,data/3D_cc_images.npz,0,10000,cpu,cpu,1,1,0.000000,0.056026,0.000000
56,data/3D_cc_images.npz,0,10000,cpu,cpu,1,1,0.000000,0.056572,0.000000
57,data/3D_cc_images.npz,0,10000,cpu,cpu,1,1,0.000000,0.056816,0.000000
58,data/3D_cc_images.npz,0,10000,cpu,cpu,1,1,0.000000,0.057086,0.000000
59,data/3D_cc_images.npz,0,10000,cpu,cpu,1,1,0.000000,0.057900,0.000000
60,data/3D_cc_images.npz,0,10000,cpu,cpu,1,1,0.000000,0.058539,0.000000
61,data/3D_cc_images.npz,0,10000,cpu,cpu,1,1,0.000000,0.058682,0.000000
62,data/3D_cc_images.npz,0,10000,cpu,cpu,1,1,0.000000,0.055737,0.000000
63,data/3D_cc_images.npz,0,10000,cpu,cpu,1,1,0.000000,0.055837,0.000000
64,data/3D_cc_images.npz,0,10000,cpu,cpu,1,1,0.000000,0.059919,0.000000
65,data/3D_cc_images.npz,0,10000,cpu,cpu,1,1,0.000000,0.056986,0.000000
66,data/3D_cc_images.npz,0,10000,cpu,cpu,1,1,0.000000,0.057400,0.000000
67,data/3D_cc_images.npz,0,10000,cpu,cpu,1,1,0.000000,0.058362,0.000000
68,data/3D_cc_images.npz,0,10000,cpu,cpu,1,1,0.000000,0.057569,0.000000
69,data/3D_cc_images.npz,0,10000,cpu,cpu,1,1,0.000000,0.059529,0.000000
70,data/3D_cc_images.npz,0,10000,cpu,cpu,1,1,0.000000,0.058037,0.000000
71,data/3D_cc_images.npz,0,10000,cpu,cpu,1,1,0.000000,0.055937,0.000000
72,data/3D_cc_images.npz,0,10000,cpu,cpu,1,1,0.000000,0.056355,0.000000
73,data/3D_cc_images.npz,0,10000,cpu,cpu,1,1,0.000000,0.057240,0.000000
74,data/3D_cc_images.npz,0,10000,cpu,cpu,1,1,0.000000,0.057913,0.000000
75,data/3D_cc_images.npz,0,10000,cpu,cpu,1,1,0.000000,0.056855,0.000000
76,data/3D_cc_images.npz,0,10000,cpu,cpu,1,1,0.000000,0.056805,0.000000
77,data/3D_cc_images.npz,0,10000,cpu,cpu,1,1,0.000000,0.057501,0.000000
78,data/3D_cc_images.npz,0,10000,cpu,cpu,1,1,0.000000,0.056396,0.000000
79,data/3D_cc_images.npz,0,10000,cpu,cpu,1,1,0.000000,0.056252,0.000000
80,data/3D_cc_images.npz,0,10000,cpu,cpu,1,1,0.000000,0.060008,0.000000
81,data/3D_cc_images.npz,0,10000,cpu,cpu,1,1,0.000000,0.056510,0.000000
82,data/3D_cc_images.npz,0,10000,cpu,cpu,1,1,0.000000,0.057103,0.000000
83,data/3D_cc_images.npz,0,10000,cpu,cpu,1,1,0.000000,0.056610,0.000000
84,data/3D_cc_images.npz,0,10000,cpu,cpu,1,1,0.000000,0.056258,0.000000
85,data/3D_cc_images.npz,0,10000,cpu,cpu,1,1,0.000000,0.058311,0.000000
86,data/3D_cc_images.npz,0,10000,cpu,cpu,1,1,0.000000,0.056066,0.000000
87,data/3D_cc_images.npz,0,10000,cpu,cpu,1,1,0.000000,0.060213,0.000000
88,data/3D_cc_images.npz,0,10000,cpu,cpu,1,1,0.000000,0.056157,0.000000
89,data/3D_cc_images.npz,0,10000,cpu,cpu,1,1,0.000000,0.056407,0.000000
90,data/3D_cc_images.npz,0,10000,cpu,cpu,1,1,0.000000,0.056372,0.000000
91,data/3D_cc_images.npz,0,10000,cpu,cpu,1,1,0.000000,0.056698,0.000000
92,data/3D_cc_images.npz,0,10000,cpu,cpu,1,1,0.000000,0.056067,0.000000
93,data/3D_cc_images.npz,0,10000,cpu,cpu,1,1,0.000000,0.060800,0.000000
94,data/3D_cc_images.npz,0,10000,cpu,cpu,1,1,0.000000,0.055690,0.000000
95,data/3D_cc_images.npz,0,10000,cpu,cpu,1,1,0.000000,0.056031,0.000000
96,data/3D_cc_images.npz,0,10000,cpu,cpu,1,1,0.000000,0.056647,0.000000
97,data/3D_cc_images.npz,0,10000,cpu,cpu,1,1,0.000000,0.056115,0.000000
98,data/3D_cc_images.npz,0,10000,cpu,cpu,1,1,0.000000,0.059710,0.000000
99,data/3D_cc_images.npz,0,10000,cpu,cpu,1,1,0.000000,0.056267,0.000000
100,data/3D_cc_images.npz,0,10000,cpu,cpu,1,1,0.000000,0.056352,0.000000
101,data/3D_cc_images.npz,0,10000,cpu,cpu,1,1,0.000000,0.056194,0.000000
102,data/3D_cc_images.npz,0,10000,cpu,cpu,1,1,0.000000,0.056532,0.000000
103,data/3D_cc_images.npz,0,10000,cpu,cpu,1,1,0.000000,0.055870,0.000000
104,data/3D_cc_images.npz,0,10000,cpu,cpu,1,1,0.000000,0.058890,0.000000
105,data/3D_cc_images.npz,0,10000,cpu,cpu,1,1,0.000000,0.055732,0.000000
106,data/3D_cc_images.npz,0,10000,cpu,cpu,1,1,0.000000,0.056090,0.000000
107,data/3D_cc_images.npz,0,10000,cpu,cpu,1,1,0.000000,0.056713,0.000000
108,data/3D_cc_images.npz,0,10000,cpu,cpu,1,1,0.000000,0.055568,0.000000
109,data/3D_cc_images.npz,0,10000,cpu,cpu,1,1,0.000000,0.056944,0.000000
110,data/3D_cc_images.npz,0,10000,cpu,cpu,1,1,0.000000,0.058016,0.000000
111,data/3D_cc_images.npz,0,10000,cpu,cpu,1,1,0.000000,0.055559,0.000000
112,data/3D_cc_images.npz,0,10000,cpu,cpu,1,1,0.000000,0.056082,0.000000
113,data/3D_cc_images.npz,0,10000,cpu,cpu,1,1,0.000000,0.055805,0.000000
114,data/3D_cc_images.npz,0,10000,cpu,cpu,1,1,0.000000,0.055915,0.000000
115,data/3D_cc_images.npz,0,10000,cpu,cpu,1,1,0.000000,0.056050,0.000000
116,data/3D_cc_images.npz,0,10000,cpu,cpu,1,1,0.000000,0.056189,0.000000
117,data/3D_cc_images.npz,0,10000,cpu,cpu,1,1,0.000000,0.055909,0.000000
118,data/3D_cc_images.npz,0,10000,cpu,cpu,1,1,0.000000,0.055777,0.000000
119,data/3D_cc_images.npz,0,10000,cpu,cpu,1,1,0.000000,0.055864,0.000000
120,data/3D_cc_images.npz,0,10000,cpu,cpu,1,1,0.000000,0.057743,0.000000
121,data/3D_cc_images.npz,0,10000,cpu,cpu,1,1,0.000000,0.056411,0.000000
122,data/3D_cc_images.npz,0,10000,cpu,cpu,1,1,0.000000,0.060448,0.000000
123,data/3D_cc_images.npz,0,10000,cpu,cpu,1,1,0.000000,0.058386,0.000000
124,data/3D_cc_images.npz,0,10000,cpu,cpu,1,1,0.000000,0.056106,0.000000
125,data/3D_cc_images.npz,0,10000,cpu,cpu,1,1,0.000000,0.056449,0.000000
126,data/3D_cc_images.npz,0,10000,cpu,cpu,1,1,0.000000,0.056742,0.000000
127,data/3D_cc_images.npz,0,10000,cpu,cpu,1,1,0.000000,0.056079,0.000000
128,data/3D_cc_images.npz,0,10000,cpu,cpu,1,1,0.000000,0.055888,0.000000
129,data/3D_cc_images.npz,0,10000,cpu,cpu,1,1,0.000000,0.056904,0.000000
130,data/3D_cc_images.npz,0,10000,cpu,cpu,1,1,0.000000,0.056121,0.000000
131,data/3D_cc_images.npz,0,10000,cpu,cpu,1,1,0.000000,0.055718,0.000000
132,data/3D_cc_images.npz,0,10000,cpu,cpu,1,1,0.000000,0.058151,0.000000
133,data/3D_cc_images.npz,0,10000,cpu,cpu,1,1,0.000000,0.056115,0.000000
134,data/3D_cc_images.npz,0,10000,cpu,cpu,1,1,0.000000,0.055543,0.000000
135,data/3D_cc_images.npz,0,10000,cpu,cpu,1,1,0.000000,0.055789,0.000000
136,data/3D_cc_images.npz,0,10000,cpu,cpu,1,1,0.000000,0.056434,0.000000
137,data/3D_cc_images.npz,0,10000,cpu,cpu,1,1,0.000000,0.056316,0.000000
138,data/3D_cc_images.npz,0,10000,cpu,cpu,1,1,0.000000,0.055805,0.000000
139,data/3D_cc_images.npz,0,10000,cpu,cpu,1,1,0.000000,0.055777,0.000000
140,data/3D_cc_images.npz,0,10000,cpu,cpu,1,1,0.000000,0.055819,0.000000
141,data/3D_cc_images.npz,0,10000,cpu,cpu,1,1,0.000000,0.057659,0.000000
142,data/3D_cc_images.npz,0,10000,cpu,cpu,1,1,0.000000,0.055994,0.000000
143,data/3D_cc_images.npz,0,10000,cpu,cpu,1,1,0.000000,0.058460,0.000000
144,data/3D_cc_images.npz,0,10000,cpu,cpu,1,1,0.000000,0.056163,0.000000
145,data/3D_cc_images.npz,0,10000,cpu,cpu,1,1,0.000000,0.055309,0.000000
146,data/3D_cc_images.npz,0,10000,cpu,cpu,1,1,0.000000,0.056434,0.000000
147,data/3D_cc_images.npz,0,10000,cpu,cpu,1,1,0.000000,0.056180,0.000000
148,data/3D_cc_images.npz,0,10000,cpu,cpu,1,1,0.000000,0.055622,0.000000
149,data/3D_cc_images.npz,0,10000,cpu,cpu,1,1,0.000000,0.055680,0.000000
150,data/3D_cc_images.npz,0,10000,cpu,cpu,1,1,0.000000,0.055672,0.000000
151,data/3D_cc_images.npz,0,10000,cpu,cpu,1,1,0.000000,0.055857,0.000000
152,data/3D_cc_images.npz,0,10000,cpu,cpu,1,1,0.000000,0.057175,0.000000
153,data/3D_cc_images.npz,0,10000,cpu,cpu,1,1,0.000000,0.055540,0.000000
154,data/3D_cc_images.npz,0,10000,cpu,cpu,1,1,0.000000,0.055715,0.000000
155,data/3D_cc_images.npz,0,10000,cpu,cpu,1,1,0.000000,0.055822,0.000000
156,data/3D_cc_images.npz,0,10000,cpu,cpu,1,1,0.000000,0.055961,0.000000
157,data/3D_cc_images.npz,0,10000,cpu,cpu,1,1,0.000000,0.055811,0.000000
158,data/3D_cc_images.npz,0,10000,cpu,cpu,1,1,0.000000,0.055851,0.000000
159,data/3D_cc_images.npz,0,10000,cpu,cpu,1,1,0.000000,0.057936,0.000000
160,data/3D_cc_images.npz,0,10000,cpu,cpu,1,1,0.000000,0.056656,0.000000
161,data/3D_cc_images.npz,0,10000,cpu,cpu,1,1,0.000000,0.055860,0.000000
162,data/3D_cc_images.npz,0,10000,cpu,cpu,1,1,0.000000,0.055646,0.000000
163,data/3D_cc_images.npz,0,10000,cpu,cpu,1,1,0.000000,0.055980,0.000000
164,data/3D_cc_images.npz,0,10000,cpu,cpu,1,1,0.000000,0.055796,0.000000
165,data/3D_cc_images.npz,0,10000,cpu,cpu,1,1,0.000000,0.059939,0.000000
166,data/3D_cc_images.npz,0,10000,cpu,cpu,1,1,0.000000,0.057680,0.000000
167,data/3D_cc_images.npz,0,10000,cpu,cpu,1,1,0.000000,0.055603,0.000000
168,data/3D_cc_images.npz,0,10000,cpu,cpu,1,1,0.000000,0.057350,0.000000
169,data/3D_cc_images.npz,0,10000,cpu,cpu,1,1,0.000000,0.056457,0.000000
170,data/3D_cc_images.npz,0,10000,cpu,cpu,1,1,0.000000,0.057692,0.000000
171,data/3D_cc_images.npz,0,10000,cpu,cpu,1,1,0.000000,0.057294,0.000000
172,data/3D_cc_images.npz,0,10000,cpu,cpu,1,1,0.000000,0.060467,0.000000
173,data/3D_cc_images.npz,0,10000,cpu,cpu,1,1,0.000000,0.057619,0.000000
174,data/3D_cc_images.npz,0,10000,cpu,cpu,1,1,0.000000,0.055950,0.000000
175,data/3D_cc_images.npz,0,10000,cpu,cpu,1,1,0.000000,0.055955,0.000000
176,data/3D_cc_images.npz,0,10000,cpu,cpu,1,1,0.000000,0.056107,0.000000
177,data/3D_cc_images.npz,0,10000,cpu,cpu,1,1,0.000000,0.060462,0.000000
178,data/3D_cc_images.npz,0,10000,cpu,cpu,1,1,0.000000,0.057296,0.000000
179,data/3D_cc_images.npz,0,10000,cpu,cpu,1,1,0.000000,0.059835,0.000000
180,data/3D_cc_images.npz,0,10000,cpu,cpu,1,1,0.000000,0.059170,0.000000
181,data/3D_cc_images.npz,0,10000,cpu,cpu,1,1,0.000000,0.056093,0.000000
182,data/3D_cc_images.npz,0,10000,cpu,cpu,1,1,0.000000,0.056519,0.000000
183,data/3D_cc_images.npz,0,10000,cpu,cpu,1,1,0.000000,0.055730,0.000000
184,data/3D_cc_images.npz,0,10000,cpu,cpu,1,1,0.000000,0.055988,0.000000
185,data/3D_cc_images.npz,0,10000,cpu,cpu,1,1,0.000000,0.055782,0.000000
186,data/3D_cc_images.npz,0,10000,cpu,cpu,1,1,0.000000,0.057121,0.000000
187,data/3D_cc_images.npz,0,10000,cpu,cpu,1,1,0.000000,0.056250,0.000000
188,data/3D_cc_images.npz,0,10000,cpu,cpu,1,1,0.000000,0.055970,0.000000
189,data/3D_cc_images.npz,0,10000,cpu,cpu,1,1,0.000000,0.055743,0.000000
190,data/3D_cc_images.npz,0,10000,cpu,cpu,1,1,0.000000,0.055770,0.000000
191,data/3D_cc_images.npz,0,10000,cpu,cpu,1,1,0.000000,0.056306,0.000000
192,data/3D_cc_images.npz,0,10000,cpu,cpu,1,1,0.000000,0.055976,0.000000
193,data/3D_cc_images.npz,0,10000,cpu,cpu,1,1,0.000000,0.057919,0.000000
194,data/3D_cc_images.npz,0,10000,cpu,cpu,1,1,0.000000,0.060930,0.000000
195,data/3D_cc_images.npz,0,10000,cpu,cpu,1,1,0.000000,0.057963,0.000000
196,data/3D_cc_images.npz,0,10000,cpu,cpu,1,1,0.000000,0.055391,0.000000
197,data/3D_cc_images.npz,0,10000,cpu,cpu,1,1,0.000000,0.056231,0.000000
198,data/3D_cc_images.npz,0,10000,cpu,cpu,1,1,0.000000,0.057628,0.000000
199,data/3D_cc_images.npz,0,10000,cpu,cpu,1,1,0.000000,0.055396,0.000000
200,data/3D_cc_images.npz,0,10000,cpu,cpu,1,1,0.000000,0.055502,0.000000
201,data/3D_cc_images.npz,0,10000,cpu,cpu,1,1,0.000000,0.055895,0.000000
202,data/3D_cc_images.npz,0,10000,cpu,cpu,1,1,0.000000,0.055636,0.000000
203,data/3D_cc_images.npz,0,10000,cpu,cpu,1,1,0.000000,0.057095,0.000000
204,data/3D_cc_images.npz,0,10000,cpu,cpu,1,1,0.000000,0.056051,0.000000
205,data/3D_cc_images.npz,0,10000,cpu,cpu,1,1,0.000000,0.055629,0.000000
206,data/3D_cc_images.npz,0,10000,cpu,cpu,1,1,0.000000,0.056062,0.000000
207,data/3D_cc_images.npz,0,10000,cpu,cpu,1,1,0.000000,0.059392,0.000000
208,data/3D_cc_images.npz,0,10000,cpu,cpu,1,1,0.000000,0.058831,0.000000
209,data/3D_cc_images.npz,0,10000,cpu,cpu,1,1,0.000000,0.055798,0.000000
210,data/3D_cc_images.npz,0,10000,cpu,cpu,1,1,0.000000,0.055453,0.000000
211,data/3D_cc_images.npz,0,10000,cpu,cpu,1,1,0.000000,0.056615,0.000000
212,data/3D_cc_images.npz,0,10000,cpu,cpu,1,1,0.000000,0.057121,0.000000
213,data/3D_cc_images.npz,0,10000,cpu,cpu,1,1,0.000000,0.058923,0.000000
214,data/3D_cc_images.npz,0,10000,cpu,cpu,1,1,0.000000,0.056334,0.000000
215,data/3D_cc_images.npz,0,10000,cpu,cpu,1,1,0.000000,0.058528,0.000000
216,data/3D_cc_images.npz,0,10000,cpu,cpu,1,1,0.000000,0.056946,0.000000
217,data/3D_cc_images.npz,0,10000,cpu,cpu,1,1,0.000000,0.057683,0.000000
218,data/3D_cc_images.npz,0,10000,cpu,cpu,1,1,0.000000,0.055951,0.000000
219,data/3D_cc_images.npz,0,10000,cpu,cpu,1,1,0.000000,0.057233,0.000000
220,data/3D_cc_images.npz,0,10000,cpu,cpu,1,1,0.000000,0.055558,0.000000
221,data/3D_cc_images.npz,0,10000,cpu,cpu,1,1,0.000000,0.059813,0.000000
222,data/3D_cc_images.npz,0,10000,cpu,cpu,1,1,0.000000,0.056083,0.000000
223,data/3D_cc_images.npz,0,10000,cpu,cpu,1,1,0.000000,0.057279,0.000000
224,data/3D_cc_images.npz,0,10000,cpu,cpu,1,1,0.000000,0.057599,0.000000
225,data/3D_cc_images.npz,0,10000,cpu,cpu,1,1,0.000000,0.056541,0.000000
226,data/3D_cc_images.npz,0,10000,cpu,cpu,1,1,0.000000,0.055326,0.000000
227,data/3D_cc_images.npz,0,10000,cpu,cpu,1,1,0.000000,0.055689,0.000000
228,data/3D_cc_images.npz,0,10000,cpu,cpu,1,1,0.000000,0.055694,0.000000
229,data/3D_cc_images.npz,0,10000,cpu,cpu,1,1,0.000000,0.055944,0.000000
230,data/3D_cc_images.npz,0,10000,cpu,cpu,1,1,0.000000,0.056087,0.000000
231,data/3D_cc_images.npz,0,10000,cpu,cpu,1,1,0.000000,0.058542,0.000000
232,data/3D_cc_images.npz,0,10000,cpu,cpu,1,1,0.000000,0.055883,0.000000
233,data/3D_cc_images.npz,0,10000,cpu,cpu,1,1,0.000000,0.056037,0.000000
234,data/3D_cc_images.npz,0,10000,cpu,cpu,1,1,0.000000,0.056425,0.000000
235,data/3D_cc_images.npz,0,10000,cpu,cpu,1,1,0.000000,0.057123,0.000000
236,data/3D_cc_images.npz,0,10000,cpu,cpu,1,1,0.000000,0.055513,0.000000
237,data/3D_cc_images.npz,0,10000,cpu,cpu,1,1,0.000000,0.056132,0.000000
238,data/3D_cc_images.npz,0,10000,cpu,cpu,1,1,0.000000,0.056215,0.000000
239,data/3D_cc_images.npz,0,10000,cpu,cpu,1,1,0.000000,0.055642,0.000000
240,data/3D_cc_images.npz,0,10000,cpu,cpu,1,1,0.000000,0.055574,0.000000
241,data/3D_cc_images.npz,0,10000,cpu,cpu,1,1,0.000000,0.055838,0.000000
242,data/3D_cc_images.npz,0,10000,cpu,cpu,1,1,0.000000,0.055824,0.000000
243,data/3D_cc_images.npz,0,10000,cpu,cpu,1,1,0.000000,0.056413,0.000000
244,data/3D_cc_images.npz,0,10000,cpu,cpu,1,1,0.000000,0.056795,0.000000
245,data/3D_cc_images.npz,0,10000,cpu,cpu,1,1,0.000000,0.055670,0.000000
246,data/3D_cc_images.npz,0,10000,cpu,cpu,1,1,0.000000,0.055954,0.000000
247,data/3D_cc_images.npz,0,10000,cpu,cpu,1,1,0.000000,0.055499,0.000000
248,data/3D_cc_images.npz,0,10000,cpu,cpu,1,1,0.000000,0.055817,0.000000
249,data/3D_cc_images.npz,0,10000,cpu,cpu,1,1,0.000000,0.055810,0.000000
250,data/3D_cc_images.npz,0,10000,cpu,cpu,1,1,0.000000,0.057479,0.000000
251,data/3D_cc_images.npz,0,10000,cpu,cpu,1,1,0.000000,0.055990,0.000000
252,data/3D_cc_images.npz,0,10000,cpu,cpu,1,1,0.000000,0.055524,0.000000
253,data/3D_cc_images.npz,0,10000,cpu,cpu,1,1,0.000000,0.060628,0.000000
254,data/3D_cc_images.npz,0,10000,cpu,cpu,1,1,0.000000,0.057551,0.000000
255,data/3D_cc_images.npz,0,10000,cpu,cpu,1,1,0.000000,0.055821,0.000000
256,data/3D_cc_images.npz,0,10000,cpu,cpu,1,1,0.000000,0.056223,0.000000
257,data/3D_cc_images.npz,0,10000,cpu,cpu,1,1,0.000000,0.058196,0.000000
258,data/3D_cc_images.npz,0,10000,cpu,cpu,1,1,0.000000,0.055769,0.000000
259,data/3D_cc_images.npz,0,10000,cpu,cpu,1,1,0.000000,0.055800,0.000000
260,data/3D_cc_images.npz,0,10000,cpu,cpu,1,1,0.000000,0.057587,0.000000
261,data/3D_cc_images.npz,0,10000,cpu,cpu,1,1,0.000000,0.055653,0.000000
262,data/3D_cc_images.npz,0,10000,cpu,cpu,1,1,0.000000,0.056154,0.000000
263,data/3D_cc_images.npz,0,10000,cpu,cpu,1,1,0.000000,0.055911,0.000000
264,data/3D_cc_images.npz,0,10000,cpu,cpu,1,1,0.000000,0.056301,0.000000
265,data/3D_cc_images.npz,0,10000,cpu,cpu,1,1,0.000000,0.055460,0.000000
266,data/3D_cc_images.npz,0,10000,cpu,cpu,1,1,0.000000,0.058269,0.000000
267,data/3D_cc_images.npz,0,10000,cpu,cpu,1,1,0.000000,0.056049,0.000000
268,data/3D_cc_images.npz,0,10000,cpu,cpu,1,1,0.000000,0.056171,0.000000
269,data/3D_cc_images.npz,0,10000,cpu,cpu,1,1,0.000000,0.055894,0.000000
270,data/3D_cc_images.npz,0,10000,cpu,cpu,1,1,0.000000,0.055806,0.000000
271,data/3D_cc_images.npz,0,10000,cpu,cpu,1,1,0.000000,0.056556,0.000000
272,data/3D_cc_images.npz,0,10000,cpu,cpu,1,1,0.000000,0.058172,0.000000
273,data/3D_cc_images.npz,0,10000,cpu,cpu,1,1,0.000000,0.056036,0.000000
274,data/3D_cc_images.npz,0,10000,cpu,cpu,1,1,0.000000,0.058406,0.000000
275,data/3D_cc_images.npz,0,10000,cpu,cpu,1,1,0.000000,0.055856,0.000000
276,data/3D_cc_images.npz,0,10000,cpu,cpu,1,1,0.000000,0.060406,0.000000
277,data/3D_cc_images.npz,0,10000,cpu,cpu,1,1,0.000000,0.057306,0.000000
278,data/3D_cc_images.npz,0,10000,cpu,cpu,1,1,0.000000,0.055596,0.000000
279,data/3D_cc_images.npz,0,10000,cpu,cpu,1,1,0.000000,0.056399,0.000000
280,data/3D_cc_images.npz,0,10000,cpu,cpu,1,1,0.000000,0.056426,0.000000
281,data/3D_cc_images.npz,0,10000,cpu,cpu,1,1,0.000000,0.057048,0.000000
282,data/3D_cc_images.npz,0,10000,cpu,cpu,1,1,0.000000,0.060309,0.000000
283,data/3D_cc_images.npz,0,10000,cpu,cpu,1,1,0.000000,0.056078,0.000000
284,data/3D_cc_images.npz,0,10000,cpu,cpu,1,1,0.000000,0.055950,0.000000
285,data/3D_cc_images.npz,0,10000,cpu,cpu,1,1,0.000000,0.056286,0.000000
286,data/3D_cc_images.npz,0,10000,cpu,cpu,1,1,0.000000,0.060250,0.000000
287,data/3D_cc_images.npz,0,10000,cpu,cpu,1,1,0.000000,0.056267,0.000000
288,data/3D_cc_images.npz,0,10000,cpu,cpu,1,1,0.000000,0.055631,0.000000
289,data/3D_cc_images.npz,0,10000,cpu,cpu,1,1,0.000000,0.060477,0.000000
290,data/3D_cc_images.npz,0,10000,cpu,cpu,1,1,0.000000,0.055683,0.000000
291,data/3D_cc_images.npz,0,10000,cpu,cpu,1,1,0.000000,0.055958,0.000000
292,data/3D_cc_images.npz,0,10000,cpu,cpu,1,1,0.000000,0.055981,0.000000
293,data/3D_cc_images.npz,0,10000,cpu,cpu,1,1,0.000000,0.056020,0.000000
294,data/3D_cc_images.npz,0,10000,cpu,cpu,1,1,0.000000,0.056295,0.000000
295,data/3D_cc_images.npz,0,10000,cpu,cpu,1,1,0.000000,0.056419,0.000000
296,data/3D_cc_images.npz,0,10000,cpu,cpu,1,1,0.000000,0.056058,0.000000
297,data/3D_cc_images.npz,0,10000,cpu,cpu,1,1,0.000000,0.056157,0.000000
298,data/3D_cc_images.npz,0,10000,cpu,cpu,1,1,0.000000,0.055488,0.000000
299,data/3D_cc_images.npz,0,10000,cpu,cpu,1,1,0.000000,0.060349,0.000000
300,data/3D_cc_images.npz,0,10000,cpu,cpu,1,1,0.000000,0.056255,0.000000
301,data/3D_cc_images.npz,0,10000,cpu,cpu,1,1,0.000000,0.055933,0.000000
302,data/3D_cc_images.npz,0,10000,cpu,cpu,1,1,0.000000,0.055901,0.000000
303,data/3D_cc_images.npz,0,10000,cpu,cpu,1,1,0.000000,0.055998,0.000000
304,data/3D_cc_images.npz,0,10000,cpu,cpu,1,1,0.000000,0.055824,0.000000
305,data/3D_cc_images.npz,0,10000,cpu,cpu,1,1,0.000000,0.057788,0.000000
306,data/3D_cc_images.npz,0,10000,cpu,cpu,1,1,0.000000,0.055504,0.000000
307,data/3D_cc_images.npz,0,10000,cpu,cpu,1,1,0.000000,0.059031,0.000000
308,data/3D_cc_images.npz,0,10000,cpu,cpu,1,1,0.000000,0.058254,0.000000
309,data/3D_cc_images.npz,0,10000,cpu,cpu,1,1,0.000000,0.055970,0.000000
310,data/3D_cc_images.npz,0,10000,cpu,cpu,1,1,0.000000,0.056442,0.000000
311,data/3D_cc_images.npz,0,10000,cpu,cpu,1,1,0.000000,0.055797,0.000000
312,data/3D_cc_images.npz,0,10000,cpu,cpu,1,1,0.000000,0.056464,0.000000
313,data/3D_cc_images.npz,0,10000,cpu,cpu,1,1,0.000000,0.056448,0.000000
314,data/3D_cc_images.npz,0,10000,cpu,cpu,1,1,0.000000,0.057702,0.000000
315,data/3D_cc_images.npz,0,10000,cpu,cpu,1,1,0.000000,0.055723,0.000000
316,data/3D_cc_images.npz,0,10000,cpu,cpu,1,1,0.000000,0.055823,0.000000
317,data/3D_cc_images.npz,0,10000,cpu,cpu,1,1,0.000000,0.057930,0.000000
318,data/3D_cc_images.npz,0,10000,cpu,cpu,1,1,0.000000,0.056761,0.000000
319,data/3D_cc_images.npz,0,10000,cpu,cpu,1,1,0.000000,0.055562,0.000000
320,data/3D_cc_images.npz,0,10000,cpu,cpu,1,1,0.000000,0.055847,0.000000
321,data/3D_cc_images.npz,0,10000,cpu,cpu,1,1,0.000000,0.055826,0.000000
322,data/3D_cc_images.npz,0,10000,cpu,cpu,1,1,0.000000,0.055879,0.000000
323,data/3D_cc_images.npz,0,10000,cpu,cpu,1,1,0.000000,0.060596,0.000000
324,data/3D_cc_images.npz,0,10000,cpu,cpu,1,1,0.000000,0.056268,0.000000
325,data/3D_cc_images.npz,0,10000,cpu,cpu,1,1,0.000000,0.055555,0.000000
326,data/3D_cc_images.npz,0,10000,cpu,cpu,1,1,0.000000,0.057009,0.000000
327,data/3D_cc_images.npz,0,10000,cpu,cpu,1,1,0.000000,0.055686,0.000000
328,data/3D_cc_images.npz,0,10000,cpu,cpu,1,1,0.000000,0.056731,0.000000
329,data/3D_cc_images.npz,0,10000,cpu,cpu,1,1,0.000000,0.055703,0.000000
330,data/3D_cc_images.npz,0,10000,cpu,cpu,1,1,0.000000,0.055923,0.000000
331,data/3D_cc_images.npz,0,10000,cpu,cpu,1,1,0.000000,0.055689,0.000000
332,data/3D_cc_images.npz,0,10000,cpu,cpu,1,1,0.000000,0.057947,0.000000
333,data/3D_cc_images.npz,0,10000,cpu,cpu,1,1,0.000000,0.056742,0.000000
334,data/3D_cc_images.npz,0,10000,cpu,cpu,1,1,0.000000,0.055613,0.000000
335,data/3D_cc_images.npz,0,10000,cpu,cpu,1,1,0.000000,0.059774,0.000000
336,data/3D_cc_images.npz,0,10000,cpu,cpu,1,1,0.000000,0.055557,0.000000
337,data/3D_cc_images.npz,0,10000,cpu,cpu,1,1,0.000000,0.057707,0.000000
338,data/3D_cc_images.npz,0,10000,cpu,cpu,1,1,0.000000,0.055809,0.000000
339,data/3D_cc_images.npz,0,10000,cpu,cpu,1,1,0.000000,0.055713,0.000000
340,data/3D_cc_images.npz,0,10000,cpu,cpu,1,1,0.000000,0.057076,0.000000
341,data/3D_cc_images.npz,0,10000,cpu,cpu,1,1,0.000000,0.055839,0.000000
342,data/3D_cc_images.npz,0,10000,cpu,cpu,1,1,0.000000,0.056055,0.000000
343,data/3D_cc_images.npz,0,10000,cpu,cpu,1,1,0.000000,0.055812,0.000000
344,data/3D_cc_images.npz,0,10000,cpu,cpu,1,1,0.000000,0.055977,0.000000
345,data/3D_cc_images.npz,0,10000,cpu,cpu,1,1,0.000000,0.057077,0.000000
346,data/3D_cc_images.npz,0,10000,cpu,cpu,1,1,0.000000,0.055974,0.000000
347,data/3D_cc_images.npz,0,10000,cpu,cpu,1,1,0.000000,0.055957,0.000000
348,data/3D_cc_images.npz,0,10000,cpu,cpu,1,1,0.000000,0.055509,0.000000
349,data/3D_cc_images.npz,0,10000,cpu,cpu,1,1,0.000000,0.056953,0.000000
350,data/3D_cc_images.npz,0,10000,cpu,cpu,1,1,0.000000,0.055814,0.000000
351,data/3D_cc_images.npz,0,10000,cpu,cpu,1,1,0.000000,0.055527,0.000000
352,data/3D_cc_images.npz,0,10000,cpu,cpu,1,1,0.000000,0.055714,0.000000
353,data/3D_cc_images.npz,0,10000,cpu,cpu,1,1,0.000000,0.056685,0.000000
354,data/3D_cc_images.npz,0,10000,cpu,cpu,1,1,0.000000,0.055523,0.000000
355,data/3D_cc_images.npz,0,10000,cpu,cpu,1,1,0.000000,0.055899,0.000000
356,data/3D_cc_images.npz,0,10000,cpu,cpu,1,1,0.000000,0.055633,0.000000
357,data/3D_cc_images.npz,0,10000,cpu,cpu,1,1,0.000000,0.055940,0.000000
358,data/3D_cc_images.npz,0,10000,cpu,cpu,1,1,0.000000,0.055557,0.000000
359,data/3D_cc_images.npz,0,10000,cpu,cpu,1,1,0.000000,0.055882,0.000000
360,data/3D_cc_images.npz,0,10000,cpu,cpu,1,1,0.000000,0.056103,0.000000
361,data/3D_cc_images.npz,0,10000,cpu,cpu,1,1,0.000000,0.059906,0.000000
362,data/3D_cc_images.npz,0,10000,cpu,cpu,1,1,0.000000,0.055809,0.000000
363,data/3D_cc_images.npz,0,10000,cpu,cpu,1,1,0.000000,0.056525,0.000000
364,data/3D_cc_images.npz,0,10000,cpu,cpu,1,1,0.000000,0.059744,0.000000
365,data/3D_cc_images.npz,0,10000,cpu,cpu,1,1,0.000000,0.056346,0.000000
366,data/3D_cc_images.npz,0,10000,cpu,cpu,1,1,0.000000,0.056190,0.000000
367,data/3D_cc_images.npz,0,10000,cpu,cpu,1,1,0.000000,0.056204,0.000000
368,data/3D_cc_images.npz,0,10000,cpu,cpu,1,1,0.000000,0.055665,0.000000
369,data/3D_cc_images.npz,0,10000,cpu,cpu,1,1,0.000000,0.055611,0.000000
370,data/3D_cc_images.npz,0,10000,cpu,cpu,1,1,0.000000,0.055619,0.000000
371,data/3D_cc_images.npz,0,10000,cpu,cpu,1,1,0.000000,0.056564,0.000000
372,data/3D_cc_images.npz,0,10000,cpu,cpu,1,1,0.000000,0.055514,0.000000
373,data/3D_cc_images.npz,0,10000,cpu,cpu,1,1,0.000000,0.055483,0.000000
374,data/3D_cc_images.npz,0,10000,cpu,cpu,1,1,0.000000,0.055660,0.000000
375,data/3D_cc_images.npz,0,10000,cpu,cpu,1,1,0.000000,0.056113,0.000000
376,data/3D_cc_images.npz,0,10000,cpu,cpu,1,1,0.000000,0.057886,0.000000
377,data/3D_cc_images.npz,0,10000,cpu,cpu,1,1,0.000000,0.055896,0.000000
378,data/3D_cc_images.npz,0,10000,cpu,cpu,1,1,0.000000,0.060163,0.000000
379,data/3D_cc_images.npz,0,10000,cpu,cpu,1,1,0.000000,0.055626,0.000000
380,data/3D_cc_images.npz,0,10000,cpu,cpu,1,1,0.000000,0.056173,0.000000
381,data/3D_cc_images.npz,0,10000,cpu,cpu,1,1,0.000000,0.055519,0.000000
382,data/3D_cc_images.npz,0,10000,cpu,cpu,1,1,0.000000,0.055852,0.000000
383,data/3D_cc_images.npz,0,10000,cpu,cpu,1,1,0.000000,0.055870,0.000000
384,data/3D_cc_images.npz,0,10000,cpu,cpu,1,1,0.000000,0.056604,0.000000
385,data/3D_cc_images.npz,0,10000,cpu,cpu,1,1,0.000000,0.056072,0.000000
386,data/3D_cc_images.npz,0,10000,cpu,cpu,1,1,0.000000,0.055517,0.000000
387,data/3D_cc_images.npz,0,10000,cpu,cpu,1,1,0.000000,0.055813,0.000000
388,data/3D_cc_images.npz,0,10000,cpu,cpu,1,1,0.000000,0.056116,0.000000
389,data/3D_cc_images.npz,0,10000,cpu,cpu,1,1,0.000000,0.056017,0.000000
390,data/3D_cc_images.npz,0,10000,cpu,cpu,1,1,0.000000,0.058782,0.000000
391,data/3D_cc_images.npz,0,10000,cpu,cpu,1,1,0.000000,0.055764,0.000000
392,data/3D_cc_images.npz,0,10000,cpu,cpu,1,1,0.000000,0.056243,0.000000
393,data/3D_cc_images.npz,0,10000,cpu,cpu,1,1,0.000000,0.056719,0.000000
394,data/3D_cc_images.npz,0,10000,cpu,cpu,1,1,0.000000,0.056018,0.000000
395,data/3D_cc_images.npz,0,10000,cpu,cpu,1,1,0.000000,0.057294,0.000000
396,data/3D_cc_images.npz,0,10000,cpu,cpu,1,1,0.000000,0.055733,0.000000
397,data/3D_cc_images.npz,0,10000,cpu,cpu,1,1,0.000000,0.056374,0.000000
398,data/3D_cc_images.npz,0,10000,cpu,cpu,1,1,0.000000,0.055741,0.000000
399,data/3D_cc_images.npz,0,10000,cpu,cpu,1,1,0.000000,0.056255,0.000000
400,data/3D_cc_images.npz,0,10000,cpu,cpu,1,1,0.000000,0.055691,0.000000
401,data/3D_cc_images.npz,0,10000,cpu,cpu,1,1,0.000000,0.056288,0.000000
402,data/3D_cc_images.npz,0,10000,cpu,cpu,1,1,0.000000,0.055746,0.000000
403,data/3D_cc_images.npz,0,10000,cpu,cpu,1,1,0.000000,0.055896,0.000000
404,data/3D_cc_images.npz,0,10000,cpu,cpu,1,1,0.000000,0.055917,0.000000
405,data/3D_cc_images.npz,0,10000,cpu,cpu,1,1,0.000000,0.058410,0.000000
406,data/3D_cc_images.npz,0,10000,cpu,cpu,1,1,0.000000,0.057650,0.000000
407,data/3D_cc_images.npz,0,10000,cpu,cpu,1,1,0.000000,0.056672,0.000000
408,data/3D_cc_images.npz,0,10000,cpu,cpu,1,1,0.000000,0.058280,0.000000
409,data/3D_cc_images.npz,0,10000,cpu,cpu,1,1,0.000000,0.060701,0.000000
410,data/3D_cc_images.npz,0,10000,cpu,cpu,1,1,0.000000,0.057390,0.000000
411,data/3D_cc_images.npz,0,10000,cpu,cpu,1,1,0.000000,0.055621,0.000000
412,data/3D_cc_images.npz,0,10000,cpu,cpu,1,1,0.000000,0.055758,0.000000
413,data/3D_cc_images.npz,0,10000,cpu,cpu,1,1,0.000000,0.057743,0.000000
414,data/3D_cc_images.npz,0,10000,cpu,cpu,1,1,0.000000,0.055904,0.000000
415,data/3D_cc_images.npz,0,10000,cpu,cpu,1,1,0.000000,0.056386,0.000000
416,data/3D_cc_images.npz,0,10000,cpu,cpu,1,1,0.000000,0.055525,0.000000
417,data/3D_cc_images.npz,0,10000,cpu,cpu,1,1,0.000000,0.056479,0.000000
418,data/3D_cc_images.npz,0,10000,cpu,cpu,1,1,0.000000,0.059171,0.000000
419,data/3D_cc_images.npz,0,10000,cpu,cpu,1,1,0.000000,0.055265,0.000000
420,data/3D_cc_images.npz,0,10000,cpu,cpu,1,1,0.000000,0.055876,0.000000
421,data/3D_cc_images.npz,0,10000,cpu,cpu,1,1,0.000000,0.056012,0.000000
422,data/3D_cc_images.npz,0,10000,cpu,cpu,1,1,0.000000,0.055374,0.000000
423,data/3D_cc_images.npz,0,10000,cpu,cpu,1,1,0.000000,0.055731,0.000000
424,data/3D_cc_images.npz,0,10000,cpu,cpu,1,1,0.000000,0.057377,0.000000
425,data/3D_cc_images.npz,0,10000,cpu,cpu,1,1,0.000000,0.055743,0.000000
426,data/3D_cc_images.npz,0,10000,cpu,cpu,1,1,0.000000,0.055949,0.000000
427,data/3D_cc_images.npz,0,10000,cpu,cpu,1,1,0.000000,0.055570,0.000000
428,data/3D_cc_images.npz,0,10000,cpu,cpu,1,1,0.000000,0.056276,0.000000
429,data/3D_cc_images.npz,0,10000,cpu,cpu,1,1,0.000000,0.055432,0.000000
430,data/3D_cc_images.npz,0,10000,cpu,cpu,1,1,0.000000,0.055544,0.000000
431,data/3D_cc_images.npz,0,10000,cpu,cpu,1,1,0.000000,0.055203,0.000000
432,data/3D_cc_images.npz,0,10000,cpu,cpu,1,1,0.000000,0.055588,0.000000
433,data/3D_cc_images.npz,0,10000,cpu,cpu,1,1,0.000000,0.055714,0.000000
434,data/3D_cc_images.npz,0,10000,cpu,cpu,1,1,0.000000,0.055903,0.000000
435,data/3D_cc_images.npz,0,10000,cpu,cpu,1,1,0.000000,0.058540,0.000000
436,data/3D_cc_images.npz,0,10000,cpu,cpu,1,1,0.000000,0.055740,0.000000
437,data/3D_cc_images.npz,0,10000,cpu,cpu,1,1,0.000000,0.055688,0.000000
438,data/3D_cc_images.npz,0,10000,cpu,cpu,1,1,0.000000,0.055707,0.000000
439,data/3D_cc_images.npz,0,10000,cpu,cpu,1,1,0.000000,0.055718,0.000000
440,data/3D_cc_images.npz,0,10000,cpu,cpu,1,1,0.000000,0.055547,0.000000
441,data/3D_cc_images.npz,0,10000,cpu,cpu,1,1,0.000000,0.055431,0.000000
442,data/3D_cc_images.npz,0,10000,cpu,cpu,1,1,0.000000,0.056907,0.000000
443,data/3D_cc_images.npz,0,10000,cpu,cpu,1,1,0.000000,0.056367,0.000000
444,data/3D_cc_images.npz,0,10000,cpu,cpu,1,1,0.000000,0.055584,0.000000
445,data/3D_cc_images.npz,0,10000,cpu,cpu,1,1,0.000000,0.056934,0.000000
446,data/3D_cc_images.npz,0,10000,cpu,cpu,1,1,0.000000,0.056079,0.000000
447,data/3D_cc_images.npz,0,10000,cpu,cpu,1,1,0.000000,0.056235,0.000000
448,data/3D_cc_images.npz,0,10000,cpu,cpu,1,1,0.000000,0.059600,0.000000
449,data/3D_cc_images.npz,0,10000,cpu,cpu,1,1,0.000000,0.058294,0.000000
450,data/3D_cc_images.npz,0,10000,cpu,cpu,1,1,0.000000,0.055880,0.000000
451,data/3D_cc_images.npz,0,10000,cpu,cpu,1,1,0.000000,0.057285,0.000000
452,data/3D_cc_images.npz,0,10000,cpu,cpu,1,1,0.000000,0.056319,0.000000
453,data/3D_cc_images.npz,0,10000,cpu,cpu,1,1,0.000000,0.055851,0.000000
454,data/3D_cc_images.npz,0,10000,cpu,cpu,1,1,0.000000,0.056955,0.000000
455,data/3D_cc_images.npz,0,10000,cpu,cpu,1,1,0.000000,0.056560,0.000000
456,data/3D_cc_images.npz,0,10000,cpu,cpu,1,1,0.000000,0.056465,0.000000
457,data/3D_cc_images.npz,0,10000,cpu,cpu,1,1,0.000000,0.061079,0.000000
458,data/3D_cc_images.npz,0,10000,cpu,cpu,1,1,0.000000,0.058239,0.000000
459,data/3D_cc_images.npz,0,10000,cpu,cpu,1,1,0.000000,0.056005,0.000000
460,data/3D_cc_images.npz,0,10000,cpu,cpu,1,1,0.000000,0.056982,0.000000
461,data/3D_cc_images.npz,0,10000,cpu,cpu,1,1,0.000000,0.056493,0.000000
462,data/3D_cc_images.npz,0,10000,cpu,cpu,1,1,0.000000,0.058876,0.000000
463,data/3D_cc_images.npz,0,10000,cpu,cpu,1,1,0.000000,0.056053,0.000000
464,data/3D_cc_images.npz,0,10000,cpu,cpu,1,1,0.000000,0.057676,0.000000
465,data/3D_cc_images.npz,0,10000,cpu,cpu,1,1,0.000000,0.055905,0.000000
466,data/3D_cc_images.npz,0,10000,cpu,cpu,1,1,0.000000,0.056112,0.000000
467,data/3D_cc_images.npz,0,10000,cpu,cpu,1,1,0.000000,0.055785,0.000000
468,data/3D_cc_images.npz,0,10000,cpu,cpu,1,1,0.000000,0.055760,0.000000
469,data/3D_cc_images.npz,0,10000,cpu,cpu,1,1,0.000000,0.056336,0.000000
470,data/3D_cc_images.npz,0,10000,cpu,cpu,1,1,0.000000,0.055656,0.000000
471,data/3D_cc_images.npz,0,10000,cpu,cpu,1,1,0.000000,0.055658,0.000000
472,data/3D_cc_images.npz,0,10000,cpu,cpu,1,1,0.000000,0.058488,0.000000
473,data/3D_cc_images.npz,0,10000,cpu,cpu,1,1,0.000000,0.055907,0.000000
474,data/3D_cc_images.npz,0,10000,cpu,cpu,1,1,0.000000,0.056378,0.000000
475,data/3D_cc_images.npz,0,10000,cpu,cpu,1,1,0.000000,0.056124,0.000000
476,data/3D_cc_images.npz,0,10000,cpu,cpu,1,1,0.000000,0.056871,0.000000
477,data/3D_cc_images.npz,0,10000,cpu,cpu,1,1,0.000000,0.055472,0.000000
478,data/3D_cc_images.npz,0,10000,cpu,cpu,1,1,0.000000,0.056361,0.000000
479,data/3D_cc_images.npz,0,10000,cpu,cpu,1,1,0.000000,0.056290,0.000000
480,data/3D_cc_images.npz,0,10000,cpu,cpu,1,1,0.000000,0.056565,0.000000
481,data/3D_cc_images.npz,0,10000,cpu,cpu,1,1,0.000000,0.055370,0.000000
482,data/3D_cc_images.npz,0,10000,cpu,cpu,1,1,0.000000,0.056201,0.000000
483,data/3D_cc_images.npz,0,10000,cpu,cpu,1,1,0.000000,0.056291,0.000000
484,data/3D_cc_images.npz,0,10000,cpu,cpu,1,1,0.000000,0.056531,0.000000
485,data/3D_cc_images.npz,0,10000,cpu,cpu,1,1,0.000000,0.055596,0.000000
486,data/3D_cc_images.npz,0,10000,cpu,cpu,1,1,0.000000,0.056114,0.000000
487,data/3D_cc_images.npz,0,10000,cpu,cpu,1,1,0.000000,0.056496,0.000000
488,data/3D_cc_images.npz,0,10000,cpu,cpu,1,1,0.000000,0.055989,0.000000
489,data/3D_cc_images.npz,0,10000,cpu,cpu,1,1,0.000000,0.055949,0.000000
490,data/3D_cc_images.npz,0,10000,cpu,cpu,1,1,0.000000,0.056715,0.000000
491,data/3D_cc_images.npz,0,10000,cpu,cpu,1,1,0.000000,0.056532,0.000000
492,data/3D_cc_images.npz,0,10000,cpu,cpu,1,1,0.000000,0.056257,0.000000
493,data/3D_cc_images.npz,0,10000,cpu,cpu,1,1,0.000000,0.055841,0.000000
494,data/3D_cc_images.npz,0,10000,cpu,cpu,1,1,0.000000,0.056167,0.000000
495,data/3D_cc_images.npz,0,10000,cpu,cpu,1,1,0.000000,0.056061,0.000000
496,data/3D_cc_images.npz,0,10000,cpu,cpu,1,1,0.000000,0.056798,0.000000
497,data/3D_cc_images.npz,0,10000,cpu,cpu,1,1,0.000000,0.055735,0.000000
498,data/3D_cc_images.npz,0,10000,cpu,cpu,1,1,0.000000,0.056322,0.000000
499,data/3D_cc_images.npz,0,10000,cpu,cpu,1,1,0.000000,0.056333,0.000000
500,data/3D_cc_images.npz,0,10000,cpu,cpu,1,1,0.000000,0.056067,0.000000
501,data/3D_cc_images.npz,0,10000,cpu,cpu,1,1,0.000000,0.057713,0.000000
502,data/3D_cc_images.npz,0,10000,cpu,cpu,1,1,0.000000,0.056084,0.000000
503,data/3D_cc_images.npz,0,10000,cpu,cpu,1,1,0.000000,0.057592,0.000000
504,data/3D_cc_images.npz,0,10000,cpu,cpu,1,1,0.000000,0.055816,0.000000
505,data/3D_cc_images.npz,0,10000,cpu,cpu,1,1,0.000000,0.056333,0.000000
506,data/3D_cc_images.npz,0,10000,cpu,cpu,1,1,0.000000,0.056659,0.000000
507,data/3D_cc_images.npz,0,10000,cpu,cpu,1,1,0.000000,0.056171,0.000000
508,data/3D_cc_images.npz,0,10000,cpu,cpu,1,1,0.000000,0.056000,0.000000
509,data/3D_cc_images.npz,0,10000,cpu,cpu,1,1,0.000000,0.056175,0.000000
510,data/3D_cc_images.npz,0,10000,cpu,cpu,1,1,0.000000,0.056282,0.000000
511,data/3D_cc_images.npz,0,10000,cpu,cpu,1,1,0.000000,0.056168,0.000000
512,data/3D_cc_images.npz,0,10000,cpu,cpu,1,1,0.000000,0.056418,0.000000
513,data/3D_cc_images.npz,0,10000,cpu,cpu,1,1,0.000000,0.055804,0.000000
514,data/3D_cc_images.npz,0,10000,cpu,cpu,1,1,0.000000,0.056711,0.000000
515,data/3D_cc_images.npz,0,10000,cpu,cpu,1,1,0.000000,0.056103,0.000000
516,data/3D_cc_images.npz,0,10000,cpu,cpu,1,1,0.000000,0.056762,0.000000
517,data/3D_cc_images.npz,0,10000,cpu,cpu,1,1,0.000000,0.056019,0.000000
518,data/3D_cc_images.npz,0,10000,cpu,cpu,1,1,0.000000,0.056316,0.000000
519,data/3D_cc_images.npz,0,10000,cpu,cpu,1,1,0.000000,0.056064,0.000000
520,data/3D_cc_images.npz,0,10000,cpu,cpu,1,1,0.000000,0.056964,0.000000
521,data/3D_cc_images.npz,0,10000,cpu,cpu,1,1,0.000000,0.056306,0.000000
522,data/3D_cc_images.npz,0,10000,cpu,cpu,1,1,0.000000,0.056884,0.000000
523,data/3D_cc_images.npz,0,10000,cpu,cpu,1,1,0.000000,0.056028,0.000000
524,data/3D_cc_images.npz,0,10000,cpu,cpu,1,1,0.000000,0.056684,0.000000
525,data/3D_cc_images.npz,0,10000,cpu,cpu,1,1,0.000000,0.055735,0.000000
526,data/3D_cc_images.npz,0,10000,cpu,cpu,1,1,0.000000,0.055581,0.000000
527,data/3D_cc_images.npz,0,10000,cpu,cpu,1,1,0.000000,0.055938,0.000000
528,data/3D_cc_images.npz,0,10000,cpu,cpu,1,1,0.000000,0.056340,0.000000
529,data/3D_cc_images.npz,0,10000,cpu,cpu,1,1,0.000000,0.057480,0.000000
530,data/3D_cc_images.npz,0,10000,cpu,cpu,1,1,0.000000,0.057468,0.000000
531,data/3D_cc_images.npz,0,10000,cpu,cpu,1,1,0.000000,0.057026,0.000000
532,data/3D_cc_images.npz,0,10000,cpu,cpu,1,1,0.000000,0.056289,0.000000
533,data/3D_cc_images.npz,0,10000,cpu,cpu,1,1,0.000000,0.056433,0.000000
534,data/3D_cc_images.npz,0,10000,cpu,cpu,1,1,0.000000,0.055778,0.000000
535,data/3D_cc_images.npz,0,10000,cpu,cpu,1,1,0.000000,0.056099,0.000000
536,data/3D_cc_images.npz,0,10000,cpu,cpu,1,1,0.000000,0.056846,0.000000
537,data/3D_cc_images.npz,0,10000,cpu,cpu,1,1,0.000000,0.056402,0.000000
538,data/3D_cc_images.npz,0,10000,cpu,cpu,1,1,0.000000,0.055841,0.000000
539,data/3D_cc_images.npz,0,10000,cpu,cpu,1,1,0.000000,0.055665,0.000000
540,data/3D_cc_images.npz,0,10000,cpu,cpu,1,1,0.000000,0.055758,0.000000
541,data/3D_cc_images.npz,0,10000,cpu,cpu,1,1,0.000000,0.055849,0.000000
542,data/3D_cc_images.npz,0,10000,cpu,cpu,1,1,0.000000,0.056151,0.000000
543,data/3D_cc_images.npz,0,10000,cpu,cpu,1,1,0.000000,0.055988,0.000000
544,data/3D_cc_images.npz,0,10000,cpu,cpu,1,1,0.000000,0.055581,0.000000
545,data/3D_cc_images.npz,0,10000,cpu,cpu,1,1,0.000000,0.056422,0.000000
546,data/3D_cc_images.npz,0,10000,cpu,cpu,1,1,0.000000,0.055450,0.000000
547,data/3D_cc_images.npz,0,10000,cpu,cpu,1,1,0.000000,0.055697,0.000000
548,data/3D_cc_images.npz,0,10000,cpu,cpu,1,1,0.000000,0.056529,0.000000
549,data/3D_cc_images.npz,0,10000,cpu,cpu,1,1,0.000000,0.056589,0.000000
550,data/3D_cc_images.npz,0,10000,cpu,cpu,1,1,0.000000,0.056389,0.000000
551,data/3D_cc_images.npz,0,10000,cpu,cpu,1,1,0.000000,0.055947,0.000000
552,data/3D_cc_images.npz,0,10000,cpu,cpu,1,1,0.000000,0.056055,0.000000
553,data/3D_cc_images.npz,0,10000,cpu,cpu,1,1,0.000000,0.056296,0.000000
554,data/3D_cc_images.npz,0,10000,cpu,cpu,1,1,0.000000,0.056128,0.000000
555,data/3D_cc_images.npz,0,10000,cpu,cpu,1,1,0.000000,0.056145,0.000000
556,data/3D_cc_images.npz,0,10000,cpu,cpu,1,1,0.000000,0.055600,0.000000
557,data/3D_cc_images.npz,0,10000,cpu,cpu,1,1,0.000000,0.056814,0.000000
558,data/3D_cc_images.npz,0,10000,cpu,cpu,1,1,0.000000,0.055809,0.000000
559,data/3D_cc_images.npz,0,10000,cpu,cpu,1,1,0.000000,0.056089,0.000000
560,data/3D_cc_images.npz,0,10000,cpu,cpu,1,1,0.000000,0.055979,0.000000
561,data/3D_cc_images.npz,0,10000,cpu,cpu,1,1,0.000000,0.055986,0.000000
562,data/3D_cc_images.npz,0,10000,cpu,cpu,1,1,0.000000,0.057126,0.000000
563,data/3D_cc_images.npz,0,10000,cpu,cpu,1,1,0.000000,0.056002,0.000000
564,data/3D_cc_images.npz,0,10000,cpu,cpu,1,1,0.000000,0.056558,0.000000
565,data/3D_cc_images.npz,0,10000,cpu,cpu,1,1,0.000000,0.057117,0.000000
566,data/3D_cc_images.npz,0,10000,cpu,cpu,1,1,0.000000,0.055858,0.000000
567,data/3D_cc_images.npz,0,10000,cpu,cpu,1,1,0.000000,0.056154,0.000000
568,data/3D_cc_images.npz,0,10000,cpu,cpu,1,1,0.000000,0.056249,0.000000
569,data/3D_cc_images.npz,0,10000,cpu,cpu,1,1,0.000000,0.056194,0.000000
570,data/3D_cc_images.npz,0,10000,cpu,cpu,1,1,0.000000,0.056859,0.000000
571,data/3D_cc_images.npz,0,10000,cpu,cpu,1,1,0.000000,0.055742,0.000000
572,data/3D_cc_images.npz,0,10000,cpu,cpu,1,1,0.000000,0.056169,0.000000
573,data/3D_cc_images.npz,0,10000,cpu,cpu,1,1,0.000000,0.056142,0.000000
574,data/3D_cc_images.npz,0,10000,cpu,cpu,1,1,0.000000,0.055846,0.000000
575,data/3D_cc_images.npz,0,10000,cpu,cpu,1,1,0.000000,0.056000,0.000000
576,data/3D_cc_images.npz,0,10000,cpu,cpu,1,1,0.000000,0.055820,0.000000
577,data/3D_cc_images.npz,0,10000,cpu,cpu,1,1,0.000000,0.057002,0.000000
578,data/3D_cc_images.npz,0,10000,cpu,cpu,1,1,0.000000,0.056314,0.000000
579,data/3D_cc_images.npz,0,10000,cpu,cpu,1,1,0.000000,0.056041,0.000000
580,data/3D_cc_images.npz,0,10000,cpu,cpu,1,1,0.000000,0.056337,0.000000
581,data/3D_cc_images.npz,0,10000,cpu,cpu,1,1,0.000000,0.056310,0.000000
582,data/3D_cc_images.npz,0,10000,cpu,cpu,1,1,0.000000,0.056044,0.000000
583,data/3D_cc_images.npz,0,10000,cpu,cpu,1,1,0.000000,0.056207,0.000000
584,data/3D_cc_images.npz,0,10000,cpu,cpu,1,1,0.000000,0.056632,0.000000
585,data/3D_cc_images.npz,0,10000,cpu,cpu,1,1,0.000000,0.057079,0.000000
586,data/3D_cc_images.npz,0,10000,cpu,cpu,1,1,0.000000,0.056571,0.000000
587,data/3D_cc_images.npz,0,10000,cpu,cpu,1,1,0.000000,0.055968,0.000000
588,data/3D_cc_images.npz,0,10000,cpu,cpu,1,1,0.000000,0.056219,0.000000
589,data/3D_cc_images.npz,0,10000,cpu,cpu,1,1,0.000000,0.057296,0.000000
590,data/3D_cc_images.npz,0,10000,cpu,cpu,1,1,0.000000,0.055995,0.000000
591,data/3D_cc_images.npz,0,10000,cpu,cpu,1,1,0.000000,0.056487,0.000000
592,data/3D_cc_images.npz,0,10000,cpu,cpu,1,1,0.000000,0.055965,0.000000
593,data/3D_cc_images.npz,0,10000,cpu,cpu,1,1,0.000000,0.055978,0.000000
594,data/3D_cc_images.npz,0,10000,cpu,cpu,1,1,0.000000,0.055902,0.000000
595,data/3D_cc_images.npz,0,10000,cpu,cpu,1,1,0.000000,0.056971,0.000000
596,data/3D_cc_images.npz,0,10000,cpu,cpu,1,1,0.000000,0.055777,0.000000
597,data/3D_cc_images.npz,0,10000,cpu,cpu,1,1,0.000000,0.055605,0.000000
598,data/3D_cc_images.npz,0,10000,cpu,cpu,1,1,0.000000,0.058214,0.000000
599,data/3D_cc_images.npz,0,10000,cpu,cpu,1,1,0.000000,0.056000,0.000000
600,data/3D_cc_images.npz,0,10000,cpu,cpu,1,1,0.000000,0.055633,0.000000
601,data/3D_cc_images.npz,0,10000,cpu,cpu,1,1,0.000000,0.056510,0.000000
602,data/3D_cc_images.npz,0,10000,cpu,cpu,1,1,0.000000,0.055669,0.000000
603,data/3D_cc_images.npz,0,10000,cpu,cpu,1,1,0.000000,0.058797,0.000000
604,data/3D_cc_images.npz,0,10000,cpu,cpu,1,1,0.000000,0.056917,0.000000
605,data/3D_cc_images.npz,0,10000,cpu,cpu,1,1,0.000000,0.056133,0.000000
606,data/3D_cc_images.npz,0,10000,cpu,cpu,1,1,0.000000,0.057159,0.000000
607,data/3D_cc_images.npz,0,10000,cpu,cpu,1,1,0.000000,0.061952,0.000000
608,data/3D_cc_images.npz,0,10000,cpu,cpu,1,1,0.000000,0.058900,0.000000
609,data/3D_cc_images.npz,0,10000,cpu,cpu,1,1,0.000000,0.059038,0.000000
610,data/3D_cc_images.npz,0,10000,cpu,cpu,1,1,0.000000,0.056377,0.000000
611,data/3D_cc_images.npz,0,10000,cpu,cpu,1,1,0.000000,0.056099,0.000000
612,data/3D_cc_images.npz,0,10000,cpu,cpu,1,1,0.000000,0.056518,0.000000
613,data/3D_cc_images.npz,0,10000,cpu,cpu,1,1,0.000000,0.056752,0.000000
614,data/3D_cc_images.npz,0,10000,cpu,cpu,1,1,0.000000,0.061963,0.000000
615,data/3D_cc_images.npz,0,10000,cpu,cpu,1,1,0.000000,0.056186,0.000000
616,data/3D_cc_images.npz,0,10000,cpu,cpu,1,1,0.000000,0.057687,0.000000
617,data/3D_cc_images.npz,0,10000,cpu,cpu,1,1,0.000000,0.056880,0.000000
618,data/3D_cc_images.npz,0,10000,cpu,cpu,1,1,0.000000,0.057019,0.000000
619,data/3D_cc_images.npz,0,10000,cpu,cpu,1,1,0.000000,0.059830,0.000000
620,data/3D_cc_images.npz,0,10000,cpu,cpu,1,1,0.000000,0.060607,0.000000
621,data/3D_cc_images.npz,0,10000,cpu,cpu,1,1,0.000000,0.056152,0.000000
622,data/3D_cc_images.npz,0,10000,cpu,cpu,1,1,0.000000,0.057308,0.000000
623,data/3D_cc_images.npz,0,10000,cpu,cpu,1,1,0.000000,0.055864,0.000000
624,data/3D_cc_images.npz,0,10000,cpu,cpu,1,1,0.000000,0.055922,0.000000
625,data/3D_cc_images.npz,0,10000,cpu,cpu,1,1,0.000000,0.056100,0.000000
626,data/3D_cc_images.npz,0,10000,cpu,cpu,1,1,0.000000,0.056909,0.000000
627,data/3D_cc_images.npz,0,10000,cpu,cpu,1,1,0.000000,0.056477,0.000000
628,data/3D_cc_images.npz,0,10000,cpu,cpu,1,1,0.000000,0.055329,0.000000
629,data/3D_cc_images.npz,0,10000,cpu,cpu,1,1,0.000000,0.056558,0.000000
630,data/3D_cc_images.npz,0,10000,cpu,cpu,1,1,0.000000,0.056563,0.000000
631,data/3D_cc_images.npz,0,10000,cpu,cpu,1,1,0.000000,0.056444,0.000000
632,data/3D_cc_images.npz,0,10000,cpu,cpu,1,1,0.000000,0.056568,0.000000
633,data/3D_cc_images.npz,0,10000,cpu,cpu,1,1,0.000000,0.055582,0.000000
634,data/3D_cc_images.npz,0,10000,cpu,cpu,1,1,0.000000,0.056296,0.000000
635,data/3D_cc_images.npz,0,10000,cpu,cpu,1,1,0.000000,0.055838,0.000000
636,data/3D_cc_images.npz,0,10000,cpu,cpu,1,1,0.000000,0.060728,0.000000
637,data/3D_cc_images.npz,0,10000,cpu,cpu,1,1,0.000000,0.057090,0.000000
638,data/3D_cc_images.npz,0,10000,cpu,cpu,1,1,0.000000,0.056566,0.000000
639,data/3D_cc_images.npz,0,10000,cpu,cpu,1,1,0.000000,0.056332,0.000000
640,data/3D_cc_images.npz,0,10000,cpu,cpu,1,1,0.000000,0.056130,0.000000
641,data/3D_cc_images.npz,0,10000,cpu,cpu,1,1,0.000000,0.055991,0.000000
642,data/3D_cc_images.npz,0,10000,cpu,cpu,1,1,0.000000,0.056425,0.000000
643,data/3D_cc_images.npz,0,10000,cpu,cpu,1,1,0.000000,0.058201,0.000000
644,data/3D_cc_images.npz,0,10000,cpu,cpu,1,1,0.000000,0.056397,0.000000
645,data/3D_cc_images.npz,0,10000,cpu,cpu,1,1,0.000000,0.060772,0.000000
646,data/3D_cc_images.npz,0,10000,cpu,cpu,1,1,0.000000,0.056360,0.000000
647,data/3D_cc_images.npz,0,10000,cpu,cpu,1,1,0.000000,0.056534,0.000000
648,data/3D_cc_images.npz,0,10000,cpu,cpu,1,1,0.000000,0.060216,0.000000
649,data/3D_cc_images.npz,0,10000,cpu,cpu,1,1,0.000000,0.055444,0.000000
650,data/3D_cc_images.npz,0,10000,cpu,cpu,1,1,0.000000,0.056046,0.000000
651,data/3D_cc_images.npz,0,10000,cpu,cpu,1,1,0.000000,0.056671,0.000000
652,data/3D_cc_images.npz,0,10000,cpu,cpu,1,1,0.000000,0.056538,0.000000
653,data/3D_cc_images.npz,0,10000,cpu,cpu,1,1,0.000000,0.055864,0.000000
654,data/3D_cc_images.npz,0,10000,cpu,cpu,1,1,0.000000,0.055869,0.000000
655,data/3D_cc_images.npz,0,10000,cpu,cpu,1,1,0.000000,0.056714,0.000000
656,data/3D_cc_images.npz,0,10000,cpu,cpu,1,1,0.000000,0.056292,0.000000
657,data/3D_cc_images.npz,0,10000,cpu,cpu,1,1,0.000000,0.059183,0.000000
658,data/3D_cc_images.npz,0,10000,cpu,cpu,1,1,0.000000,0.055806,0.000000
659,data/3D_cc_images.npz,0,10000,cpu,cpu,1,1,0.000000,0.059274,0.000000
660,data/3D_cc_images.npz,0,10000,cpu,cpu,1,1,0.000000,0.055900,0.000000
661,data/3D_cc_images.npz,0,10000,cpu,cpu,1,1,0.000000,0.056218,0.000000
662,data/3D_cc_images.npz,0,10000,cpu,cpu,1,1,0.000000,0.060184,0.000000
663,data/3D_cc_images.npz,0,10000,cpu,cpu,1,1,0.000000,0.057221,0.000000
664,data/3D_cc_images.npz,0,10000,cpu,cpu,1,1,0.000000,0.056627,0.000000
665,data/3D_cc_images.npz,0,10000,cpu,cpu,1,1,0.000000,0.056436,0.000000
666,data/3D_cc_images.npz,0,10000,cpu,cpu,1,1,0.000000,0.056370,0.000000
667,data/3D_cc_images.npz,0,10000,cpu,cpu,1,1,0.000000,0.056899,0.000000
668,data/3D_cc_images.npz,0,10000,cpu,cpu,1,1,0.000000,0.055892,0.000000
669,data/3D_cc_images.npz,0,10000,cpu,cpu,1,1,0.000000,0.056735,0.000000
670,data/3D_cc_images.npz,0,10000,cpu,cpu,1,1,0.000000,0.061368,0.000000
671,data/3D_cc_images.npz,0,10000,cpu,cpu,1,1,0.000000,0.058654,0.000000
672,data/3D_cc_images.npz,0,10000,cpu,cpu,1,1,0.000000,0.056082,0.000000
673,data/3D_cc_images.npz,0,10000,cpu,cpu,1,1,0.000000,0.057311,0.000000
674,data/3D_cc_images.npz,0,10000,cpu,cpu,1,1,0.000000,0.058379,0.000000
675,data/3D_cc_images.npz,0,10000,cpu,cpu,1,1,0.000000,0.057446,0.000000
676,data/3D_cc_images.npz,0,10000,cpu,cpu,1,1,0.000000,0.055833,0.000000
677,data/3D_cc_images.npz,0,10000,cpu,cpu,1,1,0.000000,0.057781,0.000000
678,data/3D_cc_images.npz,0,10000,cpu,cpu,1,1,0.000000,0.056707,0.000000
679,data/3D_cc_images.npz,0,10000,cpu,cpu,1,1,0.000000,0.062057,0.000000
680,data/3D_cc_images.npz,0,10000,cpu,cpu,1,1,0.000000,0.055953,0.000000
681,data/3D_cc_images.npz,0,10000,cpu,cpu,1,1,0.000000,0.056350,0.000000
682,data/3D_cc_images.npz,0,10000,cpu,cpu,1,1,0.000000,0.055706,0.000000
683,data/3D_cc_images.npz,0,10000,cpu,cpu,1,1,0.000000,0.055832,0.000000
684,data/3D_cc_images.npz,0,10000,cpu,cpu,1,1,0.000000,0.056912,0.000000
685,data/3D_cc_images.npz,0,10000,cpu,cpu,1,1,0.000000,0.056312,0.000000
686,data/3D_cc_images.npz,0,10000,cpu,cpu,1,1,0.000000,0.056541,0.000000
687,data/3D_cc_images.npz,0,10000,cpu,cpu,1,1,0.000000,0.056250,0.000000
688,data/3D_cc_images.npz,0,10000,cpu,cpu,1,1,0.000000,0.056085,0.000000
689,data/3D_cc_images.npz,0,10000,cpu,cpu,1,1,0.000000,0.056610,0.000000
690,data/3D_cc_images.npz,0,10000,cpu,cpu,1,1,0.000000,0.055766,0.000000
691,data/3D_cc_images.npz,0,10000,cpu,cpu,1,1,0.000000,0.056150,0.000000
692,data/3D_cc_images.npz,0,10000,cpu,cpu,1,1,0.000000,0.057449,0.000000
693,data/3D_cc_images.npz,0,10000,cpu,cpu,1,1,0.000000,0.055887,0.000000
694,data/3D_cc_images.npz,0,10000,cpu,cpu,1,1,0.000000,0.056514,0.000000
695,data/3D_cc_images.npz,0,10000,cpu,cpu,1,1,0.000000,0.057978,0.000000
696,data/3D_cc_images.npz,0,10000,cpu,cpu,1,1,0.000000,0.057031,0.000000
697,data/3D_cc_images.npz,0,10000,cpu,cpu,1,1,0.000000,0.055926,0.000000
698,data/3D_cc_images.npz,0,10000,cpu,cpu,1,1,0.000000,0.056578,0.000000
699,data/3D_cc_images.npz,0,10000,cpu,cpu,1,1,0.000000,0.057468,0.000000
700,data/3D_cc_images.npz,0,10000,cpu,cpu,1,1,0.000000,0.056027,0.000000
701,data/3D_cc_images.npz,0,10000,cpu,cpu,1,1,0.000000,0.056432,0.000000
702,data/3D_cc_images.npz,0,10000,cpu,cpu,1,1,0.000000,0.056204,0.000000
703,data/3D_cc_images.npz,0,10000,cpu,cpu,1,1,0.000000,0.056427,0.000000
704,data/3D_cc_images.npz,0,10000,cpu,cpu,1,1,0.000000,0.056446,0.000000
705,data/3D_cc_images.npz,0,10000,cpu,cpu,1,1,0.000000,0.055909,0.000000
706,data/3D_cc_images.npz,0,10000,cpu,cpu,1,1,0.000000,0.057241,0.000000
707,data/3D_cc_images.npz,0,10000,cpu,cpu,1,1,0.000000,0.056024,0.000000
708,data/3D_cc_images.npz,0,10000,cpu,cpu,1,1,0.000000,0.056425,0.000000
709,data/3D_cc_images.npz,0,10000,cpu,cpu,1,1,0.000000,0.056341,0.000000
710,data/3D_cc_images.npz,0,10000,cpu,cpu,1,1,0.000000,0.056253,0.000000
711,data/3D_cc_images.npz,0,10000,cpu,cpu,1,1,0.000000,0.056124,0.000000
712,data/3D_cc_images.npz,0,10000,cpu,cpu,1,1,0.000000,0.056505,0.000000
713,data/3D_cc_images.npz,0,10000,cpu,cpu,1,1,0.000000,0.055667,0.000000
714,data/3D_cc_images.npz,0,10000,cpu,cpu,1,1,0.000000,0.056211,0.000000
715,data/3D_cc_images.npz,0,10000,cpu,cpu,1,1,0.000000,0.056079,0.000000
716,data/3D_cc_images.npz,0,10000,cpu,cpu,1,1,0.000000,0.055656,0.000000
717,data/3D_cc_images.npz,0,10000,cpu,cpu,1,1,0.000000,0.056101,0.000000
718,data/3D_cc_images.npz,0,10000,cpu,cpu,1,1,0.000000,0.059120,0.000000
719,data/3D_cc_images.npz,0,10000,cpu,cpu,1,1,0.000000,0.056222,0.000000
720,data/3D_cc_images.npz,0,10000,cpu,cpu,1,1,0.000000,0.055969,0.000000
721,data/3D_cc_images.npz,0,10000,cpu,cpu,1,1,0.000000,0.058082,0.000000
722,data/3D_cc_images.npz,0,10000,cpu,cpu,1,1,0.000000,0.055681,0.000000
723,data/3D_cc_images.npz,0,10000,cpu,cpu,1,1,0.000000,0.057658,0.000000
724,data/3D_cc_images.npz,0,10000,cpu,cpu,1,1,0.000000,0.057711,0.000000
725,data/3D_cc_images.npz,0,10000,cpu,cpu,1,1,0.000000,0.056778,0.000000
726,data/3D_cc_images.npz,0,10000,cpu,cpu,1,1,0.000000,0.056168,0.000000
727,data/3D_cc_images.npz,0,10000,cpu,cpu,1,1,0.000000,0.059339,0.000000
728,data/3D_cc_images.npz,0,10000,cpu,cpu,1,1,0.000000,0.060325,0.000000
729,data/3D_cc_images.npz,0,10000,cpu,cpu,1,1,0.000000,0.055329,0.000000
730,data/3D_cc_images.npz,0,10000,cpu,cpu,1,1,0.000000,0.057087,0.000000
731,data/3D_cc_images.npz,0,10000,cpu,cpu,1,1,0.000000,0.056972,0.000000
732,data/3D_cc_images.npz,0,10000,cpu,cpu,1,1,0.000000,0.057345,0.000000
733,data/3D_cc_images.npz,0,10000,cpu,cpu,1,1,0.000000,0.058632,0.000000
734,data/3D_cc_images.npz,0,10000,cpu,cpu,1,1,0.000000,0.055981,0.000000
735,data/3D_cc_images.npz,0,10000,cpu,cpu,1,1,0.000000,0.060655,0.000000
736,data/3D_cc_images.npz,0,10000,cpu,cpu,1,1,0.000000,0.059883,0.000000
737,data/3D_cc_images.npz,0,10000,cpu,cpu,1,1,0.000000,0.058746,0.000000
738,data/3D_cc_images.npz,0,10000,cpu,cpu,1,1,0.000000,0.056633,0.000000
739,data/3D_cc_images.npz,0,10000,cpu,cpu,1,1,0.000000,0.057099,0.000000
740,data/3D_cc_images.npz,0,10000,cpu,cpu,1,1,0.000000,0.056328,0.000000
741,data/3D_cc_images.npz,0,10000,cpu,cpu,1,1,0.000000,0.059012,0.000000
742,data/3D_cc_images.npz,0,10000,cpu,cpu,1,1,0.000000,0.056153,0.000000
743,data/3D_cc_images.npz,0,10000,cpu,cpu,1,1,0.000000,0.055602,0.000000
744,data/3D_cc_images.npz,0,10000,cpu,cpu,1,1,0.000000,0.056496,0.000000
745,data/3D_cc_images.npz,0,10000,cpu,cpu,1,1,0.000000,0.056029,0.000000
746,data/3D_cc_images.npz,0,10000,cpu,cpu,1,1,0.000000,0.056728,0.000000
747,data/3D_cc_images.npz,0,10000,cpu,cpu,1,1,0.000000,0.055613,0.000000
748,data/3D_cc_images.npz,0,10000,cpu,cpu,1,1,0.000000,0.055883,0.000000
749,data/3D_cc_images.npz,0,10000,cpu,cpu,1,1,0.000000,0.055972,0.000000
750,data/3D_cc_images.npz,0,10000,cpu,cpu,1,1,0.000000,0.060168,0.000000
751,data/3D_cc_images.npz,0,10000,cpu,cpu,1,1,0.000000,0.056072,0.000000
752,data/3D_cc_images.npz,0,10000,cpu,cpu,1,1,0.000000,0.061306,0.000000
753,data/3D_cc_images.npz,0,10000,cpu,cpu,1,1,0.000000,0.056129,0.000000
754,data/3D_cc_images.npz,0,10000,cpu,cpu,1,1,0.000000,0.057554,0.000000
755,data/3D_cc_images.npz,0,10000,cpu,cpu,1,1,0.000000,0.057777,0.000000
756,data/3D_cc_images.npz,0,10000,cpu,cpu,1,1,0.000000,0.055669,0.000000
757,data/3D_cc_images.npz,0,10000,cpu,cpu,1,1,0.000000,0.055275,0.000000
758,data/3D_cc_images.npz,0,10000,cpu,cpu,1,1,0.000000,0.055759,0.000000
759,data/3D_cc_images.npz,0,10000,cpu,cpu,1,1,0.000000,0.056022,0.000000
760,data/3D_cc_images.npz,0,10000,cpu,cpu,1,1,0.000000,0.055836,0.000000
761,data/3D_cc_images.npz,0,10000,cpu,cpu,1,1,0.000000,0.057327,0.000000
762,data/3D_cc_images.npz,0,10000,cpu,cpu,1,1,0.000000,0.057400,0.000000
763,data/3D_cc_images.npz,0,10000,cpu,cpu,1,1,0.000000,0.056164,0.000000
764,data/3D_cc_images.npz,0,10000,cpu,cpu,1,1,0.000000,0.055608,0.000000
765,data/3D_cc_images.npz,0,10000,cpu,cpu,1,1,0.000000,0.056427,0.000000
766,data/3D_cc_images.npz,0,10000,cpu,cpu,1,1,0.000000,0.056237,0.000000
767,data/3D_cc_images.npz,0,10000,cpu,cpu,1,1,0.000000,0.056904,0.000000
768,data/3D_cc_images.npz,0,10000,cpu,cpu,1,1,0.000000,0.056758,0.000000
769,data/3D_cc_images.npz,0,10000,cpu,cpu,1,1,0.000000,0.057611,0.000000
770,data/3D_cc_images.npz,0,10000,cpu,cpu,1,1,0.000000,0.055490,0.000000
771,data/3D_cc_images.npz,0,10000,cpu,cpu,1,1,0.000000,0.056588,0.000000
772,data/3D_cc_images.npz,0,10000,cpu,cpu,1,1,0.000000,0.057278,0.000000
773,data/3D_cc_images.npz,0,10000,cpu,cpu,1,1,0.000000,0.056102,0.000000
774,data/3D_cc_images.npz,0,10000,cpu,cpu,1,1,0.000000,0.056349,0.000000
775,data/3D_cc_images.npz,0,10000,cpu,cpu,1,1,0.000000,0.056344,0.000000
776,data/3D_cc_images.npz,0,10000,cpu,cpu,1,1,0.000000,0.057089,0.000000
777,data/3D_cc_images.npz,0,10000,cpu,cpu,1,1,0.000000,0.056924,0.000000
778,data/3D_cc_images.npz,0,10000,cpu,cpu,1,1,0.000000,0.056521,0.000000
779,data/3D_cc_images.npz,0,10000,cpu,cpu,1,1,0.000000,0.058658,0.000000
780,data/3D_cc_images.npz,0,10000,cpu,cpu,1,1,0.000000,0.060425,0.000000
781,data/3D_cc_images.npz,0,10000,cpu,cpu,1,1,0.000000,0.057584,0.000000
782,data/3D_cc_images.npz,0,10000,cpu,cpu,1,1,0.000000,0.057274,0.000000
783,data/3D_cc_images.npz,0,10000,cpu,cpu,1,1,0.000000,0.057851,0.000000
784,data/3D_cc_images.npz,0,10000,cpu,cpu,1,1,0.000000,0.057394,0.000000
785,data/3D_cc_images.npz,0,10000,cpu,cpu,1,1,0.000000,0.056363,0.000000
786,data/3D_cc_images.npz,0,10000,cpu,cpu,1,1,0.000000,0.060543,0.000000
787,data/3D_cc_images.npz,0,10000,cpu,cpu,1,1,0.000000,0.058859,0.000000
788,data/3D_cc_images.npz,0,10000,cpu,cpu,1,1,0.000000,0.058470,0.000000
789,data/3D_cc_images.npz,0,10000,cpu,cpu,1,1,0.000000,0.056504,0.000000
790,data/3D_cc_images.npz,0,10000,cpu,cpu,1,1,0.000000,0.056143,0.000000
791,data/3D_cc_images.npz,0,10000,cpu,cpu,1,1,0.000000,0.056665,0.000000
792,data/3D_cc_images.npz,0,10000,cpu,cpu,1,1,0.000000,0.056333,0.000000
793,data/3D_cc_images.npz,0,10000,cpu,cpu,1,1,0.000000,0.056109,0.000000
794,data/3D_cc_images.npz,0,10000,cpu,cpu,1,1,0.000000,0.057007,0.000000
795,data/3D_cc_images.npz,0,10000,cpu,cpu,1,1,0.000000,0.057249,0.000000
796,data/3D_cc_images.npz,0,10000,cpu,cpu,1,1,0.000000,0.055653,0.000000
797,data/3D_cc_images.npz,0,10000,cpu,cpu,1,1,0.000000,0.056746,0.000000
798,data/3D_cc_images.npz,0,10000,cpu,cpu,1,1,0.000000,0.056317,0.000000
799,data/3D_cc_images.npz,0,10000,cpu,cpu,1,1,0.000000,0.055666,0.000000
800,data/3D_cc_images.npz,0,10000,cpu,cpu,1,1,0.000000,0.055800,0.000000
801,data/3D_cc_images.npz,0,10000,cpu,cpu,1,1,0.000000,0.059186,0.000000
802,data/3D_cc_images.npz,0,10000,cpu,cpu,1,1,0.000000,0.055278,0.000000
803,data/3D_cc_images.npz,0,10000,cpu,cpu,1,1,0.000000,0.056422,0.000000
804,data/3D_cc_images.npz,0,10000,cpu,cpu,1,1,0.000000,0.055513,0.000000
805,data/3D_cc_images.npz,0,10000,cpu,cpu,1,1,0.000000,0.054898,0.000000
806,data/3D_cc_images.npz,0,10000,cpu,cpu,1,1,0.000000,0.056962,0.000000
807,data/3D_cc_images.npz,0,10000,cpu,cpu,1,1,0.000000,0.057598,0.000000
808,data/3D_cc_images.npz,0,10000,cpu,cpu,1,1,0.000000,0.055880,0.000000
809,data/3D_cc_images.npz,0,10000,cpu,cpu,1,1,0.000000,0.055552,0.000000
810,data/3D_cc_images.npz,0,10000,cpu,cpu,1,1,0.000000,0.055492,0.000000
811,data/3D_cc_images.npz,0,10000,cpu,cpu,1,1,0.000000,0.056484,0.000000
812,data/3D_cc_images.npz,0,10000,cpu,cpu,1,1,0.000000,0.056123,0.000000
813,data/3D_cc_images.npz,0,10000,cpu,cpu,1,1,0.000000,0.055587,0.000000
814,data/3D_cc_images.npz,0,10000,cpu,cpu,1,1,0.000000,0.056079,0.000000
815,data/3D_cc_images.npz,0,10000,cpu,cpu,1,1,0.000000,0.059818,0.000000
816,data/3D_cc_images.npz,0,10000,cpu,cpu,1,1,0.000000,0.056643,0.000000
817,data/3D_cc_images.npz,0,10000,cpu,cpu,1,1,0.000000,0.055972,0.000000
818,data/3D_cc_images.npz,0,10000,cpu,cpu,1,1,0.000000,0.056110,0.000000
819,data/3D_cc_images.npz,0,10000,cpu,cpu,1,1,0.000000,0.056103,0.000000
820,data/3D_cc_images.npz,0,10000,cpu,cpu,1,1,0.000000,0.055934,0.000000
821,data/3D_cc_images.npz,0,10000,cpu,cpu,1,1,0.000000,0.056601,0.000000
822,data/3D_cc_images.npz,0,10000,cpu,cpu,1,1,0.000000,0.056130,0.000000
823,data/3D_cc_images.npz,0,10000,cpu,cpu,1,1,0.000000,0.057770,0.000000
824,data/3D_cc_images.npz,0,10000,cpu,cpu,1,1,0.000000,0.055893,0.000000
825,data/3D_cc_images.npz,0,10000,cpu,cpu,1,1,0.000000,0.057782,0.000000
826,data/3D_cc_images.npz,0,10000,cpu,cpu,1,1,0.000000,0.056552,0.000000
827,data/3D_cc_images.npz,0,10000,cpu,cpu,1,1,0.000000,0.056419,0.000000
828,data/3D_cc_images.npz,0,10000,cpu,cpu,1,1,0.000000,0.056423,0.000000
829,data/3D_cc_images.npz,0,10000,cpu,cpu,1,1,0.000000,0.056697,0.000000
830,data/3D_cc_images.npz,0,10000,cpu,cpu,1,1,0.000000,0.055822,0.000000
831,data/3D_cc_images.npz,0,10000,cpu,cpu,1,1,0.000000,0.057770,0.000000
832,data/3D_cc_images.npz,0,10000,cpu,cpu,1,1,0.000000,0.056182,0.000000
833,data/3D_cc_images.npz,0,10000,cpu,cpu,1,1,0.000000,0.056321,0.000000
834,data/3D_cc_images.npz,0,10000,cpu,cpu,1,1,0.000000,0.056220,0.000000
835,data/3D_cc_images.npz,0,10000,cpu,cpu,1,1,0.000000,0.055838,0.000000
836,data/3D_cc_images.npz,0,10000,cpu,cpu,1,1,0.000000,0.055941,0.000000
837,data/3D_cc_images.npz,0,10000,cpu,cpu,1,1,0.000000,0.057023,0.000000
838,data/3D_cc_images.npz,0,10000,cpu,cpu,1,1,0.000000,0.055902,0.000000
839,data/3D_cc_images.npz,0,10000,cpu,cpu,1,1,0.000000,0.056011,0.000000
840,data/3D_cc_images.npz,0,10000,cpu,cpu,1,1,0.000000,0.056317,0.000000
841,data/3D_cc_images.npz,0,10000,cpu,cpu,1,1,0.000000,0.056314,0.000000
842,data/3D_cc_images.npz,0,10000,cpu,cpu,1,1,0.000000,0.056791,0.000000
843,data/3D_cc_images.npz,0,10000,cpu,cpu,1,1,0.000000,0.058852,0.000000
844,data/3D_cc_images.npz,0,10000,cpu,cpu,1,1,0.000000,0.056725,0.000000
845,data/3D_cc_images.npz,0,10000,cpu,cpu,1,1,0.000000,0.056448,0.000000
846,data/3D_cc_images.npz,0,10000,cpu,cpu,1,1,0.000000,0.057123,0.000000
847,data/3D_cc_images.npz,0,10000,cpu,cpu,1,1,0.000000,0.058935,0.000000
848,data/3D_cc_images.npz,0,10000,cpu,cpu,1,1,0.000000,0.056275,0.000000
849,data/3D_cc_images.npz,0,10000,cpu,cpu,1,1,0.000000,0.055813,0.000000
850,data/3D_cc_images.npz,0,10000,cpu,cpu,1,1,0.000000,0.057774,0.000000
851,data/3D_cc_images.npz,0,10000,cpu,cpu,1,1,0.000000,0.056536,0.000000
852,data/3D_cc_images.npz,0,10000,cpu,cpu,1,1,0.000000,0.057951,0.000000
853,data/3D_cc_images.npz,0,10000,cpu,cpu,1,1,0.000000,0.056167,0.000000
854,data/3D_cc_images.npz,0,10000,cpu,cpu,1,1,0.000000,0.058620,0.000000
855,data/3D_cc_images.npz,0,10000,cpu,cpu,1,1,0.000000,0.057633,0.000000
856,data/3D_cc_images.npz,0,10000,cpu,cpu,1,1,0.000000,0.055838,0.000000
857,data/3D_cc_images.npz,0,10000,cpu,cpu,1,1,0.000000,0.055564,0.000000
858,data/3D_cc_images.npz,0,10000,cpu,cpu,1,1,0.000000,0.056282,0.000000
859,data/3D_cc_images.npz,0,10000,cpu,cpu,1,1,0.000000,0.057546,0.000000
860,data/3D_cc_images.npz,0,10000,cpu,cpu,1,1,0.000000,0.055980,0.000000
861,data/3D_cc_images.npz,0,10000,cpu,cpu,1,1,0.000000,0.059443,0.000000
862,data/3D_cc_images.npz,0,10000,cpu,cpu,1,1,0.000000,0.060622,0.000000
863,data/3D_cc_images.npz,0,10000,cpu,cpu,1,1,0.000000,0.056394,0.000000
864,data/3D_cc_images.npz,0,10000,cpu,cpu,1,1,0.000000,0.055995,0.000000
865,data/3D_cc_images.npz,0,10000,cpu,cpu,1,1,0.000000,0.056587,0.000000
866,data/3D_cc_images.npz,0,10000,cpu,cpu,1,1,0.000000,0.056949,0.000000
867,data/3D_cc_images.npz,0,10000,cpu,cpu,1,1,0.000000,0.060008,0.000000
868,data/3D_cc_images.npz,0,10000,cpu,cpu,1,1,0.000000,0.058566,0.000000
869,data/3D_cc_images.npz,0,10000,cpu,cpu,1,1,0.000000,0.056323,0.000000
870,data/3D_cc_images.npz,0,10000,cpu,cpu,1,1,0.000000,0.056617,0.000000
871,data/3D_cc_images.npz,0,10000,cpu,cpu,1,1,0.000000,0.058874,0.000000
872,data/3D_cc_images.npz,0,10000,cpu,cpu,1,1,0.000000,0.056603,0.000000
873,data/3D_cc_images.npz,0,10000,cpu,cpu,1,1,0.000000,0.057839,0.000000
874,data/3D_cc_images.npz,0,10000,cpu,cpu,1,1,0.000000,0.056434,0.000000
875,data/3D_cc_images.npz,0,10000,cpu,cpu,1,1,0.000000,0.057005,0.000000
876,data/3D_cc_images.npz,0,10000,cpu,cpu,1,1,0.000000,0.057609,0.000000
877,data/3D_cc_images.npz,0,10000,cpu,cpu,1,1,0.000000,0.056028,0.000000
878,data/3D_cc_images.npz,0,10000,cpu,cpu,1,1,0.000000,0.056625,0.000000
879,data/3D_cc_images.npz,0,10000,cpu,cpu,1,1,0.000000,0.058984,0.000000
880,data/3D_cc_images.npz,0,10000,cpu,cpu,1,1,0.000000,0.056311,0.000000
881,data/3D_cc_images.npz,0,10000,cpu,cpu,1,1,0.000000,0.055984,0.000000
882,data/3D_cc_images.npz,0,10000,cpu,cpu,1,1,0.000000,0.055971,0.000000
883,data/3D_cc_images.npz,0,10000,cpu,cpu,1,1,0.000000,0.057588,0.000000
884,data/3D_cc_images.npz,0,10000,cpu,cpu,1,1,0.000000,0.056331,0.000000
885,data/3D_cc_images.npz,0,10000,cpu,cpu,1,1,0.000000,0.061663,0.000000
886,data/3D_cc_images.npz,0,10000,cpu,cpu,1,1,0.000000,0.056342,0.000000
887,data/3D_cc_images.npz,0,10000,cpu,cpu,1,1,0.000000,0.057909,0.000000
888,data/3D_cc_images.npz,0,10000,cpu,cpu,1,1,0.000000,0.056543,0.000000
889,data/3D_cc_images.npz,0,10000,cpu,cpu,1,1,0.000000,0.057430,0.000000
890,data/3D_cc_images.npz,0,10000,cpu,cpu,1,1,0.000000,0.056783,0.000000
891,data/3D_cc_images.npz,0,10000,cpu,cpu,1,1,0.000000,0.059902,0.000000
892,data/3D_cc_images.npz,0,10000,cpu,cpu,1,1,0.000000,0.056770,0.000000
893,data/3D_cc_images.npz,0,10000,cpu,cpu,1,1,0.000000,0.056830,0.000000
894,data/3D_cc_images.npz,0,10000,cpu,cpu,1,1,0.000000,0.058440,0.000000
895,data/3D_cc_images.npz,0,10000,cpu,cpu,1,1,0.000000,0.062503,0.000000
896,data/3D_cc_images.npz,0,10000,cpu,cpu,1,1,0.000000,0.055996,0.000000
897,data/3D_cc_images.npz,0,10000,cpu,cpu,1,1,0.000000,0.055764,0.000000
898,data/3D_cc_images.npz,0,10000,cpu,cpu,1,1,0.000000,0.056443,0.000000
899,data/3D_cc_images.npz,0,10000,cpu,cpu,1,1,0.000000,0.058683,0.000000
900,data/3D_cc_images.npz,0,10000,cpu,cpu,1,1,0.000000,0.058415,0.000000
901,data/3D_cc_images.npz,0,10000,cpu,cpu,1,1,0.000000,0.057271,0.000000
902,data/3D_cc_images.npz,0,10000,cpu,cpu,1,1,0.000000,0.059684,0.000000
903,data/3D_cc_images.npz,0,10000,cpu,cpu,1,1,0.000000,0.056563,0.000000
904,data/3D_cc_images.npz,0,10000,cpu,cpu,1,1,0.000000,0.057665,0.000000
905,data/3D_cc_images.npz,0,10000,cpu,cpu,1,1,0.000000,0.055879,0.000000
906,data/3D_cc_images.npz,0,10000,cpu,cpu,1,1,0.000000,0.059017,0.000000
907,data/3D_cc_images.npz,0,10000,cpu,cpu,1,1,0.000000,0.055974,0.000000
908,data/3D_cc_images.npz,0,10000,cpu,cpu,1,1,0.000000,0.057031,0.000000
909,data/3D_cc_images.npz,0,10000,cpu,cpu,1,1,0.000000,0.056232,0.000000
910,data/3D_cc_images.npz,0,10000,cpu,cpu,1,1,0.000000,0.056486,0.000000
911,data/3D_cc_images.npz,0,10000,cpu,cpu,1,1,0.000000,0.056235,0.000000
912,data/3D_cc_images.npz,0,10000,cpu,cpu,1,1,0.000000,0.056616,0.000000
913,data/3D_cc_images.npz,0,10000,cpu,cpu,1,1,0.000000,0.057214,0.000000
914,data/3D_cc_images.npz,0,10000,cpu,cpu,1,1,0.000000,0.055622,0.000000
915,data/3D_cc_images.npz,0,10000,cpu,cpu,1,1,0.000000,0.061597,0.000000
916,data/3D_cc_images.npz,0,10000,cpu,cpu,1,1,0.000000,0.056261,0.000000
917,data/3D_cc_images.npz,0,10000,cpu,cpu,1,1,0.000000,0.057658,0.000000
918,data/3D_cc_images.npz,0,10000,cpu,cpu,1,1,0.000000,0.056175,0.000000
919,data/3D_cc_images.npz,0,10000,cpu,cpu,1,1,0.000000,0.056273,0.000000
920,data/3D_cc_images.npz,0,10000,cpu,cpu,1,1,0.000000,0.055974,0.000000
921,data/3D_cc_images.npz,0,10000,cpu,cpu,1,1,0.000000,0.056194,0.000000
922,data/3D_cc_images.npz,0,10000,cpu,cpu,1,1,0.000000,0.056408,0.000000
923,data/3D_cc_images.npz,0,10000,cpu,cpu,1,1,0.000000,0.058776,0.000000
924,data/3D_cc_images.npz,0,10000,cpu,cpu,1,1,0.000000,0.058995,0.000000
925,data/3D_cc_images.npz,0,10000,cpu,cpu,1,1,0.000000,0.055732,0.000000
926,data/3D_cc_images.npz,0,10000,cpu,cpu,1,1,0.000000,0.056571,0.000000
927,data/3D_cc_images.npz,0,10000,cpu,cpu,1,1,0.000000,0.060794,0.000000
928,data/3D_cc_images.npz,0,10000,cpu,cpu,1,1,0.000000,0.055934,0.000000
929,data/3D_cc_images.npz,0,10000,cpu,cpu,1,1,0.000000,0.055879,0.000000
930,data/3D_cc_images.npz,0,10000,cpu,cpu,1,1,0.000000,0.055987,0.000000
931,data/3D_cc_images.npz,0,10000,cpu,cpu,1,1,0.000000,0.056379,0.000000
932,data/3D_cc_images.npz,0,10000,cpu,cpu,1,1,0.000000,0.055602,0.000000
933,data/3D_cc_images.npz,0,10000,cpu,cpu,1,1,0.000000,0.056101,0.000000
934,data/3D_cc_images.npz,0,10000,cpu,cpu,1,1,0.000000,0.057665,0.000000
935,data/3D_cc_images.npz,0,10000,cpu,cpu,1,1,0.000000,0.058044,0.000000
936,data/3D_cc_images.npz,0,10000,cpu,cpu,1,1,0.000000,0.057897,0.000000
937,data/3D_cc_images.npz,0,10000,cpu,cpu,1,1,0.000000,0.056908,0.000000
938,data/3D_cc_images.npz,0,10000,cpu,cpu,1,1,0.000000,0.058880,0.000000
939,data/3D_cc_images.npz,0,10000,cpu,cpu,1,1,0.000000,0.057741,0.000000
940,data/3D_cc_images.npz,0,10000,cpu,cpu,1,1,0.000000,0.057555,0.000000
941,data/3D_cc_images.npz,0,10000,cpu,cpu,1,1,0.000000,0.056484,0.000000
942,data/3D_cc_images.npz,0,10000,cpu,cpu,1,1,0.000000,0.056606,0.000000
943,data/3D_cc_images.npz,0,10000,cpu,cpu,1,1,0.000000,0.058338,0.000000
944,data/3D_cc_images.npz,0,10000,cpu,cpu,1,1,0.000000,0.060519,0.000000
945,data/3D_cc_images.npz,0,10000,cpu,cpu,1,1,0.000000,0.060204,0.000000
946,data/3D_cc_images.npz,0,10000,cpu,cpu,1,1,0.000000,0.056812,0.000000
947,data/3D_cc_images.npz,0,10000,cpu,cpu,1,1,0.000000,0.059363,0.000000
948,data/3D_cc_images.npz,0,10000,cpu,cpu,1,1,0.000000,0.057250,0.000000
949,data/3D_cc_images.npz,0,10000,cpu,cpu,1,1,0.000000,0.056309,0.000000
950,data/3D_cc_images.npz,0,10000,cpu,cpu,1,1,0.000000,0.058841,0.000000
951,data/3D_cc_images.npz,0,10000,cpu,cpu,1,1,0.000000,0.057190,0.000000
952,data/3D_cc_images.npz,0,10000,cpu,cpu,1,1,0.000000,0.057915,0.000000
953,data/3D_cc_images.npz,0,10000,cpu,cpu,1,1,0.000000,0.056277,0.000000
954,data/3D_cc_images.npz,0,10000,cpu,cpu,1,1,0.000000,0.057515,0.000000
955,data/3D_cc_images.npz,0,10000,cpu,cpu,1,1,0.000000,0.060642,0.000000
956,data/3D_cc_images.npz,0,10000,cpu,cpu,1,1,0.000000,0.056966,0.000000
957,data/3D_cc_images.npz,0,10000,cpu,cpu,1,1,0.000000,0.055983,0.000000
958,data/3D_cc_images.npz,0,10000,cpu,cpu,1,1,0.000000,0.056436,0.000000
959,data/3D_cc_images.npz,0,10000,cpu,cpu,1,1,0.000000,0.058411,0.000000
960,data/3D_cc_images.npz,0,10000,cpu,cpu,1,1,0.000000,0.056892,0.000000
961,data/3D_cc_images.npz,0,10000,cpu,cpu,1,1,0.000000,0.056268,0.000000
962,data/3D_cc_images.npz,0,10000,cpu,cpu,1,1,0.000000,0.058344,0.000000
963,data/3D_cc_images.npz,0,10000,cpu,cpu,1,1,0.000000,0.058732,0.000000
964,data/3D_cc_images.npz,0,10000,cpu,cpu,1,1,0.000000,0.061227,0.000000
965,data/3D_cc_images.npz,0,10000,cpu,cpu,1,1,0.000000,0.057117,0.000000
966,data/3D_cc_images.npz,0,10000,cpu,cpu,1,1,0.000000,0.057646,0.000000
967,data/3D_cc_images.npz,0,10000,cpu,cpu,1,1,0.000000,0.058871,0.000000
968,data/3D_cc_images.npz,0,10000,cpu,cpu,1,1,0.000000,0.057521,0.000000
969,data/3D_cc_images.npz,0,10000,cpu,cpu,1,1,0.000000,0.061042,0.000000
970,data/3D_cc_images.npz,0,10000,cpu,cpu,1,1,0.000000,0.058849,0.000000
971,data/3D_cc_images.npz,0,10000,cpu,cpu,1,1,0.000000,0.061448,0.000000
972,data/3D_cc_images.npz,0,10000,cpu,cpu,1,1,0.000000,0.056616,0.000000
973,data/3D_cc_images.npz,0,10000,cpu,cpu,1,1,0.000000,0.058023,0.000000
974,data/3D_cc_images.npz,0,10000,cpu,cpu,1,1,0.000000,0.057829,0.000000
975,data/3D_cc_images.npz,0,10000,cpu,cpu,1,1,0.000000,0.056686,0.000000
976,data/3D_cc_images.npz,0,10000,cpu,cpu,1,1,0.000000,0.057182,0.000000
977,data/3D_cc_images.npz,0,10000,cpu,cpu,1,1,0.000000,0.056437,0.000000
978,data/3D_cc_images.npz,0,10000,cpu,cpu,1,1,0.000000,0.057764,0.000000
979,data/3D_cc_images.npz,0,10000,cpu,cpu,1,1,0.000000,0.060608,0.000000
980,data/3D_cc_images.npz,0,10000,cpu,cpu,1,1,0.000000,0.056332,0.000000
981,data/3D_cc_images.npz,0,10000,cpu,cpu,1,1,0.000000,0.057122,0.000000
982,data/3D_cc_images.npz,0,10000,cpu,cpu,1,1,0.000000,0.061371,0.000000
983,data/3D_cc_images.npz,0,10000,cpu,cpu,1,1,0.000000,0.060870,0.000000
984,data/3D_cc_images.npz,0,10000,cpu,cpu,1,1,0.000000,0.055961,0.000000
985,data/3D_cc_images.npz,0,10000,cpu,cpu,1,1,0.000000,0.062914,0.000000
986,data/3D_cc_images.npz,0,10000,cpu,cpu,1,1,0.000000,0.058643,0.000000
987,data/3D_cc_images.npz,0,10000,cpu,cpu,1,1,0.000000,0.059106,0.000000
988,data/3D_cc_images.npz,0,10000,cpu,cpu,1,1,0.000000,0.056127,0.000000
989,data/3D_cc_images.npz,0,10000,cpu,cpu,1,1,0.000000,0.057115,0.000000
990,data/3D_cc_images.npz,0,10000,cpu,cpu,1,1,0.000000,0.058936,0.000000
991,data/3D_cc_images.npz,0,10000,cpu,cpu,1,1,0.000000,0.056245,0.000000
992,data/3D_cc_images.npz,0,10000,cpu,cpu,1,1,0.000000,0.056062,0.000000
993,data/3D_cc_images.npz,0,10000,cpu,cpu,1,1,0.000000,0.056617,0.000000
994,data/3D_cc_images.npz,0,10000,cpu,cpu,1,1,0.000000,0.057222,0.000000
995,data/3D_cc_images.npz,0,10000,cpu,cpu,1,1,0.000000,0.056858,0.000000
996,data/3D_cc_images.npz,0,10000,cpu,cpu,1,1,0.000000,0.056579,0.000000
997,data/3D_cc_images.npz,0,10000,cpu,cpu,1,1,0.000000,0.056791,0.000000
998,data/3D_cc_images.npz,0,10000,cpu,cpu,1,1,0.000000,0.058212,0.000000
999,data/3D_cc_images.npz,0,10000,cpu,cpu,1,1,0.000000,0.057035,0.000000
