image_index,data_path,num_directions,num_timesteps,device_requested,device_used,batch_size,num_cores,complex_construction_time,computation_time,vectorization_time
0,data/imagenet.npz,128,100,cpu,cpu,1,1,3.369655,4.282034,0.022875
1,data/imagenet.npz,128,100,cpu,cpu,1,1,3.121629,4.195593,0.024153
2,data/imagenet.npz,128,100,cpu,cpu,1,1,2.965425,4.261369,0.022542
3,data/imagenet.npz,128,100,cpu,cpu,1,1,3.003365,4.190407,0.023416
4,data/imagenet.npz,128,100,cpu,cpu,1,1,3.004386,4.332102,0.022912
5,data/imagenet.npz,128,100,cpu,cpu,1,1,2.886152,4.209711,0.023000
6,data/imagenet.npz,128,100,cpu,cpu,1,1,2.975010,4.256994,0.023730
7,data/imagenet.npz,128,100,cpu,cpu,1,1,2.945435,4.099190,0.023337
8,data/imagenet.npz,128,100,cpu,cpu,1,1,2.956105,4.288142,0.023533
9,data/imagenet.npz,128,100,cpu,cpu,1,1,2.957867,4.242166,0.023343
10,data/imagenet.npz,128,100,cpu,cpu,1,1,2.954512,4.341752,0.023104
11,data/imagenet.npz,128,100,cpu,cpu,1,1,2.952919,4.575613,0.023268
12,data/imagenet.npz,128,100,cpu,cpu,1,1,3.049223,4.233689,0.023390
13,data/imagenet.npz,128,100,cpu,cpu,1,1,3.300962,4.319873,0.023206
14,data/imagenet.npz,128,100,cpu,cpu,1,1,3.151587,4.294991,0.023220
15,data/imagenet.npz,128,100,cpu,cpu,1,1,3.256428,4.264032,0.023247
16,data/imagenet.npz,128,100,cpu,cpu,1,1,3.244258,4.517730,0.023245
17,data/imagenet.npz,128,100,cpu,cpu,1,1,3.273553,4.368704,0.023064
18,data/imagenet.npz,128,100,cpu,cpu,1,1,3.245517,4.320130,0.023084
19,data/imagenet.npz,128,100,cpu,cpu,1,1,3.304712,4.247885,0.023217
20,data/imagenet.npz,128,100,cpu,cpu,1,1,3.265288,4.243659,0.023448
21,data/imagenet.npz,128,100,cpu,cpu,1,1,3.250503,4.167235,0.023011
22,data/imagenet.npz,128,100,cpu,cpu,1,1,3.279480,4.213105,0.024827
23,data/imagenet.npz,128,100,cpu,cpu,1,1,3.289622,4.562643,0.023220
24,data/imagenet.npz,128,100,cpu,cpu,1,1,3.184261,4.228900,0.023640
25,data/imagenet.npz,128,100,cpu,cpu,1,1,2.977032,4.260883,0.022966
26,data/imagenet.npz,128,100,cpu,cpu,1,1,2.961177,4.599122,0.023537
27,data/imagenet.npz,128,100,cpu,cpu,1,1,2.986678,4.191503,0.023496
28,data/imagenet.npz,128,100,cpu,cpu,1,1,3.210064,4.252802,0.022736
29,data/imagenet.npz,128,100,cpu,cpu,1,1,3.106173,4.661469,0.023073
30,data/imagenet.npz,128,100,cpu,cpu,1,1,3.061884,4.229392,0.024149
31,data/imagenet.npz,128,100,cpu,cpu,1,1,2.948454,4.234666,0.022977
32,data/imagenet.npz,128,100,cpu,cpu,1,1,2.954919,4.232026,0.023274
33,data/imagenet.npz,128,100,cpu,cpu,1,1,2.921484,4.316567,0.023422
34,data/imagenet.npz,128,100,cpu,cpu,1,1,2.961653,4.247120,0.023213
35,data/imagenet.npz,128,100,cpu,cpu,1,1,2.960430,4.677201,0.023026
36,data/imagenet.npz,128,100,cpu,cpu,1,1,2.941383,4.311092,0.022351
37,data/imagenet.npz,128,100,cpu,cpu,1,1,3.062335,4.454180,0.023101
38,data/imagenet.npz,128,100,cpu,cpu,1,1,3.222007,4.327899,0.023052
39,data/imagenet.npz,128,100,cpu,cpu,1,1,3.004908,4.264230,0.023275
40,data/imagenet.npz,128,100,cpu,cpu,1,1,2.998928,4.233174,0.025656
41,data/imagenet.npz,128,100,cpu,cpu,1,1,3.193216,4.251214,0.022056
42,data/imagenet.npz,128,100,cpu,cpu,1,1,3.227160,4.400082,0.023815
43,data/imagenet.npz,128,100,cpu,cpu,1,1,3.198920,4.321112,0.022946
44,data/imagenet.npz,128,100,cpu,cpu,1,1,3.124879,4.559826,0.023373
45,data/imagenet.npz,128,100,cpu,cpu,1,1,2.888086,4.097270,0.022855
46,data/imagenet.npz,128,100,cpu,cpu,1,1,2.903387,4.455711,0.022789
47,data/imagenet.npz,128,100,cpu,cpu,1,1,2.991479,4.159342,0.024095
48,data/imagenet.npz,128,100,cpu,cpu,1,1,2.990255,4.423092,0.022931
49,data/imagenet.npz,128,100,cpu,cpu,1,1,3.206426,4.291367,0.024310
50,data/imagenet.npz,128,100,cpu,cpu,1,1,2.891034,4.293981,0.023891
51,data/imagenet.npz,128,100,cpu,cpu,1,1,2.921991,4.292526,0.022904
52,data/imagenet.npz,128,100,cpu,cpu,1,1,2.959639,4.298598,0.023015
53,data/imagenet.npz,128,100,cpu,cpu,1,1,2.926435,4.293483,0.023181
54,data/imagenet.npz,128,100,cpu,cpu,1,1,2.939018,4.371399,0.023355
55,data/imagenet.npz,128,100,cpu,cpu,1,1,3.082987,4.287454,0.026044
56,data/imagenet.npz,128,100,cpu,cpu,1,1,2.976244,4.195354,0.023427
57,data/imagenet.npz,128,100,cpu,cpu,1,1,2.926148,4.583435,0.022569
58,data/imagenet.npz,128,100,cpu,cpu,1,1,2.910742,4.301175,0.022897
59,data/imagenet.npz,128,100,cpu,cpu,1,1,3.001483,4.355763,0.023282
60,data/imagenet.npz,128,100,cpu,cpu,1,1,2.964294,4.657605,0.024764
61,data/imagenet.npz,128,100,cpu,cpu,1,1,2.884377,4.270050,0.023309
62,data/imagenet.npz,128,100,cpu,cpu,1,1,2.986674,4.516521,0.023038
63,data/imagenet.npz,128,100,cpu,cpu,1,1,2.927741,4.161283,0.022780
64,data/imagenet.npz,128,100,cpu,cpu,1,1,3.030122,4.266736,0.028194
65,data/imagenet.npz,128,100,cpu,cpu,1,1,2.946984,4.093785,0.023470
66,data/imagenet.npz,128,100,cpu,cpu,1,1,3.036406,4.289518,0.022847
67,data/imagenet.npz,128,100,cpu,cpu,1,1,2.925331,4.187789,0.023160
68,data/imagenet.npz,128,100,cpu,cpu,1,1,2.980368,4.612270,0.023410
69,data/imagenet.npz,128,100,cpu,cpu,1,1,3.050608,4.327676,0.022909
70,data/imagenet.npz,128,100,cpu,cpu,1,1,2.925248,4.309752,0.023212
71,data/imagenet.npz,128,100,cpu,cpu,1,1,2.956296,4.372580,0.023944
72,data/imagenet.npz,128,100,cpu,cpu,1,1,3.063810,4.265773,0.023249
73,data/imagenet.npz,128,100,cpu,cpu,1,1,3.130910,4.341300,0.023732
74,data/imagenet.npz,128,100,cpu,cpu,1,1,3.234099,4.270911,0.023347
75,data/imagenet.npz,128,100,cpu,cpu,1,1,3.289513,4.430120,0.023092
76,data/imagenet.npz,128,100,cpu,cpu,1,1,3.176852,4.360067,0.023111
77,data/imagenet.npz,128,100,cpu,cpu,1,1,3.216031,5.060913,0.025294
78,data/imagenet.npz,128,100,cpu,cpu,1,1,2.916024,4.299508,0.023006
79,data/imagenet.npz,128,100,cpu,cpu,1,1,2.923584,4.322267,0.023167
80,data/imagenet.npz,128,100,cpu,cpu,1,1,2.923598,4.342786,0.023663
81,data/imagenet.npz,128,100,cpu,cpu,1,1,2.929795,4.887212,0.023312
82,data/imagenet.npz,128,100,cpu,cpu,1,1,2.937575,4.593966,0.023001
83,data/imagenet.npz,128,100,cpu,cpu,1,1,2.926106,4.451807,0.023635
84,data/imagenet.npz,128,100,cpu,cpu,1,1,2.960961,4.982133,0.023169
85,data/imagenet.npz,128,100,cpu,cpu,1,1,2.952644,4.453422,0.023057
86,data/imagenet.npz,128,100,cpu,cpu,1,1,2.951392,4.442587,0.023407
87,data/imagenet.npz,128,100,cpu,cpu,1,1,2.982826,4.555125,0.023279
88,data/imagenet.npz,128,100,cpu,cpu,1,1,2.909901,4.591417,0.023952
89,data/imagenet.npz,128,100,cpu,cpu,1,1,2.935566,4.342227,0.022432
90,data/imagenet.npz,128,100,cpu,cpu,1,1,2.941964,4.386484,0.023238
91,data/imagenet.npz,128,100,cpu,cpu,1,1,2.941396,4.539943,0.023934
92,data/imagenet.npz,128,100,cpu,cpu,1,1,2.954689,4.608917,0.023335
93,data/imagenet.npz,128,100,cpu,cpu,1,1,2.922321,4.365748,0.024578
94,data/imagenet.npz,128,100,cpu,cpu,1,1,2.950051,4.247505,0.023550
95,data/imagenet.npz,128,100,cpu,cpu,1,1,2.981199,4.229059,0.023351
96,data/imagenet.npz,128,100,cpu,cpu,1,1,3.029018,4.471962,0.023445
97,data/imagenet.npz,128,100,cpu,cpu,1,1,3.042312,4.607244,0.022882
98,data/imagenet.npz,128,100,cpu,cpu,1,1,3.090811,4.177745,0.023593
99,data/imagenet.npz,128,100,cpu,cpu,1,1,2.996540,4.203097,0.023444
100,data/imagenet.npz,128,100,cpu,cpu,1,1,2.956395,4.245034,0.025904
101,data/imagenet.npz,128,100,cpu,cpu,1,1,2.942810,4.617223,0.023720
102,data/imagenet.npz,128,100,cpu,cpu,1,1,3.198784,4.380711,0.023076
103,data/imagenet.npz,128,100,cpu,cpu,1,1,3.186643,4.150968,0.023360
104,data/imagenet.npz,128,100,cpu,cpu,1,1,3.179640,4.376757,0.023762
105,data/imagenet.npz,128,100,cpu,cpu,1,1,3.002492,4.722086,0.023420
106,data/imagenet.npz,128,100,cpu,cpu,1,1,3.149743,4.294855,0.023718
107,data/imagenet.npz,128,100,cpu,cpu,1,1,3.230962,4.765367,0.023964
108,data/imagenet.npz,128,100,cpu,cpu,1,1,2.969554,4.301954,0.023597
109,data/imagenet.npz,128,100,cpu,cpu,1,1,3.118916,4.410104,0.023375
110,data/imagenet.npz,128,100,cpu,cpu,1,1,3.090822,4.424669,0.023353
111,data/imagenet.npz,128,100,cpu,cpu,1,1,3.065340,4.667428,0.023252
112,data/imagenet.npz,128,100,cpu,cpu,1,1,3.109590,4.243639,0.022738
113,data/imagenet.npz,128,100,cpu,cpu,1,1,3.114627,4.314703,0.023156
114,data/imagenet.npz,128,100,cpu,cpu,1,1,3.035207,4.155979,0.023238
115,data/imagenet.npz,128,100,cpu,cpu,1,1,3.082929,4.362871,0.023324
116,data/imagenet.npz,128,100,cpu,cpu,1,1,3.059802,4.380339,0.023885
117,data/imagenet.npz,128,100,cpu,cpu,1,1,3.141341,4.428716,0.025839
118,data/imagenet.npz,128,100,cpu,cpu,1,1,3.148962,4.444950,0.023728
119,data/imagenet.npz,128,100,cpu,cpu,1,1,3.105566,4.337650,0.023650
120,data/imagenet.npz,128,100,cpu,cpu,1,1,3.096249,4.649866,0.023584
121,data/imagenet.npz,128,100,cpu,cpu,1,1,3.208816,4.884222,0.023256
122,data/imagenet.npz,128,100,cpu,cpu,1,1,3.230274,4.602003,0.023332
123,data/imagenet.npz,128,100,cpu,cpu,1,1,3.305683,4.245070,0.023456
124,data/imagenet.npz,128,100,cpu,cpu,1,1,3.252558,4.288026,0.023444
125,data/imagenet.npz,128,100,cpu,cpu,1,1,3.245901,4.510733,0.023040
126,data/imagenet.npz,128,100,cpu,cpu,1,1,3.185968,4.319410,0.024157
127,data/imagenet.npz,128,100,cpu,cpu,1,1,3.226006,4.239964,0.023719
128,data/imagenet.npz,128,100,cpu,cpu,1,1,3.302016,4.329913,0.023576
129,data/imagenet.npz,128,100,cpu,cpu,1,1,3.197173,4.200686,0.023530
130,data/imagenet.npz,128,100,cpu,cpu,1,1,3.206853,4.332852,0.023507
131,data/imagenet.npz,128,100,cpu,cpu,1,1,3.190745,4.145031,0.023316
132,data/imagenet.npz,128,100,cpu,cpu,1,1,3.314613,4.201852,0.023893
133,data/imagenet.npz,128,100,cpu,cpu,1,1,3.208298,4.721354,0.023121
134,data/imagenet.npz,128,100,cpu,cpu,1,1,3.187855,4.867758,0.023509
135,data/imagenet.npz,128,100,cpu,cpu,1,1,3.153250,4.217535,0.023075
136,data/imagenet.npz,128,100,cpu,cpu,1,1,3.144268,4.135127,0.023485
137,data/imagenet.npz,128,100,cpu,cpu,1,1,3.166093,4.674993,0.023775
138,data/imagenet.npz,128,100,cpu,cpu,1,1,3.078635,4.407399,0.023177
139,data/imagenet.npz,128,100,cpu,cpu,1,1,3.143431,4.283902,0.023413
140,data/imagenet.npz,128,100,cpu,cpu,1,1,3.217758,4.360620,0.022945
141,data/imagenet.npz,128,100,cpu,cpu,1,1,3.141135,4.316344,0.024806
142,data/imagenet.npz,128,100,cpu,cpu,1,1,3.147897,4.620940,0.023842
143,data/imagenet.npz,128,100,cpu,cpu,1,1,3.252762,4.145946,0.023737
144,data/imagenet.npz,128,100,cpu,cpu,1,1,3.184522,4.277871,0.023375
145,data/imagenet.npz,128,100,cpu,cpu,1,1,3.125732,4.234688,0.022713
146,data/imagenet.npz,128,100,cpu,cpu,1,1,3.180473,4.283042,0.023489
147,data/imagenet.npz,128,100,cpu,cpu,1,1,3.268492,4.411440,0.022606
148,data/imagenet.npz,128,100,cpu,cpu,1,1,3.213577,4.275310,0.023915
149,data/imagenet.npz,128,100,cpu,cpu,1,1,3.291599,4.301694,0.023548
150,data/imagenet.npz,128,100,cpu,cpu,1,1,3.297215,4.295198,0.023257
151,data/imagenet.npz,128,100,cpu,cpu,1,1,3.143739,4.258465,0.023936
152,data/imagenet.npz,128,100,cpu,cpu,1,1,3.031778,4.325864,0.023898
153,data/imagenet.npz,128,100,cpu,cpu,1,1,3.140222,5.082593,0.023405
154,data/imagenet.npz,128,100,cpu,cpu,1,1,3.206825,4.304672,0.023318
155,data/imagenet.npz,128,100,cpu,cpu,1,1,3.164755,4.238010,0.024447
156,data/imagenet.npz,128,100,cpu,cpu,1,1,3.161339,4.656129,0.023402
157,data/imagenet.npz,128,100,cpu,cpu,1,1,3.162584,4.477985,0.023054
158,data/imagenet.npz,128,100,cpu,cpu,1,1,3.162785,4.271768,0.023836
159,data/imagenet.npz,128,100,cpu,cpu,1,1,3.161627,4.182139,0.022846
160,data/imagenet.npz,128,100,cpu,cpu,1,1,3.236044,4.370677,0.023751
161,data/imagenet.npz,128,100,cpu,cpu,1,1,3.220427,4.155512,0.023812
162,data/imagenet.npz,128,100,cpu,cpu,1,1,3.220592,4.360009,0.024114
163,data/imagenet.npz,128,100,cpu,cpu,1,1,3.151713,4.140797,0.023961
164,data/imagenet.npz,128,100,cpu,cpu,1,1,3.158788,4.349270,0.022702
165,data/imagenet.npz,128,100,cpu,cpu,1,1,3.206550,4.271644,0.023563
166,data/imagenet.npz,128,100,cpu,cpu,1,1,3.207879,4.366055,0.023347
167,data/imagenet.npz,128,100,cpu,cpu,1,1,3.250936,4.132287,0.025902
168,data/imagenet.npz,128,100,cpu,cpu,1,1,3.213483,4.217385,0.024326
169,data/imagenet.npz,128,100,cpu,cpu,1,1,3.285983,4.248549,0.023589
170,data/imagenet.npz,128,100,cpu,cpu,1,1,3.181349,4.281398,0.023194
171,data/imagenet.npz,128,100,cpu,cpu,1,1,3.240224,4.240916,0.023435
172,data/imagenet.npz,128,100,cpu,cpu,1,1,3.305416,4.685973,0.024384
173,data/imagenet.npz,128,100,cpu,cpu,1,1,3.196167,4.259727,0.023453
174,data/imagenet.npz,128,100,cpu,cpu,1,1,3.222667,4.359131,0.023364
175,data/imagenet.npz,128,100,cpu,cpu,1,1,3.214969,4.398332,0.023748
176,data/imagenet.npz,128,100,cpu,cpu,1,1,3.194637,4.352694,0.023375
177,data/imagenet.npz,128,100,cpu,cpu,1,1,3.194741,4.311862,0.023522
178,data/imagenet.npz,128,100,cpu,cpu,1,1,3.248983,4.320289,0.023579
179,data/imagenet.npz,128,100,cpu,cpu,1,1,3.296153,4.379659,0.023165
180,data/imagenet.npz,128,100,cpu,cpu,1,1,3.215075,4.295541,0.025106
181,data/imagenet.npz,128,100,cpu,cpu,1,1,3.285764,4.371196,0.023817
182,data/imagenet.npz,128,100,cpu,cpu,1,1,3.310352,4.391864,0.023166
183,data/imagenet.npz,128,100,cpu,cpu,1,1,3.264250,4.358470,0.026438
184,data/imagenet.npz,128,100,cpu,cpu,1,1,3.262281,4.349770,0.038770
185,data/imagenet.npz,128,100,cpu,cpu,1,1,3.191281,4.368270,0.024014
186,data/imagenet.npz,128,100,cpu,cpu,1,1,3.197201,4.425090,0.023311
187,data/imagenet.npz,128,100,cpu,cpu,1,1,3.241650,4.208107,0.023513
188,data/imagenet.npz,128,100,cpu,cpu,1,1,3.183721,4.221599,0.024728
189,data/imagenet.npz,128,100,cpu,cpu,1,1,3.183744,4.169175,0.023066
190,data/imagenet.npz,128,100,cpu,cpu,1,1,3.233311,4.687276,0.023072
191,data/imagenet.npz,128,100,cpu,cpu,1,1,3.310825,4.301943,0.023676
192,data/imagenet.npz,128,100,cpu,cpu,1,1,3.404642,4.284213,0.024063
193,data/imagenet.npz,128,100,cpu,cpu,1,1,3.329253,4.250352,0.023391
194,data/imagenet.npz,128,100,cpu,cpu,1,1,3.272800,4.334707,0.023478
195,data/imagenet.npz,128,100,cpu,cpu,1,1,3.304777,4.572240,0.023709
196,data/imagenet.npz,128,100,cpu,cpu,1,1,3.235203,4.293768,0.023522
197,data/imagenet.npz,128,100,cpu,cpu,1,1,3.223911,4.139462,0.023290
198,data/imagenet.npz,128,100,cpu,cpu,1,1,3.210621,4.049642,0.023182
199,data/imagenet.npz,128,100,cpu,cpu,1,1,3.316632,4.327062,0.023568
200,data/imagenet.npz,128,100,cpu,cpu,1,1,3.057168,4.197873,0.023349
201,data/imagenet.npz,128,100,cpu,cpu,1,1,3.237364,4.172059,0.023882
202,data/imagenet.npz,128,100,cpu,cpu,1,1,3.126157,4.334219,0.023399
203,data/imagenet.npz,128,100,cpu,cpu,1,1,3.013978,4.339141,0.025406
204,data/imagenet.npz,128,100,cpu,cpu,1,1,3.170060,4.329273,0.023518
205,data/imagenet.npz,128,100,cpu,cpu,1,1,3.325596,4.225141,0.023527
206,data/imagenet.npz,128,100,cpu,cpu,1,1,3.290426,4.341678,0.023254
207,data/imagenet.npz,128,100,cpu,cpu,1,1,3.191117,4.285910,0.024420
208,data/imagenet.npz,128,100,cpu,cpu,1,1,3.164899,4.230879,0.023478
209,data/imagenet.npz,128,100,cpu,cpu,1,1,3.229291,4.521978,0.023688
210,data/imagenet.npz,128,100,cpu,cpu,1,1,3.241555,4.166299,0.022928
211,data/imagenet.npz,128,100,cpu,cpu,1,1,3.169805,4.404757,0.023021
212,data/imagenet.npz,128,100,cpu,cpu,1,1,3.242687,4.538257,0.023167
213,data/imagenet.npz,128,100,cpu,cpu,1,1,3.216255,4.408024,0.024375
214,data/imagenet.npz,128,100,cpu,cpu,1,1,3.252473,4.310154,0.025475
215,data/imagenet.npz,128,100,cpu,cpu,1,1,3.327849,4.211548,0.023315
216,data/imagenet.npz,128,100,cpu,cpu,1,1,3.277830,4.374887,0.023804
217,data/imagenet.npz,128,100,cpu,cpu,1,1,3.331038,4.298682,0.023329
218,data/imagenet.npz,128,100,cpu,cpu,1,1,3.264108,4.179802,0.024205
219,data/imagenet.npz,128,100,cpu,cpu,1,1,3.238601,4.632420,0.023365
220,data/imagenet.npz,128,100,cpu,cpu,1,1,3.316793,4.392723,0.023055
221,data/imagenet.npz,128,100,cpu,cpu,1,1,3.274401,4.314080,0.023134
222,data/imagenet.npz,128,100,cpu,cpu,1,1,3.234736,4.279534,0.023445
223,data/imagenet.npz,128,100,cpu,cpu,1,1,3.265323,4.518949,0.023306
224,data/imagenet.npz,128,100,cpu,cpu,1,1,2.993192,4.330135,0.023603
225,data/imagenet.npz,128,100,cpu,cpu,1,1,3.032667,4.289579,0.024526
226,data/imagenet.npz,128,100,cpu,cpu,1,1,3.094803,4.385976,0.023838
227,data/imagenet.npz,128,100,cpu,cpu,1,1,3.080234,4.372195,0.024514
228,data/imagenet.npz,128,100,cpu,cpu,1,1,2.939819,4.223108,0.023432
229,data/imagenet.npz,128,100,cpu,cpu,1,1,3.197604,4.257970,0.023469
230,data/imagenet.npz,128,100,cpu,cpu,1,1,3.123527,4.285447,0.023833
231,data/imagenet.npz,128,100,cpu,cpu,1,1,3.279717,4.327179,0.023948
232,data/imagenet.npz,128,100,cpu,cpu,1,1,3.016996,4.647261,0.023541
233,data/imagenet.npz,128,100,cpu,cpu,1,1,2.991559,4.584070,0.023611
234,data/imagenet.npz,128,100,cpu,cpu,1,1,3.120442,4.686642,0.023708
235,data/imagenet.npz,128,100,cpu,cpu,1,1,3.225090,4.261567,0.023151
236,data/imagenet.npz,128,100,cpu,cpu,1,1,3.097211,4.300886,0.023433
237,data/imagenet.npz,128,100,cpu,cpu,1,1,3.209902,4.663663,0.023336
238,data/imagenet.npz,128,100,cpu,cpu,1,1,3.038108,4.392058,0.023282
239,data/imagenet.npz,128,100,cpu,cpu,1,1,3.093129,4.429428,0.023129
240,data/imagenet.npz,128,100,cpu,cpu,1,1,3.197606,4.307540,0.023662
241,data/imagenet.npz,128,100,cpu,cpu,1,1,3.241544,4.296713,0.023422
242,data/imagenet.npz,128,100,cpu,cpu,1,1,3.258428,4.353814,0.022929
243,data/imagenet.npz,128,100,cpu,cpu,1,1,3.218602,4.384333,0.023617
244,data/imagenet.npz,128,100,cpu,cpu,1,1,3.227951,4.360155,0.025336
245,data/imagenet.npz,128,100,cpu,cpu,1,1,3.324738,4.252731,0.023806
246,data/imagenet.npz,128,100,cpu,cpu,1,1,3.033798,4.646365,0.023652
247,data/imagenet.npz,128,100,cpu,cpu,1,1,2.974530,4.395465,0.025055
248,data/imagenet.npz,128,100,cpu,cpu,1,1,2.958312,4.388076,0.023389
249,data/imagenet.npz,128,100,cpu,cpu,1,1,2.971911,4.391992,0.023159
250,data/imagenet.npz,128,100,cpu,cpu,1,1,3.008520,4.357625,0.023697
251,data/imagenet.npz,128,100,cpu,cpu,1,1,2.999189,4.492530,0.023349
252,data/imagenet.npz,128,100,cpu,cpu,1,1,2.941048,4.342993,0.023170
253,data/imagenet.npz,128,100,cpu,cpu,1,1,2.972120,4.232289,0.023377
254,data/imagenet.npz,128,100,cpu,cpu,1,1,2.942112,4.358765,0.023702
255,data/imagenet.npz,128,100,cpu,cpu,1,1,2.957272,4.278354,0.023454
256,data/imagenet.npz,128,100,cpu,cpu,1,1,2.964529,4.118230,0.023466
257,data/imagenet.npz,128,100,cpu,cpu,1,1,2.939881,4.279384,0.023795
258,data/imagenet.npz,128,100,cpu,cpu,1,1,2.945112,4.403450,0.023386
259,data/imagenet.npz,128,100,cpu,cpu,1,1,2.986374,4.379170,0.022888
260,data/imagenet.npz,128,100,cpu,cpu,1,1,3.015613,4.657983,0.023083
261,data/imagenet.npz,128,100,cpu,cpu,1,1,2.957986,4.411028,0.023274
262,data/imagenet.npz,128,100,cpu,cpu,1,1,3.198941,4.192283,0.023743
263,data/imagenet.npz,128,100,cpu,cpu,1,1,3.094896,4.643874,0.023392
264,data/imagenet.npz,128,100,cpu,cpu,1,1,3.017988,4.447667,0.023149
265,data/imagenet.npz,128,100,cpu,cpu,1,1,3.283761,4.273201,0.023226
266,data/imagenet.npz,128,100,cpu,cpu,1,1,3.196510,4.731032,0.024536
267,data/imagenet.npz,128,100,cpu,cpu,1,1,3.171500,4.261850,0.025124
268,data/imagenet.npz,128,100,cpu,cpu,1,1,3.149374,4.220003,0.023576
269,data/imagenet.npz,128,100,cpu,cpu,1,1,3.010683,4.262132,0.023796
270,data/imagenet.npz,128,100,cpu,cpu,1,1,3.130963,4.269293,0.023837
271,data/imagenet.npz,128,100,cpu,cpu,1,1,3.137045,4.334876,0.023347
272,data/imagenet.npz,128,100,cpu,cpu,1,1,3.196384,4.385615,0.023525
273,data/imagenet.npz,128,100,cpu,cpu,1,1,3.024633,4.408729,0.024153
274,data/imagenet.npz,128,100,cpu,cpu,1,1,2.939461,4.291365,0.023274
275,data/imagenet.npz,128,100,cpu,cpu,1,1,2.951134,4.390167,0.023642
276,data/imagenet.npz,128,100,cpu,cpu,1,1,2.942341,4.363567,0.023457
277,data/imagenet.npz,128,100,cpu,cpu,1,1,2.952761,4.646583,0.022757
278,data/imagenet.npz,128,100,cpu,cpu,1,1,3.005448,4.419379,0.023804
279,data/imagenet.npz,128,100,cpu,cpu,1,1,2.938283,4.685725,0.023677
280,data/imagenet.npz,128,100,cpu,cpu,1,1,2.994023,4.435215,0.023657
281,data/imagenet.npz,128,100,cpu,cpu,1,1,3.023025,4.371217,0.023771
282,data/imagenet.npz,128,100,cpu,cpu,1,1,2.954098,4.264899,0.023633
283,data/imagenet.npz,128,100,cpu,cpu,1,1,3.170291,4.854873,0.024026
284,data/imagenet.npz,128,100,cpu,cpu,1,1,3.285636,4.315042,0.023204
285,data/imagenet.npz,128,100,cpu,cpu,1,1,3.241966,4.376936,0.023179
286,data/imagenet.npz,128,100,cpu,cpu,1,1,3.398450,4.652922,0.023418
287,data/imagenet.npz,128,100,cpu,cpu,1,1,3.285642,4.267110,0.023737
288,data/imagenet.npz,128,100,cpu,cpu,1,1,3.270959,4.337796,0.023553
289,data/imagenet.npz,128,100,cpu,cpu,1,1,3.370312,4.389108,0.023820
290,data/imagenet.npz,128,100,cpu,cpu,1,1,3.337889,4.260717,0.023534
291,data/imagenet.npz,128,100,cpu,cpu,1,1,3.237105,4.541307,0.023801
292,data/imagenet.npz,128,100,cpu,cpu,1,1,3.234420,4.534977,0.023790
293,data/imagenet.npz,128,100,cpu,cpu,1,1,3.157416,4.503560,0.023255
294,data/imagenet.npz,128,100,cpu,cpu,1,1,3.244369,4.363151,0.023373
295,data/imagenet.npz,128,100,cpu,cpu,1,1,3.267911,4.256754,0.023458
296,data/imagenet.npz,128,100,cpu,cpu,1,1,3.318687,4.622362,0.023253
297,data/imagenet.npz,128,100,cpu,cpu,1,1,2.945416,4.387789,0.023477
298,data/imagenet.npz,128,100,cpu,cpu,1,1,2.963207,4.445241,0.023557
299,data/imagenet.npz,128,100,cpu,cpu,1,1,2.964580,4.329830,0.023234
300,data/imagenet.npz,128,100,cpu,cpu,1,1,2.954848,4.214121,0.024031
301,data/imagenet.npz,128,100,cpu,cpu,1,1,2.935713,4.348999,0.023381
302,data/imagenet.npz,128,100,cpu,cpu,1,1,2.928352,4.249135,0.023372
303,data/imagenet.npz,128,100,cpu,cpu,1,1,2.987937,4.372815,0.023479
304,data/imagenet.npz,128,100,cpu,cpu,1,1,2.962102,4.336857,0.023851
305,data/imagenet.npz,128,100,cpu,cpu,1,1,2.971013,4.382520,0.023654
306,data/imagenet.npz,128,100,cpu,cpu,1,1,2.944151,4.489971,0.023640
307,data/imagenet.npz,128,100,cpu,cpu,1,1,2.969302,4.536330,0.025884
308,data/imagenet.npz,128,100,cpu,cpu,1,1,2.982919,4.259001,0.023429
309,data/imagenet.npz,128,100,cpu,cpu,1,1,2.995875,4.377268,0.026374
310,data/imagenet.npz,128,100,cpu,cpu,1,1,2.997270,4.572511,0.023782
311,data/imagenet.npz,128,100,cpu,cpu,1,1,3.051359,4.332675,0.023925
312,data/imagenet.npz,128,100,cpu,cpu,1,1,2.963678,4.227890,0.023207
313,data/imagenet.npz,128,100,cpu,cpu,1,1,2.968733,4.418278,0.023956
314,data/imagenet.npz,128,100,cpu,cpu,1,1,3.045681,4.538934,0.024051
315,data/imagenet.npz,128,100,cpu,cpu,1,1,3.030014,4.429724,0.023013
316,data/imagenet.npz,128,100,cpu,cpu,1,1,2.964691,4.274867,0.023461
317,data/imagenet.npz,128,100,cpu,cpu,1,1,3.016309,4.957817,0.023621
318,data/imagenet.npz,128,100,cpu,cpu,1,1,2.986791,4.543016,0.023799
319,data/imagenet.npz,128,100,cpu,cpu,1,1,2.975329,4.320315,0.023537
320,data/imagenet.npz,128,100,cpu,cpu,1,1,3.109630,4.668372,0.023165
321,data/imagenet.npz,128,100,cpu,cpu,1,1,3.006644,4.337159,0.026390
322,data/imagenet.npz,128,100,cpu,cpu,1,1,3.040983,4.569105,0.024423
323,data/imagenet.npz,128,100,cpu,cpu,1,1,3.152868,4.428440,0.023514
324,data/imagenet.npz,128,100,cpu,cpu,1,1,3.039720,4.353112,0.023125
325,data/imagenet.npz,128,100,cpu,cpu,1,1,3.169785,4.449685,0.023070
326,data/imagenet.npz,128,100,cpu,cpu,1,1,3.226654,4.248054,0.023582
327,data/imagenet.npz,128,100,cpu,cpu,1,1,3.269167,4.244225,0.023433
328,data/imagenet.npz,128,100,cpu,cpu,1,1,3.210994,4.141361,0.023947
329,data/imagenet.npz,128,100,cpu,cpu,1,1,3.229036,4.212277,0.023647
330,data/imagenet.npz,128,100,cpu,cpu,1,1,3.306880,4.318664,0.023810
331,data/imagenet.npz,128,100,cpu,cpu,1,1,3.207700,4.359621,0.022792
332,data/imagenet.npz,128,100,cpu,cpu,1,1,3.242364,4.092383,0.026087
333,data/imagenet.npz,128,100,cpu,cpu,1,1,3.197758,4.122726,0.024207
334,data/imagenet.npz,128,100,cpu,cpu,1,1,3.160805,4.259564,0.023375
335,data/imagenet.npz,128,100,cpu,cpu,1,1,3.225023,4.188506,0.023199
336,data/imagenet.npz,128,100,cpu,cpu,1,1,3.206924,4.468337,0.024314
337,data/imagenet.npz,128,100,cpu,cpu,1,1,3.153329,4.320170,0.023043
338,data/imagenet.npz,128,100,cpu,cpu,1,1,3.168580,4.369962,0.023398
339,data/imagenet.npz,128,100,cpu,cpu,1,1,3.198220,4.450412,0.024440
340,data/imagenet.npz,128,100,cpu,cpu,1,1,3.191907,4.246554,0.030395
341,data/imagenet.npz,128,100,cpu,cpu,1,1,3.224823,4.379691,0.022997
342,data/imagenet.npz,128,100,cpu,cpu,1,1,3.240386,4.344136,0.023382
343,data/imagenet.npz,128,100,cpu,cpu,1,1,3.158829,4.322045,0.023365
344,data/imagenet.npz,128,100,cpu,cpu,1,1,3.327604,4.318586,0.023183
345,data/imagenet.npz,128,100,cpu,cpu,1,1,3.141376,4.196354,0.023365
346,data/imagenet.npz,128,100,cpu,cpu,1,1,3.171692,4.223708,0.023400
347,data/imagenet.npz,128,100,cpu,cpu,1,1,3.302537,4.721803,0.023799
348,data/imagenet.npz,128,100,cpu,cpu,1,1,3.247103,4.852792,0.026106
349,data/imagenet.npz,128,100,cpu,cpu,1,1,3.252679,4.185248,0.023249
350,data/imagenet.npz,128,100,cpu,cpu,1,1,3.289967,4.225602,0.023015
351,data/imagenet.npz,128,100,cpu,cpu,1,1,3.201475,4.499875,0.023447
352,data/imagenet.npz,128,100,cpu,cpu,1,1,3.230654,4.377566,0.023242
353,data/imagenet.npz,128,100,cpu,cpu,1,1,3.202859,4.128808,0.023895
354,data/imagenet.npz,128,100,cpu,cpu,1,1,3.232665,4.238809,0.023092
355,data/imagenet.npz,128,100,cpu,cpu,1,1,3.276462,4.324027,0.023311
356,data/imagenet.npz,128,100,cpu,cpu,1,1,3.237737,4.131055,0.023422
357,data/imagenet.npz,128,100,cpu,cpu,1,1,3.226297,4.175438,0.023387
358,data/imagenet.npz,128,100,cpu,cpu,1,1,3.032312,4.281046,0.023254
359,data/imagenet.npz,128,100,cpu,cpu,1,1,2.890459,4.493109,0.023341
360,data/imagenet.npz,128,100,cpu,cpu,1,1,2.907593,4.187912,0.023474
361,data/imagenet.npz,128,100,cpu,cpu,1,1,2.919761,4.540532,0.024191
362,data/imagenet.npz,128,100,cpu,cpu,1,1,2.988162,4.386511,0.023192
363,data/imagenet.npz,128,100,cpu,cpu,1,1,2.921069,4.219104,0.023237
364,data/imagenet.npz,128,100,cpu,cpu,1,1,2.974389,4.214707,0.023410
365,data/imagenet.npz,128,100,cpu,cpu,1,1,3.021499,4.307285,0.023790
366,data/imagenet.npz,128,100,cpu,cpu,1,1,2.946726,4.310070,0.023012
367,data/imagenet.npz,128,100,cpu,cpu,1,1,2.987366,4.417492,0.023386
368,data/imagenet.npz,128,100,cpu,cpu,1,1,2.953617,4.326008,0.023160
369,data/imagenet.npz,128,100,cpu,cpu,1,1,3.112489,4.379176,0.023122
370,data/imagenet.npz,128,100,cpu,cpu,1,1,3.111561,4.226892,0.023417
371,data/imagenet.npz,128,100,cpu,cpu,1,1,3.035548,4.951651,0.023496
372,data/imagenet.npz,128,100,cpu,cpu,1,1,3.096181,4.437109,0.023166
373,data/imagenet.npz,128,100,cpu,cpu,1,1,3.258844,4.305599,0.023043
374,data/imagenet.npz,128,100,cpu,cpu,1,1,3.194198,4.261608,0.023394
375,data/imagenet.npz,128,100,cpu,cpu,1,1,3.202298,4.249522,0.023863
376,data/imagenet.npz,128,100,cpu,cpu,1,1,3.256003,4.267689,0.023126
377,data/imagenet.npz,128,100,cpu,cpu,1,1,3.131013,4.324842,0.023092
378,data/imagenet.npz,128,100,cpu,cpu,1,1,3.015109,4.292940,0.022388
379,data/imagenet.npz,128,100,cpu,cpu,1,1,3.296054,4.340205,0.025749
380,data/imagenet.npz,128,100,cpu,cpu,1,1,3.161057,4.364756,0.023520
381,data/imagenet.npz,128,100,cpu,cpu,1,1,3.284454,4.154909,0.023137
382,data/imagenet.npz,128,100,cpu,cpu,1,1,3.291618,4.867405,0.023167
383,data/imagenet.npz,128,100,cpu,cpu,1,1,3.218293,4.301329,0.023413
384,data/imagenet.npz,128,100,cpu,cpu,1,1,3.223679,4.151281,0.023051
385,data/imagenet.npz,128,100,cpu,cpu,1,1,3.258444,4.287566,0.023500
386,data/imagenet.npz,128,100,cpu,cpu,1,1,3.243233,4.259226,0.023446
387,data/imagenet.npz,128,100,cpu,cpu,1,1,2.989068,4.545595,0.023481
388,data/imagenet.npz,128,100,cpu,cpu,1,1,2.954730,4.760789,0.022413
389,data/imagenet.npz,128,100,cpu,cpu,1,1,2.963383,4.360136,0.023632
390,data/imagenet.npz,128,100,cpu,cpu,1,1,2.976269,4.330323,0.023518
391,data/imagenet.npz,128,100,cpu,cpu,1,1,2.973200,4.485525,0.023253
392,data/imagenet.npz,128,100,cpu,cpu,1,1,2.934554,4.544589,0.022845
393,data/imagenet.npz,128,100,cpu,cpu,1,1,2.931636,4.526174,0.022954
394,data/imagenet.npz,128,100,cpu,cpu,1,1,3.134191,4.619107,0.023187
395,data/imagenet.npz,128,100,cpu,cpu,1,1,3.150306,4.553695,0.022934
396,data/imagenet.npz,128,100,cpu,cpu,1,1,2.943002,4.335048,0.022924
397,data/imagenet.npz,128,100,cpu,cpu,1,1,3.005655,4.336266,0.023873
398,data/imagenet.npz,128,100,cpu,cpu,1,1,2.992896,4.378061,0.023255
399,data/imagenet.npz,128,100,cpu,cpu,1,1,2.946352,4.433911,0.023109
400,data/imagenet.npz,128,100,cpu,cpu,1,1,2.948666,4.238459,0.023361
401,data/imagenet.npz,128,100,cpu,cpu,1,1,2.994142,4.389203,0.022944
402,data/imagenet.npz,128,100,cpu,cpu,1,1,3.127905,4.298919,0.023791
403,data/imagenet.npz,128,100,cpu,cpu,1,1,3.004164,4.285528,0.025563
404,data/imagenet.npz,128,100,cpu,cpu,1,1,2.946893,4.194391,0.023329
405,data/imagenet.npz,128,100,cpu,cpu,1,1,2.969191,4.268432,0.023690
406,data/imagenet.npz,128,100,cpu,cpu,1,1,2.911351,4.331263,0.024132
407,data/imagenet.npz,128,100,cpu,cpu,1,1,2.931980,4.323864,0.023676
408,data/imagenet.npz,128,100,cpu,cpu,1,1,3.035706,4.656800,0.023294
409,data/imagenet.npz,128,100,cpu,cpu,1,1,3.199860,4.235731,0.023517
410,data/imagenet.npz,128,100,cpu,cpu,1,1,3.207300,4.333697,0.023156
411,data/imagenet.npz,128,100,cpu,cpu,1,1,2.976159,4.369560,0.023440
412,data/imagenet.npz,128,100,cpu,cpu,1,1,3.188167,4.241834,0.023514
413,data/imagenet.npz,128,100,cpu,cpu,1,1,3.247913,4.351842,0.031294
414,data/imagenet.npz,128,100,cpu,cpu,1,1,3.305013,4.726664,0.023197
415,data/imagenet.npz,128,100,cpu,cpu,1,1,3.221113,4.179944,0.023567
416,data/imagenet.npz,128,100,cpu,cpu,1,1,3.325939,4.247221,0.023593
417,data/imagenet.npz,128,100,cpu,cpu,1,1,3.258052,4.257270,0.023484
418,data/imagenet.npz,128,100,cpu,cpu,1,1,3.253610,4.277502,0.023240
419,data/imagenet.npz,128,100,cpu,cpu,1,1,3.293838,4.373593,0.024501
420,data/imagenet.npz,128,100,cpu,cpu,1,1,3.264815,4.589676,0.024089
421,data/imagenet.npz,128,100,cpu,cpu,1,1,3.015812,4.272694,0.023071
422,data/imagenet.npz,128,100,cpu,cpu,1,1,3.078363,4.476858,0.023588
423,data/imagenet.npz,128,100,cpu,cpu,1,1,2.951099,4.417604,0.023418
424,data/imagenet.npz,128,100,cpu,cpu,1,1,2.933032,4.424450,0.023331
425,data/imagenet.npz,128,100,cpu,cpu,1,1,3.015472,4.381504,0.023771
426,data/imagenet.npz,128,100,cpu,cpu,1,1,2.973965,4.674278,0.023183
427,data/imagenet.npz,128,100,cpu,cpu,1,1,3.036681,4.355081,0.023473
428,data/imagenet.npz,128,100,cpu,cpu,1,1,3.028460,4.336366,0.023659
429,data/imagenet.npz,128,100,cpu,cpu,1,1,3.208316,4.388064,0.023637
430,data/imagenet.npz,128,100,cpu,cpu,1,1,2.957863,4.516684,0.023713
431,data/imagenet.npz,128,100,cpu,cpu,1,1,3.033185,4.316912,0.023145
432,data/imagenet.npz,128,100,cpu,cpu,1,1,3.141292,4.393007,0.022642
433,data/imagenet.npz,128,100,cpu,cpu,1,1,3.087459,4.262288,0.023839
434,data/imagenet.npz,128,100,cpu,cpu,1,1,3.024714,4.308607,0.023540
435,data/imagenet.npz,128,100,cpu,cpu,1,1,3.231813,4.295751,0.023479
436,data/imagenet.npz,128,100,cpu,cpu,1,1,3.172323,4.097260,0.023345
437,data/imagenet.npz,128,100,cpu,cpu,1,1,3.282944,4.112146,0.023364
438,data/imagenet.npz,128,100,cpu,cpu,1,1,3.183206,4.259231,0.023181
439,data/imagenet.npz,128,100,cpu,cpu,1,1,3.139492,4.183716,0.023441
440,data/imagenet.npz,128,100,cpu,cpu,1,1,3.222320,4.017339,0.022917
441,data/imagenet.npz,128,100,cpu,cpu,1,1,3.193133,4.196036,0.023332
442,data/imagenet.npz,128,100,cpu,cpu,1,1,3.164970,4.177197,0.022724
443,data/imagenet.npz,128,100,cpu,cpu,1,1,3.252713,4.595403,0.023266
444,data/imagenet.npz,128,100,cpu,cpu,1,1,3.249104,4.258982,0.023427
445,data/imagenet.npz,128,100,cpu,cpu,1,1,3.211950,4.267705,0.023229
446,data/imagenet.npz,128,100,cpu,cpu,1,1,3.295837,4.224396,0.023444
447,data/imagenet.npz,128,100,cpu,cpu,1,1,3.288987,4.341441,0.023947
448,data/imagenet.npz,128,100,cpu,cpu,1,1,3.229093,4.314509,0.023293
449,data/imagenet.npz,128,100,cpu,cpu,1,1,3.272389,4.147115,0.023337
450,data/imagenet.npz,128,100,cpu,cpu,1,1,3.256660,4.183154,0.023885
451,data/imagenet.npz,128,100,cpu,cpu,1,1,3.269236,4.213175,0.024015
452,data/imagenet.npz,128,100,cpu,cpu,1,1,3.131958,4.574722,0.023934
453,data/imagenet.npz,128,100,cpu,cpu,1,1,3.250744,4.793034,0.024374
454,data/imagenet.npz,128,100,cpu,cpu,1,1,3.254385,4.333367,0.023380
455,data/imagenet.npz,128,100,cpu,cpu,1,1,3.098682,4.491356,0.023478
456,data/imagenet.npz,128,100,cpu,cpu,1,1,3.328366,4.760715,0.023670
457,data/imagenet.npz,128,100,cpu,cpu,1,1,3.314286,4.233823,0.023859
458,data/imagenet.npz,128,100,cpu,cpu,1,1,3.211000,4.569462,0.023737
459,data/imagenet.npz,128,100,cpu,cpu,1,1,3.224016,4.693175,0.023137
460,data/imagenet.npz,128,100,cpu,cpu,1,1,2.985048,4.371577,0.023454
461,data/imagenet.npz,128,100,cpu,cpu,1,1,2.943682,4.309174,0.023878
462,data/imagenet.npz,128,100,cpu,cpu,1,1,2.977689,4.428590,0.023883
463,data/imagenet.npz,128,100,cpu,cpu,1,1,2.959645,4.366135,0.023551
464,data/imagenet.npz,128,100,cpu,cpu,1,1,2.972231,4.439981,0.022777
465,data/imagenet.npz,128,100,cpu,cpu,1,1,3.144669,4.226322,0.023529
466,data/imagenet.npz,128,100,cpu,cpu,1,1,3.007757,4.343402,0.023470
467,data/imagenet.npz,128,100,cpu,cpu,1,1,3.094481,4.327849,0.023829
468,data/imagenet.npz,128,100,cpu,cpu,1,1,3.158476,4.393388,0.023585
469,data/imagenet.npz,128,100,cpu,cpu,1,1,3.138299,4.369730,0.023511
470,data/imagenet.npz,128,100,cpu,cpu,1,1,3.306240,4.141162,0.023361
471,data/imagenet.npz,128,100,cpu,cpu,1,1,3.259083,4.427613,0.023371
472,data/imagenet.npz,128,100,cpu,cpu,1,1,3.330675,4.779214,0.023310
473,data/imagenet.npz,128,100,cpu,cpu,1,1,3.176149,4.302413,0.023231
474,data/imagenet.npz,128,100,cpu,cpu,1,1,3.183028,4.274130,0.023738
475,data/imagenet.npz,128,100,cpu,cpu,1,1,3.323190,4.295627,0.023396
476,data/imagenet.npz,128,100,cpu,cpu,1,1,3.256101,4.443802,0.023549
477,data/imagenet.npz,128,100,cpu,cpu,1,1,3.286276,4.230302,0.023864
478,data/imagenet.npz,128,100,cpu,cpu,1,1,3.197132,4.448904,0.023524
479,data/imagenet.npz,128,100,cpu,cpu,1,1,3.301504,4.277308,0.024308
480,data/imagenet.npz,128,100,cpu,cpu,1,1,3.176169,4.303202,0.023463
481,data/imagenet.npz,128,100,cpu,cpu,1,1,3.282302,4.602338,0.022822
482,data/imagenet.npz,128,100,cpu,cpu,1,1,2.962112,4.337574,0.023492
483,data/imagenet.npz,128,100,cpu,cpu,1,1,3.248459,4.247229,0.023272
484,data/imagenet.npz,128,100,cpu,cpu,1,1,3.184790,4.287726,0.023677
485,data/imagenet.npz,128,100,cpu,cpu,1,1,2.946171,4.370213,0.023746
486,data/imagenet.npz,128,100,cpu,cpu,1,1,2.960633,4.316265,0.023377
487,data/imagenet.npz,128,100,cpu,cpu,1,1,3.028022,4.253260,0.023787
488,data/imagenet.npz,128,100,cpu,cpu,1,1,2.953676,4.383249,0.023346
489,data/imagenet.npz,128,100,cpu,cpu,1,1,3.191073,4.290858,0.023849
490,data/imagenet.npz,128,100,cpu,cpu,1,1,3.086188,4.284436,0.023293
491,data/imagenet.npz,128,100,cpu,cpu,1,1,3.130310,4.141890,0.023245
492,data/imagenet.npz,128,100,cpu,cpu,1,1,3.001518,4.374923,0.023641
493,data/imagenet.npz,128,100,cpu,cpu,1,1,3.231037,4.387855,0.023610
494,data/imagenet.npz,128,100,cpu,cpu,1,1,3.189031,4.267320,0.025137
495,data/imagenet.npz,128,100,cpu,cpu,1,1,3.140951,4.286770,0.023969
496,data/imagenet.npz,128,100,cpu,cpu,1,1,3.150848,4.238486,0.023364
497,data/imagenet.npz,128,100,cpu,cpu,1,1,3.137822,4.284726,0.024890
498,data/imagenet.npz,128,100,cpu,cpu,1,1,3.173612,4.446057,0.023820
499,data/imagenet.npz,128,100,cpu,cpu,1,1,3.175217,4.196771,0.025742
500,data/imagenet.npz,128,100,cpu,cpu,1,1,3.153629,4.162079,0.023458
501,data/imagenet.npz,128,100,cpu,cpu,1,1,3.161850,4.357813,0.023253
502,data/imagenet.npz,128,100,cpu,cpu,1,1,3.182365,4.258236,0.023112
503,data/imagenet.npz,128,100,cpu,cpu,1,1,3.285646,4.306642,0.023301
504,data/imagenet.npz,128,100,cpu,cpu,1,1,3.141596,4.231266,0.023446
505,data/imagenet.npz,128,100,cpu,cpu,1,1,3.220579,4.340207,0.023404
506,data/imagenet.npz,128,100,cpu,cpu,1,1,3.177677,4.472553,0.028597
507,data/imagenet.npz,128,100,cpu,cpu,1,1,3.091442,4.409829,0.023329
508,data/imagenet.npz,128,100,cpu,cpu,1,1,3.152227,4.382917,0.023391
509,data/imagenet.npz,128,100,cpu,cpu,1,1,3.130875,4.470523,0.023704
510,data/imagenet.npz,128,100,cpu,cpu,1,1,3.141316,4.245813,0.022821
511,data/imagenet.npz,128,100,cpu,cpu,1,1,3.213932,4.329981,0.023388
512,data/imagenet.npz,128,100,cpu,cpu,1,1,3.175388,4.350772,0.023603
513,data/imagenet.npz,128,100,cpu,cpu,1,1,3.138060,4.409591,0.023897
514,data/imagenet.npz,128,100,cpu,cpu,1,1,3.159525,4.274252,0.023629
515,data/imagenet.npz,128,100,cpu,cpu,1,1,3.188334,4.642018,0.023373
516,data/imagenet.npz,128,100,cpu,cpu,1,1,3.176718,4.213829,0.023054
517,data/imagenet.npz,128,100,cpu,cpu,1,1,3.196853,4.473148,0.023401
518,data/imagenet.npz,128,100,cpu,cpu,1,1,3.246071,4.076225,0.023397
519,data/imagenet.npz,128,100,cpu,cpu,1,1,3.153211,4.126360,0.023358
520,data/imagenet.npz,128,100,cpu,cpu,1,1,3.241394,4.534736,0.023260
521,data/imagenet.npz,128,100,cpu,cpu,1,1,3.227978,4.129442,0.024388
522,data/imagenet.npz,128,100,cpu,cpu,1,1,3.256363,4.169801,0.023410
523,data/imagenet.npz,128,100,cpu,cpu,1,1,3.290363,4.316269,0.023688
524,data/imagenet.npz,128,100,cpu,cpu,1,1,3.261219,4.220122,0.024212
525,data/imagenet.npz,128,100,cpu,cpu,1,1,3.133748,4.264468,0.023697
526,data/imagenet.npz,128,100,cpu,cpu,1,1,3.241559,4.303353,0.023844
527,data/imagenet.npz,128,100,cpu,cpu,1,1,3.244532,4.271722,0.023590
528,data/imagenet.npz,128,100,cpu,cpu,1,1,3.224049,4.158560,0.023919
529,data/imagenet.npz,128,100,cpu,cpu,1,1,3.333467,4.346903,0.023092
530,data/imagenet.npz,128,100,cpu,cpu,1,1,3.262849,4.346048,0.023480
531,data/imagenet.npz,128,100,cpu,cpu,1,1,3.229207,4.299934,0.022863
532,data/imagenet.npz,128,100,cpu,cpu,1,1,3.245404,4.662672,0.022414
533,data/imagenet.npz,128,100,cpu,cpu,1,1,3.228599,4.457553,0.023137
534,data/imagenet.npz,128,100,cpu,cpu,1,1,3.245607,4.367146,0.023820
535,data/imagenet.npz,128,100,cpu,cpu,1,1,3.231260,4.224823,0.023497
536,data/imagenet.npz,128,100,cpu,cpu,1,1,3.199981,4.391673,0.024648
537,data/imagenet.npz,128,100,cpu,cpu,1,1,3.256412,4.186729,0.023715
538,data/imagenet.npz,128,100,cpu,cpu,1,1,3.250415,4.223609,0.023466
539,data/imagenet.npz,128,100,cpu,cpu,1,1,3.228202,4.201867,0.023343
540,data/imagenet.npz,128,100,cpu,cpu,1,1,3.248265,4.158795,0.023656
541,data/imagenet.npz,128,100,cpu,cpu,1,1,3.270668,4.113466,0.023678
542,data/imagenet.npz,128,100,cpu,cpu,1,1,3.292114,4.229529,0.024219
543,data/imagenet.npz,128,100,cpu,cpu,1,1,2.931448,4.302369,0.023552
544,data/imagenet.npz,128,100,cpu,cpu,1,1,3.011451,4.352671,0.023382
545,data/imagenet.npz,128,100,cpu,cpu,1,1,2.951172,4.541700,0.023465
546,data/imagenet.npz,128,100,cpu,cpu,1,1,2.931007,4.238482,0.023368
547,data/imagenet.npz,128,100,cpu,cpu,1,1,2.938747,4.390505,0.023694
548,data/imagenet.npz,128,100,cpu,cpu,1,1,2.998119,4.484592,0.024959
549,data/imagenet.npz,128,100,cpu,cpu,1,1,3.007527,4.329663,0.023695
550,data/imagenet.npz,128,100,cpu,cpu,1,1,3.178114,4.687473,0.023260
551,data/imagenet.npz,128,100,cpu,cpu,1,1,3.201583,4.325912,0.023156
552,data/imagenet.npz,128,100,cpu,cpu,1,1,3.247089,4.238384,0.024026
553,data/imagenet.npz,128,100,cpu,cpu,1,1,3.295270,4.213075,0.023579
554,data/imagenet.npz,128,100,cpu,cpu,1,1,3.244270,4.358344,0.023691
555,data/imagenet.npz,128,100,cpu,cpu,1,1,3.351019,4.293066,0.022758
556,data/imagenet.npz,128,100,cpu,cpu,1,1,3.346378,4.646492,0.022792
557,data/imagenet.npz,128,100,cpu,cpu,1,1,3.218638,4.264656,0.024049
558,data/imagenet.npz,128,100,cpu,cpu,1,1,3.181563,4.374610,0.023821
559,data/imagenet.npz,128,100,cpu,cpu,1,1,3.360068,4.567745,0.023379
560,data/imagenet.npz,128,100,cpu,cpu,1,1,3.135299,4.332509,0.024678
561,data/imagenet.npz,128,100,cpu,cpu,1,1,3.151236,4.477217,0.023636
562,data/imagenet.npz,128,100,cpu,cpu,1,1,3.223012,4.313334,0.023410
563,data/imagenet.npz,128,100,cpu,cpu,1,1,3.274249,4.587146,0.023020
564,data/imagenet.npz,128,100,cpu,cpu,1,1,3.192064,4.195161,0.023709
565,data/imagenet.npz,128,100,cpu,cpu,1,1,3.238428,4.225793,0.023440
566,data/imagenet.npz,128,100,cpu,cpu,1,1,3.229208,4.636429,0.023712
567,data/imagenet.npz,128,100,cpu,cpu,1,1,3.078325,4.207567,0.024364
568,data/imagenet.npz,128,100,cpu,cpu,1,1,2.951674,4.136924,0.023223
569,data/imagenet.npz,128,100,cpu,cpu,1,1,2.988556,4.263687,0.025043
570,data/imagenet.npz,128,100,cpu,cpu,1,1,2.987581,4.471650,0.023349
571,data/imagenet.npz,128,100,cpu,cpu,1,1,3.078804,4.406771,0.023446
572,data/imagenet.npz,128,100,cpu,cpu,1,1,3.068186,4.353622,0.025464
573,data/imagenet.npz,128,100,cpu,cpu,1,1,3.078064,4.633153,0.024884
574,data/imagenet.npz,128,100,cpu,cpu,1,1,3.017197,4.472334,0.025501
575,data/imagenet.npz,128,100,cpu,cpu,1,1,3.089801,4.352474,0.023620
576,data/imagenet.npz,128,100,cpu,cpu,1,1,3.235848,4.357532,0.023078
577,data/imagenet.npz,128,100,cpu,cpu,1,1,3.350257,4.312411,0.023363
578,data/imagenet.npz,128,100,cpu,cpu,1,1,3.280427,4.312547,0.023467
579,data/imagenet.npz,128,100,cpu,cpu,1,1,3.280414,4.844037,0.023582
580,data/imagenet.npz,128,100,cpu,cpu,1,1,3.315005,4.298354,0.023400
581,data/imagenet.npz,128,100,cpu,cpu,1,1,3.269653,4.279894,0.024114
582,data/imagenet.npz,128,100,cpu,cpu,1,1,3.251373,4.633854,0.024227
583,data/imagenet.npz,128,100,cpu,cpu,1,1,3.327904,4.395603,0.023510
584,data/imagenet.npz,128,100,cpu,cpu,1,1,3.244228,4.390259,0.023553
585,data/imagenet.npz,128,100,cpu,cpu,1,1,3.293029,4.208993,0.027101
586,data/imagenet.npz,128,100,cpu,cpu,1,1,3.367709,4.447508,0.023230
587,data/imagenet.npz,128,100,cpu,cpu,1,1,3.292695,4.244823,0.023576
588,data/imagenet.npz,128,100,cpu,cpu,1,1,3.264384,4.473007,0.023767
589,data/imagenet.npz,128,100,cpu,cpu,1,1,3.369306,5.103559,0.023150
590,data/imagenet.npz,128,100,cpu,cpu,1,1,3.224154,4.217755,0.023413
591,data/imagenet.npz,128,100,cpu,cpu,1,1,3.284515,4.359124,0.023904
592,data/imagenet.npz,128,100,cpu,cpu,1,1,3.278857,4.298058,0.023660
593,data/imagenet.npz,128,100,cpu,cpu,1,1,3.260611,4.349846,0.027657
594,data/imagenet.npz,128,100,cpu,cpu,1,1,3.264735,4.407552,0.023625
595,data/imagenet.npz,128,100,cpu,cpu,1,1,3.405386,4.416016,0.023992
596,data/imagenet.npz,128,100,cpu,cpu,1,1,3.333988,4.299151,0.023046
597,data/imagenet.npz,128,100,cpu,cpu,1,1,3.385547,4.355104,0.023355
598,data/imagenet.npz,128,100,cpu,cpu,1,1,3.401959,4.768432,0.023339
599,data/imagenet.npz,128,100,cpu,cpu,1,1,3.195807,4.535541,0.022938
600,data/imagenet.npz,128,100,cpu,cpu,1,1,3.252777,4.314208,0.022733
601,data/imagenet.npz,128,100,cpu,cpu,1,1,3.317072,4.323668,0.023640
602,data/imagenet.npz,128,100,cpu,cpu,1,1,3.266205,4.305385,0.023422
603,data/imagenet.npz,128,100,cpu,cpu,1,1,3.078732,4.404142,0.024595
604,data/imagenet.npz,128,100,cpu,cpu,1,1,2.999829,4.330379,0.024240
605,data/imagenet.npz,128,100,cpu,cpu,1,1,3.038562,4.459969,0.023916
606,data/imagenet.npz,128,100,cpu,cpu,1,1,3.058379,4.216650,0.022716
607,data/imagenet.npz,128,100,cpu,cpu,1,1,2.963638,4.452400,0.022526
608,data/imagenet.npz,128,100,cpu,cpu,1,1,3.195686,4.333688,0.023434
609,data/imagenet.npz,128,100,cpu,cpu,1,1,3.224178,4.172388,0.022958
610,data/imagenet.npz,128,100,cpu,cpu,1,1,3.146962,4.231691,0.023403
611,data/imagenet.npz,128,100,cpu,cpu,1,1,3.037503,4.285632,0.023313
612,data/imagenet.npz,128,100,cpu,cpu,1,1,3.110213,4.422003,0.023273
613,data/imagenet.npz,128,100,cpu,cpu,1,1,3.021086,4.222371,0.023869
614,data/imagenet.npz,128,100,cpu,cpu,1,1,3.061744,4.332067,0.023448
615,data/imagenet.npz,128,100,cpu,cpu,1,1,3.223574,4.145087,0.023343
616,data/imagenet.npz,128,100,cpu,cpu,1,1,3.310813,4.197397,0.023101
617,data/imagenet.npz,128,100,cpu,cpu,1,1,3.231964,4.396501,0.023084
618,data/imagenet.npz,128,100,cpu,cpu,1,1,3.225055,4.311951,0.022993
619,data/imagenet.npz,128,100,cpu,cpu,1,1,3.192291,4.599432,0.023579
620,data/imagenet.npz,128,100,cpu,cpu,1,1,3.109285,4.386729,0.023189
621,data/imagenet.npz,128,100,cpu,cpu,1,1,3.260627,4.319586,0.023645
622,data/imagenet.npz,128,100,cpu,cpu,1,1,3.295393,4.691541,0.024452
623,data/imagenet.npz,128,100,cpu,cpu,1,1,3.205725,4.463447,0.023165
624,data/imagenet.npz,128,100,cpu,cpu,1,1,3.200932,4.241406,0.023271
625,data/imagenet.npz,128,100,cpu,cpu,1,1,3.301688,4.805454,0.022697
626,data/imagenet.npz,128,100,cpu,cpu,1,1,3.238282,4.289028,0.023439
627,data/imagenet.npz,128,100,cpu,cpu,1,1,3.373753,4.361335,0.022861
628,data/imagenet.npz,128,100,cpu,cpu,1,1,3.240618,4.234569,0.022876
629,data/imagenet.npz,128,100,cpu,cpu,1,1,3.262166,4.088563,0.025662
630,data/imagenet.npz,128,100,cpu,cpu,1,1,3.228834,4.356477,0.023688
631,data/imagenet.npz,128,100,cpu,cpu,1,1,3.294853,4.358451,0.023363
632,data/imagenet.npz,128,100,cpu,cpu,1,1,3.209048,4.194318,0.023286
633,data/imagenet.npz,128,100,cpu,cpu,1,1,3.165436,4.272547,0.023414
634,data/imagenet.npz,128,100,cpu,cpu,1,1,3.226245,4.181703,0.023318
635,data/imagenet.npz,128,100,cpu,cpu,1,1,3.205660,4.133285,0.023344
636,data/imagenet.npz,128,100,cpu,cpu,1,1,3.220698,4.457634,0.023865
637,data/imagenet.npz,128,100,cpu,cpu,1,1,3.331427,4.345292,0.023310
638,data/imagenet.npz,128,100,cpu,cpu,1,1,3.187120,4.571414,0.023675
639,data/imagenet.npz,128,100,cpu,cpu,1,1,3.316839,4.330773,0.023606
640,data/imagenet.npz,128,100,cpu,cpu,1,1,3.377106,4.185486,0.023394
641,data/imagenet.npz,128,100,cpu,cpu,1,1,3.255556,4.308527,0.023177
642,data/imagenet.npz,128,100,cpu,cpu,1,1,3.262358,4.751593,0.023351
643,data/imagenet.npz,128,100,cpu,cpu,1,1,3.162551,4.297236,0.024034
644,data/imagenet.npz,128,100,cpu,cpu,1,1,3.214079,4.275757,0.023526
645,data/imagenet.npz,128,100,cpu,cpu,1,1,3.279544,4.121209,0.022849
646,data/imagenet.npz,128,100,cpu,cpu,1,1,3.295490,4.266411,0.023788
647,data/imagenet.npz,128,100,cpu,cpu,1,1,3.251713,4.434169,0.023995
648,data/imagenet.npz,128,100,cpu,cpu,1,1,3.314311,4.348555,0.023740
649,data/imagenet.npz,128,100,cpu,cpu,1,1,3.267694,4.211006,0.023592
650,data/imagenet.npz,128,100,cpu,cpu,1,1,3.137978,4.367457,0.023612
651,data/imagenet.npz,128,100,cpu,cpu,1,1,3.349152,4.294555,0.024425
652,data/imagenet.npz,128,100,cpu,cpu,1,1,3.347080,4.247985,0.023714
653,data/imagenet.npz,128,100,cpu,cpu,1,1,3.273819,4.332689,0.023755
654,data/imagenet.npz,128,100,cpu,cpu,1,1,3.367756,4.323171,0.023454
655,data/imagenet.npz,128,100,cpu,cpu,1,1,2.959214,4.318078,0.022750
656,data/imagenet.npz,128,100,cpu,cpu,1,1,3.019160,4.415983,0.024373
657,data/imagenet.npz,128,100,cpu,cpu,1,1,3.112358,4.409162,0.023369
658,data/imagenet.npz,128,100,cpu,cpu,1,1,2.988111,4.765677,0.023693
659,data/imagenet.npz,128,100,cpu,cpu,1,1,3.029189,4.459859,0.024034
660,data/imagenet.npz,128,100,cpu,cpu,1,1,2.989430,5.423994,0.023991
661,data/imagenet.npz,128,100,cpu,cpu,1,1,2.991773,4.970071,0.023413
662,data/imagenet.npz,128,100,cpu,cpu,1,1,2.977034,4.601261,0.023767
663,data/imagenet.npz,128,100,cpu,cpu,1,1,3.002879,4.418567,0.024615
664,data/imagenet.npz,128,100,cpu,cpu,1,1,2.943946,4.625870,0.026450
665,data/imagenet.npz,128,100,cpu,cpu,1,1,2.967399,4.501543,0.023478
666,data/imagenet.npz,128,100,cpu,cpu,1,1,2.977947,4.667813,0.024300
667,data/imagenet.npz,128,100,cpu,cpu,1,1,3.011648,4.450375,0.023522
668,data/imagenet.npz,128,100,cpu,cpu,1,1,2.957025,4.433368,0.024804
669,data/imagenet.npz,128,100,cpu,cpu,1,1,2.965906,4.298557,0.023437
670,data/imagenet.npz,128,100,cpu,cpu,1,1,3.014410,4.280474,0.023737
671,data/imagenet.npz,128,100,cpu,cpu,1,1,2.980484,4.394220,0.023769
672,data/imagenet.npz,128,100,cpu,cpu,1,1,2.964655,4.275626,0.023792
673,data/imagenet.npz,128,100,cpu,cpu,1,1,3.037626,4.706475,0.024295
674,data/imagenet.npz,128,100,cpu,cpu,1,1,3.308159,4.445533,0.023205
675,data/imagenet.npz,128,100,cpu,cpu,1,1,3.289827,4.235021,0.023780
676,data/imagenet.npz,128,100,cpu,cpu,1,1,3.202312,4.316381,0.023867
677,data/imagenet.npz,128,100,cpu,cpu,1,1,3.248337,4.703914,0.023319
678,data/imagenet.npz,128,100,cpu,cpu,1,1,3.284708,4.348908,0.023589
679,data/imagenet.npz,128,100,cpu,cpu,1,1,3.233323,4.887049,0.023337
680,data/imagenet.npz,128,100,cpu,cpu,1,1,3.230040,4.213899,0.023567
681,data/imagenet.npz,128,100,cpu,cpu,1,1,2.950714,4.338301,0.023614
682,data/imagenet.npz,128,100,cpu,cpu,1,1,2.988123,4.465380,0.023220
683,data/imagenet.npz,128,100,cpu,cpu,1,1,3.086836,4.472698,0.023753
684,data/imagenet.npz,128,100,cpu,cpu,1,1,3.198811,4.394948,0.023874
685,data/imagenet.npz,128,100,cpu,cpu,1,1,3.337565,4.222770,0.022858
686,data/imagenet.npz,128,100,cpu,cpu,1,1,3.297546,4.280311,0.023604
687,data/imagenet.npz,128,100,cpu,cpu,1,1,3.247714,4.294775,0.023175
688,data/imagenet.npz,128,100,cpu,cpu,1,1,3.045020,4.200178,0.024081
689,data/imagenet.npz,128,100,cpu,cpu,1,1,3.121764,4.327436,0.024187
690,data/imagenet.npz,128,100,cpu,cpu,1,1,3.025461,4.240765,0.024066
691,data/imagenet.npz,128,100,cpu,cpu,1,1,3.083320,4.304996,0.024072
692,data/imagenet.npz,128,100,cpu,cpu,1,1,2.931045,4.373406,0.023122
693,data/imagenet.npz,128,100,cpu,cpu,1,1,3.080219,4.530894,0.023704
694,data/imagenet.npz,128,100,cpu,cpu,1,1,3.091963,4.331635,0.023270
695,data/imagenet.npz,128,100,cpu,cpu,1,1,3.159176,4.449180,0.023668
696,data/imagenet.npz,128,100,cpu,cpu,1,1,3.359124,4.296205,0.023005
697,data/imagenet.npz,128,100,cpu,cpu,1,1,3.229359,4.111510,0.024371
698,data/imagenet.npz,128,100,cpu,cpu,1,1,3.184257,4.237651,0.023506
699,data/imagenet.npz,128,100,cpu,cpu,1,1,3.014939,4.264684,0.023704
700,data/imagenet.npz,128,100,cpu,cpu,1,1,3.177475,4.403466,0.023957
701,data/imagenet.npz,128,100,cpu,cpu,1,1,3.080938,4.325389,0.024392
702,data/imagenet.npz,128,100,cpu,cpu,1,1,3.102080,4.188891,0.024015
703,data/imagenet.npz,128,100,cpu,cpu,1,1,3.033535,4.293663,0.025978
704,data/imagenet.npz,128,100,cpu,cpu,1,1,3.226823,4.280811,0.022928
705,data/imagenet.npz,128,100,cpu,cpu,1,1,3.257885,4.327735,0.023460
706,data/imagenet.npz,128,100,cpu,cpu,1,1,3.222268,4.307596,0.023840
707,data/imagenet.npz,128,100,cpu,cpu,1,1,3.360641,4.394724,0.022901
708,data/imagenet.npz,128,100,cpu,cpu,1,1,3.177702,4.253533,0.023715
709,data/imagenet.npz,128,100,cpu,cpu,1,1,3.297754,4.280078,0.023567
710,data/imagenet.npz,128,100,cpu,cpu,1,1,3.326100,4.663996,0.023583
711,data/imagenet.npz,128,100,cpu,cpu,1,1,3.272537,4.295907,0.023572
712,data/imagenet.npz,128,100,cpu,cpu,1,1,3.143752,4.366608,0.023901
713,data/imagenet.npz,128,100,cpu,cpu,1,1,3.100764,4.405598,0.023783
714,data/imagenet.npz,128,100,cpu,cpu,1,1,3.093075,4.559460,0.023147
715,data/imagenet.npz,128,100,cpu,cpu,1,1,3.168605,4.430377,0.024003
716,data/imagenet.npz,128,100,cpu,cpu,1,1,3.099311,4.490007,0.022996
717,data/imagenet.npz,128,100,cpu,cpu,1,1,3.225029,4.334740,0.023585
718,data/imagenet.npz,128,100,cpu,cpu,1,1,3.205933,4.190643,0.023415
719,data/imagenet.npz,128,100,cpu,cpu,1,1,3.188072,4.291979,0.023271
720,data/imagenet.npz,128,100,cpu,cpu,1,1,3.212717,4.534188,0.023390
721,data/imagenet.npz,128,100,cpu,cpu,1,1,3.228011,4.355041,0.023308
722,data/imagenet.npz,128,100,cpu,cpu,1,1,3.186545,4.242066,0.023068
723,data/imagenet.npz,128,100,cpu,cpu,1,1,3.275598,4.334276,0.023234
724,data/imagenet.npz,128,100,cpu,cpu,1,1,3.198390,4.153919,0.023004
725,data/imagenet.npz,128,100,cpu,cpu,1,1,3.196441,4.252577,0.023686
726,data/imagenet.npz,128,100,cpu,cpu,1,1,3.106556,4.213345,0.023757
727,data/imagenet.npz,128,100,cpu,cpu,1,1,3.214598,4.305896,0.023484
728,data/imagenet.npz,128,100,cpu,cpu,1,1,3.240422,4.261240,0.023308
729,data/imagenet.npz,128,100,cpu,cpu,1,1,3.295895,4.213758,0.023543
730,data/imagenet.npz,128,100,cpu,cpu,1,1,3.241601,4.509625,0.024873
731,data/imagenet.npz,128,100,cpu,cpu,1,1,3.215094,4.248376,0.023179
732,data/imagenet.npz,128,100,cpu,cpu,1,1,3.217447,4.242881,0.024043
733,data/imagenet.npz,128,100,cpu,cpu,1,1,3.189865,4.275826,0.024040
734,data/imagenet.npz,128,100,cpu,cpu,1,1,3.259709,4.665801,0.023421
735,data/imagenet.npz,128,100,cpu,cpu,1,1,3.187799,4.296853,0.023688
736,data/imagenet.npz,128,100,cpu,cpu,1,1,3.281027,4.731651,0.023270
737,data/imagenet.npz,128,100,cpu,cpu,1,1,3.253169,4.208592,0.023421
738,data/imagenet.npz,128,100,cpu,cpu,1,1,3.282154,4.242930,0.024523
739,data/imagenet.npz,128,100,cpu,cpu,1,1,3.303480,4.254755,0.023234
740,data/imagenet.npz,128,100,cpu,cpu,1,1,3.336170,4.455884,0.023194
741,data/imagenet.npz,128,100,cpu,cpu,1,1,3.274415,4.289764,0.023870
742,data/imagenet.npz,128,100,cpu,cpu,1,1,3.315753,4.612189,0.022981
743,data/imagenet.npz,128,100,cpu,cpu,1,1,3.290184,4.230599,0.023244
744,data/imagenet.npz,128,100,cpu,cpu,1,1,3.250608,4.182563,0.023566
745,data/imagenet.npz,128,100,cpu,cpu,1,1,3.249590,4.385393,0.023466
746,data/imagenet.npz,128,100,cpu,cpu,1,1,3.303219,4.299263,0.023360
747,data/imagenet.npz,128,100,cpu,cpu,1,1,3.173191,4.653384,0.025346
748,data/imagenet.npz,128,100,cpu,cpu,1,1,3.215395,4.193668,0.022848
749,data/imagenet.npz,128,100,cpu,cpu,1,1,3.362616,4.556273,0.023253
750,data/imagenet.npz,128,100,cpu,cpu,1,1,3.191659,4.171052,0.023936
751,data/imagenet.npz,128,100,cpu,cpu,1,1,3.198600,4.088985,0.023556
752,data/imagenet.npz,128,100,cpu,cpu,1,1,3.269809,4.221707,0.023563
753,data/imagenet.npz,128,100,cpu,cpu,1,1,3.293959,4.241531,0.023269
754,data/imagenet.npz,128,100,cpu,cpu,1,1,3.226655,4.214968,0.023579
755,data/imagenet.npz,128,100,cpu,cpu,1,1,3.245425,4.034367,0.022837
756,data/imagenet.npz,128,100,cpu,cpu,1,1,3.266752,4.385690,0.023748
757,data/imagenet.npz,128,100,cpu,cpu,1,1,3.310096,4.129328,0.023351
758,data/imagenet.npz,128,100,cpu,cpu,1,1,3.302862,4.270178,0.023440
759,data/imagenet.npz,128,100,cpu,cpu,1,1,3.345693,4.336252,0.023681
760,data/imagenet.npz,128,100,cpu,cpu,1,1,3.334337,4.133545,0.022673
761,data/imagenet.npz,128,100,cpu,cpu,1,1,3.318224,4.292799,0.023822
762,data/imagenet.npz,128,100,cpu,cpu,1,1,3.190470,4.446311,0.022364
763,data/imagenet.npz,128,100,cpu,cpu,1,1,3.182703,4.316716,0.023657
764,data/imagenet.npz,128,100,cpu,cpu,1,1,3.226177,4.275083,0.022996
765,data/imagenet.npz,128,100,cpu,cpu,1,1,3.165230,4.172659,0.023017
766,data/imagenet.npz,128,100,cpu,cpu,1,1,3.193436,4.211533,0.023440
767,data/imagenet.npz,128,100,cpu,cpu,1,1,3.258227,4.397441,0.022892
768,data/imagenet.npz,128,100,cpu,cpu,1,1,3.228298,4.088364,0.023772
769,data/imagenet.npz,128,100,cpu,cpu,1,1,3.240389,4.155191,0.023995
770,data/imagenet.npz,128,100,cpu,cpu,1,1,3.276276,4.422460,0.023294
771,data/imagenet.npz,128,100,cpu,cpu,1,1,3.258935,4.263880,0.022967
772,data/imagenet.npz,128,100,cpu,cpu,1,1,3.222071,4.380672,0.023409
773,data/imagenet.npz,128,100,cpu,cpu,1,1,3.244680,4.837027,0.022696
774,data/imagenet.npz,128,100,cpu,cpu,1,1,3.218964,4.356944,0.024163
775,data/imagenet.npz,128,100,cpu,cpu,1,1,3.153479,4.330584,0.023568
776,data/imagenet.npz,128,100,cpu,cpu,1,1,3.109227,4.215038,0.022597
777,data/imagenet.npz,128,100,cpu,cpu,1,1,3.127926,4.614634,0.023884
778,data/imagenet.npz,128,100,cpu,cpu,1,1,3.240618,4.168135,0.022916
779,data/imagenet.npz,128,100,cpu,cpu,1,1,3.271955,4.189463,0.022851
780,data/imagenet.npz,128,100,cpu,cpu,1,1,3.226723,4.395956,0.022996
781,data/imagenet.npz,128,100,cpu,cpu,1,1,3.185908,4.367204,0.023634
782,data/imagenet.npz,128,100,cpu,cpu,1,1,3.230235,4.165657,0.023645
783,data/imagenet.npz,128,100,cpu,cpu,1,1,3.311707,4.176714,0.022559
784,data/imagenet.npz,128,100,cpu,cpu,1,1,3.235407,4.256800,0.023058
785,data/imagenet.npz,128,100,cpu,cpu,1,1,3.311896,4.118490,0.024043
786,data/imagenet.npz,128,100,cpu,cpu,1,1,3.329395,4.102910,0.023733
787,data/imagenet.npz,128,100,cpu,cpu,1,1,3.218827,4.114699,0.023639
788,data/imagenet.npz,128,100,cpu,cpu,1,1,3.182016,4.297748,0.024092
789,data/imagenet.npz,128,100,cpu,cpu,1,1,3.338514,4.431875,0.023616
790,data/imagenet.npz,128,100,cpu,cpu,1,1,3.251230,4.275336,0.023373
791,data/imagenet.npz,128,100,cpu,cpu,1,1,3.308936,4.170803,0.023416
792,data/imagenet.npz,128,100,cpu,cpu,1,1,3.246574,4.269209,0.023285
793,data/imagenet.npz,128,100,cpu,cpu,1,1,3.262750,4.135803,0.023518
794,data/imagenet.npz,128,100,cpu,cpu,1,1,3.311694,4.224839,0.023408
795,data/imagenet.npz,128,100,cpu,cpu,1,1,3.267558,4.373338,0.023367
796,data/imagenet.npz,128,100,cpu,cpu,1,1,3.280957,4.257863,0.023760
797,data/imagenet.npz,128,100,cpu,cpu,1,1,3.297810,4.664659,0.023480
798,data/imagenet.npz,128,100,cpu,cpu,1,1,3.300190,4.295265,0.024709
799,data/imagenet.npz,128,100,cpu,cpu,1,1,3.259413,4.179840,0.026247
800,data/imagenet.npz,128,100,cpu,cpu,1,1,3.322302,4.268305,0.023559
801,data/imagenet.npz,128,100,cpu,cpu,1,1,3.322377,4.208916,0.023273
802,data/imagenet.npz,128,100,cpu,cpu,1,1,3.001846,4.412666,0.023570
803,data/imagenet.npz,128,100,cpu,cpu,1,1,2.954638,4.611427,0.023506
804,data/imagenet.npz,128,100,cpu,cpu,1,1,2.998224,4.340350,0.023386
805,data/imagenet.npz,128,100,cpu,cpu,1,1,2.910039,4.268807,0.025106
806,data/imagenet.npz,128,100,cpu,cpu,1,1,2.935575,4.514363,0.023551
807,data/imagenet.npz,128,100,cpu,cpu,1,1,2.960343,4.442553,0.022884
808,data/imagenet.npz,128,100,cpu,cpu,1,1,2.917403,4.334787,0.023212
809,data/imagenet.npz,128,100,cpu,cpu,1,1,2.941207,4.245190,0.023427
810,data/imagenet.npz,128,100,cpu,cpu,1,1,2.969746,4.299520,0.022979
811,data/imagenet.npz,128,100,cpu,cpu,1,1,3.065948,4.476267,0.023315
812,data/imagenet.npz,128,100,cpu,cpu,1,1,3.054081,4.355301,0.023320
813,data/imagenet.npz,128,100,cpu,cpu,1,1,3.108001,4.589856,0.023413
814,data/imagenet.npz,128,100,cpu,cpu,1,1,3.119583,4.366485,0.023306
815,data/imagenet.npz,128,100,cpu,cpu,1,1,3.226168,4.609949,0.023707
816,data/imagenet.npz,128,100,cpu,cpu,1,1,3.290413,4.203082,0.023396
817,data/imagenet.npz,128,100,cpu,cpu,1,1,3.068345,4.171330,0.023907
818,data/imagenet.npz,128,100,cpu,cpu,1,1,3.218928,4.327739,0.023861
819,data/imagenet.npz,128,100,cpu,cpu,1,1,3.110484,4.335208,0.023851
820,data/imagenet.npz,128,100,cpu,cpu,1,1,3.136942,4.305010,0.023960
821,data/imagenet.npz,128,100,cpu,cpu,1,1,3.329480,4.205133,0.023230
822,data/imagenet.npz,128,100,cpu,cpu,1,1,3.152139,4.877060,0.023674
823,data/imagenet.npz,128,100,cpu,cpu,1,1,2.936840,4.287560,0.023392
824,data/imagenet.npz,128,100,cpu,cpu,1,1,2.945552,4.405288,0.023580
825,data/imagenet.npz,128,100,cpu,cpu,1,1,3.048831,4.280100,0.025312
826,data/imagenet.npz,128,100,cpu,cpu,1,1,3.039664,4.340777,0.024260
827,data/imagenet.npz,128,100,cpu,cpu,1,1,3.122697,4.381836,0.023265
828,data/imagenet.npz,128,100,cpu,cpu,1,1,3.009894,4.551860,0.023270
829,data/imagenet.npz,128,100,cpu,cpu,1,1,2.978782,4.418891,0.023450
830,data/imagenet.npz,128,100,cpu,cpu,1,1,3.008315,4.291035,0.023328
831,data/imagenet.npz,128,100,cpu,cpu,1,1,3.170758,4.266805,0.023933
832,data/imagenet.npz,128,100,cpu,cpu,1,1,3.035076,4.477456,0.024406
833,data/imagenet.npz,128,100,cpu,cpu,1,1,3.097167,4.317424,0.023489
834,data/imagenet.npz,128,100,cpu,cpu,1,1,3.143487,4.191072,0.023426
835,data/imagenet.npz,128,100,cpu,cpu,1,1,3.354997,4.310699,0.023232
836,data/imagenet.npz,128,100,cpu,cpu,1,1,3.263303,4.292005,0.023763
837,data/imagenet.npz,128,100,cpu,cpu,1,1,3.277815,4.267368,0.024004
838,data/imagenet.npz,128,100,cpu,cpu,1,1,2.987959,4.829628,0.023762
839,data/imagenet.npz,128,100,cpu,cpu,1,1,2.986951,4.244068,0.023769
840,data/imagenet.npz,128,100,cpu,cpu,1,1,3.261983,4.298228,0.023272
841,data/imagenet.npz,128,100,cpu,cpu,1,1,3.308644,4.357047,0.023666
842,data/imagenet.npz,128,100,cpu,cpu,1,1,3.226539,4.282513,0.023241
843,data/imagenet.npz,128,100,cpu,cpu,1,1,3.300673,4.367642,0.022982
844,data/imagenet.npz,128,100,cpu,cpu,1,1,3.347891,4.479226,0.023396
845,data/imagenet.npz,128,100,cpu,cpu,1,1,3.247424,4.220984,0.023994
846,data/imagenet.npz,128,100,cpu,cpu,1,1,3.241833,4.369636,0.022935
847,data/imagenet.npz,128,100,cpu,cpu,1,1,3.274976,4.362227,0.023333
848,data/imagenet.npz,128,100,cpu,cpu,1,1,3.295258,4.411676,0.023460
849,data/imagenet.npz,128,100,cpu,cpu,1,1,3.310850,4.250132,0.024662
850,data/imagenet.npz,128,100,cpu,cpu,1,1,3.242698,4.217498,0.023420
851,data/imagenet.npz,128,100,cpu,cpu,1,1,3.445379,4.536066,0.023162
852,data/imagenet.npz,128,100,cpu,cpu,1,1,3.236564,4.321241,0.023206
853,data/imagenet.npz,128,100,cpu,cpu,1,1,3.266551,4.224952,0.023654
854,data/imagenet.npz,128,100,cpu,cpu,1,1,3.300038,4.309649,0.023454
855,data/imagenet.npz,128,100,cpu,cpu,1,1,3.256726,4.247445,0.023505
856,data/imagenet.npz,128,100,cpu,cpu,1,1,3.231086,4.263517,0.023572
857,data/imagenet.npz,128,100,cpu,cpu,1,1,3.231213,4.276681,0.023320
858,data/imagenet.npz,128,100,cpu,cpu,1,1,3.172437,4.698236,0.023452
859,data/imagenet.npz,128,100,cpu,cpu,1,1,3.157927,4.397729,0.023251
860,data/imagenet.npz,128,100,cpu,cpu,1,1,3.161131,4.238487,0.023666
861,data/imagenet.npz,128,100,cpu,cpu,1,1,3.133848,4.280469,0.023270
862,data/imagenet.npz,128,100,cpu,cpu,1,1,2.998217,4.328799,0.023644
863,data/imagenet.npz,128,100,cpu,cpu,1,1,3.157766,4.299034,0.023511
864,data/imagenet.npz,128,100,cpu,cpu,1,1,2.917679,4.296630,0.023676
865,data/imagenet.npz,128,100,cpu,cpu,1,1,2.921048,4.560409,0.023110
866,data/imagenet.npz,128,100,cpu,cpu,1,1,2.919105,4.287341,0.023475
867,data/imagenet.npz,128,100,cpu,cpu,1,1,2.945609,4.290220,0.023214
868,data/imagenet.npz,128,100,cpu,cpu,1,1,2.956265,4.258093,0.023266
869,data/imagenet.npz,128,100,cpu,cpu,1,1,2.924057,4.381001,0.023008
870,data/imagenet.npz,128,100,cpu,cpu,1,1,2.885585,4.272328,0.023380
871,data/imagenet.npz,128,100,cpu,cpu,1,1,2.940423,4.222666,0.022951
872,data/imagenet.npz,128,100,cpu,cpu,1,1,3.041529,4.277204,0.022970
873,data/imagenet.npz,128,100,cpu,cpu,1,1,3.116680,4.600537,0.023447
874,data/imagenet.npz,128,100,cpu,cpu,1,1,3.206230,4.327277,0.022927
875,data/imagenet.npz,128,100,cpu,cpu,1,1,3.075547,4.303808,0.022709
876,data/imagenet.npz,128,100,cpu,cpu,1,1,3.338961,4.183196,0.023276
877,data/imagenet.npz,128,100,cpu,cpu,1,1,3.160666,4.023050,0.023316
878,data/imagenet.npz,128,100,cpu,cpu,1,1,3.220652,4.331082,0.022779
879,data/imagenet.npz,128,100,cpu,cpu,1,1,3.006579,4.079713,0.023519
880,data/imagenet.npz,128,100,cpu,cpu,1,1,3.148233,4.252664,0.023557
881,data/imagenet.npz,128,100,cpu,cpu,1,1,3.105361,4.405704,0.023307
882,data/imagenet.npz,128,100,cpu,cpu,1,1,3.117618,4.369009,0.023176
883,data/imagenet.npz,128,100,cpu,cpu,1,1,3.009559,4.205524,0.022539
884,data/imagenet.npz,128,100,cpu,cpu,1,1,3.060990,4.327774,0.022987
885,data/imagenet.npz,128,100,cpu,cpu,1,1,3.261291,4.249375,0.023233
886,data/imagenet.npz,128,100,cpu,cpu,1,1,3.185098,4.276603,0.023370
887,data/imagenet.npz,128,100,cpu,cpu,1,1,3.146105,4.138924,0.024398
888,data/imagenet.npz,128,100,cpu,cpu,1,1,3.133614,4.281473,0.022989
889,data/imagenet.npz,128,100,cpu,cpu,1,1,2.899206,4.268222,0.023290
890,data/imagenet.npz,128,100,cpu,cpu,1,1,2.963616,4.272632,0.023362
891,data/imagenet.npz,128,100,cpu,cpu,1,1,3.103435,4.267275,0.022489
892,data/imagenet.npz,128,100,cpu,cpu,1,1,3.001138,4.365033,0.023172
893,data/imagenet.npz,128,100,cpu,cpu,1,1,3.132984,4.446405,0.023063
894,data/imagenet.npz,128,100,cpu,cpu,1,1,3.132387,4.109643,0.022607
895,data/imagenet.npz,128,100,cpu,cpu,1,1,3.198630,4.564465,0.023632
896,data/imagenet.npz,128,100,cpu,cpu,1,1,3.224193,4.161933,0.025699
897,data/imagenet.npz,128,100,cpu,cpu,1,1,3.263145,4.115385,0.023185
898,data/imagenet.npz,128,100,cpu,cpu,1,1,3.131605,4.719239,0.023438
899,data/imagenet.npz,128,100,cpu,cpu,1,1,2.932647,4.267431,0.022873
900,data/imagenet.npz,128,100,cpu,cpu,1,1,2.932097,4.380522,0.027196
901,data/imagenet.npz,128,100,cpu,cpu,1,1,3.101389,4.788907,0.023493
902,data/imagenet.npz,128,100,cpu,cpu,1,1,3.046441,4.553866,0.022933
903,data/imagenet.npz,128,100,cpu,cpu,1,1,3.105630,4.262980,0.023487
904,data/imagenet.npz,128,100,cpu,cpu,1,1,3.214888,4.156913,0.023724
905,data/imagenet.npz,128,100,cpu,cpu,1,1,3.239845,4.378138,0.023362
906,data/imagenet.npz,128,100,cpu,cpu,1,1,3.202047,4.601544,0.023321
907,data/imagenet.npz,128,100,cpu,cpu,1,1,3.177366,4.850876,0.023277
908,data/imagenet.npz,128,100,cpu,cpu,1,1,3.214027,4.307842,0.023303
909,data/imagenet.npz,128,100,cpu,cpu,1,1,3.247996,4.368739,0.024402
910,data/imagenet.npz,128,100,cpu,cpu,1,1,3.353934,4.789534,0.023027
911,data/imagenet.npz,128,100,cpu,cpu,1,1,3.224397,4.350336,0.025442
912,data/imagenet.npz,128,100,cpu,cpu,1,1,3.142050,4.530684,0.023478
913,data/imagenet.npz,128,100,cpu,cpu,1,1,3.355230,4.599261,0.022929
914,data/imagenet.npz,128,100,cpu,cpu,1,1,3.014073,4.340233,0.022855
915,data/imagenet.npz,128,100,cpu,cpu,1,1,2.872163,4.326589,0.022952
916,data/imagenet.npz,128,100,cpu,cpu,1,1,2.921689,4.617982,0.023598
917,data/imagenet.npz,128,100,cpu,cpu,1,1,2.907132,4.281793,0.023679
918,data/imagenet.npz,128,100,cpu,cpu,1,1,2.943395,4.477691,0.023988
919,data/imagenet.npz,128,100,cpu,cpu,1,1,2.950383,4.151231,0.023255
920,data/imagenet.npz,128,100,cpu,cpu,1,1,2.944538,4.264787,0.023404
921,data/imagenet.npz,128,100,cpu,cpu,1,1,3.016798,4.257378,0.023039
922,data/imagenet.npz,128,100,cpu,cpu,1,1,3.070400,4.306774,0.023165
923,data/imagenet.npz,128,100,cpu,cpu,1,1,3.099173,4.395800,0.023395
924,data/imagenet.npz,128,100,cpu,cpu,1,1,2.965454,4.341167,0.023214
925,data/imagenet.npz,128,100,cpu,cpu,1,1,2.962725,4.189308,0.024183
926,data/imagenet.npz,128,100,cpu,cpu,1,1,2.986885,4.224485,0.023683
927,data/imagenet.npz,128,100,cpu,cpu,1,1,3.058598,4.369375,0.022977
928,data/imagenet.npz,128,100,cpu,cpu,1,1,3.250974,4.246351,0.024197
929,data/imagenet.npz,128,100,cpu,cpu,1,1,3.305793,4.296487,0.023642
930,data/imagenet.npz,128,100,cpu,cpu,1,1,3.237757,4.256222,0.023341
931,data/imagenet.npz,128,100,cpu,cpu,1,1,3.258635,4.343318,0.023685
932,data/imagenet.npz,128,100,cpu,cpu,1,1,3.157421,4.766559,0.023349
933,data/imagenet.npz,128,100,cpu,cpu,1,1,3.200849,4.246867,0.023020
934,data/imagenet.npz,128,100,cpu,cpu,1,1,3.197554,4.518010,0.023510
935,data/imagenet.npz,128,100,cpu,cpu,1,1,3.280584,4.632759,0.023412
936,data/imagenet.npz,128,100,cpu,cpu,1,1,3.212483,4.272983,0.023147
937,data/imagenet.npz,128,100,cpu,cpu,1,1,3.169494,4.742933,0.023203
938,data/imagenet.npz,128,100,cpu,cpu,1,1,3.265771,4.238591,0.023174
939,data/imagenet.npz,128,100,cpu,cpu,1,1,2.900188,4.278708,0.022705
940,data/imagenet.npz,128,100,cpu,cpu,1,1,2.982613,4.082120,0.022940
941,data/imagenet.npz,128,100,cpu,cpu,1,1,3.229687,4.327815,0.022977
942,data/imagenet.npz,128,100,cpu,cpu,1,1,3.120320,4.271232,0.022773
943,data/imagenet.npz,128,100,cpu,cpu,1,1,3.319001,4.243575,0.022872
944,data/imagenet.npz,128,100,cpu,cpu,1,1,3.195306,4.289702,0.022473
945,data/imagenet.npz,128,100,cpu,cpu,1,1,3.161543,4.137619,0.022935
946,data/imagenet.npz,128,100,cpu,cpu,1,1,3.132084,4.308238,0.022815
947,data/imagenet.npz,128,100,cpu,cpu,1,1,3.177752,4.306702,0.021820
948,data/imagenet.npz,128,100,cpu,cpu,1,1,3.188544,4.191046,0.022922
949,data/imagenet.npz,128,100,cpu,cpu,1,1,3.137080,4.212060,0.022254
950,data/imagenet.npz,128,100,cpu,cpu,1,1,3.152873,4.588926,0.023864
951,data/imagenet.npz,128,100,cpu,cpu,1,1,3.160836,4.302254,0.022840
952,data/imagenet.npz,128,100,cpu,cpu,1,1,3.177882,4.166955,0.022526
953,data/imagenet.npz,128,100,cpu,cpu,1,1,3.202597,4.338747,0.022881
954,data/imagenet.npz,128,100,cpu,cpu,1,1,2.939826,4.270717,0.022662
955,data/imagenet.npz,128,100,cpu,cpu,1,1,2.862283,4.250298,0.023395
956,data/imagenet.npz,128,100,cpu,cpu,1,1,2.961862,4.297456,0.022945
957,data/imagenet.npz,128,100,cpu,cpu,1,1,2.883116,4.618222,0.023625
958,data/imagenet.npz,128,100,cpu,cpu,1,1,2.914567,4.433656,0.023345
959,data/imagenet.npz,128,100,cpu,cpu,1,1,2.943000,4.333978,0.022517
960,data/imagenet.npz,128,100,cpu,cpu,1,1,3.214207,4.468005,0.023142
961,data/imagenet.npz,128,100,cpu,cpu,1,1,3.141083,4.434542,0.023057
962,data/imagenet.npz,128,100,cpu,cpu,1,1,3.134639,4.360626,0.023164
963,data/imagenet.npz,128,100,cpu,cpu,1,1,3.063427,4.299814,0.024049
964,data/imagenet.npz,128,100,cpu,cpu,1,1,2.940293,4.339404,0.022980
965,data/imagenet.npz,128,100,cpu,cpu,1,1,3.039657,4.345329,0.022700
966,data/imagenet.npz,128,100,cpu,cpu,1,1,3.127106,4.907678,0.022532
967,data/imagenet.npz,128,100,cpu,cpu,1,1,3.195133,4.084248,0.022888
968,data/imagenet.npz,128,100,cpu,cpu,1,1,3.038126,4.204860,0.023058
969,data/imagenet.npz,128,100,cpu,cpu,1,1,3.103425,4.128659,0.025578
970,data/imagenet.npz,128,100,cpu,cpu,1,1,2.899498,4.926035,0.024579
971,data/imagenet.npz,128,100,cpu,cpu,1,1,3.077368,4.118259,0.024201
972,data/imagenet.npz,128,100,cpu,cpu,1,1,3.050399,4.237857,0.023118
973,data/imagenet.npz,128,100,cpu,cpu,1,1,2.960684,4.468908,0.023487
974,data/imagenet.npz,128,100,cpu,cpu,1,1,2.953420,4.211469,0.022751
975,data/imagenet.npz,128,100,cpu,cpu,1,1,3.097393,4.089721,0.023229
976,data/imagenet.npz,128,100,cpu,cpu,1,1,2.955945,4.592694,0.023089
977,data/imagenet.npz,128,100,cpu,cpu,1,1,2.927534,4.277011,0.022948
978,data/imagenet.npz,128,100,cpu,cpu,1,1,2.873838,4.456686,0.023575
979,data/imagenet.npz,128,100,cpu,cpu,1,1,2.905222,4.335985,0.023148
980,data/imagenet.npz,128,100,cpu,cpu,1,1,2.942618,4.289147,0.022949
981,data/imagenet.npz,128,100,cpu,cpu,1,1,2.918564,4.465884,0.022803
982,data/imagenet.npz,128,100,cpu,cpu,1,1,2.985498,4.228404,0.023608
983,data/imagenet.npz,128,100,cpu,cpu,1,1,2.929268,4.379849,0.024362
984,data/imagenet.npz,128,100,cpu,cpu,1,1,3.134695,4.205325,0.023214
985,data/imagenet.npz,128,100,cpu,cpu,1,1,3.054467,4.159663,0.022889
986,data/imagenet.npz,128,100,cpu,cpu,1,1,2.861426,4.459947,0.022124
987,data/imagenet.npz,128,100,cpu,cpu,1,1,2.866885,4.355168,0.022777
988,data/imagenet.npz,128,100,cpu,cpu,1,1,3.024247,4.299857,0.022831
989,data/imagenet.npz,128,100,cpu,cpu,1,1,2.923504,4.624451,0.022767
990,data/imagenet.npz,128,100,cpu,cpu,1,1,2.939068,4.254831,0.023047
991,data/imagenet.npz,128,100,cpu,cpu,1,1,2.981059,4.237587,0.023379
992,data/imagenet.npz,128,100,cpu,cpu,1,1,3.074136,4.360185,0.023151
993,data/imagenet.npz,128,100,cpu,cpu,1,1,3.179907,4.428941,0.023636
994,data/imagenet.npz,128,100,cpu,cpu,1,1,3.143718,4.161708,0.023045
995,data/imagenet.npz,128,100,cpu,cpu,1,1,3.102778,4.261411,0.023407
996,data/imagenet.npz,128,100,cpu,cpu,1,1,3.145693,4.440687,0.022371
997,data/imagenet.npz,128,100,cpu,cpu,1,1,3.267633,4.511875,0.023091
998,data/imagenet.npz,128,100,cpu,cpu,1,1,2.898430,4.332538,0.023274
999,data/imagenet.npz,128,100,cpu,cpu,1,1,3.025071,4.242473,0.022483
