image_index,data_path,num_directions,num_timesteps,device_requested,device_used,batch_size,num_cores,complex_construction_time,computation_time,vectorization_time
0,data/imagenet.npz,64,1000,cpu,cpu,1,1,2.233867,3.790504,0.064499
1,data/imagenet.npz,64,1000,cpu,cpu,1,1,2.154277,3.656415,0.062893
2,data/imagenet.npz,64,1000,cpu,cpu,1,1,2.065915,3.487893,0.061552
3,data/imagenet.npz,64,1000,cpu,cpu,1,1,2.021630,3.452476,0.062864
4,data/imagenet.npz,64,1000,cpu,cpu,1,1,2.215594,3.540693,0.061477
5,data/imagenet.npz,64,1000,cpu,cpu,1,1,2.148730,3.643346,0.064969
6,data/imagenet.npz,64,1000,cpu,cpu,1,1,2.123968,3.515175,0.062788
7,data/imagenet.npz,64,1000,cpu,cpu,1,1,2.126441,3.423862,0.061838
8,data/imagenet.npz,64,1000,cpu,cpu,1,1,2.171852,3.370498,0.061903
9,data/imagenet.npz,64,1000,cpu,cpu,1,1,2.153004,3.371201,0.063885
10,data/imagenet.npz,64,1000,cpu,cpu,1,1,2.145227,3.731642,0.062364
11,data/imagenet.npz,64,1000,cpu,cpu,1,1,2.158660,3.439799,0.177211
12,data/imagenet.npz,64,1000,cpu,cpu,1,1,2.174517,3.449878,0.062427
13,data/imagenet.npz,64,1000,cpu,cpu,1,1,2.092321,3.404927,0.062610
14,data/imagenet.npz,64,1000,cpu,cpu,1,1,2.210830,3.481505,0.061933
15,data/imagenet.npz,64,1000,cpu,cpu,1,1,2.202875,3.585425,0.062058
16,data/imagenet.npz,64,1000,cpu,cpu,1,1,2.251568,3.443353,0.062528
17,data/imagenet.npz,64,1000,cpu,cpu,1,1,2.196633,3.609953,0.063926
18,data/imagenet.npz,64,1000,cpu,cpu,1,1,2.235707,3.726692,0.063080
19,data/imagenet.npz,64,1000,cpu,cpu,1,1,2.217865,3.504927,0.061697
20,data/imagenet.npz,64,1000,cpu,cpu,1,1,2.216163,3.941049,0.062635
21,data/imagenet.npz,64,1000,cpu,cpu,1,1,2.326279,3.643047,0.062589
22,data/imagenet.npz,64,1000,cpu,cpu,1,1,2.167912,3.521989,0.061766
23,data/imagenet.npz,64,1000,cpu,cpu,1,1,1.964190,3.572258,0.062685
24,data/imagenet.npz,64,1000,cpu,cpu,1,1,2.021098,3.340289,0.062288
25,data/imagenet.npz,64,1000,cpu,cpu,1,1,1.938424,3.548245,0.063487
26,data/imagenet.npz,64,1000,cpu,cpu,1,1,1.949550,3.595664,0.062475
27,data/imagenet.npz,64,1000,cpu,cpu,1,1,2.017507,3.969427,0.062901
28,data/imagenet.npz,64,1000,cpu,cpu,1,1,1.955693,3.350210,0.062543
29,data/imagenet.npz,64,1000,cpu,cpu,1,1,2.064423,3.485663,0.062441
30,data/imagenet.npz,64,1000,cpu,cpu,1,1,1.979481,3.361093,0.178343
31,data/imagenet.npz,64,1000,cpu,cpu,1,1,1.949953,3.533656,0.062365
32,data/imagenet.npz,64,1000,cpu,cpu,1,1,1.978182,3.468458,0.062164
33,data/imagenet.npz,64,1000,cpu,cpu,1,1,2.041145,3.839187,0.062018
34,data/imagenet.npz,64,1000,cpu,cpu,1,1,2.025768,3.496720,0.062654
35,data/imagenet.npz,64,1000,cpu,cpu,1,1,2.063797,3.300197,0.064393
36,data/imagenet.npz,64,1000,cpu,cpu,1,1,2.093274,3.532619,0.061392
37,data/imagenet.npz,64,1000,cpu,cpu,1,1,1.982094,3.571039,0.062248
38,data/imagenet.npz,64,1000,cpu,cpu,1,1,2.024884,3.344842,0.062521
39,data/imagenet.npz,64,1000,cpu,cpu,1,1,1.990379,3.623932,0.062198
40,data/imagenet.npz,64,1000,cpu,cpu,1,1,2.043014,3.720005,0.067200
41,data/imagenet.npz,64,1000,cpu,cpu,1,1,1.952089,3.467322,0.061782
42,data/imagenet.npz,64,1000,cpu,cpu,1,1,2.087374,3.667766,0.062073
43,data/imagenet.npz,64,1000,cpu,cpu,1,1,2.057202,3.393394,0.062282
44,data/imagenet.npz,64,1000,cpu,cpu,1,1,2.001236,3.403933,0.062463
45,data/imagenet.npz,64,1000,cpu,cpu,1,1,2.110138,3.419637,0.064236
46,data/imagenet.npz,64,1000,cpu,cpu,1,1,2.152710,4.132131,0.062245
47,data/imagenet.npz,64,1000,cpu,cpu,1,1,2.179253,4.035408,0.064496
48,data/imagenet.npz,64,1000,cpu,cpu,1,1,2.151630,3.577251,0.199504
49,data/imagenet.npz,64,1000,cpu,cpu,1,1,2.067946,3.613473,0.063315
50,data/imagenet.npz,64,1000,cpu,cpu,1,1,1.982441,3.456323,0.063555
51,data/imagenet.npz,64,1000,cpu,cpu,1,1,1.973085,3.333568,0.062122
52,data/imagenet.npz,64,1000,cpu,cpu,1,1,1.981100,3.426836,0.061724
53,data/imagenet.npz,64,1000,cpu,cpu,1,1,2.004293,4.624153,0.062154
54,data/imagenet.npz,64,1000,cpu,cpu,1,1,2.012453,3.486391,0.062060
55,data/imagenet.npz,64,1000,cpu,cpu,1,1,2.094041,3.453223,0.062250
56,data/imagenet.npz,64,1000,cpu,cpu,1,1,2.082374,3.432438,0.066372
57,data/imagenet.npz,64,1000,cpu,cpu,1,1,2.109855,3.437160,0.062257
58,data/imagenet.npz,64,1000,cpu,cpu,1,1,2.117313,3.763261,0.062558
59,data/imagenet.npz,64,1000,cpu,cpu,1,1,2.112413,3.685488,0.062445
60,data/imagenet.npz,64,1000,cpu,cpu,1,1,2.050600,3.577355,0.061909
61,data/imagenet.npz,64,1000,cpu,cpu,1,1,2.039012,3.544967,0.062634
62,data/imagenet.npz,64,1000,cpu,cpu,1,1,2.100903,3.437980,0.062538
63,data/imagenet.npz,64,1000,cpu,cpu,1,1,2.221854,3.519873,0.062785
64,data/imagenet.npz,64,1000,cpu,cpu,1,1,2.148038,3.406244,0.062443
65,data/imagenet.npz,64,1000,cpu,cpu,1,1,2.102672,3.492361,0.061714
66,data/imagenet.npz,64,1000,cpu,cpu,1,1,2.173340,3.551734,0.205750
67,data/imagenet.npz,64,1000,cpu,cpu,1,1,2.185031,3.900059,0.061758
68,data/imagenet.npz,64,1000,cpu,cpu,1,1,2.244101,4.004053,0.062381
69,data/imagenet.npz,64,1000,cpu,cpu,1,1,2.232268,3.714380,0.062201
70,data/imagenet.npz,64,1000,cpu,cpu,1,1,2.139137,3.409991,0.064954
71,data/imagenet.npz,64,1000,cpu,cpu,1,1,2.142872,3.500581,0.062159
72,data/imagenet.npz,64,1000,cpu,cpu,1,1,2.215827,3.889742,0.061953
73,data/imagenet.npz,64,1000,cpu,cpu,1,1,2.204478,3.633468,0.065203
74,data/imagenet.npz,64,1000,cpu,cpu,1,1,2.188291,3.450917,0.061420
75,data/imagenet.npz,64,1000,cpu,cpu,1,1,2.179238,3.625568,0.063050
76,data/imagenet.npz,64,1000,cpu,cpu,1,1,2.172365,3.546581,0.061866
77,data/imagenet.npz,64,1000,cpu,cpu,1,1,2.149333,3.641524,0.062151
78,data/imagenet.npz,64,1000,cpu,cpu,1,1,2.102400,3.411400,0.062068
79,data/imagenet.npz,64,1000,cpu,cpu,1,1,2.163661,3.434030,0.062608
80,data/imagenet.npz,64,1000,cpu,cpu,1,1,2.160304,3.588863,0.064216
81,data/imagenet.npz,64,1000,cpu,cpu,1,1,2.164211,3.538457,0.062701
82,data/imagenet.npz,64,1000,cpu,cpu,1,1,2.187046,3.566941,0.062060
83,data/imagenet.npz,64,1000,cpu,cpu,1,1,2.211836,3.477283,0.065396
84,data/imagenet.npz,64,1000,cpu,cpu,1,1,2.242866,3.714386,0.065093
85,data/imagenet.npz,64,1000,cpu,cpu,1,1,2.191933,3.504480,0.180843
86,data/imagenet.npz,64,1000,cpu,cpu,1,1,2.222577,3.611672,0.062803
87,data/imagenet.npz,64,1000,cpu,cpu,1,1,2.229644,4.557999,0.062373
88,data/imagenet.npz,64,1000,cpu,cpu,1,1,2.195887,3.465319,0.061943
89,data/imagenet.npz,64,1000,cpu,cpu,1,1,2.223344,3.408923,0.062227
90,data/imagenet.npz,64,1000,cpu,cpu,1,1,2.208001,3.562245,0.062452
91,data/imagenet.npz,64,1000,cpu,cpu,1,1,2.180100,3.596674,0.065999
92,data/imagenet.npz,64,1000,cpu,cpu,1,1,2.240157,3.551578,0.062464
93,data/imagenet.npz,64,1000,cpu,cpu,1,1,2.161591,3.743972,0.062290
94,data/imagenet.npz,64,1000,cpu,cpu,1,1,2.181952,3.472751,0.061462
95,data/imagenet.npz,64,1000,cpu,cpu,1,1,2.143386,3.566290,0.062687
96,data/imagenet.npz,64,1000,cpu,cpu,1,1,2.200679,3.510622,0.062286
97,data/imagenet.npz,64,1000,cpu,cpu,1,1,2.211773,3.503732,0.061640
98,data/imagenet.npz,64,1000,cpu,cpu,1,1,2.140111,3.583145,0.061980
99,data/imagenet.npz,64,1000,cpu,cpu,1,1,2.282829,3.445895,0.061773
100,data/imagenet.npz,64,1000,cpu,cpu,1,1,2.153039,3.515450,0.069021
101,data/imagenet.npz,64,1000,cpu,cpu,1,1,2.245203,4.073176,0.062472
102,data/imagenet.npz,64,1000,cpu,cpu,1,1,2.192115,3.591466,0.061701
103,data/imagenet.npz,64,1000,cpu,cpu,1,1,2.124170,3.627180,0.191917
104,data/imagenet.npz,64,1000,cpu,cpu,1,1,2.122340,3.866475,0.062553
105,data/imagenet.npz,64,1000,cpu,cpu,1,1,2.111840,3.454438,0.061873
106,data/imagenet.npz,64,1000,cpu,cpu,1,1,2.149238,3.423880,0.062195
107,data/imagenet.npz,64,1000,cpu,cpu,1,1,2.163406,3.502247,0.061845
108,data/imagenet.npz,64,1000,cpu,cpu,1,1,2.191723,3.551636,0.065221
109,data/imagenet.npz,64,1000,cpu,cpu,1,1,2.127653,3.425448,0.062014
110,data/imagenet.npz,64,1000,cpu,cpu,1,1,2.199283,3.548318,0.064283
111,data/imagenet.npz,64,1000,cpu,cpu,1,1,2.190898,3.467450,0.061849
112,data/imagenet.npz,64,1000,cpu,cpu,1,1,2.193085,3.532334,0.061349
113,data/imagenet.npz,64,1000,cpu,cpu,1,1,2.189528,3.499977,0.062872
114,data/imagenet.npz,64,1000,cpu,cpu,1,1,2.208279,3.605385,0.061884
115,data/imagenet.npz,64,1000,cpu,cpu,1,1,2.226131,3.455370,0.063116
116,data/imagenet.npz,64,1000,cpu,cpu,1,1,2.116923,3.673214,0.061549
117,data/imagenet.npz,64,1000,cpu,cpu,1,1,2.125703,3.536930,0.062767
118,data/imagenet.npz,64,1000,cpu,cpu,1,1,2.164252,3.485326,0.061700
119,data/imagenet.npz,64,1000,cpu,cpu,1,1,2.224988,3.394596,0.063722
120,data/imagenet.npz,64,1000,cpu,cpu,1,1,2.229856,3.846348,0.064636
121,data/imagenet.npz,64,1000,cpu,cpu,1,1,2.272737,3.502160,0.188941
122,data/imagenet.npz,64,1000,cpu,cpu,1,1,2.174396,3.432721,0.062022
123,data/imagenet.npz,64,1000,cpu,cpu,1,1,2.178068,3.746431,0.062387
124,data/imagenet.npz,64,1000,cpu,cpu,1,1,2.195671,3.547717,0.062122
125,data/imagenet.npz,64,1000,cpu,cpu,1,1,2.245325,3.789236,0.061499
126,data/imagenet.npz,64,1000,cpu,cpu,1,1,2.211258,3.604206,0.063729
127,data/imagenet.npz,64,1000,cpu,cpu,1,1,2.182308,3.583500,0.062796
128,data/imagenet.npz,64,1000,cpu,cpu,1,1,2.191558,3.438872,0.061919
129,data/imagenet.npz,64,1000,cpu,cpu,1,1,2.237024,3.743102,0.061840
130,data/imagenet.npz,64,1000,cpu,cpu,1,1,2.163860,3.485828,0.061147
131,data/imagenet.npz,64,1000,cpu,cpu,1,1,2.168883,3.483890,0.061573
132,data/imagenet.npz,64,1000,cpu,cpu,1,1,2.202354,3.766216,0.061526
133,data/imagenet.npz,64,1000,cpu,cpu,1,1,2.083605,3.494452,0.062326
134,data/imagenet.npz,64,1000,cpu,cpu,1,1,2.093492,3.778881,0.061963
135,data/imagenet.npz,64,1000,cpu,cpu,1,1,2.074147,3.394317,0.062251
136,data/imagenet.npz,64,1000,cpu,cpu,1,1,1.998469,3.308904,0.063869
137,data/imagenet.npz,64,1000,cpu,cpu,1,1,2.077264,3.958906,0.061687
138,data/imagenet.npz,64,1000,cpu,cpu,1,1,2.072350,3.487322,0.062085
139,data/imagenet.npz,64,1000,cpu,cpu,1,1,2.013136,3.482880,0.062570
140,data/imagenet.npz,64,1000,cpu,cpu,1,1,2.052510,3.513548,0.183266
141,data/imagenet.npz,64,1000,cpu,cpu,1,1,2.195850,3.501877,0.061447
142,data/imagenet.npz,64,1000,cpu,cpu,1,1,1.971115,3.365822,0.063826
143,data/imagenet.npz,64,1000,cpu,cpu,1,1,2.055057,3.510445,0.061693
144,data/imagenet.npz,64,1000,cpu,cpu,1,1,1.951054,3.449442,0.062372
145,data/imagenet.npz,64,1000,cpu,cpu,1,1,1.964891,3.453847,0.061445
146,data/imagenet.npz,64,1000,cpu,cpu,1,1,1.983889,3.582633,0.062405
147,data/imagenet.npz,64,1000,cpu,cpu,1,1,1.962765,3.382231,0.061306
148,data/imagenet.npz,64,1000,cpu,cpu,1,1,1.954155,3.647694,0.061957
149,data/imagenet.npz,64,1000,cpu,cpu,1,1,1.948056,3.478844,0.062673
150,data/imagenet.npz,64,1000,cpu,cpu,1,1,1.966693,3.452188,0.062227
151,data/imagenet.npz,64,1000,cpu,cpu,1,1,1.973421,3.392443,0.061714
152,data/imagenet.npz,64,1000,cpu,cpu,1,1,1.947148,3.364848,0.061748
153,data/imagenet.npz,64,1000,cpu,cpu,1,1,1.966877,4.804615,0.063683
154,data/imagenet.npz,64,1000,cpu,cpu,1,1,2.011531,3.464736,0.062483
155,data/imagenet.npz,64,1000,cpu,cpu,1,1,1.964462,3.901775,0.061928
156,data/imagenet.npz,64,1000,cpu,cpu,1,1,1.993299,3.513278,0.062387
157,data/imagenet.npz,64,1000,cpu,cpu,1,1,2.123680,3.306411,0.061536
158,data/imagenet.npz,64,1000,cpu,cpu,1,1,2.040233,3.343937,0.183036
159,data/imagenet.npz,64,1000,cpu,cpu,1,1,2.019980,3.406242,0.063267
160,data/imagenet.npz,64,1000,cpu,cpu,1,1,2.001736,3.816519,0.062647
161,data/imagenet.npz,64,1000,cpu,cpu,1,1,2.088452,3.330880,0.065820
162,data/imagenet.npz,64,1000,cpu,cpu,1,1,2.120999,3.372420,0.061550
163,data/imagenet.npz,64,1000,cpu,cpu,1,1,2.120909,3.442572,0.062899
164,data/imagenet.npz,64,1000,cpu,cpu,1,1,2.050271,3.535335,0.063030
165,data/imagenet.npz,64,1000,cpu,cpu,1,1,1.948466,3.773842,0.062267
166,data/imagenet.npz,64,1000,cpu,cpu,1,1,2.043689,3.465180,0.062418
167,data/imagenet.npz,64,1000,cpu,cpu,1,1,1.998764,3.566517,0.061271
168,data/imagenet.npz,64,1000,cpu,cpu,1,1,2.054024,3.423908,0.061605
169,data/imagenet.npz,64,1000,cpu,cpu,1,1,2.055413,3.622900,0.062230
170,data/imagenet.npz,64,1000,cpu,cpu,1,1,2.096832,3.933716,0.062428
171,data/imagenet.npz,64,1000,cpu,cpu,1,1,2.143891,3.478895,0.062891
172,data/imagenet.npz,64,1000,cpu,cpu,1,1,2.015744,3.863800,0.065458
173,data/imagenet.npz,64,1000,cpu,cpu,1,1,2.193005,3.254077,0.062214
174,data/imagenet.npz,64,1000,cpu,cpu,1,1,2.071329,3.419695,0.062498
175,data/imagenet.npz,64,1000,cpu,cpu,1,1,1.995356,3.413233,0.062962
176,data/imagenet.npz,64,1000,cpu,cpu,1,1,1.967693,3.466644,0.179890
177,data/imagenet.npz,64,1000,cpu,cpu,1,1,2.010315,3.857323,0.062316
178,data/imagenet.npz,64,1000,cpu,cpu,1,1,1.971185,3.561323,0.061999
179,data/imagenet.npz,64,1000,cpu,cpu,1,1,2.016332,3.709680,0.062434
180,data/imagenet.npz,64,1000,cpu,cpu,1,1,1.998631,3.434848,0.062103
181,data/imagenet.npz,64,1000,cpu,cpu,1,1,2.015883,3.489297,0.062033
182,data/imagenet.npz,64,1000,cpu,cpu,1,1,2.065504,3.428432,0.062127
183,data/imagenet.npz,64,1000,cpu,cpu,1,1,2.055340,3.386480,0.061553
184,data/imagenet.npz,64,1000,cpu,cpu,1,1,2.040087,3.542632,0.062160
185,data/imagenet.npz,64,1000,cpu,cpu,1,1,2.046434,3.469873,0.062287
186,data/imagenet.npz,64,1000,cpu,cpu,1,1,2.068159,3.471667,0.063288
187,data/imagenet.npz,64,1000,cpu,cpu,1,1,2.119761,3.665637,0.061271
188,data/imagenet.npz,64,1000,cpu,cpu,1,1,2.043399,3.482461,0.062680
189,data/imagenet.npz,64,1000,cpu,cpu,1,1,2.093364,3.482650,0.062243
190,data/imagenet.npz,64,1000,cpu,cpu,1,1,2.025634,3.496059,0.065819
191,data/imagenet.npz,64,1000,cpu,cpu,1,1,2.096271,3.959915,0.062417
192,data/imagenet.npz,64,1000,cpu,cpu,1,1,2.168395,3.535547,0.062312
193,data/imagenet.npz,64,1000,cpu,cpu,1,1,2.103488,3.701561,0.062601
194,data/imagenet.npz,64,1000,cpu,cpu,1,1,2.090898,3.455356,0.062451
195,data/imagenet.npz,64,1000,cpu,cpu,1,1,2.105233,3.562541,0.183152
196,data/imagenet.npz,64,1000,cpu,cpu,1,1,2.133048,3.589919,0.062175
197,data/imagenet.npz,64,1000,cpu,cpu,1,1,2.153142,3.595278,0.062053
198,data/imagenet.npz,64,1000,cpu,cpu,1,1,2.125977,3.391368,0.061019
199,data/imagenet.npz,64,1000,cpu,cpu,1,1,2.091474,3.312651,0.062699
200,data/imagenet.npz,64,1000,cpu,cpu,1,1,2.189769,4.041902,0.061328
201,data/imagenet.npz,64,1000,cpu,cpu,1,1,2.127054,3.423355,0.062773
202,data/imagenet.npz,64,1000,cpu,cpu,1,1,2.077267,3.425072,0.061940
203,data/imagenet.npz,64,1000,cpu,cpu,1,1,2.138262,3.478605,0.061996
204,data/imagenet.npz,64,1000,cpu,cpu,1,1,2.176896,3.436992,0.062026
205,data/imagenet.npz,64,1000,cpu,cpu,1,1,2.149084,3.655712,0.062324
206,data/imagenet.npz,64,1000,cpu,cpu,1,1,2.176532,3.553955,0.062015
207,data/imagenet.npz,64,1000,cpu,cpu,1,1,2.219620,3.385963,0.062370
208,data/imagenet.npz,64,1000,cpu,cpu,1,1,2.206243,3.542057,0.062518
209,data/imagenet.npz,64,1000,cpu,cpu,1,1,2.187949,3.621355,0.061862
210,data/imagenet.npz,64,1000,cpu,cpu,1,1,2.203811,3.627037,0.061271
211,data/imagenet.npz,64,1000,cpu,cpu,1,1,2.140761,3.566961,0.061827
212,data/imagenet.npz,64,1000,cpu,cpu,1,1,2.189907,3.592203,0.062210
213,data/imagenet.npz,64,1000,cpu,cpu,1,1,2.202521,3.540273,0.185258
214,data/imagenet.npz,64,1000,cpu,cpu,1,1,2.182885,3.413253,0.061852
215,data/imagenet.npz,64,1000,cpu,cpu,1,1,2.152054,3.454954,0.062080
216,data/imagenet.npz,64,1000,cpu,cpu,1,1,2.182479,3.439647,0.062222
217,data/imagenet.npz,64,1000,cpu,cpu,1,1,2.193833,3.522788,0.061663
218,data/imagenet.npz,64,1000,cpu,cpu,1,1,2.168484,3.385063,0.061864
219,data/imagenet.npz,64,1000,cpu,cpu,1,1,2.153489,3.770070,0.061721
220,data/imagenet.npz,64,1000,cpu,cpu,1,1,2.226521,3.862899,0.062407
221,data/imagenet.npz,64,1000,cpu,cpu,1,1,2.171556,3.391770,0.061975
222,data/imagenet.npz,64,1000,cpu,cpu,1,1,2.219136,3.741173,0.062132
223,data/imagenet.npz,64,1000,cpu,cpu,1,1,2.143692,3.450713,0.062575
224,data/imagenet.npz,64,1000,cpu,cpu,1,1,2.145526,3.531437,0.061667
225,data/imagenet.npz,64,1000,cpu,cpu,1,1,2.125356,4.122998,0.062107
226,data/imagenet.npz,64,1000,cpu,cpu,1,1,2.202924,3.517351,0.061352
227,data/imagenet.npz,64,1000,cpu,cpu,1,1,2.107697,3.406377,0.062410
228,data/imagenet.npz,64,1000,cpu,cpu,1,1,2.192595,4.189382,0.062546
229,data/imagenet.npz,64,1000,cpu,cpu,1,1,2.223838,3.561484,0.062153
230,data/imagenet.npz,64,1000,cpu,cpu,1,1,2.151282,3.607819,0.063284
231,data/imagenet.npz,64,1000,cpu,cpu,1,1,2.242175,3.509435,0.188422
232,data/imagenet.npz,64,1000,cpu,cpu,1,1,2.199290,3.723510,0.061984
233,data/imagenet.npz,64,1000,cpu,cpu,1,1,2.137853,3.648956,0.062177
234,data/imagenet.npz,64,1000,cpu,cpu,1,1,2.176478,3.457396,0.062160
235,data/imagenet.npz,64,1000,cpu,cpu,1,1,2.203733,3.762200,0.062707
236,data/imagenet.npz,64,1000,cpu,cpu,1,1,2.202611,3.561201,0.062190
237,data/imagenet.npz,64,1000,cpu,cpu,1,1,2.146514,3.735550,0.061756
238,data/imagenet.npz,64,1000,cpu,cpu,1,1,2.127197,3.435862,0.062224
239,data/imagenet.npz,64,1000,cpu,cpu,1,1,2.090291,3.751891,0.062290
240,data/imagenet.npz,64,1000,cpu,cpu,1,1,1.993024,4.198425,0.062700
241,data/imagenet.npz,64,1000,cpu,cpu,1,1,2.116326,3.523739,0.061240
242,data/imagenet.npz,64,1000,cpu,cpu,1,1,2.027012,3.404921,0.062120
243,data/imagenet.npz,64,1000,cpu,cpu,1,1,2.044352,3.407333,0.062318
244,data/imagenet.npz,64,1000,cpu,cpu,1,1,2.042087,3.464036,0.062497
245,data/imagenet.npz,64,1000,cpu,cpu,1,1,2.032904,3.653438,0.062270
246,data/imagenet.npz,64,1000,cpu,cpu,1,1,2.064199,3.470232,0.062136
247,data/imagenet.npz,64,1000,cpu,cpu,1,1,1.954231,3.497137,0.062400
248,data/imagenet.npz,64,1000,cpu,cpu,1,1,1.993207,3.372689,0.065742
249,data/imagenet.npz,64,1000,cpu,cpu,1,1,2.102196,3.522921,0.062033
250,data/imagenet.npz,64,1000,cpu,cpu,1,1,2.151751,3.493936,0.181848
251,data/imagenet.npz,64,1000,cpu,cpu,1,1,2.120621,3.761992,0.063831
252,data/imagenet.npz,64,1000,cpu,cpu,1,1,2.139236,3.458007,0.062491
253,data/imagenet.npz,64,1000,cpu,cpu,1,1,2.020917,3.456684,0.062208
254,data/imagenet.npz,64,1000,cpu,cpu,1,1,2.081665,3.512945,0.062240
255,data/imagenet.npz,64,1000,cpu,cpu,1,1,2.057695,3.439332,0.062269
256,data/imagenet.npz,64,1000,cpu,cpu,1,1,2.050506,3.952698,0.061260
257,data/imagenet.npz,64,1000,cpu,cpu,1,1,2.107291,3.532897,0.066144
258,data/imagenet.npz,64,1000,cpu,cpu,1,1,2.075162,3.308145,0.062167
259,data/imagenet.npz,64,1000,cpu,cpu,1,1,2.026036,3.532289,0.062514
260,data/imagenet.npz,64,1000,cpu,cpu,1,1,2.081193,3.526886,0.064778
261,data/imagenet.npz,64,1000,cpu,cpu,1,1,2.097420,3.856722,0.062220
262,data/imagenet.npz,64,1000,cpu,cpu,1,1,2.137574,3.672659,0.061981
263,data/imagenet.npz,64,1000,cpu,cpu,1,1,2.150092,3.569781,0.061748
264,data/imagenet.npz,64,1000,cpu,cpu,1,1,2.046464,3.374067,0.064906
265,data/imagenet.npz,64,1000,cpu,cpu,1,1,2.151848,3.689690,0.064711
266,data/imagenet.npz,64,1000,cpu,cpu,1,1,2.002533,4.246053,0.062097
267,data/imagenet.npz,64,1000,cpu,cpu,1,1,2.097902,3.496783,0.061416
268,data/imagenet.npz,64,1000,cpu,cpu,1,1,2.110696,3.450926,0.180847
269,data/imagenet.npz,64,1000,cpu,cpu,1,1,2.118967,3.518614,0.061965
270,data/imagenet.npz,64,1000,cpu,cpu,1,1,2.152820,3.571592,0.061879
271,data/imagenet.npz,64,1000,cpu,cpu,1,1,2.090366,3.323540,0.064983
272,data/imagenet.npz,64,1000,cpu,cpu,1,1,2.036098,3.336524,0.061826
273,data/imagenet.npz,64,1000,cpu,cpu,1,1,2.103410,3.771433,0.062153
274,data/imagenet.npz,64,1000,cpu,cpu,1,1,2.107245,3.485585,0.061795
275,data/imagenet.npz,64,1000,cpu,cpu,1,1,2.162905,3.730879,0.062038
276,data/imagenet.npz,64,1000,cpu,cpu,1,1,2.134583,3.283669,0.064013
277,data/imagenet.npz,64,1000,cpu,cpu,1,1,2.041763,3.842587,0.061768
278,data/imagenet.npz,64,1000,cpu,cpu,1,1,2.050836,3.524587,0.062796
279,data/imagenet.npz,64,1000,cpu,cpu,1,1,2.029513,3.404189,0.061879
280,data/imagenet.npz,64,1000,cpu,cpu,1,1,2.056500,3.693471,0.062989
281,data/imagenet.npz,64,1000,cpu,cpu,1,1,2.162207,3.783616,0.062543
282,data/imagenet.npz,64,1000,cpu,cpu,1,1,2.077573,3.401469,0.061626
283,data/imagenet.npz,64,1000,cpu,cpu,1,1,2.090248,3.372625,0.063015
284,data/imagenet.npz,64,1000,cpu,cpu,1,1,2.151936,3.437304,0.061797
285,data/imagenet.npz,64,1000,cpu,cpu,1,1,2.028803,3.509517,0.062141
286,data/imagenet.npz,64,1000,cpu,cpu,1,1,2.162001,3.884248,0.182446
287,data/imagenet.npz,64,1000,cpu,cpu,1,1,2.174751,3.288125,0.063616
288,data/imagenet.npz,64,1000,cpu,cpu,1,1,2.108637,3.576395,0.062001
289,data/imagenet.npz,64,1000,cpu,cpu,1,1,2.083991,3.489928,0.061870
290,data/imagenet.npz,64,1000,cpu,cpu,1,1,2.172118,3.340191,0.061649
291,data/imagenet.npz,64,1000,cpu,cpu,1,1,2.212206,3.583855,0.062682
292,data/imagenet.npz,64,1000,cpu,cpu,1,1,2.144336,3.446242,0.061862
293,data/imagenet.npz,64,1000,cpu,cpu,1,1,2.200679,3.548564,0.068214
294,data/imagenet.npz,64,1000,cpu,cpu,1,1,2.076711,3.753760,0.061550
295,data/imagenet.npz,64,1000,cpu,cpu,1,1,1.964954,4.032771,0.062030
296,data/imagenet.npz,64,1000,cpu,cpu,1,1,2.045697,3.494505,0.061780
297,data/imagenet.npz,64,1000,cpu,cpu,1,1,2.115270,3.680922,0.061853
298,data/imagenet.npz,64,1000,cpu,cpu,1,1,2.133116,3.634201,0.061473
299,data/imagenet.npz,64,1000,cpu,cpu,1,1,2.130623,3.481660,0.061515
300,data/imagenet.npz,64,1000,cpu,cpu,1,1,1.953903,3.407592,0.061889
301,data/imagenet.npz,64,1000,cpu,cpu,1,1,2.115869,3.572624,0.062104
302,data/imagenet.npz,64,1000,cpu,cpu,1,1,2.089012,3.632108,0.064976
303,data/imagenet.npz,64,1000,cpu,cpu,1,1,2.147167,3.460176,0.062719
304,data/imagenet.npz,64,1000,cpu,cpu,1,1,2.173015,3.629937,0.062032
305,data/imagenet.npz,64,1000,cpu,cpu,1,1,2.190850,3.641130,0.181449
306,data/imagenet.npz,64,1000,cpu,cpu,1,1,2.165257,3.269335,0.062617
307,data/imagenet.npz,64,1000,cpu,cpu,1,1,2.128747,3.656796,0.061193
308,data/imagenet.npz,64,1000,cpu,cpu,1,1,2.170577,3.717884,0.062420
309,data/imagenet.npz,64,1000,cpu,cpu,1,1,2.170303,3.887783,0.061779
310,data/imagenet.npz,64,1000,cpu,cpu,1,1,2.171539,3.550572,0.061947
311,data/imagenet.npz,64,1000,cpu,cpu,1,1,2.104243,3.587673,0.061760
312,data/imagenet.npz,64,1000,cpu,cpu,1,1,2.108666,3.643106,0.062004
313,data/imagenet.npz,64,1000,cpu,cpu,1,1,2.172120,3.405414,0.062287
314,data/imagenet.npz,64,1000,cpu,cpu,1,1,2.159211,3.553424,0.062259
315,data/imagenet.npz,64,1000,cpu,cpu,1,1,2.060170,3.551697,0.062600
316,data/imagenet.npz,64,1000,cpu,cpu,1,1,2.165433,3.424045,0.061562
317,data/imagenet.npz,64,1000,cpu,cpu,1,1,2.207096,3.498164,0.062460
318,data/imagenet.npz,64,1000,cpu,cpu,1,1,2.182644,3.651448,0.062220
319,data/imagenet.npz,64,1000,cpu,cpu,1,1,2.203102,3.541347,0.061465
320,data/imagenet.npz,64,1000,cpu,cpu,1,1,2.136507,3.611061,0.062427
321,data/imagenet.npz,64,1000,cpu,cpu,1,1,2.167945,3.387782,0.064105
322,data/imagenet.npz,64,1000,cpu,cpu,1,1,2.173863,3.389987,0.062312
323,data/imagenet.npz,64,1000,cpu,cpu,1,1,2.106495,3.488319,0.177770
324,data/imagenet.npz,64,1000,cpu,cpu,1,1,2.156031,3.754536,0.062213
325,data/imagenet.npz,64,1000,cpu,cpu,1,1,2.152814,3.799644,0.061680
326,data/imagenet.npz,64,1000,cpu,cpu,1,1,2.117996,3.445748,0.061963
327,data/imagenet.npz,64,1000,cpu,cpu,1,1,2.058272,3.340345,0.061982
328,data/imagenet.npz,64,1000,cpu,cpu,1,1,2.166793,3.359182,0.061635
329,data/imagenet.npz,64,1000,cpu,cpu,1,1,2.245140,3.695405,0.062308
330,data/imagenet.npz,64,1000,cpu,cpu,1,1,2.240237,3.522275,0.062092
331,data/imagenet.npz,64,1000,cpu,cpu,1,1,2.211514,4.023351,0.061942
332,data/imagenet.npz,64,1000,cpu,cpu,1,1,2.182660,3.419135,0.062123
333,data/imagenet.npz,64,1000,cpu,cpu,1,1,2.203678,3.557286,0.062325
334,data/imagenet.npz,64,1000,cpu,cpu,1,1,2.209467,3.790772,0.061623
335,data/imagenet.npz,64,1000,cpu,cpu,1,1,2.133651,3.401081,0.062327
336,data/imagenet.npz,64,1000,cpu,cpu,1,1,2.140848,3.689896,0.062124
337,data/imagenet.npz,64,1000,cpu,cpu,1,1,2.133969,4.265995,0.062277
338,data/imagenet.npz,64,1000,cpu,cpu,1,1,2.187722,3.641719,0.061837
339,data/imagenet.npz,64,1000,cpu,cpu,1,1,2.141141,3.658964,0.064080
340,data/imagenet.npz,64,1000,cpu,cpu,1,1,2.101179,3.433423,0.062281
341,data/imagenet.npz,64,1000,cpu,cpu,1,1,2.098616,3.326864,0.181995
342,data/imagenet.npz,64,1000,cpu,cpu,1,1,2.158313,3.503928,0.063388
343,data/imagenet.npz,64,1000,cpu,cpu,1,1,2.134290,3.411798,0.062439
344,data/imagenet.npz,64,1000,cpu,cpu,1,1,2.189277,3.772536,0.061195
345,data/imagenet.npz,64,1000,cpu,cpu,1,1,2.213716,3.378588,0.062816
346,data/imagenet.npz,64,1000,cpu,cpu,1,1,2.202421,3.435420,0.061973
347,data/imagenet.npz,64,1000,cpu,cpu,1,1,2.170533,3.452359,0.061641
348,data/imagenet.npz,64,1000,cpu,cpu,1,1,2.269555,3.702243,0.064476
349,data/imagenet.npz,64,1000,cpu,cpu,1,1,2.186444,3.468201,0.061715
350,data/imagenet.npz,64,1000,cpu,cpu,1,1,2.143633,4.404774,0.062518
351,data/imagenet.npz,64,1000,cpu,cpu,1,1,2.168062,3.795777,0.062128
352,data/imagenet.npz,64,1000,cpu,cpu,1,1,2.188536,3.566439,0.062630
353,data/imagenet.npz,64,1000,cpu,cpu,1,1,2.175020,3.588090,0.063251
354,data/imagenet.npz,64,1000,cpu,cpu,1,1,2.120419,3.686976,0.066019
355,data/imagenet.npz,64,1000,cpu,cpu,1,1,2.151544,3.666223,0.061756
356,data/imagenet.npz,64,1000,cpu,cpu,1,1,2.119238,3.478584,0.061833
357,data/imagenet.npz,64,1000,cpu,cpu,1,1,2.079691,3.574913,0.062055
358,data/imagenet.npz,64,1000,cpu,cpu,1,1,2.203766,3.541841,0.062005
359,data/imagenet.npz,64,1000,cpu,cpu,1,1,2.152549,3.732355,0.062505
360,data/imagenet.npz,64,1000,cpu,cpu,1,1,2.216210,3.705644,0.182161
361,data/imagenet.npz,64,1000,cpu,cpu,1,1,2.226953,3.642475,0.062851
362,data/imagenet.npz,64,1000,cpu,cpu,1,1,2.194134,3.531489,0.062273
363,data/imagenet.npz,64,1000,cpu,cpu,1,1,2.235199,3.650320,0.061481
364,data/imagenet.npz,64,1000,cpu,cpu,1,1,2.178674,3.412882,0.061881
365,data/imagenet.npz,64,1000,cpu,cpu,1,1,2.194072,3.747446,0.062466
366,data/imagenet.npz,64,1000,cpu,cpu,1,1,2.206914,3.502708,0.066643
367,data/imagenet.npz,64,1000,cpu,cpu,1,1,2.258823,3.927176,0.062460
368,data/imagenet.npz,64,1000,cpu,cpu,1,1,2.195333,3.424528,0.062098
369,data/imagenet.npz,64,1000,cpu,cpu,1,1,2.219137,3.813225,0.062158
370,data/imagenet.npz,64,1000,cpu,cpu,1,1,2.238404,3.479067,0.063246
371,data/imagenet.npz,64,1000,cpu,cpu,1,1,2.188767,3.642807,0.062060
372,data/imagenet.npz,64,1000,cpu,cpu,1,1,2.227068,3.466181,0.061787
373,data/imagenet.npz,64,1000,cpu,cpu,1,1,2.190796,3.487317,0.062587
374,data/imagenet.npz,64,1000,cpu,cpu,1,1,2.190629,4.141707,0.066228
375,data/imagenet.npz,64,1000,cpu,cpu,1,1,2.347527,3.381353,0.062591
376,data/imagenet.npz,64,1000,cpu,cpu,1,1,2.231758,3.545116,0.061652
377,data/imagenet.npz,64,1000,cpu,cpu,1,1,2.219467,3.732272,0.063188
378,data/imagenet.npz,64,1000,cpu,cpu,1,1,2.270749,3.475805,0.184048
379,data/imagenet.npz,64,1000,cpu,cpu,1,1,2.192668,3.958253,0.061404
380,data/imagenet.npz,64,1000,cpu,cpu,1,1,2.175041,3.600490,0.062553
381,data/imagenet.npz,64,1000,cpu,cpu,1,1,2.240943,3.452693,0.062246
382,data/imagenet.npz,64,1000,cpu,cpu,1,1,2.299023,3.540943,0.062779
383,data/imagenet.npz,64,1000,cpu,cpu,1,1,2.213752,3.491102,0.062295
384,data/imagenet.npz,64,1000,cpu,cpu,1,1,2.210156,3.602115,0.061843
385,data/imagenet.npz,64,1000,cpu,cpu,1,1,2.234098,3.654580,0.062402
386,data/imagenet.npz,64,1000,cpu,cpu,1,1,2.184542,3.376576,0.061587
387,data/imagenet.npz,64,1000,cpu,cpu,1,1,2.211940,3.453806,0.062237
388,data/imagenet.npz,64,1000,cpu,cpu,1,1,2.198397,3.546980,0.062088
389,data/imagenet.npz,64,1000,cpu,cpu,1,1,2.167861,3.361631,0.061759
390,data/imagenet.npz,64,1000,cpu,cpu,1,1,2.255318,3.595983,0.062100
391,data/imagenet.npz,64,1000,cpu,cpu,1,1,2.177636,3.432652,0.061877
392,data/imagenet.npz,64,1000,cpu,cpu,1,1,2.216608,3.507770,0.062526
393,data/imagenet.npz,64,1000,cpu,cpu,1,1,2.217375,4.112628,0.062257
394,data/imagenet.npz,64,1000,cpu,cpu,1,1,2.233232,3.494455,0.062675
395,data/imagenet.npz,64,1000,cpu,cpu,1,1,2.221785,3.557779,0.065725
396,data/imagenet.npz,64,1000,cpu,cpu,1,1,2.317319,3.365666,0.062749
397,data/imagenet.npz,64,1000,cpu,cpu,1,1,2.220311,4.233714,0.186850
398,data/imagenet.npz,64,1000,cpu,cpu,1,1,2.252600,3.897635,0.063054
399,data/imagenet.npz,64,1000,cpu,cpu,1,1,2.234740,3.619211,0.062129
400,data/imagenet.npz,64,1000,cpu,cpu,1,1,2.220988,3.816520,0.064082
401,data/imagenet.npz,64,1000,cpu,cpu,1,1,2.263928,3.488753,0.062219
402,data/imagenet.npz,64,1000,cpu,cpu,1,1,2.253991,3.443209,0.062468
403,data/imagenet.npz,64,1000,cpu,cpu,1,1,2.226577,3.562364,0.062877
404,data/imagenet.npz,64,1000,cpu,cpu,1,1,2.228443,3.649934,0.062329
405,data/imagenet.npz,64,1000,cpu,cpu,1,1,2.236384,4.033465,0.063957
406,data/imagenet.npz,64,1000,cpu,cpu,1,1,2.231027,3.371383,0.063067
407,data/imagenet.npz,64,1000,cpu,cpu,1,1,2.233964,3.458933,0.062428
408,data/imagenet.npz,64,1000,cpu,cpu,1,1,2.233891,3.557215,0.062509
409,data/imagenet.npz,64,1000,cpu,cpu,1,1,2.251249,4.209387,0.061467
410,data/imagenet.npz,64,1000,cpu,cpu,1,1,2.210738,3.605526,0.062087
411,data/imagenet.npz,64,1000,cpu,cpu,1,1,2.220612,3.548188,0.062012
412,data/imagenet.npz,64,1000,cpu,cpu,1,1,2.222529,3.568673,0.062969
413,data/imagenet.npz,64,1000,cpu,cpu,1,1,2.243355,3.714845,0.061761
414,data/imagenet.npz,64,1000,cpu,cpu,1,1,2.220350,3.541846,0.062260
415,data/imagenet.npz,64,1000,cpu,cpu,1,1,2.200718,3.638993,0.196644
416,data/imagenet.npz,64,1000,cpu,cpu,1,1,2.245858,3.606914,0.062994
417,data/imagenet.npz,64,1000,cpu,cpu,1,1,2.241054,3.783682,0.067326
418,data/imagenet.npz,64,1000,cpu,cpu,1,1,2.251405,3.553021,0.062932
419,data/imagenet.npz,64,1000,cpu,cpu,1,1,2.224300,3.379583,0.063884
420,data/imagenet.npz,64,1000,cpu,cpu,1,1,2.260835,3.565690,0.063398
421,data/imagenet.npz,64,1000,cpu,cpu,1,1,2.270657,3.482343,0.066246
422,data/imagenet.npz,64,1000,cpu,cpu,1,1,2.273093,3.560761,0.062332
423,data/imagenet.npz,64,1000,cpu,cpu,1,1,2.229073,3.820989,0.062328
424,data/imagenet.npz,64,1000,cpu,cpu,1,1,2.232080,3.453949,0.062991
425,data/imagenet.npz,64,1000,cpu,cpu,1,1,2.223440,3.562971,0.061907
426,data/imagenet.npz,64,1000,cpu,cpu,1,1,2.275601,3.736292,0.063333
427,data/imagenet.npz,64,1000,cpu,cpu,1,1,2.234073,3.530191,0.062598
428,data/imagenet.npz,64,1000,cpu,cpu,1,1,2.227809,3.467019,0.062517
429,data/imagenet.npz,64,1000,cpu,cpu,1,1,2.222133,3.629911,0.062223
430,data/imagenet.npz,64,1000,cpu,cpu,1,1,2.225081,3.592692,0.062685
431,data/imagenet.npz,64,1000,cpu,cpu,1,1,2.251329,3.509731,0.062298
432,data/imagenet.npz,64,1000,cpu,cpu,1,1,2.275822,3.543180,0.062392
433,data/imagenet.npz,64,1000,cpu,cpu,1,1,2.218590,3.589596,0.185139
434,data/imagenet.npz,64,1000,cpu,cpu,1,1,2.255734,3.714495,0.062353
435,data/imagenet.npz,64,1000,cpu,cpu,1,1,2.212009,3.776941,0.062847
436,data/imagenet.npz,64,1000,cpu,cpu,1,1,2.214766,3.537329,0.061940
437,data/imagenet.npz,64,1000,cpu,cpu,1,1,2.230874,3.615783,0.062428
438,data/imagenet.npz,64,1000,cpu,cpu,1,1,2.207536,3.527885,0.062602
439,data/imagenet.npz,64,1000,cpu,cpu,1,1,2.228743,3.954349,0.061806
440,data/imagenet.npz,64,1000,cpu,cpu,1,1,2.214998,3.458267,0.066502
441,data/imagenet.npz,64,1000,cpu,cpu,1,1,2.218847,3.490033,0.061742
442,data/imagenet.npz,64,1000,cpu,cpu,1,1,2.215998,3.660463,0.062304
443,data/imagenet.npz,64,1000,cpu,cpu,1,1,2.229483,3.516677,0.062860
444,data/imagenet.npz,64,1000,cpu,cpu,1,1,2.241208,4.062123,0.063109
445,data/imagenet.npz,64,1000,cpu,cpu,1,1,2.227161,3.560554,0.061779
446,data/imagenet.npz,64,1000,cpu,cpu,1,1,2.240857,3.602724,0.062781
447,data/imagenet.npz,64,1000,cpu,cpu,1,1,2.289656,3.755805,0.062148
448,data/imagenet.npz,64,1000,cpu,cpu,1,1,2.227687,3.849842,0.062190
449,data/imagenet.npz,64,1000,cpu,cpu,1,1,2.254885,4.035044,0.061924
450,data/imagenet.npz,64,1000,cpu,cpu,1,1,2.220109,3.727288,0.062672
451,data/imagenet.npz,64,1000,cpu,cpu,1,1,2.231862,3.500380,0.062240
452,data/imagenet.npz,64,1000,cpu,cpu,1,1,2.264038,3.672159,0.181333
453,data/imagenet.npz,64,1000,cpu,cpu,1,1,2.239268,3.753542,0.062935
454,data/imagenet.npz,64,1000,cpu,cpu,1,1,2.235263,3.466255,0.062881
455,data/imagenet.npz,64,1000,cpu,cpu,1,1,2.259583,3.581588,0.062358
456,data/imagenet.npz,64,1000,cpu,cpu,1,1,2.226631,3.842253,0.062702
457,data/imagenet.npz,64,1000,cpu,cpu,1,1,2.233854,3.554536,0.062073
458,data/imagenet.npz,64,1000,cpu,cpu,1,1,2.256721,3.556746,0.062322
459,data/imagenet.npz,64,1000,cpu,cpu,1,1,2.195150,3.333565,0.062208
460,data/imagenet.npz,64,1000,cpu,cpu,1,1,2.205774,3.841865,0.062000
461,data/imagenet.npz,64,1000,cpu,cpu,1,1,2.210718,3.569362,0.062285
462,data/imagenet.npz,64,1000,cpu,cpu,1,1,2.225418,3.327787,0.062362
463,data/imagenet.npz,64,1000,cpu,cpu,1,1,2.194815,3.869691,0.062200
464,data/imagenet.npz,64,1000,cpu,cpu,1,1,2.236217,4.064616,0.062405
465,data/imagenet.npz,64,1000,cpu,cpu,1,1,2.236178,3.597028,0.063064
466,data/imagenet.npz,64,1000,cpu,cpu,1,1,2.213405,3.869699,0.064748
467,data/imagenet.npz,64,1000,cpu,cpu,1,1,2.220547,3.465530,0.062723
468,data/imagenet.npz,64,1000,cpu,cpu,1,1,2.155503,3.538122,0.062755
469,data/imagenet.npz,64,1000,cpu,cpu,1,1,2.166840,3.375310,0.062867
470,data/imagenet.npz,64,1000,cpu,cpu,1,1,2.220605,3.616962,0.186630
471,data/imagenet.npz,64,1000,cpu,cpu,1,1,2.229838,4.189188,0.063340
472,data/imagenet.npz,64,1000,cpu,cpu,1,1,2.205702,3.750109,0.063334
473,data/imagenet.npz,64,1000,cpu,cpu,1,1,2.229984,3.784416,0.062490
474,data/imagenet.npz,64,1000,cpu,cpu,1,1,2.210598,3.577445,0.062280
475,data/imagenet.npz,64,1000,cpu,cpu,1,1,2.211864,3.744695,0.061943
476,data/imagenet.npz,64,1000,cpu,cpu,1,1,2.265122,4.254887,0.062752
477,data/imagenet.npz,64,1000,cpu,cpu,1,1,2.237892,3.600447,0.062558
478,data/imagenet.npz,64,1000,cpu,cpu,1,1,2.217815,3.595800,0.062284
479,data/imagenet.npz,64,1000,cpu,cpu,1,1,2.186929,3.545357,0.061927
480,data/imagenet.npz,64,1000,cpu,cpu,1,1,2.209986,3.440363,0.061579
481,data/imagenet.npz,64,1000,cpu,cpu,1,1,2.154508,3.674184,0.061495
482,data/imagenet.npz,64,1000,cpu,cpu,1,1,2.218942,3.762886,0.062289
483,data/imagenet.npz,64,1000,cpu,cpu,1,1,2.210566,3.408073,0.061996
484,data/imagenet.npz,64,1000,cpu,cpu,1,1,2.198169,3.606580,0.062148
485,data/imagenet.npz,64,1000,cpu,cpu,1,1,2.232739,3.743795,0.061713
486,data/imagenet.npz,64,1000,cpu,cpu,1,1,2.177010,3.663345,0.062335
487,data/imagenet.npz,64,1000,cpu,cpu,1,1,2.303846,3.539887,0.062142
488,data/imagenet.npz,64,1000,cpu,cpu,1,1,2.143524,3.466781,0.185186
489,data/imagenet.npz,64,1000,cpu,cpu,1,1,2.205584,3.612134,0.062621
490,data/imagenet.npz,64,1000,cpu,cpu,1,1,2.210169,3.507491,0.062352
491,data/imagenet.npz,64,1000,cpu,cpu,1,1,2.187423,3.507062,0.062082
492,data/imagenet.npz,64,1000,cpu,cpu,1,1,2.174944,3.455857,0.062301
493,data/imagenet.npz,64,1000,cpu,cpu,1,1,2.215952,3.628134,0.062240
494,data/imagenet.npz,64,1000,cpu,cpu,1,1,2.174644,3.709842,0.064799
495,data/imagenet.npz,64,1000,cpu,cpu,1,1,2.227006,3.822535,0.061478
496,data/imagenet.npz,64,1000,cpu,cpu,1,1,2.196286,3.554012,0.061999
497,data/imagenet.npz,64,1000,cpu,cpu,1,1,2.148082,3.454821,0.062660
498,data/imagenet.npz,64,1000,cpu,cpu,1,1,2.151041,3.924149,0.062639
499,data/imagenet.npz,64,1000,cpu,cpu,1,1,2.153034,3.450026,0.061298
500,data/imagenet.npz,64,1000,cpu,cpu,1,1,2.209036,3.761303,0.061923
501,data/imagenet.npz,64,1000,cpu,cpu,1,1,2.215274,3.687837,0.062504
502,data/imagenet.npz,64,1000,cpu,cpu,1,1,2.264390,3.519251,0.062515
503,data/imagenet.npz,64,1000,cpu,cpu,1,1,2.190475,3.581704,0.061831
504,data/imagenet.npz,64,1000,cpu,cpu,1,1,2.186764,3.554501,0.062167
505,data/imagenet.npz,64,1000,cpu,cpu,1,1,2.103525,3.604071,0.062150
506,data/imagenet.npz,64,1000,cpu,cpu,1,1,2.182038,4.060921,0.064966
507,data/imagenet.npz,64,1000,cpu,cpu,1,1,2.229156,3.587835,0.190694
508,data/imagenet.npz,64,1000,cpu,cpu,1,1,2.185095,3.509506,0.062230
509,data/imagenet.npz,64,1000,cpu,cpu,1,1,2.221348,3.861329,0.062286
510,data/imagenet.npz,64,1000,cpu,cpu,1,1,2.263710,3.440963,0.061658
511,data/imagenet.npz,64,1000,cpu,cpu,1,1,2.139128,3.500570,0.062590
512,data/imagenet.npz,64,1000,cpu,cpu,1,1,2.214502,3.435792,0.062315
513,data/imagenet.npz,64,1000,cpu,cpu,1,1,2.200309,3.761383,0.060950
514,data/imagenet.npz,64,1000,cpu,cpu,1,1,2.165416,3.616579,0.061425
515,data/imagenet.npz,64,1000,cpu,cpu,1,1,2.157647,3.626262,0.061959
516,data/imagenet.npz,64,1000,cpu,cpu,1,1,2.159535,4.015186,0.061897
517,data/imagenet.npz,64,1000,cpu,cpu,1,1,2.227249,3.877990,0.062529
518,data/imagenet.npz,64,1000,cpu,cpu,1,1,2.205178,3.609992,0.062244
519,data/imagenet.npz,64,1000,cpu,cpu,1,1,2.170012,3.485045,0.064030
520,data/imagenet.npz,64,1000,cpu,cpu,1,1,2.244903,3.628470,0.062125
521,data/imagenet.npz,64,1000,cpu,cpu,1,1,2.203806,4.351144,0.062087
522,data/imagenet.npz,64,1000,cpu,cpu,1,1,2.223487,3.542138,0.062807
523,data/imagenet.npz,64,1000,cpu,cpu,1,1,2.184711,3.784732,0.062248
524,data/imagenet.npz,64,1000,cpu,cpu,1,1,2.241137,3.620343,0.062556
525,data/imagenet.npz,64,1000,cpu,cpu,1,1,2.205864,3.488507,0.179521
526,data/imagenet.npz,64,1000,cpu,cpu,1,1,2.193089,4.140078,0.062238
527,data/imagenet.npz,64,1000,cpu,cpu,1,1,2.184615,3.719565,0.062627
528,data/imagenet.npz,64,1000,cpu,cpu,1,1,2.402864,3.932676,0.061652
529,data/imagenet.npz,64,1000,cpu,cpu,1,1,2.186407,3.552448,0.063347
530,data/imagenet.npz,64,1000,cpu,cpu,1,1,2.155608,3.444899,0.062332
531,data/imagenet.npz,64,1000,cpu,cpu,1,1,2.247859,3.851064,0.061663
532,data/imagenet.npz,64,1000,cpu,cpu,1,1,2.206340,3.769150,0.061964
533,data/imagenet.npz,64,1000,cpu,cpu,1,1,2.164635,3.600050,0.062291
534,data/imagenet.npz,64,1000,cpu,cpu,1,1,2.169450,3.513962,0.062545
535,data/imagenet.npz,64,1000,cpu,cpu,1,1,2.245715,3.963643,0.062228
536,data/imagenet.npz,64,1000,cpu,cpu,1,1,2.072790,3.571904,0.062323
537,data/imagenet.npz,64,1000,cpu,cpu,1,1,1.942780,3.370210,0.062030
538,data/imagenet.npz,64,1000,cpu,cpu,1,1,1.971753,3.773405,0.062215
539,data/imagenet.npz,64,1000,cpu,cpu,1,1,1.960624,3.773470,0.063485
540,data/imagenet.npz,64,1000,cpu,cpu,1,1,1.962838,3.498624,0.061873
541,data/imagenet.npz,64,1000,cpu,cpu,1,1,1.950277,3.771676,0.061276
542,data/imagenet.npz,64,1000,cpu,cpu,1,1,1.944352,3.473390,0.062110
543,data/imagenet.npz,64,1000,cpu,cpu,1,1,1.953180,3.557342,0.062132
544,data/imagenet.npz,64,1000,cpu,cpu,1,1,1.952783,3.440472,0.183266
545,data/imagenet.npz,64,1000,cpu,cpu,1,1,1.968418,3.388275,0.061954
546,data/imagenet.npz,64,1000,cpu,cpu,1,1,1.962659,4.103786,0.061659
547,data/imagenet.npz,64,1000,cpu,cpu,1,1,1.963310,3.412880,0.062489
548,data/imagenet.npz,64,1000,cpu,cpu,1,1,1.960039,3.286860,0.067239
549,data/imagenet.npz,64,1000,cpu,cpu,1,1,1.952393,4.296390,0.062522
550,data/imagenet.npz,64,1000,cpu,cpu,1,1,1.966456,3.615548,0.061829
551,data/imagenet.npz,64,1000,cpu,cpu,1,1,1.946988,3.577559,0.062456
552,data/imagenet.npz,64,1000,cpu,cpu,1,1,1.961090,3.421023,0.061699
553,data/imagenet.npz,64,1000,cpu,cpu,1,1,1.945764,3.693902,0.061388
554,data/imagenet.npz,64,1000,cpu,cpu,1,1,1.994060,3.448659,0.062005
555,data/imagenet.npz,64,1000,cpu,cpu,1,1,1.966901,3.636663,0.062609
556,data/imagenet.npz,64,1000,cpu,cpu,1,1,1.960765,3.686528,0.060995
557,data/imagenet.npz,64,1000,cpu,cpu,1,1,1.948436,3.520525,0.063351
558,data/imagenet.npz,64,1000,cpu,cpu,1,1,1.955670,3.497946,0.062146
559,data/imagenet.npz,64,1000,cpu,cpu,1,1,1.969864,4.197241,0.062280
560,data/imagenet.npz,64,1000,cpu,cpu,1,1,1.953722,3.701932,0.061545
561,data/imagenet.npz,64,1000,cpu,cpu,1,1,1.957441,3.524174,0.062154
562,data/imagenet.npz,64,1000,cpu,cpu,1,1,1.966295,3.581672,0.175314
563,data/imagenet.npz,64,1000,cpu,cpu,1,1,1.954971,3.488968,0.061902
564,data/imagenet.npz,64,1000,cpu,cpu,1,1,1.965112,3.711539,0.062144
565,data/imagenet.npz,64,1000,cpu,cpu,1,1,1.953816,3.713035,0.061106
566,data/imagenet.npz,64,1000,cpu,cpu,1,1,1.950547,3.496661,0.061728
567,data/imagenet.npz,64,1000,cpu,cpu,1,1,1.953458,3.730892,0.061628
568,data/imagenet.npz,64,1000,cpu,cpu,1,1,1.960854,4.118997,0.062256
569,data/imagenet.npz,64,1000,cpu,cpu,1,1,1.952086,3.712817,0.062335
570,data/imagenet.npz,64,1000,cpu,cpu,1,1,1.961744,3.583927,0.062360
571,data/imagenet.npz,64,1000,cpu,cpu,1,1,1.968952,3.527770,0.062311
572,data/imagenet.npz,64,1000,cpu,cpu,1,1,1.946679,3.771933,0.062391
573,data/imagenet.npz,64,1000,cpu,cpu,1,1,1.987929,3.602409,0.061672
574,data/imagenet.npz,64,1000,cpu,cpu,1,1,1.939474,3.743056,0.063219
575,data/imagenet.npz,64,1000,cpu,cpu,1,1,1.951566,3.510340,0.062217
576,data/imagenet.npz,64,1000,cpu,cpu,1,1,1.954114,3.461481,0.062945
577,data/imagenet.npz,64,1000,cpu,cpu,1,1,1.943110,3.700956,0.060923
578,data/imagenet.npz,64,1000,cpu,cpu,1,1,1.945215,3.464034,0.062272
579,data/imagenet.npz,64,1000,cpu,cpu,1,1,1.954363,3.495426,0.065767
580,data/imagenet.npz,64,1000,cpu,cpu,1,1,1.951670,3.819687,0.190380
581,data/imagenet.npz,64,1000,cpu,cpu,1,1,1.961199,3.566030,0.062027
582,data/imagenet.npz,64,1000,cpu,cpu,1,1,1.960321,3.599403,0.062184
583,data/imagenet.npz,64,1000,cpu,cpu,1,1,1.954218,3.351189,0.061832
584,data/imagenet.npz,64,1000,cpu,cpu,1,1,1.944050,3.439284,0.063147
585,data/imagenet.npz,64,1000,cpu,cpu,1,1,1.964858,3.441308,0.061611
586,data/imagenet.npz,64,1000,cpu,cpu,1,1,2.014529,3.659988,0.062079
587,data/imagenet.npz,64,1000,cpu,cpu,1,1,1.982624,3.493906,0.062423
588,data/imagenet.npz,64,1000,cpu,cpu,1,1,1.964864,3.683194,0.061725
589,data/imagenet.npz,64,1000,cpu,cpu,1,1,1.964446,3.448170,0.062437
590,data/imagenet.npz,64,1000,cpu,cpu,1,1,1.951871,3.413741,0.062232
591,data/imagenet.npz,64,1000,cpu,cpu,1,1,1.956187,3.476903,0.061882
592,data/imagenet.npz,64,1000,cpu,cpu,1,1,1.955939,3.399571,0.061365
593,data/imagenet.npz,64,1000,cpu,cpu,1,1,1.953548,3.662044,0.062305
594,data/imagenet.npz,64,1000,cpu,cpu,1,1,1.953717,3.460290,0.061876
595,data/imagenet.npz,64,1000,cpu,cpu,1,1,1.957545,3.495689,0.062569
596,data/imagenet.npz,64,1000,cpu,cpu,1,1,1.961271,3.452777,0.061655
597,data/imagenet.npz,64,1000,cpu,cpu,1,1,1.960534,3.546529,0.062220
598,data/imagenet.npz,64,1000,cpu,cpu,1,1,1.946323,3.535954,0.061251
599,data/imagenet.npz,64,1000,cpu,cpu,1,1,1.960873,3.564029,0.181194
600,data/imagenet.npz,64,1000,cpu,cpu,1,1,1.957120,3.481785,0.065139
601,data/imagenet.npz,64,1000,cpu,cpu,1,1,1.959347,3.620638,0.061642
602,data/imagenet.npz,64,1000,cpu,cpu,1,1,2.030762,3.584449,0.062356
603,data/imagenet.npz,64,1000,cpu,cpu,1,1,2.039089,3.515207,0.062473
604,data/imagenet.npz,64,1000,cpu,cpu,1,1,1.959132,3.530316,0.062110
605,data/imagenet.npz,64,1000,cpu,cpu,1,1,1.955444,3.649487,0.063345
606,data/imagenet.npz,64,1000,cpu,cpu,1,1,1.959831,3.497569,0.061656
607,data/imagenet.npz,64,1000,cpu,cpu,1,1,1.950833,3.617387,0.061496
608,data/imagenet.npz,64,1000,cpu,cpu,1,1,1.957971,3.433350,0.062412
609,data/imagenet.npz,64,1000,cpu,cpu,1,1,1.950616,3.619599,0.062156
610,data/imagenet.npz,64,1000,cpu,cpu,1,1,1.955437,3.481548,0.062727
611,data/imagenet.npz,64,1000,cpu,cpu,1,1,1.954427,3.729206,0.062350
612,data/imagenet.npz,64,1000,cpu,cpu,1,1,1.951723,3.432000,0.062038
613,data/imagenet.npz,64,1000,cpu,cpu,1,1,1.966862,3.558649,0.061810
614,data/imagenet.npz,64,1000,cpu,cpu,1,1,1.957134,3.690552,0.062539
615,data/imagenet.npz,64,1000,cpu,cpu,1,1,1.949950,3.629875,0.065740
616,data/imagenet.npz,64,1000,cpu,cpu,1,1,1.952410,3.683379,0.061782
617,data/imagenet.npz,64,1000,cpu,cpu,1,1,1.976793,3.516410,0.189735
618,data/imagenet.npz,64,1000,cpu,cpu,1,1,1.956805,3.668897,0.062474
619,data/imagenet.npz,64,1000,cpu,cpu,1,1,1.972134,3.427112,0.062015
620,data/imagenet.npz,64,1000,cpu,cpu,1,1,1.977554,3.370312,0.062103
621,data/imagenet.npz,64,1000,cpu,cpu,1,1,1.949789,3.566050,0.063586
622,data/imagenet.npz,64,1000,cpu,cpu,1,1,1.949214,3.458023,0.062740
623,data/imagenet.npz,64,1000,cpu,cpu,1,1,1.946120,3.451596,0.065296
624,data/imagenet.npz,64,1000,cpu,cpu,1,1,1.969203,3.422359,0.062193
625,data/imagenet.npz,64,1000,cpu,cpu,1,1,1.956523,3.438964,0.062156
626,data/imagenet.npz,64,1000,cpu,cpu,1,1,1.979675,3.729178,0.062141
627,data/imagenet.npz,64,1000,cpu,cpu,1,1,1.947394,3.460530,0.062364
628,data/imagenet.npz,64,1000,cpu,cpu,1,1,1.946352,3.541615,0.062508
629,data/imagenet.npz,64,1000,cpu,cpu,1,1,1.948091,3.607332,0.062581
630,data/imagenet.npz,64,1000,cpu,cpu,1,1,1.956895,3.732251,0.061994
631,data/imagenet.npz,64,1000,cpu,cpu,1,1,1.966446,3.367573,0.062261
632,data/imagenet.npz,64,1000,cpu,cpu,1,1,1.944828,3.576186,0.061996
633,data/imagenet.npz,64,1000,cpu,cpu,1,1,1.975410,3.369681,0.062400
634,data/imagenet.npz,64,1000,cpu,cpu,1,1,1.948356,3.431655,0.062680
635,data/imagenet.npz,64,1000,cpu,cpu,1,1,1.994915,3.412119,0.182080
636,data/imagenet.npz,64,1000,cpu,cpu,1,1,1.952154,3.509052,0.062426
637,data/imagenet.npz,64,1000,cpu,cpu,1,1,1.959612,3.526723,0.063827
638,data/imagenet.npz,64,1000,cpu,cpu,1,1,1.960234,3.418054,0.063202
639,data/imagenet.npz,64,1000,cpu,cpu,1,1,1.983224,3.681751,0.062692
640,data/imagenet.npz,64,1000,cpu,cpu,1,1,1.961129,3.502880,0.061440
641,data/imagenet.npz,64,1000,cpu,cpu,1,1,1.958794,3.662545,0.062665
642,data/imagenet.npz,64,1000,cpu,cpu,1,1,1.958198,3.338709,0.062033
643,data/imagenet.npz,64,1000,cpu,cpu,1,1,1.956020,3.793419,0.061898
644,data/imagenet.npz,64,1000,cpu,cpu,1,1,1.975362,3.559322,0.062820
645,data/imagenet.npz,64,1000,cpu,cpu,1,1,1.985173,3.473139,0.066455
646,data/imagenet.npz,64,1000,cpu,cpu,1,1,1.935243,3.383338,0.063077
647,data/imagenet.npz,64,1000,cpu,cpu,1,1,1.953117,3.396179,0.064431
648,data/imagenet.npz,64,1000,cpu,cpu,1,1,1.980922,3.465082,0.062507
649,data/imagenet.npz,64,1000,cpu,cpu,1,1,1.958746,3.938409,0.061763
650,data/imagenet.npz,64,1000,cpu,cpu,1,1,1.960745,3.588276,0.062089
651,data/imagenet.npz,64,1000,cpu,cpu,1,1,1.966233,3.498111,0.062226
652,data/imagenet.npz,64,1000,cpu,cpu,1,1,1.970767,3.529020,0.062146
653,data/imagenet.npz,64,1000,cpu,cpu,1,1,1.945717,3.423988,0.062281
654,data/imagenet.npz,64,1000,cpu,cpu,1,1,1.956507,3.500931,0.194546
655,data/imagenet.npz,64,1000,cpu,cpu,1,1,1.949217,4.088633,0.061750
656,data/imagenet.npz,64,1000,cpu,cpu,1,1,1.982003,3.391800,0.062119
657,data/imagenet.npz,64,1000,cpu,cpu,1,1,1.955888,3.871824,0.062230
658,data/imagenet.npz,64,1000,cpu,cpu,1,1,1.953802,3.696970,0.062522
659,data/imagenet.npz,64,1000,cpu,cpu,1,1,1.956645,3.446028,0.061681
660,data/imagenet.npz,64,1000,cpu,cpu,1,1,1.952360,3.821977,0.066202
661,data/imagenet.npz,64,1000,cpu,cpu,1,1,1.961282,3.519228,0.061930
662,data/imagenet.npz,64,1000,cpu,cpu,1,1,1.958295,3.622680,0.061835
663,data/imagenet.npz,64,1000,cpu,cpu,1,1,1.960973,3.514390,0.062064
664,data/imagenet.npz,64,1000,cpu,cpu,1,1,1.971177,3.453809,0.061998
665,data/imagenet.npz,64,1000,cpu,cpu,1,1,1.961537,3.450335,0.062367
666,data/imagenet.npz,64,1000,cpu,cpu,1,1,2.000074,3.838839,0.062879
667,data/imagenet.npz,64,1000,cpu,cpu,1,1,1.994530,3.527163,0.062801
668,data/imagenet.npz,64,1000,cpu,cpu,1,1,1.980054,3.586626,0.061869
669,data/imagenet.npz,64,1000,cpu,cpu,1,1,1.961485,3.845202,0.062206
670,data/imagenet.npz,64,1000,cpu,cpu,1,1,1.963294,3.709893,0.062254
671,data/imagenet.npz,64,1000,cpu,cpu,1,1,1.955575,3.584304,0.061435
672,data/imagenet.npz,64,1000,cpu,cpu,1,1,1.953394,3.682926,0.191217
673,data/imagenet.npz,64,1000,cpu,cpu,1,1,1.967398,3.557167,0.061795
674,data/imagenet.npz,64,1000,cpu,cpu,1,1,1.970930,3.563549,0.067216
675,data/imagenet.npz,64,1000,cpu,cpu,1,1,1.968377,3.622316,0.061898
676,data/imagenet.npz,64,1000,cpu,cpu,1,1,1.953769,3.902677,0.062394
677,data/imagenet.npz,64,1000,cpu,cpu,1,1,1.966020,3.555287,0.064159
678,data/imagenet.npz,64,1000,cpu,cpu,1,1,1.958278,3.575870,0.063657
679,data/imagenet.npz,64,1000,cpu,cpu,1,1,1.954503,3.716610,0.062480
680,data/imagenet.npz,64,1000,cpu,cpu,1,1,1.975497,4.120756,0.061687
681,data/imagenet.npz,64,1000,cpu,cpu,1,1,1.938647,3.562057,0.061652
682,data/imagenet.npz,64,1000,cpu,cpu,1,1,1.957580,3.316395,0.062682
683,data/imagenet.npz,64,1000,cpu,cpu,1,1,1.971895,3.547288,0.063151
684,data/imagenet.npz,64,1000,cpu,cpu,1,1,1.973640,3.847510,0.062858
685,data/imagenet.npz,64,1000,cpu,cpu,1,1,1.948659,3.643027,0.061787
686,data/imagenet.npz,64,1000,cpu,cpu,1,1,1.963327,3.540507,0.062504
687,data/imagenet.npz,64,1000,cpu,cpu,1,1,1.991035,3.574194,0.062212
688,data/imagenet.npz,64,1000,cpu,cpu,1,1,1.966220,4.069427,0.063239
689,data/imagenet.npz,64,1000,cpu,cpu,1,1,1.972393,3.396022,0.061862
690,data/imagenet.npz,64,1000,cpu,cpu,1,1,1.985345,3.564757,0.192222
691,data/imagenet.npz,64,1000,cpu,cpu,1,1,1.951077,3.623509,0.062157
692,data/imagenet.npz,64,1000,cpu,cpu,1,1,1.975400,3.495170,0.064701
693,data/imagenet.npz,64,1000,cpu,cpu,1,1,1.957459,5.249394,0.062139
694,data/imagenet.npz,64,1000,cpu,cpu,1,1,1.968684,3.697953,0.061376
695,data/imagenet.npz,64,1000,cpu,cpu,1,1,1.960231,3.691444,0.062525
696,data/imagenet.npz,64,1000,cpu,cpu,1,1,1.983660,4.290403,0.062809
697,data/imagenet.npz,64,1000,cpu,cpu,1,1,1.986556,3.719059,0.064375
698,data/imagenet.npz,64,1000,cpu,cpu,1,1,1.977315,3.623808,0.062349
699,data/imagenet.npz,64,1000,cpu,cpu,1,1,1.980233,3.947090,0.062308
700,data/imagenet.npz,64,1000,cpu,cpu,1,1,1.968486,3.665506,0.062600
701,data/imagenet.npz,64,1000,cpu,cpu,1,1,1.976573,4.125601,0.062622
702,data/imagenet.npz,64,1000,cpu,cpu,1,1,1.965543,3.502563,0.061749
703,data/imagenet.npz,64,1000,cpu,cpu,1,1,1.969373,3.604977,0.064307
704,data/imagenet.npz,64,1000,cpu,cpu,1,1,1.964661,3.590882,0.062339
705,data/imagenet.npz,64,1000,cpu,cpu,1,1,1.960754,3.600632,0.062578
706,data/imagenet.npz,64,1000,cpu,cpu,1,1,1.960137,3.499838,0.062513
707,data/imagenet.npz,64,1000,cpu,cpu,1,1,1.977726,3.735523,0.062607
708,data/imagenet.npz,64,1000,cpu,cpu,1,1,1.953316,3.777466,0.061989
709,data/imagenet.npz,64,1000,cpu,cpu,1,1,1.958697,3.749704,0.191275
710,data/imagenet.npz,64,1000,cpu,cpu,1,1,1.965647,3.781741,0.062016
711,data/imagenet.npz,64,1000,cpu,cpu,1,1,1.969003,4.024641,0.062384
712,data/imagenet.npz,64,1000,cpu,cpu,1,1,1.969320,3.554366,0.063046
713,data/imagenet.npz,64,1000,cpu,cpu,1,1,1.963498,3.526721,0.062015
714,data/imagenet.npz,64,1000,cpu,cpu,1,1,1.969973,3.583887,0.062809
715,data/imagenet.npz,64,1000,cpu,cpu,1,1,1.950948,3.719109,0.062569
716,data/imagenet.npz,64,1000,cpu,cpu,1,1,1.983429,3.950104,0.061809
717,data/imagenet.npz,64,1000,cpu,cpu,1,1,1.960336,3.714025,0.062145
718,data/imagenet.npz,64,1000,cpu,cpu,1,1,1.959791,3.623000,0.062359
719,data/imagenet.npz,64,1000,cpu,cpu,1,1,1.963911,3.556332,0.061715
720,data/imagenet.npz,64,1000,cpu,cpu,1,1,1.962151,3.660572,0.062293
721,data/imagenet.npz,64,1000,cpu,cpu,1,1,1.960265,3.492913,0.062062
722,data/imagenet.npz,64,1000,cpu,cpu,1,1,1.955718,3.889023,0.062255
723,data/imagenet.npz,64,1000,cpu,cpu,1,1,1.957393,3.773117,0.063948
724,data/imagenet.npz,64,1000,cpu,cpu,1,1,2.020100,3.505534,0.063076
725,data/imagenet.npz,64,1000,cpu,cpu,1,1,1.953387,3.834349,0.066123
726,data/imagenet.npz,64,1000,cpu,cpu,1,1,1.960494,3.507899,0.061844
727,data/imagenet.npz,64,1000,cpu,cpu,1,1,1.952999,3.505663,0.187428
728,data/imagenet.npz,64,1000,cpu,cpu,1,1,1.969125,3.847681,0.061959
729,data/imagenet.npz,64,1000,cpu,cpu,1,1,1.952971,3.613540,0.062338
730,data/imagenet.npz,64,1000,cpu,cpu,1,1,1.992917,3.654797,0.062391
731,data/imagenet.npz,64,1000,cpu,cpu,1,1,1.959712,3.860640,0.062843
732,data/imagenet.npz,64,1000,cpu,cpu,1,1,1.958627,3.497649,0.062423
733,data/imagenet.npz,64,1000,cpu,cpu,1,1,1.960173,3.515410,0.062070
734,data/imagenet.npz,64,1000,cpu,cpu,1,1,1.963460,3.660074,0.062008
735,data/imagenet.npz,64,1000,cpu,cpu,1,1,1.962929,3.477605,0.062245
736,data/imagenet.npz,64,1000,cpu,cpu,1,1,2.072157,4.274468,0.061905
737,data/imagenet.npz,64,1000,cpu,cpu,1,1,1.955337,3.624257,0.062604
738,data/imagenet.npz,64,1000,cpu,cpu,1,1,1.956435,3.649455,0.062514
739,data/imagenet.npz,64,1000,cpu,cpu,1,1,1.961695,3.961467,0.062572
740,data/imagenet.npz,64,1000,cpu,cpu,1,1,1.982746,3.448064,0.067265
741,data/imagenet.npz,64,1000,cpu,cpu,1,1,1.952814,3.512176,0.062348
742,data/imagenet.npz,64,1000,cpu,cpu,1,1,1.948391,3.449907,0.061563
743,data/imagenet.npz,64,1000,cpu,cpu,1,1,1.951767,3.789141,0.062573
744,data/imagenet.npz,64,1000,cpu,cpu,1,1,1.958809,3.556526,0.063384
745,data/imagenet.npz,64,1000,cpu,cpu,1,1,1.951389,3.616885,0.184718
746,data/imagenet.npz,64,1000,cpu,cpu,1,1,1.947298,3.516543,0.067669
747,data/imagenet.npz,64,1000,cpu,cpu,1,1,1.950794,3.622456,0.061850
748,data/imagenet.npz,64,1000,cpu,cpu,1,1,1.932070,3.723662,0.066136
749,data/imagenet.npz,64,1000,cpu,cpu,1,1,1.950378,3.614748,0.062115
750,data/imagenet.npz,64,1000,cpu,cpu,1,1,1.960506,4.285209,0.062461
751,data/imagenet.npz,64,1000,cpu,cpu,1,1,1.953053,3.790265,0.065666
752,data/imagenet.npz,64,1000,cpu,cpu,1,1,1.964481,3.937209,0.066026
753,data/imagenet.npz,64,1000,cpu,cpu,1,1,1.954070,4.320824,0.062962
754,data/imagenet.npz,64,1000,cpu,cpu,1,1,1.953998,3.905492,0.062658
755,data/imagenet.npz,64,1000,cpu,cpu,1,1,1.975571,3.946095,0.061899
756,data/imagenet.npz,64,1000,cpu,cpu,1,1,1.979026,3.970689,0.062501
757,data/imagenet.npz,64,1000,cpu,cpu,1,1,1.968175,3.845927,0.062042
758,data/imagenet.npz,64,1000,cpu,cpu,1,1,1.963092,4.056353,0.063063
759,data/imagenet.npz,64,1000,cpu,cpu,1,1,1.955490,3.839687,0.062930
760,data/imagenet.npz,64,1000,cpu,cpu,1,1,1.959366,4.095005,0.062274
761,data/imagenet.npz,64,1000,cpu,cpu,1,1,1.956373,3.959876,0.068660
762,data/imagenet.npz,64,1000,cpu,cpu,1,1,1.968702,3.964936,0.065584
763,data/imagenet.npz,64,1000,cpu,cpu,1,1,1.961177,4.233758,0.062924
764,data/imagenet.npz,64,1000,cpu,cpu,1,1,1.962912,3.734343,0.185250
765,data/imagenet.npz,64,1000,cpu,cpu,1,1,1.952325,3.769394,0.062422
766,data/imagenet.npz,64,1000,cpu,cpu,1,1,1.944357,3.802841,0.062620
767,data/imagenet.npz,64,1000,cpu,cpu,1,1,1.947666,3.457966,0.062227
768,data/imagenet.npz,64,1000,cpu,cpu,1,1,1.948015,3.545261,0.065887
769,data/imagenet.npz,64,1000,cpu,cpu,1,1,1.957841,3.615666,0.062038
770,data/imagenet.npz,64,1000,cpu,cpu,1,1,1.960200,3.715258,0.062427
771,data/imagenet.npz,64,1000,cpu,cpu,1,1,1.959972,3.542249,0.063360
772,data/imagenet.npz,64,1000,cpu,cpu,1,1,1.958076,4.263889,0.062550
773,data/imagenet.npz,64,1000,cpu,cpu,1,1,1.963469,3.768976,0.062043
774,data/imagenet.npz,64,1000,cpu,cpu,1,1,1.963435,3.639561,0.061327
775,data/imagenet.npz,64,1000,cpu,cpu,1,1,1.956944,4.622148,0.062633
776,data/imagenet.npz,64,1000,cpu,cpu,1,1,1.975347,3.697671,0.063140
777,data/imagenet.npz,64,1000,cpu,cpu,1,1,1.991150,3.595217,0.064472
778,data/imagenet.npz,64,1000,cpu,cpu,1,1,1.951460,3.783864,0.066472
779,data/imagenet.npz,64,1000,cpu,cpu,1,1,1.968702,3.654966,0.061891
780,data/imagenet.npz,64,1000,cpu,cpu,1,1,1.950539,3.665175,0.062589
781,data/imagenet.npz,64,1000,cpu,cpu,1,1,1.963118,3.645931,0.061336
782,data/imagenet.npz,64,1000,cpu,cpu,1,1,1.975265,4.326416,0.194459
783,data/imagenet.npz,64,1000,cpu,cpu,1,1,1.945952,3.865167,0.062405
784,data/imagenet.npz,64,1000,cpu,cpu,1,1,1.958808,3.913983,0.062245
785,data/imagenet.npz,64,1000,cpu,cpu,1,1,1.968899,3.731059,0.061826
786,data/imagenet.npz,64,1000,cpu,cpu,1,1,1.958777,3.596487,0.061885
787,data/imagenet.npz,64,1000,cpu,cpu,1,1,1.961732,4.286660,0.061645
788,data/imagenet.npz,64,1000,cpu,cpu,1,1,1.993587,3.893194,0.062527
789,data/imagenet.npz,64,1000,cpu,cpu,1,1,1.958790,3.706153,0.062437
790,data/imagenet.npz,64,1000,cpu,cpu,1,1,1.962320,3.883328,0.065254
791,data/imagenet.npz,64,1000,cpu,cpu,1,1,1.958799,3.713991,0.062652
792,data/imagenet.npz,64,1000,cpu,cpu,1,1,1.952618,3.862091,0.061842
793,data/imagenet.npz,64,1000,cpu,cpu,1,1,1.947909,3.802140,0.067719
794,data/imagenet.npz,64,1000,cpu,cpu,1,1,1.964961,3.626778,0.061842
795,data/imagenet.npz,64,1000,cpu,cpu,1,1,1.962838,3.687962,0.062061
796,data/imagenet.npz,64,1000,cpu,cpu,1,1,1.955316,3.637187,0.062177
797,data/imagenet.npz,64,1000,cpu,cpu,1,1,1.955854,3.820476,0.062177
798,data/imagenet.npz,64,1000,cpu,cpu,1,1,1.986383,3.831509,0.062696
799,data/imagenet.npz,64,1000,cpu,cpu,1,1,1.975455,3.712849,0.062008
800,data/imagenet.npz,64,1000,cpu,cpu,1,1,1.948906,3.857131,0.193233
801,data/imagenet.npz,64,1000,cpu,cpu,1,1,1.955739,3.739472,0.062214
802,data/imagenet.npz,64,1000,cpu,cpu,1,1,1.974076,3.694566,0.062003
803,data/imagenet.npz,64,1000,cpu,cpu,1,1,1.959171,3.554111,0.064488
804,data/imagenet.npz,64,1000,cpu,cpu,1,1,1.962642,3.742976,0.062410
805,data/imagenet.npz,64,1000,cpu,cpu,1,1,1.947914,3.636050,0.064534
806,data/imagenet.npz,64,1000,cpu,cpu,1,1,2.064653,3.681990,0.063504
807,data/imagenet.npz,64,1000,cpu,cpu,1,1,1.949061,3.545963,0.062266
808,data/imagenet.npz,64,1000,cpu,cpu,1,1,1.967441,3.936784,0.065372
809,data/imagenet.npz,64,1000,cpu,cpu,1,1,1.987070,3.589179,0.061724
810,data/imagenet.npz,64,1000,cpu,cpu,1,1,1.952841,3.633406,0.064311
811,data/imagenet.npz,64,1000,cpu,cpu,1,1,2.049697,3.726903,0.066044
812,data/imagenet.npz,64,1000,cpu,cpu,1,1,1.972136,4.176282,0.062235
813,data/imagenet.npz,64,1000,cpu,cpu,1,1,1.966908,3.918283,0.061590
814,data/imagenet.npz,64,1000,cpu,cpu,1,1,1.960683,3.787059,0.063137
815,data/imagenet.npz,64,1000,cpu,cpu,1,1,2.026916,3.756769,0.062566
816,data/imagenet.npz,64,1000,cpu,cpu,1,1,1.963670,3.891267,0.063107
817,data/imagenet.npz,64,1000,cpu,cpu,1,1,1.960547,3.782558,0.066405
818,data/imagenet.npz,64,1000,cpu,cpu,1,1,1.965399,3.852023,0.063007
819,data/imagenet.npz,64,1000,cpu,cpu,1,1,1.959572,3.829936,0.198568
820,data/imagenet.npz,64,1000,cpu,cpu,1,1,1.953033,3.756011,0.066566
821,data/imagenet.npz,64,1000,cpu,cpu,1,1,1.975915,4.215329,0.062008
822,data/imagenet.npz,64,1000,cpu,cpu,1,1,1.953130,3.942998,0.062910
823,data/imagenet.npz,64,1000,cpu,cpu,1,1,1.962710,3.990378,0.066566
824,data/imagenet.npz,64,1000,cpu,cpu,1,1,1.996663,3.726334,0.066508
825,data/imagenet.npz,64,1000,cpu,cpu,1,1,1.993524,4.333233,0.060947
826,data/imagenet.npz,64,1000,cpu,cpu,1,1,1.956296,3.753702,0.062411
827,data/imagenet.npz,64,1000,cpu,cpu,1,1,1.957775,3.889381,0.062706
828,data/imagenet.npz,64,1000,cpu,cpu,1,1,2.064459,3.767396,0.062443
829,data/imagenet.npz,64,1000,cpu,cpu,1,1,1.959747,3.881667,0.063765
830,data/imagenet.npz,64,1000,cpu,cpu,1,1,1.952715,3.890006,0.062571
831,data/imagenet.npz,64,1000,cpu,cpu,1,1,2.021079,3.918550,0.061604
832,data/imagenet.npz,64,1000,cpu,cpu,1,1,1.953778,3.782579,0.062248
833,data/imagenet.npz,64,1000,cpu,cpu,1,1,1.984888,3.925740,0.061756
834,data/imagenet.npz,64,1000,cpu,cpu,1,1,1.973651,3.721597,0.061534
835,data/imagenet.npz,64,1000,cpu,cpu,1,1,1.947759,3.687351,0.062903
836,data/imagenet.npz,64,1000,cpu,cpu,1,1,1.962140,3.990828,0.061499
837,data/imagenet.npz,64,1000,cpu,cpu,1,1,2.065344,3.846601,0.196877
838,data/imagenet.npz,64,1000,cpu,cpu,1,1,2.095811,3.846946,0.061503
839,data/imagenet.npz,64,1000,cpu,cpu,1,1,2.115214,3.900349,0.062319
840,data/imagenet.npz,64,1000,cpu,cpu,1,1,2.111132,3.537008,0.062231
841,data/imagenet.npz,64,1000,cpu,cpu,1,1,1.955415,3.672059,0.061559
842,data/imagenet.npz,64,1000,cpu,cpu,1,1,1.952343,3.712054,0.062360
843,data/imagenet.npz,64,1000,cpu,cpu,1,1,1.959651,3.765857,0.062481
844,data/imagenet.npz,64,1000,cpu,cpu,1,1,1.954328,4.118729,0.062684
845,data/imagenet.npz,64,1000,cpu,cpu,1,1,1.952671,3.735651,0.062350
846,data/imagenet.npz,64,1000,cpu,cpu,1,1,1.957507,3.760414,0.061502
847,data/imagenet.npz,64,1000,cpu,cpu,1,1,1.938105,3.618914,0.065775
848,data/imagenet.npz,64,1000,cpu,cpu,1,1,1.985452,3.784550,0.061812
849,data/imagenet.npz,64,1000,cpu,cpu,1,1,1.959616,3.564281,0.061246
850,data/imagenet.npz,64,1000,cpu,cpu,1,1,1.943595,3.674933,0.062301
851,data/imagenet.npz,64,1000,cpu,cpu,1,1,2.093760,3.690896,0.064282
852,data/imagenet.npz,64,1000,cpu,cpu,1,1,1.951063,4.208389,0.062697
853,data/imagenet.npz,64,1000,cpu,cpu,1,1,1.962922,3.589503,0.061821
854,data/imagenet.npz,64,1000,cpu,cpu,1,1,1.956296,3.578521,0.062841
855,data/imagenet.npz,64,1000,cpu,cpu,1,1,1.957877,3.612716,0.193056
856,data/imagenet.npz,64,1000,cpu,cpu,1,1,1.957444,3.543961,0.063915
857,data/imagenet.npz,64,1000,cpu,cpu,1,1,1.962660,3.622008,0.062620
858,data/imagenet.npz,64,1000,cpu,cpu,1,1,1.962101,3.695419,0.064360
859,data/imagenet.npz,64,1000,cpu,cpu,1,1,1.944965,3.693888,0.064908
860,data/imagenet.npz,64,1000,cpu,cpu,1,1,1.953602,3.683338,0.062081
861,data/imagenet.npz,64,1000,cpu,cpu,1,1,1.946122,3.743353,0.064542
862,data/imagenet.npz,64,1000,cpu,cpu,1,1,1.963825,3.724190,0.062208
863,data/imagenet.npz,64,1000,cpu,cpu,1,1,1.948126,4.224124,0.061722
864,data/imagenet.npz,64,1000,cpu,cpu,1,1,1.942205,3.981300,0.062817
865,data/imagenet.npz,64,1000,cpu,cpu,1,1,1.966660,3.642513,0.062426
866,data/imagenet.npz,64,1000,cpu,cpu,1,1,1.961194,4.083207,0.062977
867,data/imagenet.npz,64,1000,cpu,cpu,1,1,1.961770,3.757509,0.062552
868,data/imagenet.npz,64,1000,cpu,cpu,1,1,1.949528,3.620927,0.062004
869,data/imagenet.npz,64,1000,cpu,cpu,1,1,1.951512,3.638445,0.063005
870,data/imagenet.npz,64,1000,cpu,cpu,1,1,1.968725,3.731527,0.065724
871,data/imagenet.npz,64,1000,cpu,cpu,1,1,2.000191,3.641033,0.062409
872,data/imagenet.npz,64,1000,cpu,cpu,1,1,1.965419,3.582694,0.063873
873,data/imagenet.npz,64,1000,cpu,cpu,1,1,1.963776,3.781719,0.062071
874,data/imagenet.npz,64,1000,cpu,cpu,1,1,2.026825,3.481505,0.183862
875,data/imagenet.npz,64,1000,cpu,cpu,1,1,1.965894,3.565350,0.062182
876,data/imagenet.npz,64,1000,cpu,cpu,1,1,1.962029,4.314075,0.062383
877,data/imagenet.npz,64,1000,cpu,cpu,1,1,1.966753,3.517819,0.062045
878,data/imagenet.npz,64,1000,cpu,cpu,1,1,1.959375,3.550414,0.063638
879,data/imagenet.npz,64,1000,cpu,cpu,1,1,1.960803,3.487842,0.062104
880,data/imagenet.npz,64,1000,cpu,cpu,1,1,1.955342,3.667164,0.061940
881,data/imagenet.npz,64,1000,cpu,cpu,1,1,1.960390,3.778838,0.062170
882,data/imagenet.npz,64,1000,cpu,cpu,1,1,1.968423,3.505607,0.062041
883,data/imagenet.npz,64,1000,cpu,cpu,1,1,1.949595,3.892065,0.063432
884,data/imagenet.npz,64,1000,cpu,cpu,1,1,1.956324,4.280640,0.062487
885,data/imagenet.npz,64,1000,cpu,cpu,1,1,1.962955,3.800122,0.067066
886,data/imagenet.npz,64,1000,cpu,cpu,1,1,1.962840,3.651405,0.062464
887,data/imagenet.npz,64,1000,cpu,cpu,1,1,1.981590,3.654785,0.062013
888,data/imagenet.npz,64,1000,cpu,cpu,1,1,1.956745,3.757293,0.062153
889,data/imagenet.npz,64,1000,cpu,cpu,1,1,1.968627,3.688052,0.062201
890,data/imagenet.npz,64,1000,cpu,cpu,1,1,1.968666,3.776056,0.061815
891,data/imagenet.npz,64,1000,cpu,cpu,1,1,1.963447,3.934631,0.063269
892,data/imagenet.npz,64,1000,cpu,cpu,1,1,1.966725,3.615954,0.196015
893,data/imagenet.npz,64,1000,cpu,cpu,1,1,1.949986,3.708640,0.062316
894,data/imagenet.npz,64,1000,cpu,cpu,1,1,1.952233,3.579749,0.061667
895,data/imagenet.npz,64,1000,cpu,cpu,1,1,1.979442,3.766710,0.062147
896,data/imagenet.npz,64,1000,cpu,cpu,1,1,1.973607,3.860041,0.062068
897,data/imagenet.npz,64,1000,cpu,cpu,1,1,1.984349,4.087743,0.062257
898,data/imagenet.npz,64,1000,cpu,cpu,1,1,1.965891,3.825925,0.061544
899,data/imagenet.npz,64,1000,cpu,cpu,1,1,1.975748,4.001048,0.061361
900,data/imagenet.npz,64,1000,cpu,cpu,1,1,1.961904,4.027939,0.062883
901,data/imagenet.npz,64,1000,cpu,cpu,1,1,1.966504,3.867157,0.062786
902,data/imagenet.npz,64,1000,cpu,cpu,1,1,1.965295,3.903778,0.061888
903,data/imagenet.npz,64,1000,cpu,cpu,1,1,1.953567,3.453677,0.061817
904,data/imagenet.npz,64,1000,cpu,cpu,1,1,1.952749,3.547536,0.062368
905,data/imagenet.npz,64,1000,cpu,cpu,1,1,1.946415,3.709033,0.062539
906,data/imagenet.npz,64,1000,cpu,cpu,1,1,1.956590,3.725814,0.062587
907,data/imagenet.npz,64,1000,cpu,cpu,1,1,1.957955,3.605863,0.061194
908,data/imagenet.npz,64,1000,cpu,cpu,1,1,1.963187,3.857151,0.063280
909,data/imagenet.npz,64,1000,cpu,cpu,1,1,1.958966,3.952850,0.065536
910,data/imagenet.npz,64,1000,cpu,cpu,1,1,1.985701,4.968391,0.062188
911,data/imagenet.npz,64,1000,cpu,cpu,1,1,1.969244,3.892466,0.194033
912,data/imagenet.npz,64,1000,cpu,cpu,1,1,1.956079,3.986791,0.062761
913,data/imagenet.npz,64,1000,cpu,cpu,1,1,1.961777,3.832153,0.061854
914,data/imagenet.npz,64,1000,cpu,cpu,1,1,1.972503,3.672375,0.061976
915,data/imagenet.npz,64,1000,cpu,cpu,1,1,1.945799,3.789044,0.064795
916,data/imagenet.npz,64,1000,cpu,cpu,1,1,1.983022,3.507080,0.062052
917,data/imagenet.npz,64,1000,cpu,cpu,1,1,1.960023,3.464141,0.061590
918,data/imagenet.npz,64,1000,cpu,cpu,1,1,1.947743,3.755467,0.062592
919,data/imagenet.npz,64,1000,cpu,cpu,1,1,1.969206,3.724862,0.068539
920,data/imagenet.npz,64,1000,cpu,cpu,1,1,1.951675,3.688768,0.063375
921,data/imagenet.npz,64,1000,cpu,cpu,1,1,1.949574,3.765244,0.062705
922,data/imagenet.npz,64,1000,cpu,cpu,1,1,1.956645,3.702086,0.062532
923,data/imagenet.npz,64,1000,cpu,cpu,1,1,1.987282,3.479533,0.062029
924,data/imagenet.npz,64,1000,cpu,cpu,1,1,2.006400,3.541586,0.065927
925,data/imagenet.npz,64,1000,cpu,cpu,1,1,2.042645,3.577197,0.061721
926,data/imagenet.npz,64,1000,cpu,cpu,1,1,1.945242,3.639707,0.061855
927,data/imagenet.npz,64,1000,cpu,cpu,1,1,1.957791,4.021823,0.062202
928,data/imagenet.npz,64,1000,cpu,cpu,1,1,2.070527,3.626973,0.062164
929,data/imagenet.npz,64,1000,cpu,cpu,1,1,1.953951,3.790174,0.190128
930,data/imagenet.npz,64,1000,cpu,cpu,1,1,1.948728,3.716239,0.061323
931,data/imagenet.npz,64,1000,cpu,cpu,1,1,1.956575,3.529592,0.063105
932,data/imagenet.npz,64,1000,cpu,cpu,1,1,1.968531,3.718898,0.062914
933,data/imagenet.npz,64,1000,cpu,cpu,1,1,1.958687,3.938224,0.062286
934,data/imagenet.npz,64,1000,cpu,cpu,1,1,1.951687,3.720930,0.062346
935,data/imagenet.npz,64,1000,cpu,cpu,1,1,1.968336,3.486394,0.062951
936,data/imagenet.npz,64,1000,cpu,cpu,1,1,1.965258,3.586628,0.062346
937,data/imagenet.npz,64,1000,cpu,cpu,1,1,1.963720,3.648628,0.062115
938,data/imagenet.npz,64,1000,cpu,cpu,1,1,1.964965,3.599635,0.061769
939,data/imagenet.npz,64,1000,cpu,cpu,1,1,1.950492,3.479741,0.064916
940,data/imagenet.npz,64,1000,cpu,cpu,1,1,1.971964,3.532314,0.062329
941,data/imagenet.npz,64,1000,cpu,cpu,1,1,1.954201,3.443802,0.062490
942,data/imagenet.npz,64,1000,cpu,cpu,1,1,1.960582,3.833702,0.062927
943,data/imagenet.npz,64,1000,cpu,cpu,1,1,1.963878,3.503899,0.062045
944,data/imagenet.npz,64,1000,cpu,cpu,1,1,1.957228,3.456568,0.061391
945,data/imagenet.npz,64,1000,cpu,cpu,1,1,1.947514,3.648995,0.062387
946,data/imagenet.npz,64,1000,cpu,cpu,1,1,1.969301,3.537361,0.062897
947,data/imagenet.npz,64,1000,cpu,cpu,1,1,1.980161,3.993063,0.180141
948,data/imagenet.npz,64,1000,cpu,cpu,1,1,1.945480,3.532534,0.062290
949,data/imagenet.npz,64,1000,cpu,cpu,1,1,1.953949,3.484848,0.061627
950,data/imagenet.npz,64,1000,cpu,cpu,1,1,1.966644,3.738142,0.062776
951,data/imagenet.npz,64,1000,cpu,cpu,1,1,1.958532,3.990028,0.062454
952,data/imagenet.npz,64,1000,cpu,cpu,1,1,1.963344,3.503373,0.062025
953,data/imagenet.npz,64,1000,cpu,cpu,1,1,1.944575,3.498772,0.062094
954,data/imagenet.npz,64,1000,cpu,cpu,1,1,1.948678,3.486564,0.062292
955,data/imagenet.npz,64,1000,cpu,cpu,1,1,1.955487,3.620208,0.062512
956,data/imagenet.npz,64,1000,cpu,cpu,1,1,1.957397,3.406567,0.062448
957,data/imagenet.npz,64,1000,cpu,cpu,1,1,1.953026,3.650869,0.061451
958,data/imagenet.npz,64,1000,cpu,cpu,1,1,1.954460,3.790955,0.061967
959,data/imagenet.npz,64,1000,cpu,cpu,1,1,2.008950,3.726037,0.062099
960,data/imagenet.npz,64,1000,cpu,cpu,1,1,1.954133,3.536029,0.061765
961,data/imagenet.npz,64,1000,cpu,cpu,1,1,1.957422,3.546849,0.063132
962,data/imagenet.npz,64,1000,cpu,cpu,1,1,1.953822,3.573145,0.062517
963,data/imagenet.npz,64,1000,cpu,cpu,1,1,1.943605,3.634124,0.063056
964,data/imagenet.npz,64,1000,cpu,cpu,1,1,1.963557,3.482780,0.061923
965,data/imagenet.npz,64,1000,cpu,cpu,1,1,1.952027,3.622078,0.062132
966,data/imagenet.npz,64,1000,cpu,cpu,1,1,1.971658,3.891177,0.191762
967,data/imagenet.npz,64,1000,cpu,cpu,1,1,1.952340,3.669468,0.061617
968,data/imagenet.npz,64,1000,cpu,cpu,1,1,1.961175,3.749409,0.062444
969,data/imagenet.npz,64,1000,cpu,cpu,1,1,1.958364,3.794592,0.061929
970,data/imagenet.npz,64,1000,cpu,cpu,1,1,1.985231,3.624916,0.062181
971,data/imagenet.npz,64,1000,cpu,cpu,1,1,1.962423,3.614308,0.061726
972,data/imagenet.npz,64,1000,cpu,cpu,1,1,1.943525,3.708659,0.062174
973,data/imagenet.npz,64,1000,cpu,cpu,1,1,1.952690,3.649733,0.062264
974,data/imagenet.npz,64,1000,cpu,cpu,1,1,1.948693,3.641427,0.066093
975,data/imagenet.npz,64,1000,cpu,cpu,1,1,1.975410,3.595341,0.061966
976,data/imagenet.npz,64,1000,cpu,cpu,1,1,1.956454,3.534552,0.062152
977,data/imagenet.npz,64,1000,cpu,cpu,1,1,1.949129,3.467313,0.065317
978,data/imagenet.npz,64,1000,cpu,cpu,1,1,1.955746,3.623805,0.062536
979,data/imagenet.npz,64,1000,cpu,cpu,1,1,1.959912,3.882875,0.065830
980,data/imagenet.npz,64,1000,cpu,cpu,1,1,1.980682,3.764068,0.063364
981,data/imagenet.npz,64,1000,cpu,cpu,1,1,1.944349,3.408546,0.061916
982,data/imagenet.npz,64,1000,cpu,cpu,1,1,1.949602,3.351026,0.061306
983,data/imagenet.npz,64,1000,cpu,cpu,1,1,1.952967,3.467385,0.061757
984,data/imagenet.npz,64,1000,cpu,cpu,1,1,1.937036,3.408957,0.184204
985,data/imagenet.npz,64,1000,cpu,cpu,1,1,1.962684,3.460629,0.061789
986,data/imagenet.npz,64,1000,cpu,cpu,1,1,1.960107,3.563417,0.061754
987,data/imagenet.npz,64,1000,cpu,cpu,1,1,1.942078,3.429979,0.062130
988,data/imagenet.npz,64,1000,cpu,cpu,1,1,1.943409,3.360283,0.064490
989,data/imagenet.npz,64,1000,cpu,cpu,1,1,1.948354,3.367485,0.062317
990,data/imagenet.npz,64,1000,cpu,cpu,1,1,1.946516,3.465279,0.061841
991,data/imagenet.npz,64,1000,cpu,cpu,1,1,1.955480,3.787618,0.061888
992,data/imagenet.npz,64,1000,cpu,cpu,1,1,1.954515,3.469716,0.062003
993,data/imagenet.npz,64,1000,cpu,cpu,1,1,1.946073,3.364799,0.062506
994,data/imagenet.npz,64,1000,cpu,cpu,1,1,1.955885,3.732690,0.061801
995,data/imagenet.npz,64,1000,cpu,cpu,1,1,1.938477,3.435588,0.062848
996,data/imagenet.npz,64,1000,cpu,cpu,1,1,1.955572,3.478208,0.062241
997,data/imagenet.npz,64,1000,cpu,cpu,1,1,1.939266,3.365296,0.061942
998,data/imagenet.npz,64,1000,cpu,cpu,1,1,1.951845,3.433150,0.062115
999,data/imagenet.npz,64,1000,cpu,cpu,1,1,1.950175,3.498613,0.061774
