image_index,data_path,num_directions,num_timesteps,device_requested,device_used,batch_size,num_cores,complex_construction_time,computation_time,vectorization_time
0,data/fashionmnist.npz,16,10000,cpu,cpu,1,1,0.001245,0.139989,0.000000
1,data/fashionmnist.npz,16,10000,cpu,cpu,1,1,0.001012,0.387320,0.000000
2,data/fashionmnist.npz,16,10000,cpu,cpu,1,1,0.000835,0.312515,0.000000
3,data/fashionmnist.npz,16,10000,cpu,cpu,1,1,0.000872,0.179620,0.000000
4,data/fashionmnist.npz,16,10000,cpu,cpu,1,1,0.000764,0.247043,0.000000
5,data/fashionmnist.npz,16,10000,cpu,cpu,1,1,0.000748,0.166500,0.000000
6,data/fashionmnist.npz,16,10000,cpu,cpu,1,1,0.000795,0.291337,0.000000
7,data/fashionmnist.npz,16,10000,cpu,cpu,1,1,0.000795,0.203923,0.000000
8,data/fashionmnist.npz,16,10000,cpu,cpu,1,1,0.000971,0.323659,0.000000
9,data/fashionmnist.npz,16,10000,cpu,cpu,1,1,0.001164,0.279152,0.000000
10,data/fashionmnist.npz,16,10000,cpu,cpu,1,1,0.000844,0.264637,0.000000
11,data/fashionmnist.npz,16,10000,cpu,cpu,1,1,0.000763,0.298413,0.000000
12,data/fashionmnist.npz,16,10000,cpu,cpu,1,1,0.000749,0.185362,0.000000
13,data/fashionmnist.npz,16,10000,cpu,cpu,1,1,0.000684,0.149072,0.000000
14,data/fashionmnist.npz,16,10000,cpu,cpu,1,1,0.000694,0.308786,0.000000
15,data/fashionmnist.npz,16,10000,cpu,cpu,1,1,0.000927,0.299143,0.000000
16,data/fashionmnist.npz,16,10000,cpu,cpu,1,1,0.000832,0.337432,0.000000
17,data/fashionmnist.npz,16,10000,cpu,cpu,1,1,0.001313,0.280855,0.000000
18,data/fashionmnist.npz,16,10000,cpu,cpu,1,1,0.000920,0.221664,0.000000
19,data/fashionmnist.npz,16,10000,cpu,cpu,1,1,0.000799,0.272696,0.000000
20,data/fashionmnist.npz,16,10000,cpu,cpu,1,1,0.000812,0.286548,0.000000
21,data/fashionmnist.npz,16,10000,cpu,cpu,1,1,0.000824,0.424501,0.000000
22,data/fashionmnist.npz,16,10000,cpu,cpu,1,1,0.000970,0.271686,0.000000
23,data/fashionmnist.npz,16,10000,cpu,cpu,1,1,0.000825,0.299752,0.000000
24,data/fashionmnist.npz,16,10000,cpu,cpu,1,1,0.000767,0.287278,0.000000
25,data/fashionmnist.npz,16,10000,cpu,cpu,1,1,0.000717,0.152196,0.000000
26,data/fashionmnist.npz,16,10000,cpu,cpu,1,1,0.000729,0.167948,0.000000
27,data/fashionmnist.npz,16,10000,cpu,cpu,1,1,0.000876,0.284057,0.000000
28,data/fashionmnist.npz,16,10000,cpu,cpu,1,1,0.000784,0.235315,0.000000
29,data/fashionmnist.npz,16,10000,cpu,cpu,1,1,0.000718,0.150591,0.000000
30,data/fashionmnist.npz,16,10000,cpu,cpu,1,1,0.000733,0.117745,0.000000
31,data/fashionmnist.npz,16,10000,cpu,cpu,1,1,0.000789,0.266562,0.000000
32,data/fashionmnist.npz,16,10000,cpu,cpu,1,1,0.000732,0.319515,0.000000
33,data/fashionmnist.npz,16,10000,cpu,cpu,1,1,0.000949,0.144963,0.000000
34,data/fashionmnist.npz,16,10000,cpu,cpu,1,1,0.000693,0.220756,0.000000
35,data/fashionmnist.npz,16,10000,cpu,cpu,1,1,0.000793,0.199757,0.000000
36,data/fashionmnist.npz,16,10000,cpu,cpu,1,1,0.000770,0.212792,0.000000
37,data/fashionmnist.npz,16,10000,cpu,cpu,1,1,0.000717,0.260896,0.000000
38,data/fashionmnist.npz,16,10000,cpu,cpu,1,1,0.000764,0.210477,0.000000
39,data/fashionmnist.npz,16,10000,cpu,cpu,1,1,0.000732,0.225783,0.000000
40,data/fashionmnist.npz,16,10000,cpu,cpu,1,1,0.000882,0.320248,0.000000
41,data/fashionmnist.npz,16,10000,cpu,cpu,1,1,0.000849,0.373962,0.000000
42,data/fashionmnist.npz,16,10000,cpu,cpu,1,1,0.000777,0.277643,0.000000
43,data/fashionmnist.npz,16,10000,cpu,cpu,1,1,0.000855,0.364692,0.000000
44,data/fashionmnist.npz,16,10000,cpu,cpu,1,1,0.000731,0.180170,0.000000
45,data/fashionmnist.npz,16,10000,cpu,cpu,1,1,0.000783,0.214467,0.000000
46,data/fashionmnist.npz,16,10000,cpu,cpu,1,1,0.000789,0.279889,0.000000
47,data/fashionmnist.npz,16,10000,cpu,cpu,1,1,0.000855,0.340540,0.000000
48,data/fashionmnist.npz,16,10000,cpu,cpu,1,1,0.000905,0.328179,0.000000
49,data/fashionmnist.npz,16,10000,cpu,cpu,1,1,0.000734,0.225023,0.000000
50,data/fashionmnist.npz,16,10000,cpu,cpu,1,1,0.000720,0.146870,0.000000
51,data/fashionmnist.npz,16,10000,cpu,cpu,1,1,0.000774,0.226052,0.000000
52,data/fashionmnist.npz,16,10000,cpu,cpu,1,1,0.000774,0.250747,0.000000
53,data/fashionmnist.npz,16,10000,cpu,cpu,1,1,0.000673,0.094876,0.000000
54,data/fashionmnist.npz,16,10000,cpu,cpu,1,1,0.000849,0.247945,0.000000
55,data/fashionmnist.npz,16,10000,cpu,cpu,1,1,0.000802,0.223000,0.000000
56,data/fashionmnist.npz,16,10000,cpu,cpu,1,1,0.000736,0.142889,0.000000
57,data/fashionmnist.npz,16,10000,cpu,cpu,1,1,0.000723,0.133456,0.000000
58,data/fashionmnist.npz,16,10000,cpu,cpu,1,1,0.000778,0.147368,0.000000
59,data/fashionmnist.npz,16,10000,cpu,cpu,1,1,0.000775,0.306218,0.000000
60,data/fashionmnist.npz,16,10000,cpu,cpu,1,1,0.000751,0.186217,0.000000
61,data/fashionmnist.npz,16,10000,cpu,cpu,1,1,0.000946,0.286269,0.000000
62,data/fashionmnist.npz,16,10000,cpu,cpu,1,1,0.000749,0.259665,0.000000
63,data/fashionmnist.npz,16,10000,cpu,cpu,1,1,0.000743,0.161557,0.000000
64,data/fashionmnist.npz,16,10000,cpu,cpu,1,1,0.000819,0.287930,0.000000
65,data/fashionmnist.npz,16,10000,cpu,cpu,1,1,0.000813,0.207756,0.000000
66,data/fashionmnist.npz,16,10000,cpu,cpu,1,1,0.000755,0.194603,0.000000
67,data/fashionmnist.npz,16,10000,cpu,cpu,1,1,0.000763,0.235161,0.000000
68,data/fashionmnist.npz,16,10000,cpu,cpu,1,1,0.000790,0.286256,0.000000
69,data/fashionmnist.npz,16,10000,cpu,cpu,1,1,0.000793,0.269056,0.000000
70,data/fashionmnist.npz,16,10000,cpu,cpu,1,1,0.000730,0.096890,0.000000
71,data/fashionmnist.npz,16,10000,cpu,cpu,1,1,0.000772,0.299823,0.000000
72,data/fashionmnist.npz,16,10000,cpu,cpu,1,1,0.000666,0.109334,0.000000
73,data/fashionmnist.npz,16,10000,cpu,cpu,1,1,0.000767,0.171981,0.000000
74,data/fashionmnist.npz,16,10000,cpu,cpu,1,1,0.000958,0.291390,0.000000
75,data/fashionmnist.npz,16,10000,cpu,cpu,1,1,0.000781,0.263841,0.000000
76,data/fashionmnist.npz,16,10000,cpu,cpu,1,1,0.000767,0.286043,0.000000
77,data/fashionmnist.npz,16,10000,cpu,cpu,1,1,0.000726,0.175550,0.000000
78,data/fashionmnist.npz,16,10000,cpu,cpu,1,1,0.000703,0.312626,0.000000
79,data/fashionmnist.npz,16,10000,cpu,cpu,1,1,0.000826,0.135960,0.000000
80,data/fashionmnist.npz,16,10000,cpu,cpu,1,1,0.000730,0.132572,0.000000
81,data/fashionmnist.npz,16,10000,cpu,cpu,1,1,0.000804,0.326404,0.000000
82,data/fashionmnist.npz,16,10000,cpu,cpu,1,1,0.000811,0.263884,0.000000
83,data/fashionmnist.npz,16,10000,cpu,cpu,1,1,0.000754,0.211438,0.000000
84,data/fashionmnist.npz,16,10000,cpu,cpu,1,1,0.000667,0.093379,0.000000
85,data/fashionmnist.npz,16,10000,cpu,cpu,1,1,0.000825,0.308826,0.000000
86,data/fashionmnist.npz,16,10000,cpu,cpu,1,1,0.000732,0.267816,0.000000
87,data/fashionmnist.npz,16,10000,cpu,cpu,1,1,0.000803,0.334573,0.000000
88,data/fashionmnist.npz,16,10000,cpu,cpu,1,1,0.000876,0.355892,0.000000
89,data/fashionmnist.npz,16,10000,cpu,cpu,1,1,0.000905,0.210744,0.000000
90,data/fashionmnist.npz,16,10000,cpu,cpu,1,1,0.000798,0.308061,0.000000
91,data/fashionmnist.npz,16,10000,cpu,cpu,1,1,0.000803,0.260655,0.000000
92,data/fashionmnist.npz,16,10000,cpu,cpu,1,1,0.000796,0.291975,0.000000
93,data/fashionmnist.npz,16,10000,cpu,cpu,1,1,0.000805,0.268702,0.000000
94,data/fashionmnist.npz,16,10000,cpu,cpu,1,1,0.000809,0.254348,0.000000
95,data/fashionmnist.npz,16,10000,cpu,cpu,1,1,0.000726,0.160794,0.000000
96,data/fashionmnist.npz,16,10000,cpu,cpu,1,1,0.000767,0.223972,0.000000
97,data/fashionmnist.npz,16,10000,cpu,cpu,1,1,0.000786,0.219200,0.000000
98,data/fashionmnist.npz,16,10000,cpu,cpu,1,1,0.000746,0.161228,0.000000
99,data/fashionmnist.npz,16,10000,cpu,cpu,1,1,0.000858,0.317904,0.000000
100,data/fashionmnist.npz,16,10000,cpu,cpu,1,1,0.000837,0.362595,0.000000
101,data/fashionmnist.npz,16,10000,cpu,cpu,1,1,0.000870,0.300232,0.000000
102,data/fashionmnist.npz,16,10000,cpu,cpu,1,1,0.000832,0.310057,0.000000
103,data/fashionmnist.npz,16,10000,cpu,cpu,1,1,0.000797,0.164788,0.000000
104,data/fashionmnist.npz,16,10000,cpu,cpu,1,1,0.000832,0.197949,0.000000
105,data/fashionmnist.npz,16,10000,cpu,cpu,1,1,0.000776,0.279537,0.000000
106,data/fashionmnist.npz,16,10000,cpu,cpu,1,1,0.000723,0.151882,0.000000
107,data/fashionmnist.npz,16,10000,cpu,cpu,1,1,0.000831,0.340589,0.000000
108,data/fashionmnist.npz,16,10000,cpu,cpu,1,1,0.000790,0.305239,0.000000
109,data/fashionmnist.npz,16,10000,cpu,cpu,1,1,0.000791,0.312197,0.000000
110,data/fashionmnist.npz,16,10000,cpu,cpu,1,1,0.000714,0.050699,0.000000
111,data/fashionmnist.npz,16,10000,cpu,cpu,1,1,0.000755,0.228835,0.000000
112,data/fashionmnist.npz,16,10000,cpu,cpu,1,1,0.000842,0.298920,0.000000
113,data/fashionmnist.npz,16,10000,cpu,cpu,1,1,0.000714,0.157147,0.000000
114,data/fashionmnist.npz,16,10000,cpu,cpu,1,1,0.000729,0.213394,0.000000
115,data/fashionmnist.npz,16,10000,cpu,cpu,1,1,0.000729,0.147902,0.000000
116,data/fashionmnist.npz,16,10000,cpu,cpu,1,1,0.000785,0.282782,0.000000
117,data/fashionmnist.npz,16,10000,cpu,cpu,1,1,0.000701,0.215314,0.000000
118,data/fashionmnist.npz,16,10000,cpu,cpu,1,1,0.000707,0.148735,0.000000
119,data/fashionmnist.npz,16,10000,cpu,cpu,1,1,0.000715,0.152732,0.000000
120,data/fashionmnist.npz,16,10000,cpu,cpu,1,1,0.000655,0.152773,0.000000
121,data/fashionmnist.npz,16,10000,cpu,cpu,1,1,0.000888,0.121969,0.000000
122,data/fashionmnist.npz,16,10000,cpu,cpu,1,1,0.000731,0.280641,0.000000
123,data/fashionmnist.npz,16,10000,cpu,cpu,1,1,0.000780,0.313645,0.000000
124,data/fashionmnist.npz,16,10000,cpu,cpu,1,1,0.000769,0.155536,0.000000
125,data/fashionmnist.npz,16,10000,cpu,cpu,1,1,0.000746,0.316866,0.000000
126,data/fashionmnist.npz,16,10000,cpu,cpu,1,1,0.000730,0.222634,0.000000
127,data/fashionmnist.npz,16,10000,cpu,cpu,1,1,0.000741,0.208149,0.000000
128,data/fashionmnist.npz,16,10000,cpu,cpu,1,1,0.000738,0.225402,0.000000
129,data/fashionmnist.npz,16,10000,cpu,cpu,1,1,0.000783,0.347737,0.000000
130,data/fashionmnist.npz,16,10000,cpu,cpu,1,1,0.000695,0.147658,0.000000
131,data/fashionmnist.npz,16,10000,cpu,cpu,1,1,0.000712,0.214898,0.000000
132,data/fashionmnist.npz,16,10000,cpu,cpu,1,1,0.000754,0.177456,0.000000
133,data/fashionmnist.npz,16,10000,cpu,cpu,1,1,0.000686,0.139284,0.000000
134,data/fashionmnist.npz,16,10000,cpu,cpu,1,1,0.000812,0.276749,0.000000
135,data/fashionmnist.npz,16,10000,cpu,cpu,1,1,0.000835,0.246192,0.000000
136,data/fashionmnist.npz,16,10000,cpu,cpu,1,1,0.000769,0.303317,0.000000
137,data/fashionmnist.npz,16,10000,cpu,cpu,1,1,0.000761,0.202361,0.000000
138,data/fashionmnist.npz,16,10000,cpu,cpu,1,1,0.000715,0.175135,0.000000
139,data/fashionmnist.npz,16,10000,cpu,cpu,1,1,0.000898,0.229406,0.000000
140,data/fashionmnist.npz,16,10000,cpu,cpu,1,1,0.000766,0.279904,0.000000
141,data/fashionmnist.npz,16,10000,cpu,cpu,1,1,0.000796,0.277257,0.000000
142,data/fashionmnist.npz,16,10000,cpu,cpu,1,1,0.000728,0.195278,0.000000
143,data/fashionmnist.npz,16,10000,cpu,cpu,1,1,0.001040,0.152042,0.000000
144,data/fashionmnist.npz,16,10000,cpu,cpu,1,1,0.000689,0.127763,0.000000
145,data/fashionmnist.npz,16,10000,cpu,cpu,1,1,0.000706,0.150477,0.000000
146,data/fashionmnist.npz,16,10000,cpu,cpu,1,1,0.000719,0.112582,0.000000
147,data/fashionmnist.npz,16,10000,cpu,cpu,1,1,0.000662,0.208185,0.000000
148,data/fashionmnist.npz,16,10000,cpu,cpu,1,1,0.000784,0.302076,0.000000
149,data/fashionmnist.npz,16,10000,cpu,cpu,1,1,0.000725,0.164519,0.000000
150,data/fashionmnist.npz,16,10000,cpu,cpu,1,1,0.000741,0.244623,0.000000
151,data/fashionmnist.npz,16,10000,cpu,cpu,1,1,0.000665,0.163204,0.000000
152,data/fashionmnist.npz,16,10000,cpu,cpu,1,1,0.000815,0.164884,0.000000
153,data/fashionmnist.npz,16,10000,cpu,cpu,1,1,0.000821,0.274102,0.000000
154,data/fashionmnist.npz,16,10000,cpu,cpu,1,1,0.000885,0.277380,0.000000
155,data/fashionmnist.npz,16,10000,cpu,cpu,1,1,0.000714,0.145535,0.000000
156,data/fashionmnist.npz,16,10000,cpu,cpu,1,1,0.000745,0.225506,0.000000
157,data/fashionmnist.npz,16,10000,cpu,cpu,1,1,0.000753,0.320161,0.000000
158,data/fashionmnist.npz,16,10000,cpu,cpu,1,1,0.000806,0.135055,0.000000
159,data/fashionmnist.npz,16,10000,cpu,cpu,1,1,0.000760,0.282909,0.000000
160,data/fashionmnist.npz,16,10000,cpu,cpu,1,1,0.000779,0.200489,0.000000
161,data/fashionmnist.npz,16,10000,cpu,cpu,1,1,0.000858,0.232148,0.000000
162,data/fashionmnist.npz,16,10000,cpu,cpu,1,1,0.000737,0.269716,0.000000
163,data/fashionmnist.npz,16,10000,cpu,cpu,1,1,0.000716,0.144644,0.000000
164,data/fashionmnist.npz,16,10000,cpu,cpu,1,1,0.000767,0.289197,0.000000
165,data/fashionmnist.npz,16,10000,cpu,cpu,1,1,0.000773,0.218735,0.000000
166,data/fashionmnist.npz,16,10000,cpu,cpu,1,1,0.000641,0.082236,0.000000
167,data/fashionmnist.npz,16,10000,cpu,cpu,1,1,0.000764,0.279090,0.000000
168,data/fashionmnist.npz,16,10000,cpu,cpu,1,1,0.000798,0.200058,0.000000
169,data/fashionmnist.npz,16,10000,cpu,cpu,1,1,0.000846,0.134516,0.000000
170,data/fashionmnist.npz,16,10000,cpu,cpu,1,1,0.000797,0.311105,0.000000
171,data/fashionmnist.npz,16,10000,cpu,cpu,1,1,0.000738,0.256998,0.000000
172,data/fashionmnist.npz,16,10000,cpu,cpu,1,1,0.000742,0.245666,0.000000
173,data/fashionmnist.npz,16,10000,cpu,cpu,1,1,0.000715,0.272675,0.000000
174,data/fashionmnist.npz,16,10000,cpu,cpu,1,1,0.000741,0.153206,0.000000
175,data/fashionmnist.npz,16,10000,cpu,cpu,1,1,0.000725,0.195516,0.000000
176,data/fashionmnist.npz,16,10000,cpu,cpu,1,1,0.000775,0.250282,0.000000
177,data/fashionmnist.npz,16,10000,cpu,cpu,1,1,0.000723,0.240637,0.000000
178,data/fashionmnist.npz,16,10000,cpu,cpu,1,1,0.000788,0.289732,0.000000
179,data/fashionmnist.npz,16,10000,cpu,cpu,1,1,0.000717,0.131794,0.000000
180,data/fashionmnist.npz,16,10000,cpu,cpu,1,1,0.000738,0.244064,0.000000
181,data/fashionmnist.npz,16,10000,cpu,cpu,1,1,0.000794,0.272157,0.000000
182,data/fashionmnist.npz,16,10000,cpu,cpu,1,1,0.000819,0.272337,0.000000
183,data/fashionmnist.npz,16,10000,cpu,cpu,1,1,0.000764,0.264477,0.000000
184,data/fashionmnist.npz,16,10000,cpu,cpu,1,1,0.000730,0.206355,0.000000
185,data/fashionmnist.npz,16,10000,cpu,cpu,1,1,0.000881,0.267404,0.000000
186,data/fashionmnist.npz,16,10000,cpu,cpu,1,1,0.000744,0.227127,0.000000
187,data/fashionmnist.npz,16,10000,cpu,cpu,1,1,0.000968,0.234811,0.000000
188,data/fashionmnist.npz,16,10000,cpu,cpu,1,1,0.000698,0.138642,0.000000
189,data/fashionmnist.npz,16,10000,cpu,cpu,1,1,0.000706,0.149664,0.000000
190,data/fashionmnist.npz,16,10000,cpu,cpu,1,1,0.000661,0.155100,0.000000
191,data/fashionmnist.npz,16,10000,cpu,cpu,1,1,0.000757,0.252831,0.000000
192,data/fashionmnist.npz,16,10000,cpu,cpu,1,1,0.000762,0.279909,0.000000
193,data/fashionmnist.npz,16,10000,cpu,cpu,1,1,0.000730,0.149297,0.000000
194,data/fashionmnist.npz,16,10000,cpu,cpu,1,1,0.000779,0.268827,0.000000
195,data/fashionmnist.npz,16,10000,cpu,cpu,1,1,0.000815,0.232064,0.000000
196,data/fashionmnist.npz,16,10000,cpu,cpu,1,1,0.000775,0.143567,0.000000
197,data/fashionmnist.npz,16,10000,cpu,cpu,1,1,0.000748,0.242413,0.000000
198,data/fashionmnist.npz,16,10000,cpu,cpu,1,1,0.000782,0.173559,0.000000
199,data/fashionmnist.npz,16,10000,cpu,cpu,1,1,0.000813,0.342631,0.000000
200,data/fashionmnist.npz,16,10000,cpu,cpu,1,1,0.000756,0.201913,0.000000
201,data/fashionmnist.npz,16,10000,cpu,cpu,1,1,0.000716,0.161391,0.000000
202,data/fashionmnist.npz,16,10000,cpu,cpu,1,1,0.000695,0.174499,0.000000
203,data/fashionmnist.npz,16,10000,cpu,cpu,1,1,0.000737,0.126836,0.000000
204,data/fashionmnist.npz,16,10000,cpu,cpu,1,1,0.000763,0.198297,0.000000
205,data/fashionmnist.npz,16,10000,cpu,cpu,1,1,0.000776,0.182320,0.000000
206,data/fashionmnist.npz,16,10000,cpu,cpu,1,1,0.000770,0.256914,0.000000
207,data/fashionmnist.npz,16,10000,cpu,cpu,1,1,0.000791,0.167886,0.000000
208,data/fashionmnist.npz,16,10000,cpu,cpu,1,1,0.000752,0.222774,0.000000
209,data/fashionmnist.npz,16,10000,cpu,cpu,1,1,0.000741,0.278771,0.000000
210,data/fashionmnist.npz,16,10000,cpu,cpu,1,1,0.000747,0.212464,0.000000
211,data/fashionmnist.npz,16,10000,cpu,cpu,1,1,0.000786,0.329959,0.000000
212,data/fashionmnist.npz,16,10000,cpu,cpu,1,1,0.000825,0.285617,0.000000
213,data/fashionmnist.npz,16,10000,cpu,cpu,1,1,0.000688,0.127975,0.000000
214,data/fashionmnist.npz,16,10000,cpu,cpu,1,1,0.000941,0.343367,0.000000
215,data/fashionmnist.npz,16,10000,cpu,cpu,1,1,0.000706,0.147843,0.000000
216,data/fashionmnist.npz,16,10000,cpu,cpu,1,1,0.000798,0.278569,0.000000
217,data/fashionmnist.npz,16,10000,cpu,cpu,1,1,0.000770,0.205855,0.000000
218,data/fashionmnist.npz,16,10000,cpu,cpu,1,1,0.000793,0.311865,0.000000
219,data/fashionmnist.npz,16,10000,cpu,cpu,1,1,0.000812,0.273631,0.000000
220,data/fashionmnist.npz,16,10000,cpu,cpu,1,1,0.000727,0.157592,0.000000
221,data/fashionmnist.npz,16,10000,cpu,cpu,1,1,0.000712,0.134173,0.000000
222,data/fashionmnist.npz,16,10000,cpu,cpu,1,1,0.000728,0.055591,0.000000
223,data/fashionmnist.npz,16,10000,cpu,cpu,1,1,0.000772,0.217106,0.000000
224,data/fashionmnist.npz,16,10000,cpu,cpu,1,1,0.000740,0.123765,0.000000
225,data/fashionmnist.npz,16,10000,cpu,cpu,1,1,0.000767,0.325490,0.000000
226,data/fashionmnist.npz,16,10000,cpu,cpu,1,1,0.001067,0.348294,0.000000
227,data/fashionmnist.npz,16,10000,cpu,cpu,1,1,0.000724,0.146423,0.000000
228,data/fashionmnist.npz,16,10000,cpu,cpu,1,1,0.000786,0.353289,0.000000
229,data/fashionmnist.npz,16,10000,cpu,cpu,1,1,0.000701,0.245205,0.000000
230,data/fashionmnist.npz,16,10000,cpu,cpu,1,1,0.000718,0.363369,0.000000
231,data/fashionmnist.npz,16,10000,cpu,cpu,1,1,0.000721,0.209950,0.000000
232,data/fashionmnist.npz,16,10000,cpu,cpu,1,1,0.000789,0.317427,0.000000
233,data/fashionmnist.npz,16,10000,cpu,cpu,1,1,0.000821,0.291508,0.000000
234,data/fashionmnist.npz,16,10000,cpu,cpu,1,1,0.000836,0.254567,0.000000
235,data/fashionmnist.npz,16,10000,cpu,cpu,1,1,0.000697,0.203303,0.000000
236,data/fashionmnist.npz,16,10000,cpu,cpu,1,1,0.000760,0.276432,0.000000
237,data/fashionmnist.npz,16,10000,cpu,cpu,1,1,0.000774,0.130551,0.000000
238,data/fashionmnist.npz,16,10000,cpu,cpu,1,1,0.000764,0.234342,0.000000
239,data/fashionmnist.npz,16,10000,cpu,cpu,1,1,0.000689,0.129813,0.000000
240,data/fashionmnist.npz,16,10000,cpu,cpu,1,1,0.000841,0.309474,0.000000
241,data/fashionmnist.npz,16,10000,cpu,cpu,1,1,0.000825,0.345951,0.000000
242,data/fashionmnist.npz,16,10000,cpu,cpu,1,1,0.000797,0.265006,0.000000
243,data/fashionmnist.npz,16,10000,cpu,cpu,1,1,0.000839,0.279620,0.000000
244,data/fashionmnist.npz,16,10000,cpu,cpu,1,1,0.000756,0.141767,0.000000
245,data/fashionmnist.npz,16,10000,cpu,cpu,1,1,0.000778,0.267335,0.000000
246,data/fashionmnist.npz,16,10000,cpu,cpu,1,1,0.000805,0.252087,0.000000
247,data/fashionmnist.npz,16,10000,cpu,cpu,1,1,0.000878,0.170678,0.000000
248,data/fashionmnist.npz,16,10000,cpu,cpu,1,1,0.000778,0.267544,0.000000
249,data/fashionmnist.npz,16,10000,cpu,cpu,1,1,0.000765,0.156486,0.000000
250,data/fashionmnist.npz,16,10000,cpu,cpu,1,1,0.000699,0.124897,0.000000
251,data/fashionmnist.npz,16,10000,cpu,cpu,1,1,0.000817,0.290185,0.000000
252,data/fashionmnist.npz,16,10000,cpu,cpu,1,1,0.000789,0.215989,0.000000
253,data/fashionmnist.npz,16,10000,cpu,cpu,1,1,0.000734,0.211697,0.000000
254,data/fashionmnist.npz,16,10000,cpu,cpu,1,1,0.000743,0.144281,0.000000
255,data/fashionmnist.npz,16,10000,cpu,cpu,1,1,0.000757,0.252827,0.000000
256,data/fashionmnist.npz,16,10000,cpu,cpu,1,1,0.000812,0.285601,0.000000
257,data/fashionmnist.npz,16,10000,cpu,cpu,1,1,0.000738,0.179973,0.000000
258,data/fashionmnist.npz,16,10000,cpu,cpu,1,1,0.000793,0.267680,0.000000
259,data/fashionmnist.npz,16,10000,cpu,cpu,1,1,0.000741,0.282934,0.000000
260,data/fashionmnist.npz,16,10000,cpu,cpu,1,1,0.000765,0.167321,0.000000
261,data/fashionmnist.npz,16,10000,cpu,cpu,1,1,0.000767,0.233554,0.000000
262,data/fashionmnist.npz,16,10000,cpu,cpu,1,1,0.000784,0.263117,0.000000
263,data/fashionmnist.npz,16,10000,cpu,cpu,1,1,0.000797,0.268404,0.000000
264,data/fashionmnist.npz,16,10000,cpu,cpu,1,1,0.000727,0.268143,0.000000
265,data/fashionmnist.npz,16,10000,cpu,cpu,1,1,0.000790,0.284260,0.000000
266,data/fashionmnist.npz,16,10000,cpu,cpu,1,1,0.000850,0.337767,0.000000
267,data/fashionmnist.npz,16,10000,cpu,cpu,1,1,0.000805,0.296038,0.000000
268,data/fashionmnist.npz,16,10000,cpu,cpu,1,1,0.000778,0.160543,0.000000
269,data/fashionmnist.npz,16,10000,cpu,cpu,1,1,0.000799,0.303859,0.000000
270,data/fashionmnist.npz,16,10000,cpu,cpu,1,1,0.000803,0.282249,0.000000
271,data/fashionmnist.npz,16,10000,cpu,cpu,1,1,0.000749,0.326235,0.000000
272,data/fashionmnist.npz,16,10000,cpu,cpu,1,1,0.000739,0.150024,0.000000
273,data/fashionmnist.npz,16,10000,cpu,cpu,1,1,0.000793,0.322886,0.000000
274,data/fashionmnist.npz,16,10000,cpu,cpu,1,1,0.000765,0.243667,0.000000
275,data/fashionmnist.npz,16,10000,cpu,cpu,1,1,0.000780,0.239206,0.000000
276,data/fashionmnist.npz,16,10000,cpu,cpu,1,1,0.000685,0.189168,0.000000
277,data/fashionmnist.npz,16,10000,cpu,cpu,1,1,0.000698,0.153195,0.000000
278,data/fashionmnist.npz,16,10000,cpu,cpu,1,1,0.000756,0.189558,0.000000
279,data/fashionmnist.npz,16,10000,cpu,cpu,1,1,0.000705,0.134957,0.000000
280,data/fashionmnist.npz,16,10000,cpu,cpu,1,1,0.000834,0.312310,0.000000
281,data/fashionmnist.npz,16,10000,cpu,cpu,1,1,0.000732,0.268190,0.000000
282,data/fashionmnist.npz,16,10000,cpu,cpu,1,1,0.000715,0.121199,0.000000
283,data/fashionmnist.npz,16,10000,cpu,cpu,1,1,0.000822,0.296062,0.000000
284,data/fashionmnist.npz,16,10000,cpu,cpu,1,1,0.000766,0.320734,0.000000
285,data/fashionmnist.npz,16,10000,cpu,cpu,1,1,0.000815,0.294574,0.000000
286,data/fashionmnist.npz,16,10000,cpu,cpu,1,1,0.000697,0.132208,0.000000
287,data/fashionmnist.npz,16,10000,cpu,cpu,1,1,0.000759,0.339173,0.000000
288,data/fashionmnist.npz,16,10000,cpu,cpu,1,1,0.000828,0.260256,0.000000
289,data/fashionmnist.npz,16,10000,cpu,cpu,1,1,0.000718,0.148339,0.000000
290,data/fashionmnist.npz,16,10000,cpu,cpu,1,1,0.000727,0.222188,0.000000
291,data/fashionmnist.npz,16,10000,cpu,cpu,1,1,0.000738,0.153524,0.000000
292,data/fashionmnist.npz,16,10000,cpu,cpu,1,1,0.000775,0.162619,0.000000
293,data/fashionmnist.npz,16,10000,cpu,cpu,1,1,0.000810,0.332528,0.000000
294,data/fashionmnist.npz,16,10000,cpu,cpu,1,1,0.000765,0.240385,0.000000
295,data/fashionmnist.npz,16,10000,cpu,cpu,1,1,0.000716,0.248324,0.000000
296,data/fashionmnist.npz,16,10000,cpu,cpu,1,1,0.000767,0.240324,0.000000
297,data/fashionmnist.npz,16,10000,cpu,cpu,1,1,0.000822,0.279277,0.000000
298,data/fashionmnist.npz,16,10000,cpu,cpu,1,1,0.000841,0.317198,0.000000
299,data/fashionmnist.npz,16,10000,cpu,cpu,1,1,0.000771,0.246902,0.000000
300,data/fashionmnist.npz,16,10000,cpu,cpu,1,1,0.000714,0.199902,0.000000
301,data/fashionmnist.npz,16,10000,cpu,cpu,1,1,0.000829,0.273694,0.000000
302,data/fashionmnist.npz,16,10000,cpu,cpu,1,1,0.000678,0.222021,0.000000
303,data/fashionmnist.npz,16,10000,cpu,cpu,1,1,0.000780,0.271297,0.000000
304,data/fashionmnist.npz,16,10000,cpu,cpu,1,1,0.000766,0.233446,0.000000
305,data/fashionmnist.npz,16,10000,cpu,cpu,1,1,0.000746,0.181526,0.000000
306,data/fashionmnist.npz,16,10000,cpu,cpu,1,1,0.000746,0.149644,0.000000
307,data/fashionmnist.npz,16,10000,cpu,cpu,1,1,0.000674,0.160436,0.000000
308,data/fashionmnist.npz,16,10000,cpu,cpu,1,1,0.000783,0.298296,0.000000
309,data/fashionmnist.npz,16,10000,cpu,cpu,1,1,0.000718,0.261722,0.000000
310,data/fashionmnist.npz,16,10000,cpu,cpu,1,1,0.000743,0.151428,0.000000
311,data/fashionmnist.npz,16,10000,cpu,cpu,1,1,0.000889,0.350468,0.000000
312,data/fashionmnist.npz,16,10000,cpu,cpu,1,1,0.000779,0.285439,0.000000
313,data/fashionmnist.npz,16,10000,cpu,cpu,1,1,0.000853,0.324400,0.000000
314,data/fashionmnist.npz,16,10000,cpu,cpu,1,1,0.000782,0.252531,0.000000
315,data/fashionmnist.npz,16,10000,cpu,cpu,1,1,0.000782,0.282821,0.000000
316,data/fashionmnist.npz,16,10000,cpu,cpu,1,1,0.000735,0.131715,0.000000
317,data/fashionmnist.npz,16,10000,cpu,cpu,1,1,0.000695,0.225713,0.000000
318,data/fashionmnist.npz,16,10000,cpu,cpu,1,1,0.000695,0.139358,0.000000
319,data/fashionmnist.npz,16,10000,cpu,cpu,1,1,0.000785,0.256467,0.000000
320,data/fashionmnist.npz,16,10000,cpu,cpu,1,1,0.000824,0.255739,0.000000
321,data/fashionmnist.npz,16,10000,cpu,cpu,1,1,0.000776,0.284503,0.000000
322,data/fashionmnist.npz,16,10000,cpu,cpu,1,1,0.000753,0.190456,0.000000
323,data/fashionmnist.npz,16,10000,cpu,cpu,1,1,0.000782,0.293069,0.000000
324,data/fashionmnist.npz,16,10000,cpu,cpu,1,1,0.000724,0.123965,0.000000
325,data/fashionmnist.npz,16,10000,cpu,cpu,1,1,0.000862,0.268230,0.000000
326,data/fashionmnist.npz,16,10000,cpu,cpu,1,1,0.000756,0.201961,0.000000
327,data/fashionmnist.npz,16,10000,cpu,cpu,1,1,0.000865,0.275838,0.000000
328,data/fashionmnist.npz,16,10000,cpu,cpu,1,1,0.000939,0.179532,0.000000
329,data/fashionmnist.npz,16,10000,cpu,cpu,1,1,0.000768,0.266227,0.000000
330,data/fashionmnist.npz,16,10000,cpu,cpu,1,1,0.000750,0.175697,0.000000
331,data/fashionmnist.npz,16,10000,cpu,cpu,1,1,0.000997,0.205450,0.000000
332,data/fashionmnist.npz,16,10000,cpu,cpu,1,1,0.000779,0.213739,0.000000
333,data/fashionmnist.npz,16,10000,cpu,cpu,1,1,0.000819,0.342702,0.000000
334,data/fashionmnist.npz,16,10000,cpu,cpu,1,1,0.000841,0.282438,0.000000
335,data/fashionmnist.npz,16,10000,cpu,cpu,1,1,0.000735,0.218061,0.000000
336,data/fashionmnist.npz,16,10000,cpu,cpu,1,1,0.000819,0.255034,0.000000
337,data/fashionmnist.npz,16,10000,cpu,cpu,1,1,0.000851,0.328463,0.000000
338,data/fashionmnist.npz,16,10000,cpu,cpu,1,1,0.000754,0.147135,0.000000
339,data/fashionmnist.npz,16,10000,cpu,cpu,1,1,0.000811,0.361988,0.000000
340,data/fashionmnist.npz,16,10000,cpu,cpu,1,1,0.000861,0.261529,0.000000
341,data/fashionmnist.npz,16,10000,cpu,cpu,1,1,0.000787,0.248575,0.000000
342,data/fashionmnist.npz,16,10000,cpu,cpu,1,1,0.000684,0.136558,0.000000
343,data/fashionmnist.npz,16,10000,cpu,cpu,1,1,0.000689,0.122132,0.000000
344,data/fashionmnist.npz,16,10000,cpu,cpu,1,1,0.000709,0.175112,0.000000
345,data/fashionmnist.npz,16,10000,cpu,cpu,1,1,0.000802,0.290005,0.000000
346,data/fashionmnist.npz,16,10000,cpu,cpu,1,1,0.000770,0.304318,0.000000
347,data/fashionmnist.npz,16,10000,cpu,cpu,1,1,0.000766,0.243631,0.000000
348,data/fashionmnist.npz,16,10000,cpu,cpu,1,1,0.000777,0.297479,0.000000
349,data/fashionmnist.npz,16,10000,cpu,cpu,1,1,0.000731,0.225413,0.000000
350,data/fashionmnist.npz,16,10000,cpu,cpu,1,1,0.000700,0.158719,0.000000
351,data/fashionmnist.npz,16,10000,cpu,cpu,1,1,0.000758,0.267347,0.000000
352,data/fashionmnist.npz,16,10000,cpu,cpu,1,1,0.000801,0.294593,0.000000
353,data/fashionmnist.npz,16,10000,cpu,cpu,1,1,0.000710,0.157621,0.000000
354,data/fashionmnist.npz,16,10000,cpu,cpu,1,1,0.000623,0.130602,0.000000
355,data/fashionmnist.npz,16,10000,cpu,cpu,1,1,0.000801,0.213319,0.000000
356,data/fashionmnist.npz,16,10000,cpu,cpu,1,1,0.000786,0.228730,0.000000
357,data/fashionmnist.npz,16,10000,cpu,cpu,1,1,0.000732,0.179758,0.000000
358,data/fashionmnist.npz,16,10000,cpu,cpu,1,1,0.000700,0.218069,0.000000
359,data/fashionmnist.npz,16,10000,cpu,cpu,1,1,0.000766,0.189676,0.000000
360,data/fashionmnist.npz,16,10000,cpu,cpu,1,1,0.000751,0.224893,0.000000
361,data/fashionmnist.npz,16,10000,cpu,cpu,1,1,0.000895,0.146186,0.000000
362,data/fashionmnist.npz,16,10000,cpu,cpu,1,1,0.000785,0.252969,0.000000
363,data/fashionmnist.npz,16,10000,cpu,cpu,1,1,0.000728,0.168178,0.000000
364,data/fashionmnist.npz,16,10000,cpu,cpu,1,1,0.000843,0.282043,0.000000
365,data/fashionmnist.npz,16,10000,cpu,cpu,1,1,0.000708,0.249294,0.000000
366,data/fashionmnist.npz,16,10000,cpu,cpu,1,1,0.000803,0.286571,0.000000
367,data/fashionmnist.npz,16,10000,cpu,cpu,1,1,0.000698,0.129743,0.000000
368,data/fashionmnist.npz,16,10000,cpu,cpu,1,1,0.000808,0.307286,0.000000
369,data/fashionmnist.npz,16,10000,cpu,cpu,1,1,0.000757,0.119023,0.000000
370,data/fashionmnist.npz,16,10000,cpu,cpu,1,1,0.000699,0.173388,0.000000
371,data/fashionmnist.npz,16,10000,cpu,cpu,1,1,0.000732,0.230425,0.000000
372,data/fashionmnist.npz,16,10000,cpu,cpu,1,1,0.000737,0.122554,0.000000
373,data/fashionmnist.npz,16,10000,cpu,cpu,1,1,0.000813,0.276465,0.000000
374,data/fashionmnist.npz,16,10000,cpu,cpu,1,1,0.001013,0.245667,0.000000
375,data/fashionmnist.npz,16,10000,cpu,cpu,1,1,0.000836,0.290502,0.000000
376,data/fashionmnist.npz,16,10000,cpu,cpu,1,1,0.000825,0.283907,0.000000
377,data/fashionmnist.npz,16,10000,cpu,cpu,1,1,0.000799,0.256126,0.000000
378,data/fashionmnist.npz,16,10000,cpu,cpu,1,1,0.000761,0.237708,0.000000
379,data/fashionmnist.npz,16,10000,cpu,cpu,1,1,0.000743,0.197279,0.000000
380,data/fashionmnist.npz,16,10000,cpu,cpu,1,1,0.000818,0.299169,0.000000
381,data/fashionmnist.npz,16,10000,cpu,cpu,1,1,0.000768,0.228983,0.000000
382,data/fashionmnist.npz,16,10000,cpu,cpu,1,1,0.000694,0.150386,0.000000
383,data/fashionmnist.npz,16,10000,cpu,cpu,1,1,0.000831,0.293801,0.000000
384,data/fashionmnist.npz,16,10000,cpu,cpu,1,1,0.000724,0.135111,0.000000
385,data/fashionmnist.npz,16,10000,cpu,cpu,1,1,0.000805,0.275976,0.000000
386,data/fashionmnist.npz,16,10000,cpu,cpu,1,1,0.000698,0.109429,0.000000
387,data/fashionmnist.npz,16,10000,cpu,cpu,1,1,0.000732,0.255509,0.000000
388,data/fashionmnist.npz,16,10000,cpu,cpu,1,1,0.000738,0.209093,0.000000
389,data/fashionmnist.npz,16,10000,cpu,cpu,1,1,0.000669,0.148275,0.000000
390,data/fashionmnist.npz,16,10000,cpu,cpu,1,1,0.000856,0.289382,0.000000
391,data/fashionmnist.npz,16,10000,cpu,cpu,1,1,0.000800,0.242687,0.000000
392,data/fashionmnist.npz,16,10000,cpu,cpu,1,1,0.000777,0.246978,0.000000
393,data/fashionmnist.npz,16,10000,cpu,cpu,1,1,0.000776,0.220413,0.000000
394,data/fashionmnist.npz,16,10000,cpu,cpu,1,1,0.000746,0.274264,0.000000
395,data/fashionmnist.npz,16,10000,cpu,cpu,1,1,0.000774,0.128617,0.000000
396,data/fashionmnist.npz,16,10000,cpu,cpu,1,1,0.000704,0.118913,0.000000
397,data/fashionmnist.npz,16,10000,cpu,cpu,1,1,0.000784,0.269068,0.000000
398,data/fashionmnist.npz,16,10000,cpu,cpu,1,1,0.000786,0.280736,0.000000
399,data/fashionmnist.npz,16,10000,cpu,cpu,1,1,0.000818,0.316975,0.000000
400,data/fashionmnist.npz,16,10000,cpu,cpu,1,1,0.000730,0.293017,0.000000
401,data/fashionmnist.npz,16,10000,cpu,cpu,1,1,0.000690,0.290883,0.000000
402,data/fashionmnist.npz,16,10000,cpu,cpu,1,1,0.000741,0.144453,0.000000
403,data/fashionmnist.npz,16,10000,cpu,cpu,1,1,0.000727,0.131108,0.000000
404,data/fashionmnist.npz,16,10000,cpu,cpu,1,1,0.000740,0.144543,0.000000
405,data/fashionmnist.npz,16,10000,cpu,cpu,1,1,0.000738,0.149578,0.000000
406,data/fashionmnist.npz,16,10000,cpu,cpu,1,1,0.000756,0.285622,0.000000
407,data/fashionmnist.npz,16,10000,cpu,cpu,1,1,0.000751,0.179036,0.000000
408,data/fashionmnist.npz,16,10000,cpu,cpu,1,1,0.000751,0.130739,0.000000
409,data/fashionmnist.npz,16,10000,cpu,cpu,1,1,0.000804,0.229879,0.000000
410,data/fashionmnist.npz,16,10000,cpu,cpu,1,1,0.000772,0.179699,0.000000
411,data/fashionmnist.npz,16,10000,cpu,cpu,1,1,0.000773,0.239150,0.000000
412,data/fashionmnist.npz,16,10000,cpu,cpu,1,1,0.000771,0.136138,0.000000
413,data/fashionmnist.npz,16,10000,cpu,cpu,1,1,0.000702,0.198360,0.000000
414,data/fashionmnist.npz,16,10000,cpu,cpu,1,1,0.000806,0.280983,0.000000
415,data/fashionmnist.npz,16,10000,cpu,cpu,1,1,0.000718,0.171463,0.000000
416,data/fashionmnist.npz,16,10000,cpu,cpu,1,1,0.000690,0.094240,0.000000
417,data/fashionmnist.npz,16,10000,cpu,cpu,1,1,0.000762,0.199529,0.000000
418,data/fashionmnist.npz,16,10000,cpu,cpu,1,1,0.000713,0.264662,0.000000
419,data/fashionmnist.npz,16,10000,cpu,cpu,1,1,0.000790,0.301648,0.000000
420,data/fashionmnist.npz,16,10000,cpu,cpu,1,1,0.000737,0.277481,0.000000
421,data/fashionmnist.npz,16,10000,cpu,cpu,1,1,0.000740,0.255964,0.000000
422,data/fashionmnist.npz,16,10000,cpu,cpu,1,1,0.000765,0.206130,0.000000
423,data/fashionmnist.npz,16,10000,cpu,cpu,1,1,0.000766,0.124548,0.000000
424,data/fashionmnist.npz,16,10000,cpu,cpu,1,1,0.000744,0.244863,0.000000
425,data/fashionmnist.npz,16,10000,cpu,cpu,1,1,0.000751,0.159236,0.000000
426,data/fashionmnist.npz,16,10000,cpu,cpu,1,1,0.000985,0.301922,0.000000
427,data/fashionmnist.npz,16,10000,cpu,cpu,1,1,0.000771,0.231649,0.000000
428,data/fashionmnist.npz,16,10000,cpu,cpu,1,1,0.000756,0.153723,0.000000
429,data/fashionmnist.npz,16,10000,cpu,cpu,1,1,0.000726,0.167377,0.000000
430,data/fashionmnist.npz,16,10000,cpu,cpu,1,1,0.000743,0.142845,0.000000
431,data/fashionmnist.npz,16,10000,cpu,cpu,1,1,0.000695,0.234336,0.000000
432,data/fashionmnist.npz,16,10000,cpu,cpu,1,1,0.000823,0.309592,0.000000
433,data/fashionmnist.npz,16,10000,cpu,cpu,1,1,0.000802,0.265895,0.000000
434,data/fashionmnist.npz,16,10000,cpu,cpu,1,1,0.000832,0.253222,0.000000
435,data/fashionmnist.npz,16,10000,cpu,cpu,1,1,0.000776,0.288248,0.000000
436,data/fashionmnist.npz,16,10000,cpu,cpu,1,1,0.000745,0.151983,0.000000
437,data/fashionmnist.npz,16,10000,cpu,cpu,1,1,0.000790,0.296782,0.000000
438,data/fashionmnist.npz,16,10000,cpu,cpu,1,1,0.000691,0.144858,0.000000
439,data/fashionmnist.npz,16,10000,cpu,cpu,1,1,0.000783,0.244666,0.000000
440,data/fashionmnist.npz,16,10000,cpu,cpu,1,1,0.000717,0.244318,0.000000
441,data/fashionmnist.npz,16,10000,cpu,cpu,1,1,0.000741,0.136221,0.000000
442,data/fashionmnist.npz,16,10000,cpu,cpu,1,1,0.000753,0.124629,0.000000
443,data/fashionmnist.npz,16,10000,cpu,cpu,1,1,0.000747,0.223882,0.000000
444,data/fashionmnist.npz,16,10000,cpu,cpu,1,1,0.000764,0.296514,0.000000
445,data/fashionmnist.npz,16,10000,cpu,cpu,1,1,0.000762,0.293207,0.000000
446,data/fashionmnist.npz,16,10000,cpu,cpu,1,1,0.000742,0.251693,0.000000
447,data/fashionmnist.npz,16,10000,cpu,cpu,1,1,0.000734,0.143865,0.000000
448,data/fashionmnist.npz,16,10000,cpu,cpu,1,1,0.000846,0.349024,0.000000
449,data/fashionmnist.npz,16,10000,cpu,cpu,1,1,0.000802,0.255439,0.000000
450,data/fashionmnist.npz,16,10000,cpu,cpu,1,1,0.000739,0.190010,0.000000
451,data/fashionmnist.npz,16,10000,cpu,cpu,1,1,0.000712,0.180272,0.000000
452,data/fashionmnist.npz,16,10000,cpu,cpu,1,1,0.000810,0.232661,0.000000
453,data/fashionmnist.npz,16,10000,cpu,cpu,1,1,0.000719,0.087732,0.000000
454,data/fashionmnist.npz,16,10000,cpu,cpu,1,1,0.000805,0.275328,0.000000
455,data/fashionmnist.npz,16,10000,cpu,cpu,1,1,0.000717,0.169357,0.000000
456,data/fashionmnist.npz,16,10000,cpu,cpu,1,1,0.000956,0.274995,0.000000
457,data/fashionmnist.npz,16,10000,cpu,cpu,1,1,0.000784,0.268317,0.000000
458,data/fashionmnist.npz,16,10000,cpu,cpu,1,1,0.000765,0.151812,0.000000
459,data/fashionmnist.npz,16,10000,cpu,cpu,1,1,0.000854,0.284866,0.000000
460,data/fashionmnist.npz,16,10000,cpu,cpu,1,1,0.000760,0.191532,0.000000
461,data/fashionmnist.npz,16,10000,cpu,cpu,1,1,0.000727,0.203702,0.000000
462,data/fashionmnist.npz,16,10000,cpu,cpu,1,1,0.000780,0.252971,0.000000
463,data/fashionmnist.npz,16,10000,cpu,cpu,1,1,0.000796,0.338364,0.000000
464,data/fashionmnist.npz,16,10000,cpu,cpu,1,1,0.000655,0.095695,0.000000
465,data/fashionmnist.npz,16,10000,cpu,cpu,1,1,0.000826,0.255668,0.000000
466,data/fashionmnist.npz,16,10000,cpu,cpu,1,1,0.000708,0.056703,0.000000
467,data/fashionmnist.npz,16,10000,cpu,cpu,1,1,0.000860,0.256201,0.000000
468,data/fashionmnist.npz,16,10000,cpu,cpu,1,1,0.000768,0.269178,0.000000
469,data/fashionmnist.npz,16,10000,cpu,cpu,1,1,0.000826,0.282034,0.000000
470,data/fashionmnist.npz,16,10000,cpu,cpu,1,1,0.000790,0.212236,0.000000
471,data/fashionmnist.npz,16,10000,cpu,cpu,1,1,0.000820,0.131368,0.000000
472,data/fashionmnist.npz,16,10000,cpu,cpu,1,1,0.000711,0.141570,0.000000
473,data/fashionmnist.npz,16,10000,cpu,cpu,1,1,0.000767,0.246871,0.000000
474,data/fashionmnist.npz,16,10000,cpu,cpu,1,1,0.000796,0.231949,0.000000
475,data/fashionmnist.npz,16,10000,cpu,cpu,1,1,0.000791,0.303919,0.000000
476,data/fashionmnist.npz,16,10000,cpu,cpu,1,1,0.000835,0.315301,0.000000
477,data/fashionmnist.npz,16,10000,cpu,cpu,1,1,0.000834,0.259041,0.000000
478,data/fashionmnist.npz,16,10000,cpu,cpu,1,1,0.000775,0.150649,0.000000
479,data/fashionmnist.npz,16,10000,cpu,cpu,1,1,0.000814,0.268181,0.000000
480,data/fashionmnist.npz,16,10000,cpu,cpu,1,1,0.000796,0.279569,0.000000
481,data/fashionmnist.npz,16,10000,cpu,cpu,1,1,0.000802,0.332612,0.000000
482,data/fashionmnist.npz,16,10000,cpu,cpu,1,1,0.000793,0.236881,0.000000
483,data/fashionmnist.npz,16,10000,cpu,cpu,1,1,0.000745,0.209851,0.000000
484,data/fashionmnist.npz,16,10000,cpu,cpu,1,1,0.000787,0.182215,0.000000
485,data/fashionmnist.npz,16,10000,cpu,cpu,1,1,0.000740,0.193268,0.000000
486,data/fashionmnist.npz,16,10000,cpu,cpu,1,1,0.000853,0.293618,0.000000
487,data/fashionmnist.npz,16,10000,cpu,cpu,1,1,0.000788,0.266624,0.000000
488,data/fashionmnist.npz,16,10000,cpu,cpu,1,1,0.000812,0.296512,0.000000
489,data/fashionmnist.npz,16,10000,cpu,cpu,1,1,0.000778,0.275843,0.000000
490,data/fashionmnist.npz,16,10000,cpu,cpu,1,1,0.000769,0.255243,0.000000
491,data/fashionmnist.npz,16,10000,cpu,cpu,1,1,0.000765,0.243930,0.000000
492,data/fashionmnist.npz,16,10000,cpu,cpu,1,1,0.000795,0.296636,0.000000
493,data/fashionmnist.npz,16,10000,cpu,cpu,1,1,0.000784,0.141961,0.000000
494,data/fashionmnist.npz,16,10000,cpu,cpu,1,1,0.000742,0.266255,0.000000
495,data/fashionmnist.npz,16,10000,cpu,cpu,1,1,0.000732,0.212047,0.000000
496,data/fashionmnist.npz,16,10000,cpu,cpu,1,1,0.000696,0.150025,0.000000
497,data/fashionmnist.npz,16,10000,cpu,cpu,1,1,0.000810,0.272963,0.000000
498,data/fashionmnist.npz,16,10000,cpu,cpu,1,1,0.000743,0.323035,0.000000
499,data/fashionmnist.npz,16,10000,cpu,cpu,1,1,0.000722,0.147453,0.000000
500,data/fashionmnist.npz,16,10000,cpu,cpu,1,1,0.000689,0.164333,0.000000
501,data/fashionmnist.npz,16,10000,cpu,cpu,1,1,0.000742,0.230779,0.000000
502,data/fashionmnist.npz,16,10000,cpu,cpu,1,1,0.000744,0.308939,0.000000
503,data/fashionmnist.npz,16,10000,cpu,cpu,1,1,0.000722,0.172830,0.000000
504,data/fashionmnist.npz,16,10000,cpu,cpu,1,1,0.000830,0.259321,0.000000
505,data/fashionmnist.npz,16,10000,cpu,cpu,1,1,0.000690,0.145292,0.000000
506,data/fashionmnist.npz,16,10000,cpu,cpu,1,1,0.000825,0.299664,0.000000
507,data/fashionmnist.npz,16,10000,cpu,cpu,1,1,0.000754,0.219989,0.000000
508,data/fashionmnist.npz,16,10000,cpu,cpu,1,1,0.000771,0.214579,0.000000
509,data/fashionmnist.npz,16,10000,cpu,cpu,1,1,0.000825,0.304756,0.000000
510,data/fashionmnist.npz,16,10000,cpu,cpu,1,1,0.000830,0.293274,0.000000
511,data/fashionmnist.npz,16,10000,cpu,cpu,1,1,0.000798,0.300716,0.000000
512,data/fashionmnist.npz,16,10000,cpu,cpu,1,1,0.000766,0.272442,0.000000
513,data/fashionmnist.npz,16,10000,cpu,cpu,1,1,0.000725,0.180382,0.000000
514,data/fashionmnist.npz,16,10000,cpu,cpu,1,1,0.000783,0.255101,0.000000
515,data/fashionmnist.npz,16,10000,cpu,cpu,1,1,0.000796,0.287823,0.000000
516,data/fashionmnist.npz,16,10000,cpu,cpu,1,1,0.000704,0.193042,0.000000
517,data/fashionmnist.npz,16,10000,cpu,cpu,1,1,0.000764,0.199611,0.000000
518,data/fashionmnist.npz,16,10000,cpu,cpu,1,1,0.000754,0.271361,0.000000
519,data/fashionmnist.npz,16,10000,cpu,cpu,1,1,0.000811,0.295185,0.000000
520,data/fashionmnist.npz,16,10000,cpu,cpu,1,1,0.000811,0.212505,0.000000
521,data/fashionmnist.npz,16,10000,cpu,cpu,1,1,0.000757,0.207548,0.000000
522,data/fashionmnist.npz,16,10000,cpu,cpu,1,1,0.000715,0.144569,0.000000
523,data/fashionmnist.npz,16,10000,cpu,cpu,1,1,0.000760,0.147261,0.000000
524,data/fashionmnist.npz,16,10000,cpu,cpu,1,1,0.000729,0.224103,0.000000
525,data/fashionmnist.npz,16,10000,cpu,cpu,1,1,0.000782,0.275501,0.000000
526,data/fashionmnist.npz,16,10000,cpu,cpu,1,1,0.000693,0.124665,0.000000
527,data/fashionmnist.npz,16,10000,cpu,cpu,1,1,0.000736,0.117542,0.000000
528,data/fashionmnist.npz,16,10000,cpu,cpu,1,1,0.000709,0.234711,0.000000
529,data/fashionmnist.npz,16,10000,cpu,cpu,1,1,0.000780,0.294061,0.000000
530,data/fashionmnist.npz,16,10000,cpu,cpu,1,1,0.000806,0.288375,0.000000
531,data/fashionmnist.npz,16,10000,cpu,cpu,1,1,0.000923,0.221190,0.000000
532,data/fashionmnist.npz,16,10000,cpu,cpu,1,1,0.000765,0.201642,0.000000
533,data/fashionmnist.npz,16,10000,cpu,cpu,1,1,0.000794,0.277665,0.000000
534,data/fashionmnist.npz,16,10000,cpu,cpu,1,1,0.000828,0.278936,0.000000
535,data/fashionmnist.npz,16,10000,cpu,cpu,1,1,0.000758,0.285926,0.000000
536,data/fashionmnist.npz,16,10000,cpu,cpu,1,1,0.000735,0.137689,0.000000
537,data/fashionmnist.npz,16,10000,cpu,cpu,1,1,0.000863,0.352282,0.000000
538,data/fashionmnist.npz,16,10000,cpu,cpu,1,1,0.000770,0.166483,0.000000
539,data/fashionmnist.npz,16,10000,cpu,cpu,1,1,0.000865,0.283387,0.000000
540,data/fashionmnist.npz,16,10000,cpu,cpu,1,1,0.000694,0.082855,0.000000
541,data/fashionmnist.npz,16,10000,cpu,cpu,1,1,0.000747,0.149640,0.000000
542,data/fashionmnist.npz,16,10000,cpu,cpu,1,1,0.000712,0.135548,0.000000
543,data/fashionmnist.npz,16,10000,cpu,cpu,1,1,0.000679,0.132259,0.000000
544,data/fashionmnist.npz,16,10000,cpu,cpu,1,1,0.000739,0.148717,0.000000
545,data/fashionmnist.npz,16,10000,cpu,cpu,1,1,0.000686,0.123418,0.000000
546,data/fashionmnist.npz,16,10000,cpu,cpu,1,1,0.000740,0.146206,0.000000
547,data/fashionmnist.npz,16,10000,cpu,cpu,1,1,0.000789,0.210543,0.000000
548,data/fashionmnist.npz,16,10000,cpu,cpu,1,1,0.000748,0.221966,0.000000
549,data/fashionmnist.npz,16,10000,cpu,cpu,1,1,0.000785,0.263770,0.000000
550,data/fashionmnist.npz,16,10000,cpu,cpu,1,1,0.000812,0.330765,0.000000
551,data/fashionmnist.npz,16,10000,cpu,cpu,1,1,0.000880,0.297977,0.000000
552,data/fashionmnist.npz,16,10000,cpu,cpu,1,1,0.000770,0.274438,0.000000
553,data/fashionmnist.npz,16,10000,cpu,cpu,1,1,0.000808,0.289867,0.000000
554,data/fashionmnist.npz,16,10000,cpu,cpu,1,1,0.000730,0.214204,0.000000
555,data/fashionmnist.npz,16,10000,cpu,cpu,1,1,0.000654,0.102945,0.000000
556,data/fashionmnist.npz,16,10000,cpu,cpu,1,1,0.000703,0.142691,0.000000
557,data/fashionmnist.npz,16,10000,cpu,cpu,1,1,0.000693,0.107439,0.000000
558,data/fashionmnist.npz,16,10000,cpu,cpu,1,1,0.000685,0.136742,0.000000
559,data/fashionmnist.npz,16,10000,cpu,cpu,1,1,0.000879,0.156694,0.000000
560,data/fashionmnist.npz,16,10000,cpu,cpu,1,1,0.000735,0.143490,0.000000
561,data/fashionmnist.npz,16,10000,cpu,cpu,1,1,0.000722,0.135042,0.000000
562,data/fashionmnist.npz,16,10000,cpu,cpu,1,1,0.000783,0.246508,0.000000
563,data/fashionmnist.npz,16,10000,cpu,cpu,1,1,0.000706,0.125681,0.000000
564,data/fashionmnist.npz,16,10000,cpu,cpu,1,1,0.000734,0.240104,0.000000
565,data/fashionmnist.npz,16,10000,cpu,cpu,1,1,0.000697,0.139543,0.000000
566,data/fashionmnist.npz,16,10000,cpu,cpu,1,1,0.000718,0.262056,0.000000
567,data/fashionmnist.npz,16,10000,cpu,cpu,1,1,0.000906,0.358113,0.000000
568,data/fashionmnist.npz,16,10000,cpu,cpu,1,1,0.000695,0.131480,0.000000
569,data/fashionmnist.npz,16,10000,cpu,cpu,1,1,0.000765,0.297859,0.000000
570,data/fashionmnist.npz,16,10000,cpu,cpu,1,1,0.000731,0.128117,0.000000
571,data/fashionmnist.npz,16,10000,cpu,cpu,1,1,0.001250,0.346276,0.000000
572,data/fashionmnist.npz,16,10000,cpu,cpu,1,1,0.000767,0.295391,0.000000
573,data/fashionmnist.npz,16,10000,cpu,cpu,1,1,0.000737,0.193229,0.000000
574,data/fashionmnist.npz,16,10000,cpu,cpu,1,1,0.000816,0.328864,0.000000
575,data/fashionmnist.npz,16,10000,cpu,cpu,1,1,0.000756,0.241716,0.000000
576,data/fashionmnist.npz,16,10000,cpu,cpu,1,1,0.000645,0.137602,0.000000
577,data/fashionmnist.npz,16,10000,cpu,cpu,1,1,0.000715,0.220959,0.000000
578,data/fashionmnist.npz,16,10000,cpu,cpu,1,1,0.000759,0.229294,0.000000
579,data/fashionmnist.npz,16,10000,cpu,cpu,1,1,0.000725,0.145566,0.000000
580,data/fashionmnist.npz,16,10000,cpu,cpu,1,1,0.000687,0.101188,0.000000
581,data/fashionmnist.npz,16,10000,cpu,cpu,1,1,0.000753,0.197556,0.000000
582,data/fashionmnist.npz,16,10000,cpu,cpu,1,1,0.000781,0.141397,0.000000
583,data/fashionmnist.npz,16,10000,cpu,cpu,1,1,0.000781,0.236580,0.000000
584,data/fashionmnist.npz,16,10000,cpu,cpu,1,1,0.000859,0.340665,0.000000
585,data/fashionmnist.npz,16,10000,cpu,cpu,1,1,0.000891,0.164290,0.000000
586,data/fashionmnist.npz,16,10000,cpu,cpu,1,1,0.000745,0.215228,0.000000
587,data/fashionmnist.npz,16,10000,cpu,cpu,1,1,0.000778,0.240825,0.000000
588,data/fashionmnist.npz,16,10000,cpu,cpu,1,1,0.000662,0.130059,0.000000
589,data/fashionmnist.npz,16,10000,cpu,cpu,1,1,0.000756,0.220914,0.000000
590,data/fashionmnist.npz,16,10000,cpu,cpu,1,1,0.000755,0.163362,0.000000
591,data/fashionmnist.npz,16,10000,cpu,cpu,1,1,0.000724,0.173808,0.000000
592,data/fashionmnist.npz,16,10000,cpu,cpu,1,1,0.000775,0.327313,0.000000
593,data/fashionmnist.npz,16,10000,cpu,cpu,1,1,0.000741,0.137526,0.000000
594,data/fashionmnist.npz,16,10000,cpu,cpu,1,1,0.000724,0.234725,0.000000
595,data/fashionmnist.npz,16,10000,cpu,cpu,1,1,0.000721,0.269203,0.000000
596,data/fashionmnist.npz,16,10000,cpu,cpu,1,1,0.000798,0.166061,0.000000
597,data/fashionmnist.npz,16,10000,cpu,cpu,1,1,0.000813,0.294320,0.000000
598,data/fashionmnist.npz,16,10000,cpu,cpu,1,1,0.000739,0.176330,0.000000
599,data/fashionmnist.npz,16,10000,cpu,cpu,1,1,0.000701,0.224075,0.000000
600,data/fashionmnist.npz,16,10000,cpu,cpu,1,1,0.000708,0.064230,0.000000
601,data/fashionmnist.npz,16,10000,cpu,cpu,1,1,0.000803,0.292073,0.000000
602,data/fashionmnist.npz,16,10000,cpu,cpu,1,1,0.000781,0.207288,0.000000
603,data/fashionmnist.npz,16,10000,cpu,cpu,1,1,0.000709,0.191334,0.000000
604,data/fashionmnist.npz,16,10000,cpu,cpu,1,1,0.000742,0.255461,0.000000
605,data/fashionmnist.npz,16,10000,cpu,cpu,1,1,0.000731,0.130841,0.000000
606,data/fashionmnist.npz,16,10000,cpu,cpu,1,1,0.000739,0.142503,0.000000
607,data/fashionmnist.npz,16,10000,cpu,cpu,1,1,0.000777,0.342458,0.000000
608,data/fashionmnist.npz,16,10000,cpu,cpu,1,1,0.000708,0.217899,0.000000
609,data/fashionmnist.npz,16,10000,cpu,cpu,1,1,0.000904,0.148285,0.000000
610,data/fashionmnist.npz,16,10000,cpu,cpu,1,1,0.000725,0.156758,0.000000
611,data/fashionmnist.npz,16,10000,cpu,cpu,1,1,0.000673,0.086971,0.000000
612,data/fashionmnist.npz,16,10000,cpu,cpu,1,1,0.000669,0.134113,0.000000
613,data/fashionmnist.npz,16,10000,cpu,cpu,1,1,0.000747,0.246721,0.000000
614,data/fashionmnist.npz,16,10000,cpu,cpu,1,1,0.000869,0.305241,0.000000
615,data/fashionmnist.npz,16,10000,cpu,cpu,1,1,0.000792,0.180664,0.000000
616,data/fashionmnist.npz,16,10000,cpu,cpu,1,1,0.000881,0.238454,0.000000
617,data/fashionmnist.npz,16,10000,cpu,cpu,1,1,0.000685,0.137881,0.000000
618,data/fashionmnist.npz,16,10000,cpu,cpu,1,1,0.000776,0.219158,0.000000
619,data/fashionmnist.npz,16,10000,cpu,cpu,1,1,0.000831,0.275270,0.000000
620,data/fashionmnist.npz,16,10000,cpu,cpu,1,1,0.000702,0.300519,0.000000
621,data/fashionmnist.npz,16,10000,cpu,cpu,1,1,0.000773,0.246880,0.000000
622,data/fashionmnist.npz,16,10000,cpu,cpu,1,1,0.000736,0.146751,0.000000
623,data/fashionmnist.npz,16,10000,cpu,cpu,1,1,0.000830,0.311798,0.000000
624,data/fashionmnist.npz,16,10000,cpu,cpu,1,1,0.000739,0.163498,0.000000
625,data/fashionmnist.npz,16,10000,cpu,cpu,1,1,0.000797,0.304393,0.000000
626,data/fashionmnist.npz,16,10000,cpu,cpu,1,1,0.000740,0.133972,0.000000
627,data/fashionmnist.npz,16,10000,cpu,cpu,1,1,0.000767,0.194708,0.000000
628,data/fashionmnist.npz,16,10000,cpu,cpu,1,1,0.000799,0.289158,0.000000
629,data/fashionmnist.npz,16,10000,cpu,cpu,1,1,0.000770,0.179635,0.000000
630,data/fashionmnist.npz,16,10000,cpu,cpu,1,1,0.000770,0.312500,0.000000
631,data/fashionmnist.npz,16,10000,cpu,cpu,1,1,0.000809,0.240807,0.000000
632,data/fashionmnist.npz,16,10000,cpu,cpu,1,1,0.000759,0.167905,0.000000
633,data/fashionmnist.npz,16,10000,cpu,cpu,1,1,0.000745,0.161898,0.000000
634,data/fashionmnist.npz,16,10000,cpu,cpu,1,1,0.000817,0.200458,0.000000
635,data/fashionmnist.npz,16,10000,cpu,cpu,1,1,0.000757,0.243212,0.000000
636,data/fashionmnist.npz,16,10000,cpu,cpu,1,1,0.000789,0.218273,0.000000
637,data/fashionmnist.npz,16,10000,cpu,cpu,1,1,0.000863,0.292928,0.000000
638,data/fashionmnist.npz,16,10000,cpu,cpu,1,1,0.000768,0.261328,0.000000
639,data/fashionmnist.npz,16,10000,cpu,cpu,1,1,0.000831,0.256718,0.000000
640,data/fashionmnist.npz,16,10000,cpu,cpu,1,1,0.000728,0.145185,0.000000
641,data/fashionmnist.npz,16,10000,cpu,cpu,1,1,0.000773,0.230391,0.000000
642,data/fashionmnist.npz,16,10000,cpu,cpu,1,1,0.000732,0.193139,0.000000
643,data/fashionmnist.npz,16,10000,cpu,cpu,1,1,0.000754,0.204504,0.000000
644,data/fashionmnist.npz,16,10000,cpu,cpu,1,1,0.000788,0.302065,0.000000
645,data/fashionmnist.npz,16,10000,cpu,cpu,1,1,0.000819,0.221315,0.000000
646,data/fashionmnist.npz,16,10000,cpu,cpu,1,1,0.000803,0.245593,0.000000
647,data/fashionmnist.npz,16,10000,cpu,cpu,1,1,0.000729,0.194350,0.000000
648,data/fashionmnist.npz,16,10000,cpu,cpu,1,1,0.000817,0.290485,0.000000
649,data/fashionmnist.npz,16,10000,cpu,cpu,1,1,0.000704,0.125071,0.000000
650,data/fashionmnist.npz,16,10000,cpu,cpu,1,1,0.000742,0.076986,0.000000
651,data/fashionmnist.npz,16,10000,cpu,cpu,1,1,0.000797,0.293436,0.000000
652,data/fashionmnist.npz,16,10000,cpu,cpu,1,1,0.000775,0.254598,0.000000
653,data/fashionmnist.npz,16,10000,cpu,cpu,1,1,0.000747,0.129857,0.000000
654,data/fashionmnist.npz,16,10000,cpu,cpu,1,1,0.000724,0.185517,0.000000
655,data/fashionmnist.npz,16,10000,cpu,cpu,1,1,0.000740,0.217315,0.000000
656,data/fashionmnist.npz,16,10000,cpu,cpu,1,1,0.000715,0.113040,0.000000
657,data/fashionmnist.npz,16,10000,cpu,cpu,1,1,0.000896,0.324446,0.000000
658,data/fashionmnist.npz,16,10000,cpu,cpu,1,1,0.000774,0.290013,0.000000
659,data/fashionmnist.npz,16,10000,cpu,cpu,1,1,0.000762,0.250695,0.000000
660,data/fashionmnist.npz,16,10000,cpu,cpu,1,1,0.000852,0.222545,0.000000
661,data/fashionmnist.npz,16,10000,cpu,cpu,1,1,0.000715,0.181541,0.000000
662,data/fashionmnist.npz,16,10000,cpu,cpu,1,1,0.000808,0.143643,0.000000
663,data/fashionmnist.npz,16,10000,cpu,cpu,1,1,0.000706,0.157718,0.000000
664,data/fashionmnist.npz,16,10000,cpu,cpu,1,1,0.000839,0.326136,0.000000
665,data/fashionmnist.npz,16,10000,cpu,cpu,1,1,0.000706,0.129230,0.000000
666,data/fashionmnist.npz,16,10000,cpu,cpu,1,1,0.000631,0.129837,0.000000
667,data/fashionmnist.npz,16,10000,cpu,cpu,1,1,0.000767,0.270222,0.000000
668,data/fashionmnist.npz,16,10000,cpu,cpu,1,1,0.000792,0.190721,0.000000
669,data/fashionmnist.npz,16,10000,cpu,cpu,1,1,0.000896,0.290868,0.000000
670,data/fashionmnist.npz,16,10000,cpu,cpu,1,1,0.000839,0.243729,0.000000
671,data/fashionmnist.npz,16,10000,cpu,cpu,1,1,0.000745,0.204047,0.000000
672,data/fashionmnist.npz,16,10000,cpu,cpu,1,1,0.000782,0.219950,0.000000
673,data/fashionmnist.npz,16,10000,cpu,cpu,1,1,0.000780,0.239750,0.000000
674,data/fashionmnist.npz,16,10000,cpu,cpu,1,1,0.000753,0.289148,0.000000
675,data/fashionmnist.npz,16,10000,cpu,cpu,1,1,0.001827,0.288974,0.000000
676,data/fashionmnist.npz,16,10000,cpu,cpu,1,1,0.000711,0.149589,0.000000
677,data/fashionmnist.npz,16,10000,cpu,cpu,1,1,0.000727,0.135085,0.000000
678,data/fashionmnist.npz,16,10000,cpu,cpu,1,1,0.000740,0.289783,0.000000
679,data/fashionmnist.npz,16,10000,cpu,cpu,1,1,0.000846,0.202776,0.000000
680,data/fashionmnist.npz,16,10000,cpu,cpu,1,1,0.000769,0.245677,0.000000
681,data/fashionmnist.npz,16,10000,cpu,cpu,1,1,0.000770,0.204891,0.000000
682,data/fashionmnist.npz,16,10000,cpu,cpu,1,1,0.000742,0.202166,0.000000
683,data/fashionmnist.npz,16,10000,cpu,cpu,1,1,0.000769,0.131248,0.000000
684,data/fashionmnist.npz,16,10000,cpu,cpu,1,1,0.000685,0.152651,0.000000
685,data/fashionmnist.npz,16,10000,cpu,cpu,1,1,0.000710,0.140808,0.000000
686,data/fashionmnist.npz,16,10000,cpu,cpu,1,1,0.000758,0.264536,0.000000
687,data/fashionmnist.npz,16,10000,cpu,cpu,1,1,0.000733,0.266110,0.000000
688,data/fashionmnist.npz,16,10000,cpu,cpu,1,1,0.000807,0.150577,0.000000
689,data/fashionmnist.npz,16,10000,cpu,cpu,1,1,0.000738,0.230289,0.000000
690,data/fashionmnist.npz,16,10000,cpu,cpu,1,1,0.000853,0.280950,0.000000
691,data/fashionmnist.npz,16,10000,cpu,cpu,1,1,0.000783,0.218490,0.000000
692,data/fashionmnist.npz,16,10000,cpu,cpu,1,1,0.000784,0.312024,0.000000
693,data/fashionmnist.npz,16,10000,cpu,cpu,1,1,0.000786,0.181190,0.000000
694,data/fashionmnist.npz,16,10000,cpu,cpu,1,1,0.000813,0.284875,0.000000
695,data/fashionmnist.npz,16,10000,cpu,cpu,1,1,0.000793,0.255437,0.000000
696,data/fashionmnist.npz,16,10000,cpu,cpu,1,1,0.000810,0.263083,0.000000
697,data/fashionmnist.npz,16,10000,cpu,cpu,1,1,0.000754,0.142866,0.000000
698,data/fashionmnist.npz,16,10000,cpu,cpu,1,1,0.000834,0.342785,0.000000
699,data/fashionmnist.npz,16,10000,cpu,cpu,1,1,0.000830,0.217457,0.000000
700,data/fashionmnist.npz,16,10000,cpu,cpu,1,1,0.000730,0.111399,0.000000
701,data/fashionmnist.npz,16,10000,cpu,cpu,1,1,0.000710,0.191917,0.000000
702,data/fashionmnist.npz,16,10000,cpu,cpu,1,1,0.000740,0.162081,0.000000
703,data/fashionmnist.npz,16,10000,cpu,cpu,1,1,0.000803,0.236007,0.000000
704,data/fashionmnist.npz,16,10000,cpu,cpu,1,1,0.000763,0.190395,0.000000
705,data/fashionmnist.npz,16,10000,cpu,cpu,1,1,0.000703,0.144550,0.000000
706,data/fashionmnist.npz,16,10000,cpu,cpu,1,1,0.000766,0.272062,0.000000
707,data/fashionmnist.npz,16,10000,cpu,cpu,1,1,0.000798,0.174909,0.000000
708,data/fashionmnist.npz,16,10000,cpu,cpu,1,1,0.000800,0.225801,0.000000
709,data/fashionmnist.npz,16,10000,cpu,cpu,1,1,0.000736,0.250188,0.000000
710,data/fashionmnist.npz,16,10000,cpu,cpu,1,1,0.000810,0.166409,0.000000
711,data/fashionmnist.npz,16,10000,cpu,cpu,1,1,0.000769,0.300330,0.000000
712,data/fashionmnist.npz,16,10000,cpu,cpu,1,1,0.000724,0.096597,0.000000
713,data/fashionmnist.npz,16,10000,cpu,cpu,1,1,0.000835,0.257692,0.000000
714,data/fashionmnist.npz,16,10000,cpu,cpu,1,1,0.000744,0.192096,0.000000
715,data/fashionmnist.npz,16,10000,cpu,cpu,1,1,0.000819,0.264959,0.000000
716,data/fashionmnist.npz,16,10000,cpu,cpu,1,1,0.000832,0.271144,0.000000
717,data/fashionmnist.npz,16,10000,cpu,cpu,1,1,0.000825,0.327611,0.000000
718,data/fashionmnist.npz,16,10000,cpu,cpu,1,1,0.000889,0.249587,0.000000
719,data/fashionmnist.npz,16,10000,cpu,cpu,1,1,0.000745,0.298576,0.000000
720,data/fashionmnist.npz,16,10000,cpu,cpu,1,1,0.000734,0.147723,0.000000
721,data/fashionmnist.npz,16,10000,cpu,cpu,1,1,0.000759,0.137561,0.000000
722,data/fashionmnist.npz,16,10000,cpu,cpu,1,1,0.000716,0.151487,0.000000
723,data/fashionmnist.npz,16,10000,cpu,cpu,1,1,0.000784,0.207821,0.000000
724,data/fashionmnist.npz,16,10000,cpu,cpu,1,1,0.000815,0.288783,0.000000
725,data/fashionmnist.npz,16,10000,cpu,cpu,1,1,0.000742,0.250152,0.000000
726,data/fashionmnist.npz,16,10000,cpu,cpu,1,1,0.000960,0.264068,0.000000
727,data/fashionmnist.npz,16,10000,cpu,cpu,1,1,0.000796,0.326749,0.000000
728,data/fashionmnist.npz,16,10000,cpu,cpu,1,1,0.000798,0.278753,0.000000
729,data/fashionmnist.npz,16,10000,cpu,cpu,1,1,0.000759,0.152009,0.000000
730,data/fashionmnist.npz,16,10000,cpu,cpu,1,1,0.000727,0.134000,0.000000
731,data/fashionmnist.npz,16,10000,cpu,cpu,1,1,0.000695,0.177778,0.000000
732,data/fashionmnist.npz,16,10000,cpu,cpu,1,1,0.000828,0.275389,0.000000
733,data/fashionmnist.npz,16,10000,cpu,cpu,1,1,0.000918,0.320174,0.000000
734,data/fashionmnist.npz,16,10000,cpu,cpu,1,1,0.000887,0.259427,0.000000
735,data/fashionmnist.npz,16,10000,cpu,cpu,1,1,0.000794,0.214423,0.000000
736,data/fashionmnist.npz,16,10000,cpu,cpu,1,1,0.000746,0.158427,0.000000
737,data/fashionmnist.npz,16,10000,cpu,cpu,1,1,0.000827,0.288407,0.000000
738,data/fashionmnist.npz,16,10000,cpu,cpu,1,1,0.000714,0.210461,0.000000
739,data/fashionmnist.npz,16,10000,cpu,cpu,1,1,0.000719,0.130506,0.000000
740,data/fashionmnist.npz,16,10000,cpu,cpu,1,1,0.000799,0.235844,0.000000
741,data/fashionmnist.npz,16,10000,cpu,cpu,1,1,0.000733,0.116057,0.000000
742,data/fashionmnist.npz,16,10000,cpu,cpu,1,1,0.000694,0.193311,0.000000
743,data/fashionmnist.npz,16,10000,cpu,cpu,1,1,0.000831,0.303411,0.000000
744,data/fashionmnist.npz,16,10000,cpu,cpu,1,1,0.000750,0.188284,0.000000
745,data/fashionmnist.npz,16,10000,cpu,cpu,1,1,0.000827,0.293241,0.000000
746,data/fashionmnist.npz,16,10000,cpu,cpu,1,1,0.000748,0.227532,0.000000
747,data/fashionmnist.npz,16,10000,cpu,cpu,1,1,0.000707,0.138502,0.000000
748,data/fashionmnist.npz,16,10000,cpu,cpu,1,1,0.000844,0.201986,0.000000
749,data/fashionmnist.npz,16,10000,cpu,cpu,1,1,0.000797,0.291951,0.000000
750,data/fashionmnist.npz,16,10000,cpu,cpu,1,1,0.000669,0.115036,0.000000
751,data/fashionmnist.npz,16,10000,cpu,cpu,1,1,0.000775,0.229652,0.000000
752,data/fashionmnist.npz,16,10000,cpu,cpu,1,1,0.000789,0.248092,0.000000
753,data/fashionmnist.npz,16,10000,cpu,cpu,1,1,0.000697,0.218004,0.000000
754,data/fashionmnist.npz,16,10000,cpu,cpu,1,1,0.000720,0.143217,0.000000
755,data/fashionmnist.npz,16,10000,cpu,cpu,1,1,0.000774,0.231999,0.000000
756,data/fashionmnist.npz,16,10000,cpu,cpu,1,1,0.000658,0.115153,0.000000
757,data/fashionmnist.npz,16,10000,cpu,cpu,1,1,0.000885,0.302815,0.000000
758,data/fashionmnist.npz,16,10000,cpu,cpu,1,1,0.000762,0.181308,0.000000
759,data/fashionmnist.npz,16,10000,cpu,cpu,1,1,0.000759,0.279243,0.000000
760,data/fashionmnist.npz,16,10000,cpu,cpu,1,1,0.000854,0.187264,0.000000
761,data/fashionmnist.npz,16,10000,cpu,cpu,1,1,0.000735,0.108079,0.000000
762,data/fashionmnist.npz,16,10000,cpu,cpu,1,1,0.000743,0.189526,0.000000
763,data/fashionmnist.npz,16,10000,cpu,cpu,1,1,0.000710,0.115784,0.000000
764,data/fashionmnist.npz,16,10000,cpu,cpu,1,1,0.000842,0.323233,0.000000
765,data/fashionmnist.npz,16,10000,cpu,cpu,1,1,0.000790,0.202979,0.000000
766,data/fashionmnist.npz,16,10000,cpu,cpu,1,1,0.000731,0.154858,0.000000
767,data/fashionmnist.npz,16,10000,cpu,cpu,1,1,0.000805,0.204852,0.000000
768,data/fashionmnist.npz,16,10000,cpu,cpu,1,1,0.000735,0.186973,0.000000
769,data/fashionmnist.npz,16,10000,cpu,cpu,1,1,0.000739,0.163371,0.000000
770,data/fashionmnist.npz,16,10000,cpu,cpu,1,1,0.000652,0.145277,0.000000
771,data/fashionmnist.npz,16,10000,cpu,cpu,1,1,0.000806,0.290348,0.000000
772,data/fashionmnist.npz,16,10000,cpu,cpu,1,1,0.000754,0.208740,0.000000
773,data/fashionmnist.npz,16,10000,cpu,cpu,1,1,0.000828,0.270781,0.000000
774,data/fashionmnist.npz,16,10000,cpu,cpu,1,1,0.000666,0.089927,0.000000
775,data/fashionmnist.npz,16,10000,cpu,cpu,1,1,0.000831,0.295805,0.000000
776,data/fashionmnist.npz,16,10000,cpu,cpu,1,1,0.000957,0.197907,0.000000
777,data/fashionmnist.npz,16,10000,cpu,cpu,1,1,0.000812,0.342269,0.000000
778,data/fashionmnist.npz,16,10000,cpu,cpu,1,1,0.000693,0.092963,0.000000
779,data/fashionmnist.npz,16,10000,cpu,cpu,1,1,0.000756,0.241267,0.000000
780,data/fashionmnist.npz,16,10000,cpu,cpu,1,1,0.000726,0.138743,0.000000
781,data/fashionmnist.npz,16,10000,cpu,cpu,1,1,0.000734,0.211012,0.000000
782,data/fashionmnist.npz,16,10000,cpu,cpu,1,1,0.000801,0.287876,0.000000
783,data/fashionmnist.npz,16,10000,cpu,cpu,1,1,0.000824,0.264175,0.000000
784,data/fashionmnist.npz,16,10000,cpu,cpu,1,1,0.000726,0.173961,0.000000
785,data/fashionmnist.npz,16,10000,cpu,cpu,1,1,0.000814,0.256354,0.000000
786,data/fashionmnist.npz,16,10000,cpu,cpu,1,1,0.000843,0.308895,0.000000
787,data/fashionmnist.npz,16,10000,cpu,cpu,1,1,0.000752,0.177512,0.000000
788,data/fashionmnist.npz,16,10000,cpu,cpu,1,1,0.000758,0.176170,0.000000
789,data/fashionmnist.npz,16,10000,cpu,cpu,1,1,0.000689,0.096499,0.000000
790,data/fashionmnist.npz,16,10000,cpu,cpu,1,1,0.000823,0.284254,0.000000
791,data/fashionmnist.npz,16,10000,cpu,cpu,1,1,0.000744,0.231078,0.000000
792,data/fashionmnist.npz,16,10000,cpu,cpu,1,1,0.000750,0.173778,0.000000
793,data/fashionmnist.npz,16,10000,cpu,cpu,1,1,0.000801,0.259639,0.000000
794,data/fashionmnist.npz,16,10000,cpu,cpu,1,1,0.000769,0.244319,0.000000
795,data/fashionmnist.npz,16,10000,cpu,cpu,1,1,0.000777,0.271993,0.000000
796,data/fashionmnist.npz,16,10000,cpu,cpu,1,1,0.000712,0.116633,0.000000
797,data/fashionmnist.npz,16,10000,cpu,cpu,1,1,0.000745,0.142400,0.000000
798,data/fashionmnist.npz,16,10000,cpu,cpu,1,1,0.000804,0.219512,0.000000
799,data/fashionmnist.npz,16,10000,cpu,cpu,1,1,0.000825,0.286668,0.000000
800,data/fashionmnist.npz,16,10000,cpu,cpu,1,1,0.000693,0.124902,0.000000
801,data/fashionmnist.npz,16,10000,cpu,cpu,1,1,0.000744,0.281595,0.000000
802,data/fashionmnist.npz,16,10000,cpu,cpu,1,1,0.000806,0.306496,0.000000
803,data/fashionmnist.npz,16,10000,cpu,cpu,1,1,0.000717,0.171061,0.000000
804,data/fashionmnist.npz,16,10000,cpu,cpu,1,1,0.000873,0.310652,0.000000
805,data/fashionmnist.npz,16,10000,cpu,cpu,1,1,0.000754,0.217395,0.000000
806,data/fashionmnist.npz,16,10000,cpu,cpu,1,1,0.000805,0.276541,0.000000
807,data/fashionmnist.npz,16,10000,cpu,cpu,1,1,0.000683,0.152446,0.000000
808,data/fashionmnist.npz,16,10000,cpu,cpu,1,1,0.000816,0.266763,0.000000
809,data/fashionmnist.npz,16,10000,cpu,cpu,1,1,0.000776,0.260054,0.000000
810,data/fashionmnist.npz,16,10000,cpu,cpu,1,1,0.000844,0.330578,0.000000
811,data/fashionmnist.npz,16,10000,cpu,cpu,1,1,0.000714,0.284099,0.000000
812,data/fashionmnist.npz,16,10000,cpu,cpu,1,1,0.000944,0.273548,0.000000
813,data/fashionmnist.npz,16,10000,cpu,cpu,1,1,0.000789,0.287271,0.000000
814,data/fashionmnist.npz,16,10000,cpu,cpu,1,1,0.000760,0.242275,0.000000
815,data/fashionmnist.npz,16,10000,cpu,cpu,1,1,0.000731,0.198936,0.000000
816,data/fashionmnist.npz,16,10000,cpu,cpu,1,1,0.000752,0.296162,0.000000
817,data/fashionmnist.npz,16,10000,cpu,cpu,1,1,0.000651,0.130812,0.000000
818,data/fashionmnist.npz,16,10000,cpu,cpu,1,1,0.000775,0.175919,0.000000
819,data/fashionmnist.npz,16,10000,cpu,cpu,1,1,0.000755,0.306281,0.000000
820,data/fashionmnist.npz,16,10000,cpu,cpu,1,1,0.000678,0.100248,0.000000
821,data/fashionmnist.npz,16,10000,cpu,cpu,1,1,0.000653,0.098960,0.000000
822,data/fashionmnist.npz,16,10000,cpu,cpu,1,1,0.000763,0.298960,0.000000
823,data/fashionmnist.npz,16,10000,cpu,cpu,1,1,0.000804,0.265264,0.000000
824,data/fashionmnist.npz,16,10000,cpu,cpu,1,1,0.000868,0.126752,0.000000
825,data/fashionmnist.npz,16,10000,cpu,cpu,1,1,0.000702,0.132927,0.000000
826,data/fashionmnist.npz,16,10000,cpu,cpu,1,1,0.000805,0.241093,0.000000
827,data/fashionmnist.npz,16,10000,cpu,cpu,1,1,0.000877,0.307482,0.000000
828,data/fashionmnist.npz,16,10000,cpu,cpu,1,1,0.000721,0.145612,0.000000
829,data/fashionmnist.npz,16,10000,cpu,cpu,1,1,0.000784,0.257199,0.000000
830,data/fashionmnist.npz,16,10000,cpu,cpu,1,1,0.000729,0.128197,0.000000
831,data/fashionmnist.npz,16,10000,cpu,cpu,1,1,0.000716,0.191488,0.000000
832,data/fashionmnist.npz,16,10000,cpu,cpu,1,1,0.000792,0.303356,0.000000
833,data/fashionmnist.npz,16,10000,cpu,cpu,1,1,0.000755,0.184372,0.000000
834,data/fashionmnist.npz,16,10000,cpu,cpu,1,1,0.000758,0.261465,0.000000
835,data/fashionmnist.npz,16,10000,cpu,cpu,1,1,0.000872,0.282087,0.000000
836,data/fashionmnist.npz,16,10000,cpu,cpu,1,1,0.000783,0.268246,0.000000
837,data/fashionmnist.npz,16,10000,cpu,cpu,1,1,0.000716,0.142542,0.000000
838,data/fashionmnist.npz,16,10000,cpu,cpu,1,1,0.000770,0.272447,0.000000
839,data/fashionmnist.npz,16,10000,cpu,cpu,1,1,0.000753,0.242172,0.000000
840,data/fashionmnist.npz,16,10000,cpu,cpu,1,1,0.000785,0.267611,0.000000
841,data/fashionmnist.npz,16,10000,cpu,cpu,1,1,0.000713,0.183639,0.000000
842,data/fashionmnist.npz,16,10000,cpu,cpu,1,1,0.000696,0.267914,0.000000
843,data/fashionmnist.npz,16,10000,cpu,cpu,1,1,0.000824,0.279875,0.000000
844,data/fashionmnist.npz,16,10000,cpu,cpu,1,1,0.000793,0.287659,0.000000
845,data/fashionmnist.npz,16,10000,cpu,cpu,1,1,0.000836,0.303545,0.000000
846,data/fashionmnist.npz,16,10000,cpu,cpu,1,1,0.000780,0.263440,0.000000
847,data/fashionmnist.npz,16,10000,cpu,cpu,1,1,0.000765,0.274889,0.000000
848,data/fashionmnist.npz,16,10000,cpu,cpu,1,1,0.000758,0.220434,0.000000
849,data/fashionmnist.npz,16,10000,cpu,cpu,1,1,0.000742,0.221232,0.000000
850,data/fashionmnist.npz,16,10000,cpu,cpu,1,1,0.000781,0.197787,0.000000
851,data/fashionmnist.npz,16,10000,cpu,cpu,1,1,0.000779,0.267515,0.000000
852,data/fashionmnist.npz,16,10000,cpu,cpu,1,1,0.001119,0.262827,0.000000
853,data/fashionmnist.npz,16,10000,cpu,cpu,1,1,0.000910,0.277136,0.000000
854,data/fashionmnist.npz,16,10000,cpu,cpu,1,1,0.000735,0.242889,0.000000
855,data/fashionmnist.npz,16,10000,cpu,cpu,1,1,0.000739,0.137076,0.000000
856,data/fashionmnist.npz,16,10000,cpu,cpu,1,1,0.000828,0.245889,0.000000
857,data/fashionmnist.npz,16,10000,cpu,cpu,1,1,0.000820,0.261158,0.000000
858,data/fashionmnist.npz,16,10000,cpu,cpu,1,1,0.000713,0.194685,0.000000
859,data/fashionmnist.npz,16,10000,cpu,cpu,1,1,0.000804,0.235929,0.000000
860,data/fashionmnist.npz,16,10000,cpu,cpu,1,1,0.000754,0.195855,0.000000
861,data/fashionmnist.npz,16,10000,cpu,cpu,1,1,0.000774,0.200821,0.000000
862,data/fashionmnist.npz,16,10000,cpu,cpu,1,1,0.000820,0.298970,0.000000
863,data/fashionmnist.npz,16,10000,cpu,cpu,1,1,0.000861,0.274965,0.000000
864,data/fashionmnist.npz,16,10000,cpu,cpu,1,1,0.000779,0.298084,0.000000
865,data/fashionmnist.npz,16,10000,cpu,cpu,1,1,0.000749,0.175141,0.000000
866,data/fashionmnist.npz,16,10000,cpu,cpu,1,1,0.000754,0.170956,0.000000
867,data/fashionmnist.npz,16,10000,cpu,cpu,1,1,0.000795,0.191745,0.000000
868,data/fashionmnist.npz,16,10000,cpu,cpu,1,1,0.000817,0.212114,0.000000
869,data/fashionmnist.npz,16,10000,cpu,cpu,1,1,0.000783,0.190458,0.000000
870,data/fashionmnist.npz,16,10000,cpu,cpu,1,1,0.000736,0.277253,0.000000
871,data/fashionmnist.npz,16,10000,cpu,cpu,1,1,0.000867,0.305237,0.000000
872,data/fashionmnist.npz,16,10000,cpu,cpu,1,1,0.000724,0.248108,0.000000
873,data/fashionmnist.npz,16,10000,cpu,cpu,1,1,0.000822,0.294596,0.000000
874,data/fashionmnist.npz,16,10000,cpu,cpu,1,1,0.000711,0.091815,0.000000
875,data/fashionmnist.npz,16,10000,cpu,cpu,1,1,0.000693,0.111588,0.000000
876,data/fashionmnist.npz,16,10000,cpu,cpu,1,1,0.000794,0.270823,0.000000
877,data/fashionmnist.npz,16,10000,cpu,cpu,1,1,0.000808,0.294910,0.000000
878,data/fashionmnist.npz,16,10000,cpu,cpu,1,1,0.000686,0.109959,0.000000
879,data/fashionmnist.npz,16,10000,cpu,cpu,1,1,0.000801,0.301880,0.000000
880,data/fashionmnist.npz,16,10000,cpu,cpu,1,1,0.000759,0.193290,0.000000
881,data/fashionmnist.npz,16,10000,cpu,cpu,1,1,0.000728,0.153418,0.000000
882,data/fashionmnist.npz,16,10000,cpu,cpu,1,1,0.000799,0.277732,0.000000
883,data/fashionmnist.npz,16,10000,cpu,cpu,1,1,0.000753,0.192599,0.000000
884,data/fashionmnist.npz,16,10000,cpu,cpu,1,1,0.000781,0.179569,0.000000
885,data/fashionmnist.npz,16,10000,cpu,cpu,1,1,0.000804,0.294446,0.000000
886,data/fashionmnist.npz,16,10000,cpu,cpu,1,1,0.000889,0.317588,0.000000
887,data/fashionmnist.npz,16,10000,cpu,cpu,1,1,0.000714,0.166846,0.000000
888,data/fashionmnist.npz,16,10000,cpu,cpu,1,1,0.000790,0.209445,0.000000
889,data/fashionmnist.npz,16,10000,cpu,cpu,1,1,0.000729,0.294821,0.000000
890,data/fashionmnist.npz,16,10000,cpu,cpu,1,1,0.000758,0.141342,0.000000
891,data/fashionmnist.npz,16,10000,cpu,cpu,1,1,0.000772,0.333282,0.000000
892,data/fashionmnist.npz,16,10000,cpu,cpu,1,1,0.000757,0.102553,0.000000
893,data/fashionmnist.npz,16,10000,cpu,cpu,1,1,0.000893,0.275879,0.000000
894,data/fashionmnist.npz,16,10000,cpu,cpu,1,1,0.000734,0.168776,0.000000
895,data/fashionmnist.npz,16,10000,cpu,cpu,1,1,0.000725,0.180116,0.000000
896,data/fashionmnist.npz,16,10000,cpu,cpu,1,1,0.000764,0.274872,0.000000
897,data/fashionmnist.npz,16,10000,cpu,cpu,1,1,0.000797,0.287302,0.000000
898,data/fashionmnist.npz,16,10000,cpu,cpu,1,1,0.000778,0.281613,0.000000
899,data/fashionmnist.npz,16,10000,cpu,cpu,1,1,0.000810,0.297520,0.000000
900,data/fashionmnist.npz,16,10000,cpu,cpu,1,1,0.000828,0.278481,0.000000
901,data/fashionmnist.npz,16,10000,cpu,cpu,1,1,0.000782,0.302601,0.000000
902,data/fashionmnist.npz,16,10000,cpu,cpu,1,1,0.000756,0.173514,0.000000
903,data/fashionmnist.npz,16,10000,cpu,cpu,1,1,0.000966,0.303803,0.000000
904,data/fashionmnist.npz,16,10000,cpu,cpu,1,1,0.000767,0.145549,0.000000
905,data/fashionmnist.npz,16,10000,cpu,cpu,1,1,0.000807,0.285017,0.000000
906,data/fashionmnist.npz,16,10000,cpu,cpu,1,1,0.000819,0.337666,0.000000
907,data/fashionmnist.npz,16,10000,cpu,cpu,1,1,0.000854,0.297663,0.000000
908,data/fashionmnist.npz,16,10000,cpu,cpu,1,1,0.000746,0.151610,0.000000
909,data/fashionmnist.npz,16,10000,cpu,cpu,1,1,0.000745,0.266387,0.000000
910,data/fashionmnist.npz,16,10000,cpu,cpu,1,1,0.000747,0.246008,0.000000
911,data/fashionmnist.npz,16,10000,cpu,cpu,1,1,0.000749,0.266327,0.000000
912,data/fashionmnist.npz,16,10000,cpu,cpu,1,1,0.000911,0.280613,0.000000
913,data/fashionmnist.npz,16,10000,cpu,cpu,1,1,0.000802,0.340469,0.000000
914,data/fashionmnist.npz,16,10000,cpu,cpu,1,1,0.000783,0.174857,0.000000
915,data/fashionmnist.npz,16,10000,cpu,cpu,1,1,0.000803,0.160684,0.000000
916,data/fashionmnist.npz,16,10000,cpu,cpu,1,1,0.000767,0.225927,0.000000
917,data/fashionmnist.npz,16,10000,cpu,cpu,1,1,0.000772,0.318258,0.000000
918,data/fashionmnist.npz,16,10000,cpu,cpu,1,1,0.000759,0.302121,0.000000
919,data/fashionmnist.npz,16,10000,cpu,cpu,1,1,0.000753,0.209714,0.000000
920,data/fashionmnist.npz,16,10000,cpu,cpu,1,1,0.000724,0.233862,0.000000
921,data/fashionmnist.npz,16,10000,cpu,cpu,1,1,0.000749,0.166743,0.000000
922,data/fashionmnist.npz,16,10000,cpu,cpu,1,1,0.000784,0.279470,0.000000
923,data/fashionmnist.npz,16,10000,cpu,cpu,1,1,0.000932,0.145597,0.000000
924,data/fashionmnist.npz,16,10000,cpu,cpu,1,1,0.000743,0.277264,0.000000
925,data/fashionmnist.npz,16,10000,cpu,cpu,1,1,0.000748,0.148078,0.000000
926,data/fashionmnist.npz,16,10000,cpu,cpu,1,1,0.000771,0.271346,0.000000
927,data/fashionmnist.npz,16,10000,cpu,cpu,1,1,0.000764,0.278735,0.000000
928,data/fashionmnist.npz,16,10000,cpu,cpu,1,1,0.000852,0.318412,0.000000
929,data/fashionmnist.npz,16,10000,cpu,cpu,1,1,0.000747,0.051373,0.000000
930,data/fashionmnist.npz,16,10000,cpu,cpu,1,1,0.000811,0.324294,0.000000
931,data/fashionmnist.npz,16,10000,cpu,cpu,1,1,0.000778,0.166939,0.000000
932,data/fashionmnist.npz,16,10000,cpu,cpu,1,1,0.000721,0.123022,0.000000
933,data/fashionmnist.npz,16,10000,cpu,cpu,1,1,0.000720,0.113173,0.000000
934,data/fashionmnist.npz,16,10000,cpu,cpu,1,1,0.000684,0.155731,0.000000
935,data/fashionmnist.npz,16,10000,cpu,cpu,1,1,0.000792,0.185543,0.000000
936,data/fashionmnist.npz,16,10000,cpu,cpu,1,1,0.000727,0.236887,0.000000
937,data/fashionmnist.npz,16,10000,cpu,cpu,1,1,0.000769,0.285365,0.000000
938,data/fashionmnist.npz,16,10000,cpu,cpu,1,1,0.000787,0.232232,0.000000
939,data/fashionmnist.npz,16,10000,cpu,cpu,1,1,0.000740,0.146721,0.000000
940,data/fashionmnist.npz,16,10000,cpu,cpu,1,1,0.000830,0.314345,0.000000
941,data/fashionmnist.npz,16,10000,cpu,cpu,1,1,0.000716,0.207973,0.000000
942,data/fashionmnist.npz,16,10000,cpu,cpu,1,1,0.000759,0.237123,0.000000
943,data/fashionmnist.npz,16,10000,cpu,cpu,1,1,0.000741,0.173336,0.000000
944,data/fashionmnist.npz,16,10000,cpu,cpu,1,1,0.000818,0.256066,0.000000
945,data/fashionmnist.npz,16,10000,cpu,cpu,1,1,0.000796,0.272150,0.000000
946,data/fashionmnist.npz,16,10000,cpu,cpu,1,1,0.000839,0.208894,0.000000
947,data/fashionmnist.npz,16,10000,cpu,cpu,1,1,0.000783,0.274960,0.000000
948,data/fashionmnist.npz,16,10000,cpu,cpu,1,1,0.000863,0.290620,0.000000
949,data/fashionmnist.npz,16,10000,cpu,cpu,1,1,0.000753,0.280297,0.000000
950,data/fashionmnist.npz,16,10000,cpu,cpu,1,1,0.000697,0.134421,0.000000
951,data/fashionmnist.npz,16,10000,cpu,cpu,1,1,0.000740,0.216052,0.000000
952,data/fashionmnist.npz,16,10000,cpu,cpu,1,1,0.000808,0.242809,0.000000
953,data/fashionmnist.npz,16,10000,cpu,cpu,1,1,0.000786,0.273673,0.000000
954,data/fashionmnist.npz,16,10000,cpu,cpu,1,1,0.000744,0.167366,0.000000
955,data/fashionmnist.npz,16,10000,cpu,cpu,1,1,0.000760,0.236862,0.000000
956,data/fashionmnist.npz,16,10000,cpu,cpu,1,1,0.000815,0.159535,0.000000
957,data/fashionmnist.npz,16,10000,cpu,cpu,1,1,0.000765,0.207267,0.000000
958,data/fashionmnist.npz,16,10000,cpu,cpu,1,1,0.000738,0.260666,0.000000
959,data/fashionmnist.npz,16,10000,cpu,cpu,1,1,0.000820,0.328773,0.000000
960,data/fashionmnist.npz,16,10000,cpu,cpu,1,1,0.000839,0.264206,0.000000
961,data/fashionmnist.npz,16,10000,cpu,cpu,1,1,0.000897,0.289231,0.000000
962,data/fashionmnist.npz,16,10000,cpu,cpu,1,1,0.000744,0.272234,0.000000
963,data/fashionmnist.npz,16,10000,cpu,cpu,1,1,0.000781,0.265842,0.000000
964,data/fashionmnist.npz,16,10000,cpu,cpu,1,1,0.000749,0.259775,0.000000
965,data/fashionmnist.npz,16,10000,cpu,cpu,1,1,0.000687,0.144152,0.000000
966,data/fashionmnist.npz,16,10000,cpu,cpu,1,1,0.000858,0.279734,0.000000
967,data/fashionmnist.npz,16,10000,cpu,cpu,1,1,0.000767,0.258544,0.000000
968,data/fashionmnist.npz,16,10000,cpu,cpu,1,1,0.000735,0.210956,0.000000
969,data/fashionmnist.npz,16,10000,cpu,cpu,1,1,0.000784,0.376912,0.000000
970,data/fashionmnist.npz,16,10000,cpu,cpu,1,1,0.000809,0.250848,0.000000
971,data/fashionmnist.npz,16,10000,cpu,cpu,1,1,0.000731,0.266958,0.000000
972,data/fashionmnist.npz,16,10000,cpu,cpu,1,1,0.000792,0.205171,0.000000
973,data/fashionmnist.npz,16,10000,cpu,cpu,1,1,0.000738,0.248694,0.000000
974,data/fashionmnist.npz,16,10000,cpu,cpu,1,1,0.000795,0.222102,0.000000
975,data/fashionmnist.npz,16,10000,cpu,cpu,1,1,0.000702,0.128297,0.000000
976,data/fashionmnist.npz,16,10000,cpu,cpu,1,1,0.000793,0.307448,0.000000
977,data/fashionmnist.npz,16,10000,cpu,cpu,1,1,0.000749,0.246837,0.000000
978,data/fashionmnist.npz,16,10000,cpu,cpu,1,1,0.000794,0.180115,0.000000
979,data/fashionmnist.npz,16,10000,cpu,cpu,1,1,0.000889,0.341524,0.000000
980,data/fashionmnist.npz,16,10000,cpu,cpu,1,1,0.000795,0.287002,0.000000
981,data/fashionmnist.npz,16,10000,cpu,cpu,1,1,0.000840,0.295610,0.000000
982,data/fashionmnist.npz,16,10000,cpu,cpu,1,1,0.000742,0.207439,0.000000
983,data/fashionmnist.npz,16,10000,cpu,cpu,1,1,0.000817,0.285620,0.000000
984,data/fashionmnist.npz,16,10000,cpu,cpu,1,1,0.000807,0.288297,0.000000
985,data/fashionmnist.npz,16,10000,cpu,cpu,1,1,0.000797,0.213258,0.000000
986,data/fashionmnist.npz,16,10000,cpu,cpu,1,1,0.000739,0.221122,0.000000
987,data/fashionmnist.npz,16,10000,cpu,cpu,1,1,0.000658,0.099736,0.000000
988,data/fashionmnist.npz,16,10000,cpu,cpu,1,1,0.000698,0.162920,0.000000
989,data/fashionmnist.npz,16,10000,cpu,cpu,1,1,0.000792,0.310375,0.000000
990,data/fashionmnist.npz,16,10000,cpu,cpu,1,1,0.000769,0.157969,0.000000
991,data/fashionmnist.npz,16,10000,cpu,cpu,1,1,0.000758,0.160244,0.000000
992,data/fashionmnist.npz,16,10000,cpu,cpu,1,1,0.000745,0.264492,0.000000
993,data/fashionmnist.npz,16,10000,cpu,cpu,1,1,0.000776,0.260120,0.000000
994,data/fashionmnist.npz,16,10000,cpu,cpu,1,1,0.000721,0.139804,0.000000
995,data/fashionmnist.npz,16,10000,cpu,cpu,1,1,0.000717,0.128139,0.000000
996,data/fashionmnist.npz,16,10000,cpu,cpu,1,1,0.000760,0.272635,0.000000
997,data/fashionmnist.npz,16,10000,cpu,cpu,1,1,0.000710,0.136430,0.000000
998,data/fashionmnist.npz,16,10000,cpu,cpu,1,1,0.000744,0.297699,0.000000
999,data/fashionmnist.npz,16,10000,cpu,cpu,1,1,0.000963,0.277218,0.000000
