image_index,data_path,num_directions,num_timesteps,device_requested,device_used,batch_size,num_cores,complex_construction_time,computation_time,vectorization_time
0,data/fashionmnist.npz,1,10000,cpu,cpu,1,1,0.001398,0.021405,0.000000
1,data/fashionmnist.npz,1,10000,cpu,cpu,1,1,0.000780,0.052753,0.000000
2,data/fashionmnist.npz,1,10000,cpu,cpu,1,1,0.000758,0.065416,0.000000
3,data/fashionmnist.npz,1,10000,cpu,cpu,1,1,0.000727,0.023571,0.000000
4,data/fashionmnist.npz,1,10000,cpu,cpu,1,1,0.000690,0.029306,0.000000
5,data/fashionmnist.npz,1,10000,cpu,cpu,1,1,0.000702,0.017702,0.000000
6,data/fashionmnist.npz,1,10000,cpu,cpu,1,1,0.000738,0.040665,0.000000
7,data/fashionmnist.npz,1,10000,cpu,cpu,1,1,0.000730,0.018185,0.000000
8,data/fashionmnist.npz,1,10000,cpu,cpu,1,1,0.000726,0.041912,0.000000
9,data/fashionmnist.npz,1,10000,cpu,cpu,1,1,0.000836,0.036520,0.000000
10,data/fashionmnist.npz,1,10000,cpu,cpu,1,1,0.000711,0.037839,0.000000
11,data/fashionmnist.npz,1,10000,cpu,cpu,1,1,0.000687,0.033033,0.000000
12,data/fashionmnist.npz,1,10000,cpu,cpu,1,1,0.000832,0.017615,0.000000
13,data/fashionmnist.npz,1,10000,cpu,cpu,1,1,0.000704,0.019784,0.000000
14,data/fashionmnist.npz,1,10000,cpu,cpu,1,1,0.000718,0.030532,0.000000
15,data/fashionmnist.npz,1,10000,cpu,cpu,1,1,0.000805,0.040571,0.000000
16,data/fashionmnist.npz,1,10000,cpu,cpu,1,1,0.000729,0.023557,0.000000
17,data/fashionmnist.npz,1,10000,cpu,cpu,1,1,0.000777,0.022190,0.000000
18,data/fashionmnist.npz,1,10000,cpu,cpu,1,1,0.000679,0.024833,0.000000
19,data/fashionmnist.npz,1,10000,cpu,cpu,1,1,0.000689,0.035332,0.000000
20,data/fashionmnist.npz,1,10000,cpu,cpu,1,1,0.000739,0.027377,0.000000
21,data/fashionmnist.npz,1,10000,cpu,cpu,1,1,0.000735,0.043894,0.000000
22,data/fashionmnist.npz,1,10000,cpu,cpu,1,1,0.000714,0.024231,0.000000
23,data/fashionmnist.npz,1,10000,cpu,cpu,1,1,0.000676,0.040163,0.000000
24,data/fashionmnist.npz,1,10000,cpu,cpu,1,1,0.000719,0.030357,0.000000
25,data/fashionmnist.npz,1,10000,cpu,cpu,1,1,0.000707,0.016294,0.000000
26,data/fashionmnist.npz,1,10000,cpu,cpu,1,1,0.000643,0.013332,0.000000
27,data/fashionmnist.npz,1,10000,cpu,cpu,1,1,0.000706,0.032546,0.000000
28,data/fashionmnist.npz,1,10000,cpu,cpu,1,1,0.000737,0.028074,0.000000
29,data/fashionmnist.npz,1,10000,cpu,cpu,1,1,0.000658,0.015728,0.000000
30,data/fashionmnist.npz,1,10000,cpu,cpu,1,1,0.000668,0.015478,0.000000
31,data/fashionmnist.npz,1,10000,cpu,cpu,1,1,0.000720,0.027368,0.000000
32,data/fashionmnist.npz,1,10000,cpu,cpu,1,1,0.000750,0.031207,0.000000
33,data/fashionmnist.npz,1,10000,cpu,cpu,1,1,0.000671,0.020659,0.000000
34,data/fashionmnist.npz,1,10000,cpu,cpu,1,1,0.000880,0.031933,0.000000
35,data/fashionmnist.npz,1,10000,cpu,cpu,1,1,0.000684,0.025303,0.000000
36,data/fashionmnist.npz,1,10000,cpu,cpu,1,1,0.000698,0.026196,0.000000
37,data/fashionmnist.npz,1,10000,cpu,cpu,1,1,0.000759,0.035914,0.000000
38,data/fashionmnist.npz,1,10000,cpu,cpu,1,1,0.000815,0.022745,0.000000
39,data/fashionmnist.npz,1,10000,cpu,cpu,1,1,0.000681,0.026524,0.000000
40,data/fashionmnist.npz,1,10000,cpu,cpu,1,1,0.000738,0.044499,0.000000
41,data/fashionmnist.npz,1,10000,cpu,cpu,1,1,0.000700,0.033092,0.000000
42,data/fashionmnist.npz,1,10000,cpu,cpu,1,1,0.000733,0.035648,0.000000
43,data/fashionmnist.npz,1,10000,cpu,cpu,1,1,0.000738,0.045867,0.000000
44,data/fashionmnist.npz,1,10000,cpu,cpu,1,1,0.000675,0.017638,0.000000
45,data/fashionmnist.npz,1,10000,cpu,cpu,1,1,0.000784,0.024478,0.000000
46,data/fashionmnist.npz,1,10000,cpu,cpu,1,1,0.000734,0.025020,0.000000
47,data/fashionmnist.npz,1,10000,cpu,cpu,1,1,0.000745,0.043389,0.000000
48,data/fashionmnist.npz,1,10000,cpu,cpu,1,1,0.000753,0.042903,0.000000
49,data/fashionmnist.npz,1,10000,cpu,cpu,1,1,0.000718,0.019222,0.000000
50,data/fashionmnist.npz,1,10000,cpu,cpu,1,1,0.000667,0.020672,0.000000
51,data/fashionmnist.npz,1,10000,cpu,cpu,1,1,0.000697,0.030357,0.000000
52,data/fashionmnist.npz,1,10000,cpu,cpu,1,1,0.000756,0.040677,0.000000
53,data/fashionmnist.npz,1,10000,cpu,cpu,1,1,0.000839,0.010720,0.000000
54,data/fashionmnist.npz,1,10000,cpu,cpu,1,1,0.000725,0.037870,0.000000
55,data/fashionmnist.npz,1,10000,cpu,cpu,1,1,0.000757,0.024405,0.000000
56,data/fashionmnist.npz,1,10000,cpu,cpu,1,1,0.000689,0.017912,0.000000
57,data/fashionmnist.npz,1,10000,cpu,cpu,1,1,0.000681,0.014875,0.000000
58,data/fashionmnist.npz,1,10000,cpu,cpu,1,1,0.000702,0.023191,0.000000
59,data/fashionmnist.npz,1,10000,cpu,cpu,1,1,0.000758,0.044353,0.000000
60,data/fashionmnist.npz,1,10000,cpu,cpu,1,1,0.000734,0.018457,0.000000
61,data/fashionmnist.npz,1,10000,cpu,cpu,1,1,0.000737,0.035745,0.000000
62,data/fashionmnist.npz,1,10000,cpu,cpu,1,1,0.000725,0.033839,0.000000
63,data/fashionmnist.npz,1,10000,cpu,cpu,1,1,0.000857,0.018237,0.000000
64,data/fashionmnist.npz,1,10000,cpu,cpu,1,1,0.000734,0.035721,0.000000
65,data/fashionmnist.npz,1,10000,cpu,cpu,1,1,0.000695,0.026345,0.000000
66,data/fashionmnist.npz,1,10000,cpu,cpu,1,1,0.000696,0.023280,0.000000
67,data/fashionmnist.npz,1,10000,cpu,cpu,1,1,0.000707,0.030684,0.000000
68,data/fashionmnist.npz,1,10000,cpu,cpu,1,1,0.000748,0.039208,0.000000
69,data/fashionmnist.npz,1,10000,cpu,cpu,1,1,0.000734,0.035413,0.000000
70,data/fashionmnist.npz,1,10000,cpu,cpu,1,1,0.000650,0.011792,0.000000
71,data/fashionmnist.npz,1,10000,cpu,cpu,1,1,0.000780,0.034223,0.000000
72,data/fashionmnist.npz,1,10000,cpu,cpu,1,1,0.000659,0.013441,0.000000
73,data/fashionmnist.npz,1,10000,cpu,cpu,1,1,0.000651,0.018166,0.000000
74,data/fashionmnist.npz,1,10000,cpu,cpu,1,1,0.000690,0.030378,0.000000
75,data/fashionmnist.npz,1,10000,cpu,cpu,1,1,0.000758,0.026453,0.000000
76,data/fashionmnist.npz,1,10000,cpu,cpu,1,1,0.000816,0.026245,0.000000
77,data/fashionmnist.npz,1,10000,cpu,cpu,1,1,0.000713,0.019136,0.000000
78,data/fashionmnist.npz,1,10000,cpu,cpu,1,1,0.000745,0.033478,0.000000
79,data/fashionmnist.npz,1,10000,cpu,cpu,1,1,0.000721,0.016976,0.000000
80,data/fashionmnist.npz,1,10000,cpu,cpu,1,1,0.000691,0.019797,0.000000
81,data/fashionmnist.npz,1,10000,cpu,cpu,1,1,0.000760,0.039787,0.000000
82,data/fashionmnist.npz,1,10000,cpu,cpu,1,1,0.000673,0.031966,0.000000
83,data/fashionmnist.npz,1,10000,cpu,cpu,1,1,0.000669,0.017284,0.000000
84,data/fashionmnist.npz,1,10000,cpu,cpu,1,1,0.000681,0.010652,0.000000
85,data/fashionmnist.npz,1,10000,cpu,cpu,1,1,0.000741,0.045283,0.000000
86,data/fashionmnist.npz,1,10000,cpu,cpu,1,1,0.000696,0.032604,0.000000
87,data/fashionmnist.npz,1,10000,cpu,cpu,1,1,0.000725,0.044266,0.000000
88,data/fashionmnist.npz,1,10000,cpu,cpu,1,1,0.000766,0.029715,0.000000
89,data/fashionmnist.npz,1,10000,cpu,cpu,1,1,0.000712,0.024308,0.000000
90,data/fashionmnist.npz,1,10000,cpu,cpu,1,1,0.000771,0.031284,0.000000
91,data/fashionmnist.npz,1,10000,cpu,cpu,1,1,0.000696,0.039028,0.000000
92,data/fashionmnist.npz,1,10000,cpu,cpu,1,1,0.000774,0.041490,0.000000
93,data/fashionmnist.npz,1,10000,cpu,cpu,1,1,0.000740,0.035092,0.000000
94,data/fashionmnist.npz,1,10000,cpu,cpu,1,1,0.000730,0.025390,0.000000
95,data/fashionmnist.npz,1,10000,cpu,cpu,1,1,0.000656,0.022054,0.000000
96,data/fashionmnist.npz,1,10000,cpu,cpu,1,1,0.000686,0.029159,0.000000
97,data/fashionmnist.npz,1,10000,cpu,cpu,1,1,0.000731,0.017021,0.000000
98,data/fashionmnist.npz,1,10000,cpu,cpu,1,1,0.000715,0.020461,0.000000
99,data/fashionmnist.npz,1,10000,cpu,cpu,1,1,0.000746,0.039415,0.000000
100,data/fashionmnist.npz,1,10000,cpu,cpu,1,1,0.000948,0.047501,0.000000
101,data/fashionmnist.npz,1,10000,cpu,cpu,1,1,0.000731,0.038825,0.000000
102,data/fashionmnist.npz,1,10000,cpu,cpu,1,1,0.000756,0.031861,0.000000
103,data/fashionmnist.npz,1,10000,cpu,cpu,1,1,0.000691,0.018271,0.000000
104,data/fashionmnist.npz,1,10000,cpu,cpu,1,1,0.000697,0.029206,0.000000
105,data/fashionmnist.npz,1,10000,cpu,cpu,1,1,0.000729,0.028736,0.000000
106,data/fashionmnist.npz,1,10000,cpu,cpu,1,1,0.000647,0.012629,0.000000
107,data/fashionmnist.npz,1,10000,cpu,cpu,1,1,0.000710,0.031060,0.000000
108,data/fashionmnist.npz,1,10000,cpu,cpu,1,1,0.000730,0.034576,0.000000
109,data/fashionmnist.npz,1,10000,cpu,cpu,1,1,0.000813,0.037699,0.000000
110,data/fashionmnist.npz,1,10000,cpu,cpu,1,1,0.000659,0.005893,0.000000
111,data/fashionmnist.npz,1,10000,cpu,cpu,1,1,0.000751,0.020246,0.000000
112,data/fashionmnist.npz,1,10000,cpu,cpu,1,1,0.000804,0.036967,0.000000
113,data/fashionmnist.npz,1,10000,cpu,cpu,1,1,0.000752,0.019737,0.000000
114,data/fashionmnist.npz,1,10000,cpu,cpu,1,1,0.000729,0.025276,0.000000
115,data/fashionmnist.npz,1,10000,cpu,cpu,1,1,0.000685,0.021831,0.000000
116,data/fashionmnist.npz,1,10000,cpu,cpu,1,1,0.000793,0.029102,0.000000
117,data/fashionmnist.npz,1,10000,cpu,cpu,1,1,0.000672,0.021877,0.000000
118,data/fashionmnist.npz,1,10000,cpu,cpu,1,1,0.000645,0.019305,0.000000
119,data/fashionmnist.npz,1,10000,cpu,cpu,1,1,0.000660,0.016320,0.000000
120,data/fashionmnist.npz,1,10000,cpu,cpu,1,1,0.000676,0.019590,0.000000
121,data/fashionmnist.npz,1,10000,cpu,cpu,1,1,0.000700,0.020182,0.000000
122,data/fashionmnist.npz,1,10000,cpu,cpu,1,1,0.000720,0.039636,0.000000
123,data/fashionmnist.npz,1,10000,cpu,cpu,1,1,0.000699,0.037481,0.000000
124,data/fashionmnist.npz,1,10000,cpu,cpu,1,1,0.000717,0.017771,0.000000
125,data/fashionmnist.npz,1,10000,cpu,cpu,1,1,0.000768,0.028370,0.000000
126,data/fashionmnist.npz,1,10000,cpu,cpu,1,1,0.000663,0.033050,0.000000
127,data/fashionmnist.npz,1,10000,cpu,cpu,1,1,0.000723,0.020585,0.000000
128,data/fashionmnist.npz,1,10000,cpu,cpu,1,1,0.000735,0.021939,0.000000
129,data/fashionmnist.npz,1,10000,cpu,cpu,1,1,0.000727,0.033013,0.000000
130,data/fashionmnist.npz,1,10000,cpu,cpu,1,1,0.000689,0.017950,0.000000
131,data/fashionmnist.npz,1,10000,cpu,cpu,1,1,0.000700,0.028677,0.000000
132,data/fashionmnist.npz,1,10000,cpu,cpu,1,1,0.000732,0.018282,0.000000
133,data/fashionmnist.npz,1,10000,cpu,cpu,1,1,0.000710,0.016518,0.000000
134,data/fashionmnist.npz,1,10000,cpu,cpu,1,1,0.000750,0.039515,0.000000
135,data/fashionmnist.npz,1,10000,cpu,cpu,1,1,0.000769,0.030337,0.000000
136,data/fashionmnist.npz,1,10000,cpu,cpu,1,1,0.000709,0.043926,0.000000
137,data/fashionmnist.npz,1,10000,cpu,cpu,1,1,0.000716,0.018842,0.000000
138,data/fashionmnist.npz,1,10000,cpu,cpu,1,1,0.000719,0.018141,0.000000
139,data/fashionmnist.npz,1,10000,cpu,cpu,1,1,0.000721,0.022580,0.000000
140,data/fashionmnist.npz,1,10000,cpu,cpu,1,1,0.000731,0.040992,0.000000
141,data/fashionmnist.npz,1,10000,cpu,cpu,1,1,0.000889,0.023505,0.000000
142,data/fashionmnist.npz,1,10000,cpu,cpu,1,1,0.001094,0.026068,0.000000
143,data/fashionmnist.npz,1,10000,cpu,cpu,1,1,0.000703,0.018230,0.000000
144,data/fashionmnist.npz,1,10000,cpu,cpu,1,1,0.000716,0.019519,0.000000
145,data/fashionmnist.npz,1,10000,cpu,cpu,1,1,0.000763,0.023643,0.000000
146,data/fashionmnist.npz,1,10000,cpu,cpu,1,1,0.000761,0.013588,0.000000
147,data/fashionmnist.npz,1,10000,cpu,cpu,1,1,0.000702,0.023045,0.000000
148,data/fashionmnist.npz,1,10000,cpu,cpu,1,1,0.000696,0.039838,0.000000
149,data/fashionmnist.npz,1,10000,cpu,cpu,1,1,0.000658,0.013638,0.000000
150,data/fashionmnist.npz,1,10000,cpu,cpu,1,1,0.000702,0.030515,0.000000
151,data/fashionmnist.npz,1,10000,cpu,cpu,1,1,0.000683,0.022315,0.000000
152,data/fashionmnist.npz,1,10000,cpu,cpu,1,1,0.000731,0.024408,0.000000
153,data/fashionmnist.npz,1,10000,cpu,cpu,1,1,0.000718,0.024984,0.000000
154,data/fashionmnist.npz,1,10000,cpu,cpu,1,1,0.000717,0.030654,0.000000
155,data/fashionmnist.npz,1,10000,cpu,cpu,1,1,0.000675,0.019872,0.000000
156,data/fashionmnist.npz,1,10000,cpu,cpu,1,1,0.000697,0.032394,0.000000
157,data/fashionmnist.npz,1,10000,cpu,cpu,1,1,0.000746,0.037040,0.000000
158,data/fashionmnist.npz,1,10000,cpu,cpu,1,1,0.000720,0.021621,0.000000
159,data/fashionmnist.npz,1,10000,cpu,cpu,1,1,0.000756,0.043258,0.000000
160,data/fashionmnist.npz,1,10000,cpu,cpu,1,1,0.000676,0.026664,0.000000
161,data/fashionmnist.npz,1,10000,cpu,cpu,1,1,0.000765,0.034895,0.000000
162,data/fashionmnist.npz,1,10000,cpu,cpu,1,1,0.000731,0.039588,0.000000
163,data/fashionmnist.npz,1,10000,cpu,cpu,1,1,0.000702,0.016959,0.000000
164,data/fashionmnist.npz,1,10000,cpu,cpu,1,1,0.000756,0.029666,0.000000
165,data/fashionmnist.npz,1,10000,cpu,cpu,1,1,0.000677,0.029315,0.000000
166,data/fashionmnist.npz,1,10000,cpu,cpu,1,1,0.000685,0.009510,0.000000
167,data/fashionmnist.npz,1,10000,cpu,cpu,1,1,0.000724,0.026812,0.000000
168,data/fashionmnist.npz,1,10000,cpu,cpu,1,1,0.000667,0.020758,0.000000
169,data/fashionmnist.npz,1,10000,cpu,cpu,1,1,0.000704,0.014898,0.000000
170,data/fashionmnist.npz,1,10000,cpu,cpu,1,1,0.000692,0.042898,0.000000
171,data/fashionmnist.npz,1,10000,cpu,cpu,1,1,0.000698,0.030015,0.000000
172,data/fashionmnist.npz,1,10000,cpu,cpu,1,1,0.000694,0.019572,0.000000
173,data/fashionmnist.npz,1,10000,cpu,cpu,1,1,0.000673,0.029233,0.000000
174,data/fashionmnist.npz,1,10000,cpu,cpu,1,1,0.000694,0.021300,0.000000
175,data/fashionmnist.npz,1,10000,cpu,cpu,1,1,0.000678,0.025275,0.000000
176,data/fashionmnist.npz,1,10000,cpu,cpu,1,1,0.000697,0.023636,0.000000
177,data/fashionmnist.npz,1,10000,cpu,cpu,1,1,0.000661,0.026863,0.000000
178,data/fashionmnist.npz,1,10000,cpu,cpu,1,1,0.000762,0.041630,0.000000
179,data/fashionmnist.npz,1,10000,cpu,cpu,1,1,0.000703,0.017162,0.000000
180,data/fashionmnist.npz,1,10000,cpu,cpu,1,1,0.000674,0.034078,0.000000
181,data/fashionmnist.npz,1,10000,cpu,cpu,1,1,0.000689,0.029820,0.000000
182,data/fashionmnist.npz,1,10000,cpu,cpu,1,1,0.000830,0.030482,0.000000
183,data/fashionmnist.npz,1,10000,cpu,cpu,1,1,0.000709,0.028233,0.000000
184,data/fashionmnist.npz,1,10000,cpu,cpu,1,1,0.000679,0.023848,0.000000
185,data/fashionmnist.npz,1,10000,cpu,cpu,1,1,0.000672,0.023252,0.000000
186,data/fashionmnist.npz,1,10000,cpu,cpu,1,1,0.000714,0.025671,0.000000
187,data/fashionmnist.npz,1,10000,cpu,cpu,1,1,0.000727,0.029332,0.000000
188,data/fashionmnist.npz,1,10000,cpu,cpu,1,1,0.000745,0.021946,0.000000
189,data/fashionmnist.npz,1,10000,cpu,cpu,1,1,0.000698,0.020274,0.000000
190,data/fashionmnist.npz,1,10000,cpu,cpu,1,1,0.000705,0.019484,0.000000
191,data/fashionmnist.npz,1,10000,cpu,cpu,1,1,0.000800,0.037021,0.000000
192,data/fashionmnist.npz,1,10000,cpu,cpu,1,1,0.000732,0.028398,0.000000
193,data/fashionmnist.npz,1,10000,cpu,cpu,1,1,0.000735,0.020116,0.000000
194,data/fashionmnist.npz,1,10000,cpu,cpu,1,1,0.000667,0.030192,0.000000
195,data/fashionmnist.npz,1,10000,cpu,cpu,1,1,0.000679,0.019730,0.000000
196,data/fashionmnist.npz,1,10000,cpu,cpu,1,1,0.000659,0.018979,0.000000
197,data/fashionmnist.npz,1,10000,cpu,cpu,1,1,0.000680,0.033239,0.000000
198,data/fashionmnist.npz,1,10000,cpu,cpu,1,1,0.000665,0.023750,0.000000
199,data/fashionmnist.npz,1,10000,cpu,cpu,1,1,0.000826,0.051332,0.000000
200,data/fashionmnist.npz,1,10000,cpu,cpu,1,1,0.000734,0.023865,0.000000
201,data/fashionmnist.npz,1,10000,cpu,cpu,1,1,0.000714,0.022690,0.000000
202,data/fashionmnist.npz,1,10000,cpu,cpu,1,1,0.000673,0.025519,0.000000
203,data/fashionmnist.npz,1,10000,cpu,cpu,1,1,0.000745,0.013374,0.000000
204,data/fashionmnist.npz,1,10000,cpu,cpu,1,1,0.000691,0.023693,0.000000
205,data/fashionmnist.npz,1,10000,cpu,cpu,1,1,0.000658,0.016636,0.000000
206,data/fashionmnist.npz,1,10000,cpu,cpu,1,1,0.000758,0.032224,0.000000
207,data/fashionmnist.npz,1,10000,cpu,cpu,1,1,0.000658,0.022422,0.000000
208,data/fashionmnist.npz,1,10000,cpu,cpu,1,1,0.000722,0.029638,0.000000
209,data/fashionmnist.npz,1,10000,cpu,cpu,1,1,0.000739,0.033746,0.000000
210,data/fashionmnist.npz,1,10000,cpu,cpu,1,1,0.000818,0.026583,0.000000
211,data/fashionmnist.npz,1,10000,cpu,cpu,1,1,0.000710,0.040199,0.000000
212,data/fashionmnist.npz,1,10000,cpu,cpu,1,1,0.000725,0.032570,0.000000
213,data/fashionmnist.npz,1,10000,cpu,cpu,1,1,0.000679,0.013740,0.000000
214,data/fashionmnist.npz,1,10000,cpu,cpu,1,1,0.000762,0.036575,0.000000
215,data/fashionmnist.npz,1,10000,cpu,cpu,1,1,0.000705,0.022758,0.000000
216,data/fashionmnist.npz,1,10000,cpu,cpu,1,1,0.000738,0.032652,0.000000
217,data/fashionmnist.npz,1,10000,cpu,cpu,1,1,0.000757,0.027823,0.000000
218,data/fashionmnist.npz,1,10000,cpu,cpu,1,1,0.000723,0.041063,0.000000
219,data/fashionmnist.npz,1,10000,cpu,cpu,1,1,0.000676,0.024062,0.000000
220,data/fashionmnist.npz,1,10000,cpu,cpu,1,1,0.000635,0.012852,0.000000
221,data/fashionmnist.npz,1,10000,cpu,cpu,1,1,0.000611,0.013744,0.000000
222,data/fashionmnist.npz,1,10000,cpu,cpu,1,1,0.000665,0.005934,0.000000
223,data/fashionmnist.npz,1,10000,cpu,cpu,1,1,0.000789,0.021643,0.000000
224,data/fashionmnist.npz,1,10000,cpu,cpu,1,1,0.000633,0.015010,0.000000
225,data/fashionmnist.npz,1,10000,cpu,cpu,1,1,0.000688,0.036304,0.000000
226,data/fashionmnist.npz,1,10000,cpu,cpu,1,1,0.000717,0.044119,0.000000
227,data/fashionmnist.npz,1,10000,cpu,cpu,1,1,0.000727,0.022141,0.000000
228,data/fashionmnist.npz,1,10000,cpu,cpu,1,1,0.000720,0.053382,0.000000
229,data/fashionmnist.npz,1,10000,cpu,cpu,1,1,0.000866,0.033598,0.000000
230,data/fashionmnist.npz,1,10000,cpu,cpu,1,1,0.000762,0.044074,0.000000
231,data/fashionmnist.npz,1,10000,cpu,cpu,1,1,0.000706,0.029283,0.000000
232,data/fashionmnist.npz,1,10000,cpu,cpu,1,1,0.000806,0.036705,0.000000
233,data/fashionmnist.npz,1,10000,cpu,cpu,1,1,0.000901,0.041141,0.000000
234,data/fashionmnist.npz,1,10000,cpu,cpu,1,1,0.000732,0.036159,0.000000
235,data/fashionmnist.npz,1,10000,cpu,cpu,1,1,0.000684,0.022548,0.000000
236,data/fashionmnist.npz,1,10000,cpu,cpu,1,1,0.000746,0.038304,0.000000
237,data/fashionmnist.npz,1,10000,cpu,cpu,1,1,0.000701,0.015867,0.000000
238,data/fashionmnist.npz,1,10000,cpu,cpu,1,1,0.000700,0.033950,0.000000
239,data/fashionmnist.npz,1,10000,cpu,cpu,1,1,0.002454,0.016679,0.000000
240,data/fashionmnist.npz,1,10000,cpu,cpu,1,1,0.000758,0.043428,0.000000
241,data/fashionmnist.npz,1,10000,cpu,cpu,1,1,0.001169,0.054533,0.000000
242,data/fashionmnist.npz,1,10000,cpu,cpu,1,1,0.000697,0.032313,0.000000
243,data/fashionmnist.npz,1,10000,cpu,cpu,1,1,0.000708,0.029129,0.000000
244,data/fashionmnist.npz,1,10000,cpu,cpu,1,1,0.000694,0.020749,0.000000
245,data/fashionmnist.npz,1,10000,cpu,cpu,1,1,0.000744,0.022904,0.000000
246,data/fashionmnist.npz,1,10000,cpu,cpu,1,1,0.000736,0.025396,0.000000
247,data/fashionmnist.npz,1,10000,cpu,cpu,1,1,0.000681,0.018872,0.000000
248,data/fashionmnist.npz,1,10000,cpu,cpu,1,1,0.000696,0.035060,0.000000
249,data/fashionmnist.npz,1,10000,cpu,cpu,1,1,0.000674,0.016072,0.000000
250,data/fashionmnist.npz,1,10000,cpu,cpu,1,1,0.000638,0.013408,0.000000
251,data/fashionmnist.npz,1,10000,cpu,cpu,1,1,0.000747,0.035418,0.000000
252,data/fashionmnist.npz,1,10000,cpu,cpu,1,1,0.000735,0.028575,0.000000
253,data/fashionmnist.npz,1,10000,cpu,cpu,1,1,0.000722,0.025928,0.000000
254,data/fashionmnist.npz,1,10000,cpu,cpu,1,1,0.000693,0.020228,0.000000
255,data/fashionmnist.npz,1,10000,cpu,cpu,1,1,0.000748,0.029330,0.000000
256,data/fashionmnist.npz,1,10000,cpu,cpu,1,1,0.000686,0.036177,0.000000
257,data/fashionmnist.npz,1,10000,cpu,cpu,1,1,0.000665,0.014106,0.000000
258,data/fashionmnist.npz,1,10000,cpu,cpu,1,1,0.000673,0.023195,0.000000
259,data/fashionmnist.npz,1,10000,cpu,cpu,1,1,0.000699,0.032970,0.000000
260,data/fashionmnist.npz,1,10000,cpu,cpu,1,1,0.000678,0.020976,0.000000
261,data/fashionmnist.npz,1,10000,cpu,cpu,1,1,0.000693,0.031081,0.000000
262,data/fashionmnist.npz,1,10000,cpu,cpu,1,1,0.000744,0.026000,0.000000
263,data/fashionmnist.npz,1,10000,cpu,cpu,1,1,0.000738,0.037735,0.000000
264,data/fashionmnist.npz,1,10000,cpu,cpu,1,1,0.000793,0.042024,0.000000
265,data/fashionmnist.npz,1,10000,cpu,cpu,1,1,0.000814,0.041511,0.000000
266,data/fashionmnist.npz,1,10000,cpu,cpu,1,1,0.000854,0.052558,0.000000
267,data/fashionmnist.npz,1,10000,cpu,cpu,1,1,0.000779,0.038319,0.000000
268,data/fashionmnist.npz,1,10000,cpu,cpu,1,1,0.000677,0.022162,0.000000
269,data/fashionmnist.npz,1,10000,cpu,cpu,1,1,0.000798,0.033554,0.000000
270,data/fashionmnist.npz,1,10000,cpu,cpu,1,1,0.000729,0.040937,0.000000
271,data/fashionmnist.npz,1,10000,cpu,cpu,1,1,0.000706,0.034655,0.000000
272,data/fashionmnist.npz,1,10000,cpu,cpu,1,1,0.000675,0.014358,0.000000
273,data/fashionmnist.npz,1,10000,cpu,cpu,1,1,0.000758,0.026342,0.000000
274,data/fashionmnist.npz,1,10000,cpu,cpu,1,1,0.000697,0.031331,0.000000
275,data/fashionmnist.npz,1,10000,cpu,cpu,1,1,0.000708,0.029593,0.000000
276,data/fashionmnist.npz,1,10000,cpu,cpu,1,1,0.000748,0.016567,0.000000
277,data/fashionmnist.npz,1,10000,cpu,cpu,1,1,0.000751,0.016135,0.000000
278,data/fashionmnist.npz,1,10000,cpu,cpu,1,1,0.000665,0.016217,0.000000
279,data/fashionmnist.npz,1,10000,cpu,cpu,1,1,0.000714,0.011462,0.000000
280,data/fashionmnist.npz,1,10000,cpu,cpu,1,1,0.000790,0.036199,0.000000
281,data/fashionmnist.npz,1,10000,cpu,cpu,1,1,0.000732,0.020279,0.000000
282,data/fashionmnist.npz,1,10000,cpu,cpu,1,1,0.000707,0.015015,0.000000
283,data/fashionmnist.npz,1,10000,cpu,cpu,1,1,0.000825,0.033264,0.000000
284,data/fashionmnist.npz,1,10000,cpu,cpu,1,1,0.000755,0.034544,0.000000
285,data/fashionmnist.npz,1,10000,cpu,cpu,1,1,0.000719,0.030059,0.000000
286,data/fashionmnist.npz,1,10000,cpu,cpu,1,1,0.000726,0.012729,0.000000
287,data/fashionmnist.npz,1,10000,cpu,cpu,1,1,0.000776,0.042813,0.000000
288,data/fashionmnist.npz,1,10000,cpu,cpu,1,1,0.000768,0.030493,0.000000
289,data/fashionmnist.npz,1,10000,cpu,cpu,1,1,0.000714,0.021059,0.000000
290,data/fashionmnist.npz,1,10000,cpu,cpu,1,1,0.000725,0.026099,0.000000
291,data/fashionmnist.npz,1,10000,cpu,cpu,1,1,0.000670,0.022016,0.000000
292,data/fashionmnist.npz,1,10000,cpu,cpu,1,1,0.000707,0.024687,0.000000
293,data/fashionmnist.npz,1,10000,cpu,cpu,1,1,0.000786,0.039772,0.000000
294,data/fashionmnist.npz,1,10000,cpu,cpu,1,1,0.000748,0.021157,0.000000
295,data/fashionmnist.npz,1,10000,cpu,cpu,1,1,0.000712,0.027411,0.000000
296,data/fashionmnist.npz,1,10000,cpu,cpu,1,1,0.000699,0.029998,0.000000
297,data/fashionmnist.npz,1,10000,cpu,cpu,1,1,0.000682,0.031213,0.000000
298,data/fashionmnist.npz,1,10000,cpu,cpu,1,1,0.000733,0.041766,0.000000
299,data/fashionmnist.npz,1,10000,cpu,cpu,1,1,0.000683,0.030423,0.000000
300,data/fashionmnist.npz,1,10000,cpu,cpu,1,1,0.000723,0.026501,0.000000
301,data/fashionmnist.npz,1,10000,cpu,cpu,1,1,0.000738,0.032248,0.000000
302,data/fashionmnist.npz,1,10000,cpu,cpu,1,1,0.000750,0.029865,0.000000
303,data/fashionmnist.npz,1,10000,cpu,cpu,1,1,0.000743,0.038394,0.000000
304,data/fashionmnist.npz,1,10000,cpu,cpu,1,1,0.000799,0.027422,0.000000
305,data/fashionmnist.npz,1,10000,cpu,cpu,1,1,0.000728,0.019977,0.000000
306,data/fashionmnist.npz,1,10000,cpu,cpu,1,1,0.000652,0.019827,0.000000
307,data/fashionmnist.npz,1,10000,cpu,cpu,1,1,0.000636,0.015183,0.000000
308,data/fashionmnist.npz,1,10000,cpu,cpu,1,1,0.000733,0.034162,0.000000
309,data/fashionmnist.npz,1,10000,cpu,cpu,1,1,0.000725,0.034242,0.000000
310,data/fashionmnist.npz,1,10000,cpu,cpu,1,1,0.000697,0.013285,0.000000
311,data/fashionmnist.npz,1,10000,cpu,cpu,1,1,0.000714,0.030756,0.000000
312,data/fashionmnist.npz,1,10000,cpu,cpu,1,1,0.000701,0.038959,0.000000
313,data/fashionmnist.npz,1,10000,cpu,cpu,1,1,0.000754,0.035287,0.000000
314,data/fashionmnist.npz,1,10000,cpu,cpu,1,1,0.000739,0.034096,0.000000
315,data/fashionmnist.npz,1,10000,cpu,cpu,1,1,0.000715,0.036444,0.000000
316,data/fashionmnist.npz,1,10000,cpu,cpu,1,1,0.000639,0.014835,0.000000
317,data/fashionmnist.npz,1,10000,cpu,cpu,1,1,0.000720,0.024884,0.000000
318,data/fashionmnist.npz,1,10000,cpu,cpu,1,1,0.000641,0.019309,0.000000
319,data/fashionmnist.npz,1,10000,cpu,cpu,1,1,0.000723,0.034791,0.000000
320,data/fashionmnist.npz,1,10000,cpu,cpu,1,1,0.000750,0.039730,0.000000
321,data/fashionmnist.npz,1,10000,cpu,cpu,1,1,0.000805,0.033681,0.000000
322,data/fashionmnist.npz,1,10000,cpu,cpu,1,1,0.000788,0.022684,0.000000
323,data/fashionmnist.npz,1,10000,cpu,cpu,1,1,0.000688,0.024432,0.000000
324,data/fashionmnist.npz,1,10000,cpu,cpu,1,1,0.000674,0.013099,0.000000
325,data/fashionmnist.npz,1,10000,cpu,cpu,1,1,0.000755,0.035502,0.000000
326,data/fashionmnist.npz,1,10000,cpu,cpu,1,1,0.000688,0.020486,0.000000
327,data/fashionmnist.npz,1,10000,cpu,cpu,1,1,0.000714,0.037304,0.000000
328,data/fashionmnist.npz,1,10000,cpu,cpu,1,1,0.000709,0.022253,0.000000
329,data/fashionmnist.npz,1,10000,cpu,cpu,1,1,0.000758,0.037819,0.000000
330,data/fashionmnist.npz,1,10000,cpu,cpu,1,1,0.000709,0.020426,0.000000
331,data/fashionmnist.npz,1,10000,cpu,cpu,1,1,0.000690,0.019801,0.000000
332,data/fashionmnist.npz,1,10000,cpu,cpu,1,1,0.000657,0.030098,0.000000
333,data/fashionmnist.npz,1,10000,cpu,cpu,1,1,0.000790,0.051110,0.000000
334,data/fashionmnist.npz,1,10000,cpu,cpu,1,1,0.000749,0.037217,0.000000
335,data/fashionmnist.npz,1,10000,cpu,cpu,1,1,0.000706,0.030694,0.000000
336,data/fashionmnist.npz,1,10000,cpu,cpu,1,1,0.000727,0.030751,0.000000
337,data/fashionmnist.npz,1,10000,cpu,cpu,1,1,0.000796,0.041270,0.000000
338,data/fashionmnist.npz,1,10000,cpu,cpu,1,1,0.000645,0.020962,0.000000
339,data/fashionmnist.npz,1,10000,cpu,cpu,1,1,0.000776,0.032404,0.000000
340,data/fashionmnist.npz,1,10000,cpu,cpu,1,1,0.000696,0.036409,0.000000
341,data/fashionmnist.npz,1,10000,cpu,cpu,1,1,0.000713,0.036366,0.000000
342,data/fashionmnist.npz,1,10000,cpu,cpu,1,1,0.000803,0.014945,0.000000
343,data/fashionmnist.npz,1,10000,cpu,cpu,1,1,0.000701,0.017345,0.000000
344,data/fashionmnist.npz,1,10000,cpu,cpu,1,1,0.000679,0.013732,0.000000
345,data/fashionmnist.npz,1,10000,cpu,cpu,1,1,0.000747,0.027482,0.000000
346,data/fashionmnist.npz,1,10000,cpu,cpu,1,1,0.000939,0.044623,0.000000
347,data/fashionmnist.npz,1,10000,cpu,cpu,1,1,0.000754,0.022555,0.000000
348,data/fashionmnist.npz,1,10000,cpu,cpu,1,1,0.000745,0.026882,0.000000
349,data/fashionmnist.npz,1,10000,cpu,cpu,1,1,0.000698,0.020179,0.000000
350,data/fashionmnist.npz,1,10000,cpu,cpu,1,1,0.000701,0.020634,0.000000
351,data/fashionmnist.npz,1,10000,cpu,cpu,1,1,0.000738,0.029660,0.000000
352,data/fashionmnist.npz,1,10000,cpu,cpu,1,1,0.000712,0.032692,0.000000
353,data/fashionmnist.npz,1,10000,cpu,cpu,1,1,0.000718,0.024984,0.000000
354,data/fashionmnist.npz,1,10000,cpu,cpu,1,1,0.000822,0.022371,0.000000
355,data/fashionmnist.npz,1,10000,cpu,cpu,1,1,0.000697,0.028949,0.000000
356,data/fashionmnist.npz,1,10000,cpu,cpu,1,1,0.000734,0.027535,0.000000
357,data/fashionmnist.npz,1,10000,cpu,cpu,1,1,0.000660,0.021605,0.000000
358,data/fashionmnist.npz,1,10000,cpu,cpu,1,1,0.000713,0.019527,0.000000
359,data/fashionmnist.npz,1,10000,cpu,cpu,1,1,0.000646,0.025434,0.000000
360,data/fashionmnist.npz,1,10000,cpu,cpu,1,1,0.000670,0.026189,0.000000
361,data/fashionmnist.npz,1,10000,cpu,cpu,1,1,0.000691,0.014620,0.000000
362,data/fashionmnist.npz,1,10000,cpu,cpu,1,1,0.000736,0.019289,0.000000
363,data/fashionmnist.npz,1,10000,cpu,cpu,1,1,0.000663,0.022013,0.000000
364,data/fashionmnist.npz,1,10000,cpu,cpu,1,1,0.000727,0.026849,0.000000
365,data/fashionmnist.npz,1,10000,cpu,cpu,1,1,0.000694,0.036332,0.000000
366,data/fashionmnist.npz,1,10000,cpu,cpu,1,1,0.000775,0.039345,0.000000
367,data/fashionmnist.npz,1,10000,cpu,cpu,1,1,0.000656,0.016619,0.000000
368,data/fashionmnist.npz,1,10000,cpu,cpu,1,1,0.000779,0.038831,0.000000
369,data/fashionmnist.npz,1,10000,cpu,cpu,1,1,0.000625,0.013525,0.000000
370,data/fashionmnist.npz,1,10000,cpu,cpu,1,1,0.000695,0.024955,0.000000
371,data/fashionmnist.npz,1,10000,cpu,cpu,1,1,0.000698,0.031509,0.000000
372,data/fashionmnist.npz,1,10000,cpu,cpu,1,1,0.000675,0.012365,0.000000
373,data/fashionmnist.npz,1,10000,cpu,cpu,1,1,0.000799,0.028095,0.000000
374,data/fashionmnist.npz,1,10000,cpu,cpu,1,1,0.000704,0.029336,0.000000
375,data/fashionmnist.npz,1,10000,cpu,cpu,1,1,0.000735,0.039407,0.000000
376,data/fashionmnist.npz,1,10000,cpu,cpu,1,1,0.000748,0.039371,0.000000
377,data/fashionmnist.npz,1,10000,cpu,cpu,1,1,0.000695,0.032864,0.000000
378,data/fashionmnist.npz,1,10000,cpu,cpu,1,1,0.000716,0.032441,0.000000
379,data/fashionmnist.npz,1,10000,cpu,cpu,1,1,0.000739,0.021910,0.000000
380,data/fashionmnist.npz,1,10000,cpu,cpu,1,1,0.000729,0.035739,0.000000
381,data/fashionmnist.npz,1,10000,cpu,cpu,1,1,0.000709,0.022130,0.000000
382,data/fashionmnist.npz,1,10000,cpu,cpu,1,1,0.000665,0.013642,0.000000
383,data/fashionmnist.npz,1,10000,cpu,cpu,1,1,0.000737,0.039504,0.000000
384,data/fashionmnist.npz,1,10000,cpu,cpu,1,1,0.000657,0.014637,0.000000
385,data/fashionmnist.npz,1,10000,cpu,cpu,1,1,0.000747,0.040282,0.000000
386,data/fashionmnist.npz,1,10000,cpu,cpu,1,1,0.000738,0.020422,0.000000
387,data/fashionmnist.npz,1,10000,cpu,cpu,1,1,0.000746,0.037108,0.000000
388,data/fashionmnist.npz,1,10000,cpu,cpu,1,1,0.000731,0.026418,0.000000
389,data/fashionmnist.npz,1,10000,cpu,cpu,1,1,0.000748,0.017965,0.000000
390,data/fashionmnist.npz,1,10000,cpu,cpu,1,1,0.000679,0.034774,0.000000
391,data/fashionmnist.npz,1,10000,cpu,cpu,1,1,0.000690,0.026948,0.000000
392,data/fashionmnist.npz,1,10000,cpu,cpu,1,1,0.000700,0.027373,0.000000
393,data/fashionmnist.npz,1,10000,cpu,cpu,1,1,0.000687,0.028022,0.000000
394,data/fashionmnist.npz,1,10000,cpu,cpu,1,1,0.000703,0.034306,0.000000
395,data/fashionmnist.npz,1,10000,cpu,cpu,1,1,0.000635,0.012705,0.000000
396,data/fashionmnist.npz,1,10000,cpu,cpu,1,1,0.000678,0.016611,0.000000
397,data/fashionmnist.npz,1,10000,cpu,cpu,1,1,0.000719,0.042261,0.000000
398,data/fashionmnist.npz,1,10000,cpu,cpu,1,1,0.000735,0.035450,0.000000
399,data/fashionmnist.npz,1,10000,cpu,cpu,1,1,0.000730,0.041535,0.000000
400,data/fashionmnist.npz,1,10000,cpu,cpu,1,1,0.000740,0.032270,0.000000
401,data/fashionmnist.npz,1,10000,cpu,cpu,1,1,0.000708,0.029570,0.000000
402,data/fashionmnist.npz,1,10000,cpu,cpu,1,1,0.000687,0.021922,0.000000
403,data/fashionmnist.npz,1,10000,cpu,cpu,1,1,0.000693,0.016494,0.000000
404,data/fashionmnist.npz,1,10000,cpu,cpu,1,1,0.000728,0.015148,0.000000
405,data/fashionmnist.npz,1,10000,cpu,cpu,1,1,0.000708,0.018974,0.000000
406,data/fashionmnist.npz,1,10000,cpu,cpu,1,1,0.000714,0.031542,0.000000
407,data/fashionmnist.npz,1,10000,cpu,cpu,1,1,0.000701,0.018205,0.000000
408,data/fashionmnist.npz,1,10000,cpu,cpu,1,1,0.000686,0.017155,0.000000
409,data/fashionmnist.npz,1,10000,cpu,cpu,1,1,0.000708,0.023925,0.000000
410,data/fashionmnist.npz,1,10000,cpu,cpu,1,1,0.000676,0.022531,0.000000
411,data/fashionmnist.npz,1,10000,cpu,cpu,1,1,0.000685,0.030152,0.000000
412,data/fashionmnist.npz,1,10000,cpu,cpu,1,1,0.000717,0.013325,0.000000
413,data/fashionmnist.npz,1,10000,cpu,cpu,1,1,0.000664,0.017662,0.000000
414,data/fashionmnist.npz,1,10000,cpu,cpu,1,1,0.000769,0.038355,0.000000
415,data/fashionmnist.npz,1,10000,cpu,cpu,1,1,0.000798,0.018600,0.000000
416,data/fashionmnist.npz,1,10000,cpu,cpu,1,1,0.000637,0.012071,0.000000
417,data/fashionmnist.npz,1,10000,cpu,cpu,1,1,0.000692,0.021741,0.000000
418,data/fashionmnist.npz,1,10000,cpu,cpu,1,1,0.000695,0.022114,0.000000
419,data/fashionmnist.npz,1,10000,cpu,cpu,1,1,0.000701,0.034922,0.000000
420,data/fashionmnist.npz,1,10000,cpu,cpu,1,1,0.000740,0.022642,0.000000
421,data/fashionmnist.npz,1,10000,cpu,cpu,1,1,0.000708,0.029472,0.000000
422,data/fashionmnist.npz,1,10000,cpu,cpu,1,1,0.000731,0.023823,0.000000
423,data/fashionmnist.npz,1,10000,cpu,cpu,1,1,0.000662,0.015999,0.000000
424,data/fashionmnist.npz,1,10000,cpu,cpu,1,1,0.000684,0.025205,0.000000
425,data/fashionmnist.npz,1,10000,cpu,cpu,1,1,0.000691,0.018333,0.000000
426,data/fashionmnist.npz,1,10000,cpu,cpu,1,1,0.000732,0.041430,0.000000
427,data/fashionmnist.npz,1,10000,cpu,cpu,1,1,0.000700,0.030934,0.000000
428,data/fashionmnist.npz,1,10000,cpu,cpu,1,1,0.000682,0.021286,0.000000
429,data/fashionmnist.npz,1,10000,cpu,cpu,1,1,0.000728,0.015897,0.000000
430,data/fashionmnist.npz,1,10000,cpu,cpu,1,1,0.000753,0.022211,0.000000
431,data/fashionmnist.npz,1,10000,cpu,cpu,1,1,0.000711,0.030660,0.000000
432,data/fashionmnist.npz,1,10000,cpu,cpu,1,1,0.000753,0.042883,0.000000
433,data/fashionmnist.npz,1,10000,cpu,cpu,1,1,0.000696,0.034075,0.000000
434,data/fashionmnist.npz,1,10000,cpu,cpu,1,1,0.000697,0.019222,0.000000
435,data/fashionmnist.npz,1,10000,cpu,cpu,1,1,0.000713,0.038348,0.000000
436,data/fashionmnist.npz,1,10000,cpu,cpu,1,1,0.000692,0.020143,0.000000
437,data/fashionmnist.npz,1,10000,cpu,cpu,1,1,0.000671,0.034155,0.000000
438,data/fashionmnist.npz,1,10000,cpu,cpu,1,1,0.000784,0.020385,0.000000
439,data/fashionmnist.npz,1,10000,cpu,cpu,1,1,0.000676,0.030308,0.000000
440,data/fashionmnist.npz,1,10000,cpu,cpu,1,1,0.000734,0.026734,0.000000
441,data/fashionmnist.npz,1,10000,cpu,cpu,1,1,0.000631,0.012169,0.000000
442,data/fashionmnist.npz,1,10000,cpu,cpu,1,1,0.000686,0.014422,0.000000
443,data/fashionmnist.npz,1,10000,cpu,cpu,1,1,0.000720,0.033847,0.000000
444,data/fashionmnist.npz,1,10000,cpu,cpu,1,1,0.000739,0.031081,0.000000
445,data/fashionmnist.npz,1,10000,cpu,cpu,1,1,0.000708,0.033532,0.000000
446,data/fashionmnist.npz,1,10000,cpu,cpu,1,1,0.000706,0.036893,0.000000
447,data/fashionmnist.npz,1,10000,cpu,cpu,1,1,0.000779,0.018678,0.000000
448,data/fashionmnist.npz,1,10000,cpu,cpu,1,1,0.000755,0.038383,0.000000
449,data/fashionmnist.npz,1,10000,cpu,cpu,1,1,0.000696,0.028616,0.000000
450,data/fashionmnist.npz,1,10000,cpu,cpu,1,1,0.000721,0.026872,0.000000
451,data/fashionmnist.npz,1,10000,cpu,cpu,1,1,0.000696,0.024224,0.000000
452,data/fashionmnist.npz,1,10000,cpu,cpu,1,1,0.000751,0.035044,0.000000
453,data/fashionmnist.npz,1,10000,cpu,cpu,1,1,0.000667,0.007787,0.000000
454,data/fashionmnist.npz,1,10000,cpu,cpu,1,1,0.000769,0.024553,0.000000
455,data/fashionmnist.npz,1,10000,cpu,cpu,1,1,0.000706,0.015839,0.000000
456,data/fashionmnist.npz,1,10000,cpu,cpu,1,1,0.000798,0.043228,0.000000
457,data/fashionmnist.npz,1,10000,cpu,cpu,1,1,0.000701,0.020901,0.000000
458,data/fashionmnist.npz,1,10000,cpu,cpu,1,1,0.000695,0.020424,0.000000
459,data/fashionmnist.npz,1,10000,cpu,cpu,1,1,0.000743,0.038461,0.000000
460,data/fashionmnist.npz,1,10000,cpu,cpu,1,1,0.000758,0.020730,0.000000
461,data/fashionmnist.npz,1,10000,cpu,cpu,1,1,0.000769,0.018493,0.000000
462,data/fashionmnist.npz,1,10000,cpu,cpu,1,1,0.000717,0.026038,0.000000
463,data/fashionmnist.npz,1,10000,cpu,cpu,1,1,0.000732,0.040479,0.000000
464,data/fashionmnist.npz,1,10000,cpu,cpu,1,1,0.000642,0.011824,0.000000
465,data/fashionmnist.npz,1,10000,cpu,cpu,1,1,0.000711,0.038432,0.000000
466,data/fashionmnist.npz,1,10000,cpu,cpu,1,1,0.000643,0.007285,0.000000
467,data/fashionmnist.npz,1,10000,cpu,cpu,1,1,0.000790,0.021030,0.000000
468,data/fashionmnist.npz,1,10000,cpu,cpu,1,1,0.000708,0.025668,0.000000
469,data/fashionmnist.npz,1,10000,cpu,cpu,1,1,0.000704,0.030701,0.000000
470,data/fashionmnist.npz,1,10000,cpu,cpu,1,1,0.000762,0.023716,0.000000
471,data/fashionmnist.npz,1,10000,cpu,cpu,1,1,0.000634,0.017286,0.000000
472,data/fashionmnist.npz,1,10000,cpu,cpu,1,1,0.000693,0.019121,0.000000
473,data/fashionmnist.npz,1,10000,cpu,cpu,1,1,0.000708,0.034592,0.000000
474,data/fashionmnist.npz,1,10000,cpu,cpu,1,1,0.000710,0.031627,0.000000
475,data/fashionmnist.npz,1,10000,cpu,cpu,1,1,0.000740,0.044011,0.000000
476,data/fashionmnist.npz,1,10000,cpu,cpu,1,1,0.000729,0.044798,0.000000
477,data/fashionmnist.npz,1,10000,cpu,cpu,1,1,0.000824,0.031327,0.000000
478,data/fashionmnist.npz,1,10000,cpu,cpu,1,1,0.000698,0.020464,0.000000
479,data/fashionmnist.npz,1,10000,cpu,cpu,1,1,0.000775,0.039962,0.000000
480,data/fashionmnist.npz,1,10000,cpu,cpu,1,1,0.000752,0.040423,0.000000
481,data/fashionmnist.npz,1,10000,cpu,cpu,1,1,0.000757,0.031851,0.000000
482,data/fashionmnist.npz,1,10000,cpu,cpu,1,1,0.000717,0.032514,0.000000
483,data/fashionmnist.npz,1,10000,cpu,cpu,1,1,0.000764,0.025998,0.000000
484,data/fashionmnist.npz,1,10000,cpu,cpu,1,1,0.000677,0.017684,0.000000
485,data/fashionmnist.npz,1,10000,cpu,cpu,1,1,0.000724,0.023930,0.000000
486,data/fashionmnist.npz,1,10000,cpu,cpu,1,1,0.000692,0.032914,0.000000
487,data/fashionmnist.npz,1,10000,cpu,cpu,1,1,0.000692,0.030274,0.000000
488,data/fashionmnist.npz,1,10000,cpu,cpu,1,1,0.000744,0.033675,0.000000
489,data/fashionmnist.npz,1,10000,cpu,cpu,1,1,0.000674,0.021063,0.000000
490,data/fashionmnist.npz,1,10000,cpu,cpu,1,1,0.000723,0.027199,0.000000
491,data/fashionmnist.npz,1,10000,cpu,cpu,1,1,0.000709,0.023201,0.000000
492,data/fashionmnist.npz,1,10000,cpu,cpu,1,1,0.000702,0.027650,0.000000
493,data/fashionmnist.npz,1,10000,cpu,cpu,1,1,0.000697,0.019628,0.000000
494,data/fashionmnist.npz,1,10000,cpu,cpu,1,1,0.000725,0.024169,0.000000
495,data/fashionmnist.npz,1,10000,cpu,cpu,1,1,0.000751,0.027227,0.000000
496,data/fashionmnist.npz,1,10000,cpu,cpu,1,1,0.000664,0.017397,0.000000
497,data/fashionmnist.npz,1,10000,cpu,cpu,1,1,0.000789,0.028407,0.000000
498,data/fashionmnist.npz,1,10000,cpu,cpu,1,1,0.000758,0.033695,0.000000
499,data/fashionmnist.npz,1,10000,cpu,cpu,1,1,0.000659,0.020478,0.000000
500,data/fashionmnist.npz,1,10000,cpu,cpu,1,1,0.000710,0.022980,0.000000
501,data/fashionmnist.npz,1,10000,cpu,cpu,1,1,0.000722,0.028741,0.000000
502,data/fashionmnist.npz,1,10000,cpu,cpu,1,1,0.000770,0.034658,0.000000
503,data/fashionmnist.npz,1,10000,cpu,cpu,1,1,0.000889,0.020327,0.000000
504,data/fashionmnist.npz,1,10000,cpu,cpu,1,1,0.000686,0.032457,0.000000
505,data/fashionmnist.npz,1,10000,cpu,cpu,1,1,0.000692,0.013049,0.000000
506,data/fashionmnist.npz,1,10000,cpu,cpu,1,1,0.000698,0.040344,0.000000
507,data/fashionmnist.npz,1,10000,cpu,cpu,1,1,0.000714,0.025931,0.000000
508,data/fashionmnist.npz,1,10000,cpu,cpu,1,1,0.000706,0.022691,0.000000
509,data/fashionmnist.npz,1,10000,cpu,cpu,1,1,0.000743,0.043661,0.000000
510,data/fashionmnist.npz,1,10000,cpu,cpu,1,1,0.000704,0.024615,0.000000
511,data/fashionmnist.npz,1,10000,cpu,cpu,1,1,0.000719,0.027247,0.000000
512,data/fashionmnist.npz,1,10000,cpu,cpu,1,1,0.000744,0.025551,0.000000
513,data/fashionmnist.npz,1,10000,cpu,cpu,1,1,0.000671,0.021468,0.000000
514,data/fashionmnist.npz,1,10000,cpu,cpu,1,1,0.000679,0.034124,0.000000
515,data/fashionmnist.npz,1,10000,cpu,cpu,1,1,0.000686,0.039780,0.000000
516,data/fashionmnist.npz,1,10000,cpu,cpu,1,1,0.000718,0.022444,0.000000
517,data/fashionmnist.npz,1,10000,cpu,cpu,1,1,0.000715,0.027691,0.000000
518,data/fashionmnist.npz,1,10000,cpu,cpu,1,1,0.000822,0.026754,0.000000
519,data/fashionmnist.npz,1,10000,cpu,cpu,1,1,0.000725,0.038282,0.000000
520,data/fashionmnist.npz,1,10000,cpu,cpu,1,1,0.000672,0.029541,0.000000
521,data/fashionmnist.npz,1,10000,cpu,cpu,1,1,0.000748,0.031288,0.000000
522,data/fashionmnist.npz,1,10000,cpu,cpu,1,1,0.000754,0.021368,0.000000
523,data/fashionmnist.npz,1,10000,cpu,cpu,1,1,0.000657,0.023276,0.000000
524,data/fashionmnist.npz,1,10000,cpu,cpu,1,1,0.000817,0.032053,0.000000
525,data/fashionmnist.npz,1,10000,cpu,cpu,1,1,0.000723,0.023918,0.000000
526,data/fashionmnist.npz,1,10000,cpu,cpu,1,1,0.000722,0.019920,0.000000
527,data/fashionmnist.npz,1,10000,cpu,cpu,1,1,0.000653,0.015990,0.000000
528,data/fashionmnist.npz,1,10000,cpu,cpu,1,1,0.000730,0.037901,0.000000
529,data/fashionmnist.npz,1,10000,cpu,cpu,1,1,0.000754,0.038622,0.000000
530,data/fashionmnist.npz,1,10000,cpu,cpu,1,1,0.000760,0.037014,0.000000
531,data/fashionmnist.npz,1,10000,cpu,cpu,1,1,0.000683,0.030180,0.000000
532,data/fashionmnist.npz,1,10000,cpu,cpu,1,1,0.000710,0.024901,0.000000
533,data/fashionmnist.npz,1,10000,cpu,cpu,1,1,0.000697,0.029362,0.000000
534,data/fashionmnist.npz,1,10000,cpu,cpu,1,1,0.000708,0.033470,0.000000
535,data/fashionmnist.npz,1,10000,cpu,cpu,1,1,0.000705,0.035187,0.000000
536,data/fashionmnist.npz,1,10000,cpu,cpu,1,1,0.000647,0.019337,0.000000
537,data/fashionmnist.npz,1,10000,cpu,cpu,1,1,0.000741,0.039596,0.000000
538,data/fashionmnist.npz,1,10000,cpu,cpu,1,1,0.000687,0.019769,0.000000
539,data/fashionmnist.npz,1,10000,cpu,cpu,1,1,0.000723,0.030838,0.000000
540,data/fashionmnist.npz,1,10000,cpu,cpu,1,1,0.000630,0.011326,0.000000
541,data/fashionmnist.npz,1,10000,cpu,cpu,1,1,0.000683,0.021313,0.000000
542,data/fashionmnist.npz,1,10000,cpu,cpu,1,1,0.000687,0.013979,0.000000
543,data/fashionmnist.npz,1,10000,cpu,cpu,1,1,0.000652,0.018352,0.000000
544,data/fashionmnist.npz,1,10000,cpu,cpu,1,1,0.000753,0.024167,0.000000
545,data/fashionmnist.npz,1,10000,cpu,cpu,1,1,0.000660,0.012422,0.000000
546,data/fashionmnist.npz,1,10000,cpu,cpu,1,1,0.000641,0.013273,0.000000
547,data/fashionmnist.npz,1,10000,cpu,cpu,1,1,0.000670,0.020635,0.000000
548,data/fashionmnist.npz,1,10000,cpu,cpu,1,1,0.000696,0.020297,0.000000
549,data/fashionmnist.npz,1,10000,cpu,cpu,1,1,0.000724,0.036363,0.000000
550,data/fashionmnist.npz,1,10000,cpu,cpu,1,1,0.000759,0.042519,0.000000
551,data/fashionmnist.npz,1,10000,cpu,cpu,1,1,0.000763,0.040148,0.000000
552,data/fashionmnist.npz,1,10000,cpu,cpu,1,1,0.000712,0.033857,0.000000
553,data/fashionmnist.npz,1,10000,cpu,cpu,1,1,0.000749,0.036111,0.000000
554,data/fashionmnist.npz,1,10000,cpu,cpu,1,1,0.000683,0.018764,0.000000
555,data/fashionmnist.npz,1,10000,cpu,cpu,1,1,0.000735,0.012316,0.000000
556,data/fashionmnist.npz,1,10000,cpu,cpu,1,1,0.000682,0.017862,0.000000
557,data/fashionmnist.npz,1,10000,cpu,cpu,1,1,0.000636,0.015935,0.000000
558,data/fashionmnist.npz,1,10000,cpu,cpu,1,1,0.000662,0.017477,0.000000
559,data/fashionmnist.npz,1,10000,cpu,cpu,1,1,0.000656,0.015254,0.000000
560,data/fashionmnist.npz,1,10000,cpu,cpu,1,1,0.000668,0.021286,0.000000
561,data/fashionmnist.npz,1,10000,cpu,cpu,1,1,0.000711,0.011073,0.000000
562,data/fashionmnist.npz,1,10000,cpu,cpu,1,1,0.000719,0.035319,0.000000
563,data/fashionmnist.npz,1,10000,cpu,cpu,1,1,0.000709,0.019229,0.000000
564,data/fashionmnist.npz,1,10000,cpu,cpu,1,1,0.000704,0.023759,0.000000
565,data/fashionmnist.npz,1,10000,cpu,cpu,1,1,0.000688,0.015257,0.000000
566,data/fashionmnist.npz,1,10000,cpu,cpu,1,1,0.000705,0.036934,0.000000
567,data/fashionmnist.npz,1,10000,cpu,cpu,1,1,0.000761,0.047636,0.000000
568,data/fashionmnist.npz,1,10000,cpu,cpu,1,1,0.000665,0.014396,0.000000
569,data/fashionmnist.npz,1,10000,cpu,cpu,1,1,0.000718,0.040863,0.000000
570,data/fashionmnist.npz,1,10000,cpu,cpu,1,1,0.000730,0.020404,0.000000
571,data/fashionmnist.npz,1,10000,cpu,cpu,1,1,0.000861,0.048569,0.000000
572,data/fashionmnist.npz,1,10000,cpu,cpu,1,1,0.000696,0.037625,0.000000
573,data/fashionmnist.npz,1,10000,cpu,cpu,1,1,0.000736,0.023736,0.000000
574,data/fashionmnist.npz,1,10000,cpu,cpu,1,1,0.000739,0.036830,0.000000
575,data/fashionmnist.npz,1,10000,cpu,cpu,1,1,0.000707,0.019040,0.000000
576,data/fashionmnist.npz,1,10000,cpu,cpu,1,1,0.000674,0.020163,0.000000
577,data/fashionmnist.npz,1,10000,cpu,cpu,1,1,0.000689,0.026266,0.000000
578,data/fashionmnist.npz,1,10000,cpu,cpu,1,1,0.000665,0.023991,0.000000
579,data/fashionmnist.npz,1,10000,cpu,cpu,1,1,0.000681,0.017742,0.000000
580,data/fashionmnist.npz,1,10000,cpu,cpu,1,1,0.000680,0.007050,0.000000
581,data/fashionmnist.npz,1,10000,cpu,cpu,1,1,0.000780,0.017012,0.000000
582,data/fashionmnist.npz,1,10000,cpu,cpu,1,1,0.000704,0.019887,0.000000
583,data/fashionmnist.npz,1,10000,cpu,cpu,1,1,0.000729,0.025484,0.000000
584,data/fashionmnist.npz,1,10000,cpu,cpu,1,1,0.000786,0.040160,0.000000
585,data/fashionmnist.npz,1,10000,cpu,cpu,1,1,0.000684,0.015676,0.000000
586,data/fashionmnist.npz,1,10000,cpu,cpu,1,1,0.000692,0.028164,0.000000
587,data/fashionmnist.npz,1,10000,cpu,cpu,1,1,0.000771,0.033993,0.000000
588,data/fashionmnist.npz,1,10000,cpu,cpu,1,1,0.000747,0.016601,0.000000
589,data/fashionmnist.npz,1,10000,cpu,cpu,1,1,0.000699,0.021649,0.000000
590,data/fashionmnist.npz,1,10000,cpu,cpu,1,1,0.000645,0.021040,0.000000
591,data/fashionmnist.npz,1,10000,cpu,cpu,1,1,0.000679,0.021785,0.000000
592,data/fashionmnist.npz,1,10000,cpu,cpu,1,1,0.000700,0.033793,0.000000
593,data/fashionmnist.npz,1,10000,cpu,cpu,1,1,0.000629,0.018215,0.000000
594,data/fashionmnist.npz,1,10000,cpu,cpu,1,1,0.000859,0.031036,0.000000
595,data/fashionmnist.npz,1,10000,cpu,cpu,1,1,0.000665,0.028765,0.000000
596,data/fashionmnist.npz,1,10000,cpu,cpu,1,1,0.000660,0.016333,0.000000
597,data/fashionmnist.npz,1,10000,cpu,cpu,1,1,0.000723,0.037261,0.000000
598,data/fashionmnist.npz,1,10000,cpu,cpu,1,1,0.000685,0.026512,0.000000
599,data/fashionmnist.npz,1,10000,cpu,cpu,1,1,0.000821,0.020479,0.000000
600,data/fashionmnist.npz,1,10000,cpu,cpu,1,1,0.000690,0.007714,0.000000
601,data/fashionmnist.npz,1,10000,cpu,cpu,1,1,0.000786,0.035325,0.000000
602,data/fashionmnist.npz,1,10000,cpu,cpu,1,1,0.000745,0.029298,0.000000
603,data/fashionmnist.npz,1,10000,cpu,cpu,1,1,0.000684,0.026638,0.000000
604,data/fashionmnist.npz,1,10000,cpu,cpu,1,1,0.000762,0.025340,0.000000
605,data/fashionmnist.npz,1,10000,cpu,cpu,1,1,0.000654,0.017626,0.000000
606,data/fashionmnist.npz,1,10000,cpu,cpu,1,1,0.000673,0.020635,0.000000
607,data/fashionmnist.npz,1,10000,cpu,cpu,1,1,0.000736,0.034410,0.000000
608,data/fashionmnist.npz,1,10000,cpu,cpu,1,1,0.000769,0.035802,0.000000
609,data/fashionmnist.npz,1,10000,cpu,cpu,1,1,0.000710,0.020824,0.000000
610,data/fashionmnist.npz,1,10000,cpu,cpu,1,1,0.000693,0.016354,0.000000
611,data/fashionmnist.npz,1,10000,cpu,cpu,1,1,0.000667,0.011572,0.000000
612,data/fashionmnist.npz,1,10000,cpu,cpu,1,1,0.000694,0.010512,0.000000
613,data/fashionmnist.npz,1,10000,cpu,cpu,1,1,0.000660,0.027413,0.000000
614,data/fashionmnist.npz,1,10000,cpu,cpu,1,1,0.000720,0.040061,0.000000
615,data/fashionmnist.npz,1,10000,cpu,cpu,1,1,0.000648,0.021518,0.000000
616,data/fashionmnist.npz,1,10000,cpu,cpu,1,1,0.000700,0.025723,0.000000
617,data/fashionmnist.npz,1,10000,cpu,cpu,1,1,0.000678,0.010808,0.000000
618,data/fashionmnist.npz,1,10000,cpu,cpu,1,1,0.000685,0.019512,0.000000
619,data/fashionmnist.npz,1,10000,cpu,cpu,1,1,0.000730,0.022879,0.000000
620,data/fashionmnist.npz,1,10000,cpu,cpu,1,1,0.000676,0.044157,0.000000
621,data/fashionmnist.npz,1,10000,cpu,cpu,1,1,0.000672,0.033681,0.000000
622,data/fashionmnist.npz,1,10000,cpu,cpu,1,1,0.000699,0.018156,0.000000
623,data/fashionmnist.npz,1,10000,cpu,cpu,1,1,0.000699,0.042835,0.000000
624,data/fashionmnist.npz,1,10000,cpu,cpu,1,1,0.000736,0.020247,0.000000
625,data/fashionmnist.npz,1,10000,cpu,cpu,1,1,0.000712,0.032480,0.000000
626,data/fashionmnist.npz,1,10000,cpu,cpu,1,1,0.000694,0.018725,0.000000
627,data/fashionmnist.npz,1,10000,cpu,cpu,1,1,0.000705,0.024936,0.000000
628,data/fashionmnist.npz,1,10000,cpu,cpu,1,1,0.000782,0.028186,0.000000
629,data/fashionmnist.npz,1,10000,cpu,cpu,1,1,0.000691,0.020290,0.000000
630,data/fashionmnist.npz,1,10000,cpu,cpu,1,1,0.000740,0.043085,0.000000
631,data/fashionmnist.npz,1,10000,cpu,cpu,1,1,0.000802,0.022220,0.000000
632,data/fashionmnist.npz,1,10000,cpu,cpu,1,1,0.000696,0.016820,0.000000
633,data/fashionmnist.npz,1,10000,cpu,cpu,1,1,0.000702,0.025273,0.000000
634,data/fashionmnist.npz,1,10000,cpu,cpu,1,1,0.000674,0.028661,0.000000
635,data/fashionmnist.npz,1,10000,cpu,cpu,1,1,0.000728,0.029325,0.000000
636,data/fashionmnist.npz,1,10000,cpu,cpu,1,1,0.000719,0.028090,0.000000
637,data/fashionmnist.npz,1,10000,cpu,cpu,1,1,0.000709,0.034214,0.000000
638,data/fashionmnist.npz,1,10000,cpu,cpu,1,1,0.000780,0.021974,0.000000
639,data/fashionmnist.npz,1,10000,cpu,cpu,1,1,0.000768,0.030620,0.000000
640,data/fashionmnist.npz,1,10000,cpu,cpu,1,1,0.000717,0.014554,0.000000
641,data/fashionmnist.npz,1,10000,cpu,cpu,1,1,0.000697,0.031993,0.000000
642,data/fashionmnist.npz,1,10000,cpu,cpu,1,1,0.000693,0.025979,0.000000
643,data/fashionmnist.npz,1,10000,cpu,cpu,1,1,0.000728,0.028047,0.000000
644,data/fashionmnist.npz,1,10000,cpu,cpu,1,1,0.000732,0.039448,0.000000
645,data/fashionmnist.npz,1,10000,cpu,cpu,1,1,0.000671,0.020302,0.000000
646,data/fashionmnist.npz,1,10000,cpu,cpu,1,1,0.000774,0.033830,0.000000
647,data/fashionmnist.npz,1,10000,cpu,cpu,1,1,0.000688,0.024647,0.000000
648,data/fashionmnist.npz,1,10000,cpu,cpu,1,1,0.000703,0.035499,0.000000
649,data/fashionmnist.npz,1,10000,cpu,cpu,1,1,0.000665,0.012050,0.000000
650,data/fashionmnist.npz,1,10000,cpu,cpu,1,1,0.000644,0.009275,0.000000
651,data/fashionmnist.npz,1,10000,cpu,cpu,1,1,0.000794,0.040479,0.000000
652,data/fashionmnist.npz,1,10000,cpu,cpu,1,1,0.000699,0.020212,0.000000
653,data/fashionmnist.npz,1,10000,cpu,cpu,1,1,0.000682,0.017724,0.000000
654,data/fashionmnist.npz,1,10000,cpu,cpu,1,1,0.000674,0.017831,0.000000
655,data/fashionmnist.npz,1,10000,cpu,cpu,1,1,0.000693,0.021600,0.000000
656,data/fashionmnist.npz,1,10000,cpu,cpu,1,1,0.000650,0.015336,0.000000
657,data/fashionmnist.npz,1,10000,cpu,cpu,1,1,0.000746,0.036138,0.000000
658,data/fashionmnist.npz,1,10000,cpu,cpu,1,1,0.000739,0.040742,0.000000
659,data/fashionmnist.npz,1,10000,cpu,cpu,1,1,0.000696,0.028576,0.000000
660,data/fashionmnist.npz,1,10000,cpu,cpu,1,1,0.000761,0.029607,0.000000
661,data/fashionmnist.npz,1,10000,cpu,cpu,1,1,0.000721,0.016999,0.000000
662,data/fashionmnist.npz,1,10000,cpu,cpu,1,1,0.000719,0.013370,0.000000
663,data/fashionmnist.npz,1,10000,cpu,cpu,1,1,0.000697,0.020306,0.000000
664,data/fashionmnist.npz,1,10000,cpu,cpu,1,1,0.000714,0.042987,0.000000
665,data/fashionmnist.npz,1,10000,cpu,cpu,1,1,0.000681,0.017978,0.000000
666,data/fashionmnist.npz,1,10000,cpu,cpu,1,1,0.000658,0.016689,0.000000
667,data/fashionmnist.npz,1,10000,cpu,cpu,1,1,0.000715,0.038659,0.000000
668,data/fashionmnist.npz,1,10000,cpu,cpu,1,1,0.000756,0.026921,0.000000
669,data/fashionmnist.npz,1,10000,cpu,cpu,1,1,0.000738,0.028726,0.000000
670,data/fashionmnist.npz,1,10000,cpu,cpu,1,1,0.000688,0.031269,0.000000
671,data/fashionmnist.npz,1,10000,cpu,cpu,1,1,0.000704,0.017257,0.000000
672,data/fashionmnist.npz,1,10000,cpu,cpu,1,1,0.000717,0.028762,0.000000
673,data/fashionmnist.npz,1,10000,cpu,cpu,1,1,0.000681,0.017123,0.000000
674,data/fashionmnist.npz,1,10000,cpu,cpu,1,1,0.000676,0.029389,0.000000
675,data/fashionmnist.npz,1,10000,cpu,cpu,1,1,0.000814,0.039201,0.000000
676,data/fashionmnist.npz,1,10000,cpu,cpu,1,1,0.000671,0.015713,0.000000
677,data/fashionmnist.npz,1,10000,cpu,cpu,1,1,0.000717,0.023007,0.000000
678,data/fashionmnist.npz,1,10000,cpu,cpu,1,1,0.000750,0.034980,0.000000
679,data/fashionmnist.npz,1,10000,cpu,cpu,1,1,0.000757,0.030121,0.000000
680,data/fashionmnist.npz,1,10000,cpu,cpu,1,1,0.000729,0.034516,0.000000
681,data/fashionmnist.npz,1,10000,cpu,cpu,1,1,0.000812,0.021684,0.000000
682,data/fashionmnist.npz,1,10000,cpu,cpu,1,1,0.000688,0.024305,0.000000
683,data/fashionmnist.npz,1,10000,cpu,cpu,1,1,0.000669,0.011116,0.000000
684,data/fashionmnist.npz,1,10000,cpu,cpu,1,1,0.000669,0.019861,0.000000
685,data/fashionmnist.npz,1,10000,cpu,cpu,1,1,0.000664,0.019453,0.000000
686,data/fashionmnist.npz,1,10000,cpu,cpu,1,1,0.000748,0.022679,0.000000
687,data/fashionmnist.npz,1,10000,cpu,cpu,1,1,0.000719,0.022093,0.000000
688,data/fashionmnist.npz,1,10000,cpu,cpu,1,1,0.000659,0.014187,0.000000
689,data/fashionmnist.npz,1,10000,cpu,cpu,1,1,0.000707,0.030441,0.000000
690,data/fashionmnist.npz,1,10000,cpu,cpu,1,1,0.000745,0.036402,0.000000
691,data/fashionmnist.npz,1,10000,cpu,cpu,1,1,0.000670,0.018151,0.000000
692,data/fashionmnist.npz,1,10000,cpu,cpu,1,1,0.000715,0.044016,0.000000
693,data/fashionmnist.npz,1,10000,cpu,cpu,1,1,0.000704,0.019077,0.000000
694,data/fashionmnist.npz,1,10000,cpu,cpu,1,1,0.000730,0.040037,0.000000
695,data/fashionmnist.npz,1,10000,cpu,cpu,1,1,0.000753,0.033513,0.000000
696,data/fashionmnist.npz,1,10000,cpu,cpu,1,1,0.000705,0.030834,0.000000
697,data/fashionmnist.npz,1,10000,cpu,cpu,1,1,0.000689,0.011719,0.000000
698,data/fashionmnist.npz,1,10000,cpu,cpu,1,1,0.000748,0.028058,0.000000
699,data/fashionmnist.npz,1,10000,cpu,cpu,1,1,0.000765,0.029752,0.000000
700,data/fashionmnist.npz,1,10000,cpu,cpu,1,1,0.000692,0.011374,0.000000
701,data/fashionmnist.npz,1,10000,cpu,cpu,1,1,0.000669,0.024779,0.000000
702,data/fashionmnist.npz,1,10000,cpu,cpu,1,1,0.000667,0.013829,0.000000
703,data/fashionmnist.npz,1,10000,cpu,cpu,1,1,0.000686,0.029894,0.000000
704,data/fashionmnist.npz,1,10000,cpu,cpu,1,1,0.000707,0.017402,0.000000
705,data/fashionmnist.npz,1,10000,cpu,cpu,1,1,0.000653,0.021936,0.000000
706,data/fashionmnist.npz,1,10000,cpu,cpu,1,1,0.000709,0.037367,0.000000
707,data/fashionmnist.npz,1,10000,cpu,cpu,1,1,0.000681,0.017057,0.000000
708,data/fashionmnist.npz,1,10000,cpu,cpu,1,1,0.000698,0.032582,0.000000
709,data/fashionmnist.npz,1,10000,cpu,cpu,1,1,0.000677,0.021764,0.000000
710,data/fashionmnist.npz,1,10000,cpu,cpu,1,1,0.000835,0.020531,0.000000
711,data/fashionmnist.npz,1,10000,cpu,cpu,1,1,0.000751,0.041388,0.000000
712,data/fashionmnist.npz,1,10000,cpu,cpu,1,1,0.000675,0.013287,0.000000
713,data/fashionmnist.npz,1,10000,cpu,cpu,1,1,0.000721,0.035190,0.000000
714,data/fashionmnist.npz,1,10000,cpu,cpu,1,1,0.000850,0.026421,0.000000
715,data/fashionmnist.npz,1,10000,cpu,cpu,1,1,0.000769,0.029417,0.000000
716,data/fashionmnist.npz,1,10000,cpu,cpu,1,1,0.000771,0.036425,0.000000
717,data/fashionmnist.npz,1,10000,cpu,cpu,1,1,0.000720,0.034328,0.000000
718,data/fashionmnist.npz,1,10000,cpu,cpu,1,1,0.000749,0.024438,0.000000
719,data/fashionmnist.npz,1,10000,cpu,cpu,1,1,0.000692,0.033495,0.000000
720,data/fashionmnist.npz,1,10000,cpu,cpu,1,1,0.000672,0.014423,0.000000
721,data/fashionmnist.npz,1,10000,cpu,cpu,1,1,0.000649,0.018304,0.000000
722,data/fashionmnist.npz,1,10000,cpu,cpu,1,1,0.000668,0.021147,0.000000
723,data/fashionmnist.npz,1,10000,cpu,cpu,1,1,0.000725,0.024027,0.000000
724,data/fashionmnist.npz,1,10000,cpu,cpu,1,1,0.000742,0.029999,0.000000
725,data/fashionmnist.npz,1,10000,cpu,cpu,1,1,0.000827,0.029989,0.000000
726,data/fashionmnist.npz,1,10000,cpu,cpu,1,1,0.000699,0.029238,0.000000
727,data/fashionmnist.npz,1,10000,cpu,cpu,1,1,0.001000,0.044094,0.000000
728,data/fashionmnist.npz,1,10000,cpu,cpu,1,1,0.000748,0.028914,0.000000
729,data/fashionmnist.npz,1,10000,cpu,cpu,1,1,0.000676,0.017523,0.000000
730,data/fashionmnist.npz,1,10000,cpu,cpu,1,1,0.000709,0.020192,0.000000
731,data/fashionmnist.npz,1,10000,cpu,cpu,1,1,0.000725,0.017128,0.000000
732,data/fashionmnist.npz,1,10000,cpu,cpu,1,1,0.000707,0.021976,0.000000
733,data/fashionmnist.npz,1,10000,cpu,cpu,1,1,0.000765,0.037179,0.000000
734,data/fashionmnist.npz,1,10000,cpu,cpu,1,1,0.000666,0.029073,0.000000
735,data/fashionmnist.npz,1,10000,cpu,cpu,1,1,0.000661,0.022978,0.000000
736,data/fashionmnist.npz,1,10000,cpu,cpu,1,1,0.000648,0.014146,0.000000
737,data/fashionmnist.npz,1,10000,cpu,cpu,1,1,0.000711,0.040083,0.000000
738,data/fashionmnist.npz,1,10000,cpu,cpu,1,1,0.000647,0.022132,0.000000
739,data/fashionmnist.npz,1,10000,cpu,cpu,1,1,0.000650,0.011551,0.000000
740,data/fashionmnist.npz,1,10000,cpu,cpu,1,1,0.000718,0.027220,0.000000
741,data/fashionmnist.npz,1,10000,cpu,cpu,1,1,0.000729,0.011240,0.000000
742,data/fashionmnist.npz,1,10000,cpu,cpu,1,1,0.000701,0.026230,0.000000
743,data/fashionmnist.npz,1,10000,cpu,cpu,1,1,0.000763,0.042260,0.000000
744,data/fashionmnist.npz,1,10000,cpu,cpu,1,1,0.000677,0.021553,0.000000
745,data/fashionmnist.npz,1,10000,cpu,cpu,1,1,0.000809,0.033186,0.000000
746,data/fashionmnist.npz,1,10000,cpu,cpu,1,1,0.000673,0.020400,0.000000
747,data/fashionmnist.npz,1,10000,cpu,cpu,1,1,0.000647,0.010736,0.000000
748,data/fashionmnist.npz,1,10000,cpu,cpu,1,1,0.000642,0.020947,0.000000
749,data/fashionmnist.npz,1,10000,cpu,cpu,1,1,0.000710,0.025260,0.000000
750,data/fashionmnist.npz,1,10000,cpu,cpu,1,1,0.000668,0.013308,0.000000
751,data/fashionmnist.npz,1,10000,cpu,cpu,1,1,0.000673,0.021369,0.000000
752,data/fashionmnist.npz,1,10000,cpu,cpu,1,1,0.000683,0.026316,0.000000
753,data/fashionmnist.npz,1,10000,cpu,cpu,1,1,0.000714,0.029900,0.000000
754,data/fashionmnist.npz,1,10000,cpu,cpu,1,1,0.000747,0.021455,0.000000
755,data/fashionmnist.npz,1,10000,cpu,cpu,1,1,0.000695,0.033222,0.000000
756,data/fashionmnist.npz,1,10000,cpu,cpu,1,1,0.000659,0.013779,0.000000
757,data/fashionmnist.npz,1,10000,cpu,cpu,1,1,0.000724,0.038756,0.000000
758,data/fashionmnist.npz,1,10000,cpu,cpu,1,1,0.000669,0.021784,0.000000
759,data/fashionmnist.npz,1,10000,cpu,cpu,1,1,0.000725,0.035827,0.000000
760,data/fashionmnist.npz,1,10000,cpu,cpu,1,1,0.000735,0.019088,0.000000
761,data/fashionmnist.npz,1,10000,cpu,cpu,1,1,0.000693,0.014623,0.000000
762,data/fashionmnist.npz,1,10000,cpu,cpu,1,1,0.000708,0.027672,0.000000
763,data/fashionmnist.npz,1,10000,cpu,cpu,1,1,0.000735,0.016078,0.000000
764,data/fashionmnist.npz,1,10000,cpu,cpu,1,1,0.000743,0.044170,0.000000
765,data/fashionmnist.npz,1,10000,cpu,cpu,1,1,0.000663,0.026120,0.000000
766,data/fashionmnist.npz,1,10000,cpu,cpu,1,1,0.000708,0.022197,0.000000
767,data/fashionmnist.npz,1,10000,cpu,cpu,1,1,0.000741,0.025792,0.000000
768,data/fashionmnist.npz,1,10000,cpu,cpu,1,1,0.000665,0.023606,0.000000
769,data/fashionmnist.npz,1,10000,cpu,cpu,1,1,0.000677,0.019037,0.000000
770,data/fashionmnist.npz,1,10000,cpu,cpu,1,1,0.000661,0.016587,0.000000
771,data/fashionmnist.npz,1,10000,cpu,cpu,1,1,0.000760,0.030054,0.000000
772,data/fashionmnist.npz,1,10000,cpu,cpu,1,1,0.000696,0.026178,0.000000
773,data/fashionmnist.npz,1,10000,cpu,cpu,1,1,0.000704,0.027381,0.000000
774,data/fashionmnist.npz,1,10000,cpu,cpu,1,1,0.000710,0.013131,0.000000
775,data/fashionmnist.npz,1,10000,cpu,cpu,1,1,0.000795,0.036510,0.000000
776,data/fashionmnist.npz,1,10000,cpu,cpu,1,1,0.000656,0.026454,0.000000
777,data/fashionmnist.npz,1,10000,cpu,cpu,1,1,0.000763,0.026110,0.000000
778,data/fashionmnist.npz,1,10000,cpu,cpu,1,1,0.000722,0.014657,0.000000
779,data/fashionmnist.npz,1,10000,cpu,cpu,1,1,0.000777,0.030611,0.000000
780,data/fashionmnist.npz,1,10000,cpu,cpu,1,1,0.000697,0.010146,0.000000
781,data/fashionmnist.npz,1,10000,cpu,cpu,1,1,0.000687,0.024363,0.000000
782,data/fashionmnist.npz,1,10000,cpu,cpu,1,1,0.000725,0.025748,0.000000
783,data/fashionmnist.npz,1,10000,cpu,cpu,1,1,0.000706,0.028073,0.000000
784,data/fashionmnist.npz,1,10000,cpu,cpu,1,1,0.000669,0.021085,0.000000
785,data/fashionmnist.npz,1,10000,cpu,cpu,1,1,0.000726,0.035154,0.000000
786,data/fashionmnist.npz,1,10000,cpu,cpu,1,1,0.000751,0.027292,0.000000
787,data/fashionmnist.npz,1,10000,cpu,cpu,1,1,0.000699,0.020132,0.000000
788,data/fashionmnist.npz,1,10000,cpu,cpu,1,1,0.000728,0.024940,0.000000
789,data/fashionmnist.npz,1,10000,cpu,cpu,1,1,0.000691,0.010977,0.000000
790,data/fashionmnist.npz,1,10000,cpu,cpu,1,1,0.000699,0.032318,0.000000
791,data/fashionmnist.npz,1,10000,cpu,cpu,1,1,0.000729,0.022206,0.000000
792,data/fashionmnist.npz,1,10000,cpu,cpu,1,1,0.000723,0.020284,0.000000
793,data/fashionmnist.npz,1,10000,cpu,cpu,1,1,0.000707,0.033472,0.000000
794,data/fashionmnist.npz,1,10000,cpu,cpu,1,1,0.000734,0.035307,0.000000
795,data/fashionmnist.npz,1,10000,cpu,cpu,1,1,0.000711,0.031705,0.000000
796,data/fashionmnist.npz,1,10000,cpu,cpu,1,1,0.000660,0.009563,0.000000
797,data/fashionmnist.npz,1,10000,cpu,cpu,1,1,0.000717,0.014321,0.000000
798,data/fashionmnist.npz,1,10000,cpu,cpu,1,1,0.000654,0.019944,0.000000
799,data/fashionmnist.npz,1,10000,cpu,cpu,1,1,0.000720,0.029410,0.000000
800,data/fashionmnist.npz,1,10000,cpu,cpu,1,1,0.000679,0.017363,0.000000
801,data/fashionmnist.npz,1,10000,cpu,cpu,1,1,0.000718,0.029977,0.000000
802,data/fashionmnist.npz,1,10000,cpu,cpu,1,1,0.000746,0.026843,0.000000
803,data/fashionmnist.npz,1,10000,cpu,cpu,1,1,0.000671,0.023647,0.000000
804,data/fashionmnist.npz,1,10000,cpu,cpu,1,1,0.000707,0.042698,0.000000
805,data/fashionmnist.npz,1,10000,cpu,cpu,1,1,0.000672,0.029663,0.000000
806,data/fashionmnist.npz,1,10000,cpu,cpu,1,1,0.000832,0.035937,0.000000
807,data/fashionmnist.npz,1,10000,cpu,cpu,1,1,0.000700,0.018215,0.000000
808,data/fashionmnist.npz,1,10000,cpu,cpu,1,1,0.000754,0.041585,0.000000
809,data/fashionmnist.npz,1,10000,cpu,cpu,1,1,0.000710,0.033938,0.000000
810,data/fashionmnist.npz,1,10000,cpu,cpu,1,1,0.000713,0.042851,0.000000
811,data/fashionmnist.npz,1,10000,cpu,cpu,1,1,0.000724,0.027545,0.000000
812,data/fashionmnist.npz,1,10000,cpu,cpu,1,1,0.000711,0.022238,0.000000
813,data/fashionmnist.npz,1,10000,cpu,cpu,1,1,0.000729,0.042169,0.000000
814,data/fashionmnist.npz,1,10000,cpu,cpu,1,1,0.000792,0.029993,0.000000
815,data/fashionmnist.npz,1,10000,cpu,cpu,1,1,0.000693,0.020749,0.000000
816,data/fashionmnist.npz,1,10000,cpu,cpu,1,1,0.000707,0.034576,0.000000
817,data/fashionmnist.npz,1,10000,cpu,cpu,1,1,0.000760,0.017808,0.000000
818,data/fashionmnist.npz,1,10000,cpu,cpu,1,1,0.000685,0.020337,0.000000
819,data/fashionmnist.npz,1,10000,cpu,cpu,1,1,0.000688,0.041329,0.000000
820,data/fashionmnist.npz,1,10000,cpu,cpu,1,1,0.000693,0.013336,0.000000
821,data/fashionmnist.npz,1,10000,cpu,cpu,1,1,0.000630,0.013693,0.000000
822,data/fashionmnist.npz,1,10000,cpu,cpu,1,1,0.000741,0.042225,0.000000
823,data/fashionmnist.npz,1,10000,cpu,cpu,1,1,0.000718,0.029398,0.000000
824,data/fashionmnist.npz,1,10000,cpu,cpu,1,1,0.000646,0.010653,0.000000
825,data/fashionmnist.npz,1,10000,cpu,cpu,1,1,0.000658,0.019455,0.000000
826,data/fashionmnist.npz,1,10000,cpu,cpu,1,1,0.000711,0.028873,0.000000
827,data/fashionmnist.npz,1,10000,cpu,cpu,1,1,0.000700,0.033260,0.000000
828,data/fashionmnist.npz,1,10000,cpu,cpu,1,1,0.000662,0.013060,0.000000
829,data/fashionmnist.npz,1,10000,cpu,cpu,1,1,0.000666,0.022720,0.000000
830,data/fashionmnist.npz,1,10000,cpu,cpu,1,1,0.000641,0.017418,0.000000
831,data/fashionmnist.npz,1,10000,cpu,cpu,1,1,0.000688,0.023751,0.000000
832,data/fashionmnist.npz,1,10000,cpu,cpu,1,1,0.000825,0.035017,0.000000
833,data/fashionmnist.npz,1,10000,cpu,cpu,1,1,0.000650,0.014111,0.000000
834,data/fashionmnist.npz,1,10000,cpu,cpu,1,1,0.000850,0.029682,0.000000
835,data/fashionmnist.npz,1,10000,cpu,cpu,1,1,0.000697,0.024181,0.000000
836,data/fashionmnist.npz,1,10000,cpu,cpu,1,1,0.000805,0.032942,0.000000
837,data/fashionmnist.npz,1,10000,cpu,cpu,1,1,0.000743,0.021471,0.000000
838,data/fashionmnist.npz,1,10000,cpu,cpu,1,1,0.000839,0.031302,0.000000
839,data/fashionmnist.npz,1,10000,cpu,cpu,1,1,0.000693,0.019249,0.000000
840,data/fashionmnist.npz,1,10000,cpu,cpu,1,1,0.000715,0.029088,0.000000
841,data/fashionmnist.npz,1,10000,cpu,cpu,1,1,0.000716,0.023102,0.000000
842,data/fashionmnist.npz,1,10000,cpu,cpu,1,1,0.000790,0.037140,0.000000
843,data/fashionmnist.npz,1,10000,cpu,cpu,1,1,0.000803,0.034206,0.000000
844,data/fashionmnist.npz,1,10000,cpu,cpu,1,1,0.000777,0.034045,0.000000
845,data/fashionmnist.npz,1,10000,cpu,cpu,1,1,0.000935,0.035438,0.000000
846,data/fashionmnist.npz,1,10000,cpu,cpu,1,1,0.000705,0.036578,0.000000
847,data/fashionmnist.npz,1,10000,cpu,cpu,1,1,0.000714,0.032160,0.000000
848,data/fashionmnist.npz,1,10000,cpu,cpu,1,1,0.000707,0.022131,0.000000
849,data/fashionmnist.npz,1,10000,cpu,cpu,1,1,0.000792,0.032595,0.000000
850,data/fashionmnist.npz,1,10000,cpu,cpu,1,1,0.000782,0.025970,0.000000
851,data/fashionmnist.npz,1,10000,cpu,cpu,1,1,0.000703,0.029231,0.000000
852,data/fashionmnist.npz,1,10000,cpu,cpu,1,1,0.000726,0.028261,0.000000
853,data/fashionmnist.npz,1,10000,cpu,cpu,1,1,0.000697,0.029093,0.000000
854,data/fashionmnist.npz,1,10000,cpu,cpu,1,1,0.000698,0.033770,0.000000
855,data/fashionmnist.npz,1,10000,cpu,cpu,1,1,0.000626,0.016692,0.000000
856,data/fashionmnist.npz,1,10000,cpu,cpu,1,1,0.000701,0.027326,0.000000
857,data/fashionmnist.npz,1,10000,cpu,cpu,1,1,0.000687,0.024430,0.000000
858,data/fashionmnist.npz,1,10000,cpu,cpu,1,1,0.000696,0.023611,0.000000
859,data/fashionmnist.npz,1,10000,cpu,cpu,1,1,0.000690,0.019825,0.000000
860,data/fashionmnist.npz,1,10000,cpu,cpu,1,1,0.000726,0.024904,0.000000
861,data/fashionmnist.npz,1,10000,cpu,cpu,1,1,0.000690,0.027872,0.000000
862,data/fashionmnist.npz,1,10000,cpu,cpu,1,1,0.000690,0.028745,0.000000
863,data/fashionmnist.npz,1,10000,cpu,cpu,1,1,0.000743,0.036869,0.000000
864,data/fashionmnist.npz,1,10000,cpu,cpu,1,1,0.000764,0.034068,0.000000
865,data/fashionmnist.npz,1,10000,cpu,cpu,1,1,0.000651,0.024007,0.000000
866,data/fashionmnist.npz,1,10000,cpu,cpu,1,1,0.000716,0.024967,0.000000
867,data/fashionmnist.npz,1,10000,cpu,cpu,1,1,0.000780,0.029990,0.000000
868,data/fashionmnist.npz,1,10000,cpu,cpu,1,1,0.000713,0.027582,0.000000
869,data/fashionmnist.npz,1,10000,cpu,cpu,1,1,0.000695,0.026688,0.000000
870,data/fashionmnist.npz,1,10000,cpu,cpu,1,1,0.000678,0.035804,0.000000
871,data/fashionmnist.npz,1,10000,cpu,cpu,1,1,0.000710,0.030523,0.000000
872,data/fashionmnist.npz,1,10000,cpu,cpu,1,1,0.000707,0.033417,0.000000
873,data/fashionmnist.npz,1,10000,cpu,cpu,1,1,0.000721,0.027027,0.000000
874,data/fashionmnist.npz,1,10000,cpu,cpu,1,1,0.000672,0.009516,0.000000
875,data/fashionmnist.npz,1,10000,cpu,cpu,1,1,0.000655,0.012368,0.000000
876,data/fashionmnist.npz,1,10000,cpu,cpu,1,1,0.000717,0.036311,0.000000
877,data/fashionmnist.npz,1,10000,cpu,cpu,1,1,0.000761,0.031423,0.000000
878,data/fashionmnist.npz,1,10000,cpu,cpu,1,1,0.000633,0.012377,0.000000
879,data/fashionmnist.npz,1,10000,cpu,cpu,1,1,0.000744,0.038577,0.000000
880,data/fashionmnist.npz,1,10000,cpu,cpu,1,1,0.000742,0.037595,0.000000
881,data/fashionmnist.npz,1,10000,cpu,cpu,1,1,0.000693,0.013025,0.000000
882,data/fashionmnist.npz,1,10000,cpu,cpu,1,1,0.000776,0.034506,0.000000
883,data/fashionmnist.npz,1,10000,cpu,cpu,1,1,0.000782,0.022737,0.000000
884,data/fashionmnist.npz,1,10000,cpu,cpu,1,1,0.000665,0.025600,0.000000
885,data/fashionmnist.npz,1,10000,cpu,cpu,1,1,0.000761,0.035532,0.000000
886,data/fashionmnist.npz,1,10000,cpu,cpu,1,1,0.000795,0.041238,0.000000
887,data/fashionmnist.npz,1,10000,cpu,cpu,1,1,0.000684,0.017086,0.000000
888,data/fashionmnist.npz,1,10000,cpu,cpu,1,1,0.000679,0.025701,0.000000
889,data/fashionmnist.npz,1,10000,cpu,cpu,1,1,0.000767,0.038064,0.000000
890,data/fashionmnist.npz,1,10000,cpu,cpu,1,1,0.000714,0.015339,0.000000
891,data/fashionmnist.npz,1,10000,cpu,cpu,1,1,0.000705,0.042518,0.000000
892,data/fashionmnist.npz,1,10000,cpu,cpu,1,1,0.000675,0.010138,0.000000
893,data/fashionmnist.npz,1,10000,cpu,cpu,1,1,0.000757,0.030693,0.000000
894,data/fashionmnist.npz,1,10000,cpu,cpu,1,1,0.000665,0.021246,0.000000
895,data/fashionmnist.npz,1,10000,cpu,cpu,1,1,0.000635,0.019214,0.000000
896,data/fashionmnist.npz,1,10000,cpu,cpu,1,1,0.000731,0.033040,0.000000
897,data/fashionmnist.npz,1,10000,cpu,cpu,1,1,0.000729,0.021727,0.000000
898,data/fashionmnist.npz,1,10000,cpu,cpu,1,1,0.000741,0.037990,0.000000
899,data/fashionmnist.npz,1,10000,cpu,cpu,1,1,0.000708,0.032092,0.000000
900,data/fashionmnist.npz,1,10000,cpu,cpu,1,1,0.000707,0.033701,0.000000
901,data/fashionmnist.npz,1,10000,cpu,cpu,1,1,0.000711,0.031713,0.000000
902,data/fashionmnist.npz,1,10000,cpu,cpu,1,1,0.000677,0.018433,0.000000
903,data/fashionmnist.npz,1,10000,cpu,cpu,1,1,0.000694,0.038017,0.000000
904,data/fashionmnist.npz,1,10000,cpu,cpu,1,1,0.000642,0.014683,0.000000
905,data/fashionmnist.npz,1,10000,cpu,cpu,1,1,0.000704,0.032711,0.000000
906,data/fashionmnist.npz,1,10000,cpu,cpu,1,1,0.000732,0.039864,0.000000
907,data/fashionmnist.npz,1,10000,cpu,cpu,1,1,0.000814,0.042531,0.000000
908,data/fashionmnist.npz,1,10000,cpu,cpu,1,1,0.000691,0.022737,0.000000
909,data/fashionmnist.npz,1,10000,cpu,cpu,1,1,0.000754,0.039709,0.000000
910,data/fashionmnist.npz,1,10000,cpu,cpu,1,1,0.000685,0.027122,0.000000
911,data/fashionmnist.npz,1,10000,cpu,cpu,1,1,0.000811,0.026055,0.000000
912,data/fashionmnist.npz,1,10000,cpu,cpu,1,1,0.000736,0.039199,0.000000
913,data/fashionmnist.npz,1,10000,cpu,cpu,1,1,0.000754,0.028854,0.000000
914,data/fashionmnist.npz,1,10000,cpu,cpu,1,1,0.000706,0.019191,0.000000
915,data/fashionmnist.npz,1,10000,cpu,cpu,1,1,0.000676,0.018103,0.000000
916,data/fashionmnist.npz,1,10000,cpu,cpu,1,1,0.000692,0.030367,0.000000
917,data/fashionmnist.npz,1,10000,cpu,cpu,1,1,0.000819,0.043996,0.000000
918,data/fashionmnist.npz,1,10000,cpu,cpu,1,1,0.000743,0.036003,0.000000
919,data/fashionmnist.npz,1,10000,cpu,cpu,1,1,0.000723,0.025948,0.000000
920,data/fashionmnist.npz,1,10000,cpu,cpu,1,1,0.000730,0.031413,0.000000
921,data/fashionmnist.npz,1,10000,cpu,cpu,1,1,0.000707,0.022427,0.000000
922,data/fashionmnist.npz,1,10000,cpu,cpu,1,1,0.000737,0.040709,0.000000
923,data/fashionmnist.npz,1,10000,cpu,cpu,1,1,0.000725,0.019812,0.000000
924,data/fashionmnist.npz,1,10000,cpu,cpu,1,1,0.000800,0.033521,0.000000
925,data/fashionmnist.npz,1,10000,cpu,cpu,1,1,0.000701,0.012772,0.000000
926,data/fashionmnist.npz,1,10000,cpu,cpu,1,1,0.000664,0.029170,0.000000
927,data/fashionmnist.npz,1,10000,cpu,cpu,1,1,0.000707,0.024940,0.000000
928,data/fashionmnist.npz,1,10000,cpu,cpu,1,1,0.000777,0.033024,0.000000
929,data/fashionmnist.npz,1,10000,cpu,cpu,1,1,0.000628,0.007169,0.000000
930,data/fashionmnist.npz,1,10000,cpu,cpu,1,1,0.000736,0.035474,0.000000
931,data/fashionmnist.npz,1,10000,cpu,cpu,1,1,0.000652,0.017206,0.000000
932,data/fashionmnist.npz,1,10000,cpu,cpu,1,1,0.000631,0.017264,0.000000
933,data/fashionmnist.npz,1,10000,cpu,cpu,1,1,0.000668,0.016657,0.000000
934,data/fashionmnist.npz,1,10000,cpu,cpu,1,1,0.000739,0.016405,0.000000
935,data/fashionmnist.npz,1,10000,cpu,cpu,1,1,0.000714,0.023812,0.000000
936,data/fashionmnist.npz,1,10000,cpu,cpu,1,1,0.000697,0.032933,0.000000
937,data/fashionmnist.npz,1,10000,cpu,cpu,1,1,0.000797,0.039924,0.000000
938,data/fashionmnist.npz,1,10000,cpu,cpu,1,1,0.000766,0.031399,0.000000
939,data/fashionmnist.npz,1,10000,cpu,cpu,1,1,0.000686,0.015957,0.000000
940,data/fashionmnist.npz,1,10000,cpu,cpu,1,1,0.000748,0.041982,0.000000
941,data/fashionmnist.npz,1,10000,cpu,cpu,1,1,0.000696,0.020351,0.000000
942,data/fashionmnist.npz,1,10000,cpu,cpu,1,1,0.000706,0.024907,0.000000
943,data/fashionmnist.npz,1,10000,cpu,cpu,1,1,0.000679,0.022306,0.000000
944,data/fashionmnist.npz,1,10000,cpu,cpu,1,1,0.000679,0.030612,0.000000
945,data/fashionmnist.npz,1,10000,cpu,cpu,1,1,0.000664,0.035581,0.000000
946,data/fashionmnist.npz,1,10000,cpu,cpu,1,1,0.000706,0.023152,0.000000
947,data/fashionmnist.npz,1,10000,cpu,cpu,1,1,0.000670,0.021883,0.000000
948,data/fashionmnist.npz,1,10000,cpu,cpu,1,1,0.000721,0.028064,0.000000
949,data/fashionmnist.npz,1,10000,cpu,cpu,1,1,0.000698,0.036237,0.000000
950,data/fashionmnist.npz,1,10000,cpu,cpu,1,1,0.000659,0.018022,0.000000
951,data/fashionmnist.npz,1,10000,cpu,cpu,1,1,0.000702,0.026768,0.000000
952,data/fashionmnist.npz,1,10000,cpu,cpu,1,1,0.000689,0.031978,0.000000
953,data/fashionmnist.npz,1,10000,cpu,cpu,1,1,0.000705,0.036338,0.000000
954,data/fashionmnist.npz,1,10000,cpu,cpu,1,1,0.000651,0.018550,0.000000
955,data/fashionmnist.npz,1,10000,cpu,cpu,1,1,0.000693,0.030484,0.000000
956,data/fashionmnist.npz,1,10000,cpu,cpu,1,1,0.000774,0.018908,0.000000
957,data/fashionmnist.npz,1,10000,cpu,cpu,1,1,0.000682,0.029027,0.000000
958,data/fashionmnist.npz,1,10000,cpu,cpu,1,1,0.000667,0.029505,0.000000
959,data/fashionmnist.npz,1,10000,cpu,cpu,1,1,0.000752,0.031409,0.000000
960,data/fashionmnist.npz,1,10000,cpu,cpu,1,1,0.000773,0.036577,0.000000
961,data/fashionmnist.npz,1,10000,cpu,cpu,1,1,0.000700,0.042547,0.000000
962,data/fashionmnist.npz,1,10000,cpu,cpu,1,1,0.000747,0.031120,0.000000
963,data/fashionmnist.npz,1,10000,cpu,cpu,1,1,0.000761,0.038211,0.000000
964,data/fashionmnist.npz,1,10000,cpu,cpu,1,1,0.000722,0.034899,0.000000
965,data/fashionmnist.npz,1,10000,cpu,cpu,1,1,0.000705,0.019818,0.000000
966,data/fashionmnist.npz,1,10000,cpu,cpu,1,1,0.000741,0.023205,0.000000
967,data/fashionmnist.npz,1,10000,cpu,cpu,1,1,0.000787,0.024827,0.000000
968,data/fashionmnist.npz,1,10000,cpu,cpu,1,1,0.000830,0.015632,0.000000
969,data/fashionmnist.npz,1,10000,cpu,cpu,1,1,0.000745,0.047470,0.000000
970,data/fashionmnist.npz,1,10000,cpu,cpu,1,1,0.000720,0.027802,0.000000
971,data/fashionmnist.npz,1,10000,cpu,cpu,1,1,0.000720,0.034499,0.000000
972,data/fashionmnist.npz,1,10000,cpu,cpu,1,1,0.000720,0.022646,0.000000
973,data/fashionmnist.npz,1,10000,cpu,cpu,1,1,0.000696,0.026122,0.000000
974,data/fashionmnist.npz,1,10000,cpu,cpu,1,1,0.000690,0.030672,0.000000
975,data/fashionmnist.npz,1,10000,cpu,cpu,1,1,0.000746,0.020152,0.000000
976,data/fashionmnist.npz,1,10000,cpu,cpu,1,1,0.000758,0.030664,0.000000
977,data/fashionmnist.npz,1,10000,cpu,cpu,1,1,0.000698,0.027789,0.000000
978,data/fashionmnist.npz,1,10000,cpu,cpu,1,1,0.000678,0.023943,0.000000
979,data/fashionmnist.npz,1,10000,cpu,cpu,1,1,0.000730,0.050039,0.000000
980,data/fashionmnist.npz,1,10000,cpu,cpu,1,1,0.000687,0.035084,0.000000
981,data/fashionmnist.npz,1,10000,cpu,cpu,1,1,0.000712,0.025180,0.000000
982,data/fashionmnist.npz,1,10000,cpu,cpu,1,1,0.000745,0.023321,0.000000
983,data/fashionmnist.npz,1,10000,cpu,cpu,1,1,0.000699,0.034956,0.000000
984,data/fashionmnist.npz,1,10000,cpu,cpu,1,1,0.000722,0.033273,0.000000
985,data/fashionmnist.npz,1,10000,cpu,cpu,1,1,0.000701,0.029852,0.000000
986,data/fashionmnist.npz,1,10000,cpu,cpu,1,1,0.000709,0.032079,0.000000
987,data/fashionmnist.npz,1,10000,cpu,cpu,1,1,0.000720,0.015186,0.000000
988,data/fashionmnist.npz,1,10000,cpu,cpu,1,1,0.000695,0.022049,0.000000
989,data/fashionmnist.npz,1,10000,cpu,cpu,1,1,0.000750,0.035608,0.000000
990,data/fashionmnist.npz,1,10000,cpu,cpu,1,1,0.000677,0.014162,0.000000
991,data/fashionmnist.npz,1,10000,cpu,cpu,1,1,0.000720,0.022408,0.000000
992,data/fashionmnist.npz,1,10000,cpu,cpu,1,1,0.000678,0.031673,0.000000
993,data/fashionmnist.npz,1,10000,cpu,cpu,1,1,0.000709,0.031171,0.000000
994,data/fashionmnist.npz,1,10000,cpu,cpu,1,1,0.000655,0.018461,0.000000
995,data/fashionmnist.npz,1,10000,cpu,cpu,1,1,0.000637,0.016073,0.000000
996,data/fashionmnist.npz,1,10000,cpu,cpu,1,1,0.000723,0.027706,0.000000
997,data/fashionmnist.npz,1,10000,cpu,cpu,1,1,0.000665,0.018908,0.000000
998,data/fashionmnist.npz,1,10000,cpu,cpu,1,1,0.000734,0.031774,0.000000
999,data/fashionmnist.npz,1,10000,cpu,cpu,1,1,0.000753,0.034010,0.000000
