image_index,data_path,num_directions,num_timesteps,device_requested,device_used,batch_size,num_cores,complex_construction_time,computation_time,vectorization_time
0,data/fashionmnist.npz,2,10000,cpu,cpu,1,1,0.001388,0.031309,0.000000
1,data/fashionmnist.npz,2,10000,cpu,cpu,1,1,0.000778,0.079226,0.000000
2,data/fashionmnist.npz,2,10000,cpu,cpu,1,1,0.000753,0.102073,0.000000
3,data/fashionmnist.npz,2,10000,cpu,cpu,1,1,0.000677,0.045678,0.000000
4,data/fashionmnist.npz,2,10000,cpu,cpu,1,1,0.000655,0.051131,0.000000
5,data/fashionmnist.npz,2,10000,cpu,cpu,1,1,0.000656,0.029659,0.000000
6,data/fashionmnist.npz,2,10000,cpu,cpu,1,1,0.000692,0.068164,0.000000
7,data/fashionmnist.npz,2,10000,cpu,cpu,1,1,0.000689,0.035107,0.000000
8,data/fashionmnist.npz,2,10000,cpu,cpu,1,1,0.000726,0.063298,0.000000
9,data/fashionmnist.npz,2,10000,cpu,cpu,1,1,0.000761,0.063924,0.000000
10,data/fashionmnist.npz,2,10000,cpu,cpu,1,1,0.000734,0.066066,0.000000
11,data/fashionmnist.npz,2,10000,cpu,cpu,1,1,0.000780,0.052767,0.000000
12,data/fashionmnist.npz,2,10000,cpu,cpu,1,1,0.000658,0.024168,0.000000
13,data/fashionmnist.npz,2,10000,cpu,cpu,1,1,0.000684,0.029890,0.000000
14,data/fashionmnist.npz,2,10000,cpu,cpu,1,1,0.000735,0.045584,0.000000
15,data/fashionmnist.npz,2,10000,cpu,cpu,1,1,0.000744,0.061309,0.000000
16,data/fashionmnist.npz,2,10000,cpu,cpu,1,1,0.000726,0.049457,0.000000
17,data/fashionmnist.npz,2,10000,cpu,cpu,1,1,0.000713,0.043172,0.000000
18,data/fashionmnist.npz,2,10000,cpu,cpu,1,1,0.000705,0.044383,0.000000
19,data/fashionmnist.npz,2,10000,cpu,cpu,1,1,0.000718,0.057532,0.000000
20,data/fashionmnist.npz,2,10000,cpu,cpu,1,1,0.000710,0.047688,0.000000
21,data/fashionmnist.npz,2,10000,cpu,cpu,1,1,0.000778,0.086395,0.000000
22,data/fashionmnist.npz,2,10000,cpu,cpu,1,1,0.000748,0.054816,0.000000
23,data/fashionmnist.npz,2,10000,cpu,cpu,1,1,0.000770,0.068479,0.000000
24,data/fashionmnist.npz,2,10000,cpu,cpu,1,1,0.000723,0.061749,0.000000
25,data/fashionmnist.npz,2,10000,cpu,cpu,1,1,0.000685,0.037225,0.000000
26,data/fashionmnist.npz,2,10000,cpu,cpu,1,1,0.000696,0.026510,0.000000
27,data/fashionmnist.npz,2,10000,cpu,cpu,1,1,0.000812,0.056855,0.000000
28,data/fashionmnist.npz,2,10000,cpu,cpu,1,1,0.000889,0.044843,0.000000
29,data/fashionmnist.npz,2,10000,cpu,cpu,1,1,0.000694,0.024139,0.000000
30,data/fashionmnist.npz,2,10000,cpu,cpu,1,1,0.000665,0.022844,0.000000
31,data/fashionmnist.npz,2,10000,cpu,cpu,1,1,0.000714,0.047143,0.000000
32,data/fashionmnist.npz,2,10000,cpu,cpu,1,1,0.000733,0.056596,0.000000
33,data/fashionmnist.npz,2,10000,cpu,cpu,1,1,0.000670,0.029772,0.000000
34,data/fashionmnist.npz,2,10000,cpu,cpu,1,1,0.000683,0.043400,0.000000
35,data/fashionmnist.npz,2,10000,cpu,cpu,1,1,0.000735,0.039416,0.000000
36,data/fashionmnist.npz,2,10000,cpu,cpu,1,1,0.000690,0.042267,0.000000
37,data/fashionmnist.npz,2,10000,cpu,cpu,1,1,0.000749,0.050148,0.000000
38,data/fashionmnist.npz,2,10000,cpu,cpu,1,1,0.000698,0.035103,0.000000
39,data/fashionmnist.npz,2,10000,cpu,cpu,1,1,0.000740,0.049167,0.000000
40,data/fashionmnist.npz,2,10000,cpu,cpu,1,1,0.000734,0.062842,0.000000
41,data/fashionmnist.npz,2,10000,cpu,cpu,1,1,0.000790,0.061243,0.000000
42,data/fashionmnist.npz,2,10000,cpu,cpu,1,1,0.000716,0.060007,0.000000
43,data/fashionmnist.npz,2,10000,cpu,cpu,1,1,0.000819,0.083045,0.000000
44,data/fashionmnist.npz,2,10000,cpu,cpu,1,1,0.000790,0.036538,0.000000
45,data/fashionmnist.npz,2,10000,cpu,cpu,1,1,0.000692,0.037861,0.000000
46,data/fashionmnist.npz,2,10000,cpu,cpu,1,1,0.000701,0.046277,0.000000
47,data/fashionmnist.npz,2,10000,cpu,cpu,1,1,0.000739,0.065367,0.000000
48,data/fashionmnist.npz,2,10000,cpu,cpu,1,1,0.000784,0.069272,0.000000
49,data/fashionmnist.npz,2,10000,cpu,cpu,1,1,0.000741,0.034015,0.000000
50,data/fashionmnist.npz,2,10000,cpu,cpu,1,1,0.000712,0.030556,0.000000
51,data/fashionmnist.npz,2,10000,cpu,cpu,1,1,0.000861,0.053663,0.000000
52,data/fashionmnist.npz,2,10000,cpu,cpu,1,1,0.000731,0.064522,0.000000
53,data/fashionmnist.npz,2,10000,cpu,cpu,1,1,0.000692,0.016250,0.000000
54,data/fashionmnist.npz,2,10000,cpu,cpu,1,1,0.000779,0.056773,0.000000
55,data/fashionmnist.npz,2,10000,cpu,cpu,1,1,0.000886,0.043719,0.000000
56,data/fashionmnist.npz,2,10000,cpu,cpu,1,1,0.000651,0.026620,0.000000
57,data/fashionmnist.npz,2,10000,cpu,cpu,1,1,0.000703,0.024057,0.000000
58,data/fashionmnist.npz,2,10000,cpu,cpu,1,1,0.000700,0.032107,0.000000
59,data/fashionmnist.npz,2,10000,cpu,cpu,1,1,0.000754,0.066701,0.000000
60,data/fashionmnist.npz,2,10000,cpu,cpu,1,1,0.000662,0.028242,0.000000
61,data/fashionmnist.npz,2,10000,cpu,cpu,1,1,0.000717,0.060525,0.000000
62,data/fashionmnist.npz,2,10000,cpu,cpu,1,1,0.000763,0.060747,0.000000
63,data/fashionmnist.npz,2,10000,cpu,cpu,1,1,0.000730,0.029430,0.000000
64,data/fashionmnist.npz,2,10000,cpu,cpu,1,1,0.000675,0.058772,0.000000
65,data/fashionmnist.npz,2,10000,cpu,cpu,1,1,0.000647,0.041547,0.000000
66,data/fashionmnist.npz,2,10000,cpu,cpu,1,1,0.000664,0.040988,0.000000
67,data/fashionmnist.npz,2,10000,cpu,cpu,1,1,0.000707,0.053933,0.000000
68,data/fashionmnist.npz,2,10000,cpu,cpu,1,1,0.000751,0.065121,0.000000
69,data/fashionmnist.npz,2,10000,cpu,cpu,1,1,0.000734,0.052947,0.000000
70,data/fashionmnist.npz,2,10000,cpu,cpu,1,1,0.000650,0.018812,0.000000
71,data/fashionmnist.npz,2,10000,cpu,cpu,1,1,0.000735,0.059633,0.000000
72,data/fashionmnist.npz,2,10000,cpu,cpu,1,1,0.000690,0.026612,0.000000
73,data/fashionmnist.npz,2,10000,cpu,cpu,1,1,0.000702,0.035463,0.000000
74,data/fashionmnist.npz,2,10000,cpu,cpu,1,1,0.000812,0.057129,0.000000
75,data/fashionmnist.npz,2,10000,cpu,cpu,1,1,0.000734,0.044488,0.000000
76,data/fashionmnist.npz,2,10000,cpu,cpu,1,1,0.000853,0.046159,0.000000
77,data/fashionmnist.npz,2,10000,cpu,cpu,1,1,0.000680,0.028561,0.000000
78,data/fashionmnist.npz,2,10000,cpu,cpu,1,1,0.000730,0.054106,0.000000
79,data/fashionmnist.npz,2,10000,cpu,cpu,1,1,0.000677,0.029478,0.000000
80,data/fashionmnist.npz,2,10000,cpu,cpu,1,1,0.000728,0.030610,0.000000
81,data/fashionmnist.npz,2,10000,cpu,cpu,1,1,0.000716,0.063216,0.000000
82,data/fashionmnist.npz,2,10000,cpu,cpu,1,1,0.000727,0.061710,0.000000
83,data/fashionmnist.npz,2,10000,cpu,cpu,1,1,0.000725,0.034374,0.000000
84,data/fashionmnist.npz,2,10000,cpu,cpu,1,1,0.000655,0.023411,0.000000
85,data/fashionmnist.npz,2,10000,cpu,cpu,1,1,0.000761,0.081108,0.000000
86,data/fashionmnist.npz,2,10000,cpu,cpu,1,1,0.000725,0.064910,0.000000
87,data/fashionmnist.npz,2,10000,cpu,cpu,1,1,0.000753,0.076879,0.000000
88,data/fashionmnist.npz,2,10000,cpu,cpu,1,1,0.000731,0.059110,0.000000
89,data/fashionmnist.npz,2,10000,cpu,cpu,1,1,0.000708,0.037708,0.000000
90,data/fashionmnist.npz,2,10000,cpu,cpu,1,1,0.000787,0.048885,0.000000
91,data/fashionmnist.npz,2,10000,cpu,cpu,1,1,0.000698,0.056635,0.000000
92,data/fashionmnist.npz,2,10000,cpu,cpu,1,1,0.000728,0.074296,0.000000
93,data/fashionmnist.npz,2,10000,cpu,cpu,1,1,0.000729,0.056335,0.000000
94,data/fashionmnist.npz,2,10000,cpu,cpu,1,1,0.000751,0.043603,0.000000
95,data/fashionmnist.npz,2,10000,cpu,cpu,1,1,0.000672,0.035912,0.000000
96,data/fashionmnist.npz,2,10000,cpu,cpu,1,1,0.000769,0.050498,0.000000
97,data/fashionmnist.npz,2,10000,cpu,cpu,1,1,0.000688,0.032564,0.000000
98,data/fashionmnist.npz,2,10000,cpu,cpu,1,1,0.000690,0.034575,0.000000
99,data/fashionmnist.npz,2,10000,cpu,cpu,1,1,0.000800,0.061783,0.000000
100,data/fashionmnist.npz,2,10000,cpu,cpu,1,1,0.000725,0.074543,0.000000
101,data/fashionmnist.npz,2,10000,cpu,cpu,1,1,0.000779,0.072415,0.000000
102,data/fashionmnist.npz,2,10000,cpu,cpu,1,1,0.000854,0.057794,0.000000
103,data/fashionmnist.npz,2,10000,cpu,cpu,1,1,0.000711,0.035126,0.000000
104,data/fashionmnist.npz,2,10000,cpu,cpu,1,1,0.000718,0.048788,0.000000
105,data/fashionmnist.npz,2,10000,cpu,cpu,1,1,0.000740,0.046445,0.000000
106,data/fashionmnist.npz,2,10000,cpu,cpu,1,1,0.000701,0.047049,0.000000
107,data/fashionmnist.npz,2,10000,cpu,cpu,1,1,0.000737,0.054485,0.000000
108,data/fashionmnist.npz,2,10000,cpu,cpu,1,1,0.000727,0.055739,0.000000
109,data/fashionmnist.npz,2,10000,cpu,cpu,1,1,0.000701,0.057725,0.000000
110,data/fashionmnist.npz,2,10000,cpu,cpu,1,1,0.000632,0.015126,0.000000
111,data/fashionmnist.npz,2,10000,cpu,cpu,1,1,0.000667,0.036696,0.000000
112,data/fashionmnist.npz,2,10000,cpu,cpu,1,1,0.000674,0.053797,0.000000
113,data/fashionmnist.npz,2,10000,cpu,cpu,1,1,0.000662,0.032080,0.000000
114,data/fashionmnist.npz,2,10000,cpu,cpu,1,1,0.000703,0.039850,0.000000
115,data/fashionmnist.npz,2,10000,cpu,cpu,1,1,0.000715,0.033898,0.000000
116,data/fashionmnist.npz,2,10000,cpu,cpu,1,1,0.000762,0.052688,0.000000
117,data/fashionmnist.npz,2,10000,cpu,cpu,1,1,0.000861,0.048645,0.000000
118,data/fashionmnist.npz,2,10000,cpu,cpu,1,1,0.000732,0.037412,0.000000
119,data/fashionmnist.npz,2,10000,cpu,cpu,1,1,0.000726,0.035716,0.000000
120,data/fashionmnist.npz,2,10000,cpu,cpu,1,1,0.000758,0.033346,0.000000
121,data/fashionmnist.npz,2,10000,cpu,cpu,1,1,0.000680,0.030499,0.000000
122,data/fashionmnist.npz,2,10000,cpu,cpu,1,1,0.000785,0.071062,0.000000
123,data/fashionmnist.npz,2,10000,cpu,cpu,1,1,0.000782,0.073778,0.000000
124,data/fashionmnist.npz,2,10000,cpu,cpu,1,1,0.000704,0.032174,0.000000
125,data/fashionmnist.npz,2,10000,cpu,cpu,1,1,0.000729,0.052118,0.000000
126,data/fashionmnist.npz,2,10000,cpu,cpu,1,1,0.000878,0.049433,0.000000
127,data/fashionmnist.npz,2,10000,cpu,cpu,1,1,0.000942,0.034988,0.000000
128,data/fashionmnist.npz,2,10000,cpu,cpu,1,1,0.000761,0.038641,0.000000
129,data/fashionmnist.npz,2,10000,cpu,cpu,1,1,0.000734,0.055179,0.000000
130,data/fashionmnist.npz,2,10000,cpu,cpu,1,1,0.000676,0.031631,0.000000
131,data/fashionmnist.npz,2,10000,cpu,cpu,1,1,0.000792,0.048776,0.000000
132,data/fashionmnist.npz,2,10000,cpu,cpu,1,1,0.000718,0.029873,0.000000
133,data/fashionmnist.npz,2,10000,cpu,cpu,1,1,0.000681,0.030345,0.000000
134,data/fashionmnist.npz,2,10000,cpu,cpu,1,1,0.000840,0.065860,0.000000
135,data/fashionmnist.npz,2,10000,cpu,cpu,1,1,0.000886,0.050788,0.000000
136,data/fashionmnist.npz,2,10000,cpu,cpu,1,1,0.000822,0.077540,0.000000
137,data/fashionmnist.npz,2,10000,cpu,cpu,1,1,0.000691,0.033952,0.000000
138,data/fashionmnist.npz,2,10000,cpu,cpu,1,1,0.000642,0.028942,0.000000
139,data/fashionmnist.npz,2,10000,cpu,cpu,1,1,0.000710,0.038761,0.000000
140,data/fashionmnist.npz,2,10000,cpu,cpu,1,1,0.000705,0.059155,0.000000
141,data/fashionmnist.npz,2,10000,cpu,cpu,1,1,0.000725,0.043904,0.000000
142,data/fashionmnist.npz,2,10000,cpu,cpu,1,1,0.001074,0.045240,0.000000
143,data/fashionmnist.npz,2,10000,cpu,cpu,1,1,0.000677,0.031221,0.000000
144,data/fashionmnist.npz,2,10000,cpu,cpu,1,1,0.000680,0.032628,0.000000
145,data/fashionmnist.npz,2,10000,cpu,cpu,1,1,0.000764,0.035127,0.000000
146,data/fashionmnist.npz,2,10000,cpu,cpu,1,1,0.000755,0.024681,0.000000
147,data/fashionmnist.npz,2,10000,cpu,cpu,1,1,0.000687,0.039967,0.000000
148,data/fashionmnist.npz,2,10000,cpu,cpu,1,1,0.000767,0.072446,0.000000
149,data/fashionmnist.npz,2,10000,cpu,cpu,1,1,0.000669,0.026229,0.000000
150,data/fashionmnist.npz,2,10000,cpu,cpu,1,1,0.000723,0.053231,0.000000
151,data/fashionmnist.npz,2,10000,cpu,cpu,1,1,0.000716,0.033796,0.000000
152,data/fashionmnist.npz,2,10000,cpu,cpu,1,1,0.000673,0.036111,0.000000
153,data/fashionmnist.npz,2,10000,cpu,cpu,1,1,0.000685,0.042168,0.000000
154,data/fashionmnist.npz,2,10000,cpu,cpu,1,1,0.000739,0.051003,0.000000
155,data/fashionmnist.npz,2,10000,cpu,cpu,1,1,0.000717,0.032907,0.000000
156,data/fashionmnist.npz,2,10000,cpu,cpu,1,1,0.000684,0.050642,0.000000
157,data/fashionmnist.npz,2,10000,cpu,cpu,1,1,0.003003,0.061600,0.000000
158,data/fashionmnist.npz,2,10000,cpu,cpu,1,1,0.000710,0.032370,0.000000
159,data/fashionmnist.npz,2,10000,cpu,cpu,1,1,0.000841,0.061565,0.000000
160,data/fashionmnist.npz,2,10000,cpu,cpu,1,1,0.000826,0.045206,0.000000
161,data/fashionmnist.npz,2,10000,cpu,cpu,1,1,0.000718,0.058790,0.000000
162,data/fashionmnist.npz,2,10000,cpu,cpu,1,1,0.000910,0.062386,0.000000
163,data/fashionmnist.npz,2,10000,cpu,cpu,1,1,0.000690,0.033073,0.000000
164,data/fashionmnist.npz,2,10000,cpu,cpu,1,1,0.000768,0.050360,0.000000
165,data/fashionmnist.npz,2,10000,cpu,cpu,1,1,0.000722,0.049787,0.000000
166,data/fashionmnist.npz,2,10000,cpu,cpu,1,1,0.000667,0.017752,0.000000
167,data/fashionmnist.npz,2,10000,cpu,cpu,1,1,0.000796,0.054364,0.000000
168,data/fashionmnist.npz,2,10000,cpu,cpu,1,1,0.000699,0.040762,0.000000
169,data/fashionmnist.npz,2,10000,cpu,cpu,1,1,0.000647,0.023738,0.000000
170,data/fashionmnist.npz,2,10000,cpu,cpu,1,1,0.000703,0.064449,0.000000
171,data/fashionmnist.npz,2,10000,cpu,cpu,1,1,0.000684,0.052891,0.000000
172,data/fashionmnist.npz,2,10000,cpu,cpu,1,1,0.000672,0.039790,0.000000
173,data/fashionmnist.npz,2,10000,cpu,cpu,1,1,0.000748,0.055682,0.000000
174,data/fashionmnist.npz,2,10000,cpu,cpu,1,1,0.000714,0.032149,0.000000
175,data/fashionmnist.npz,2,10000,cpu,cpu,1,1,0.000695,0.044202,0.000000
176,data/fashionmnist.npz,2,10000,cpu,cpu,1,1,0.000769,0.044951,0.000000
177,data/fashionmnist.npz,2,10000,cpu,cpu,1,1,0.000752,0.048287,0.000000
178,data/fashionmnist.npz,2,10000,cpu,cpu,1,1,0.000694,0.057428,0.000000
179,data/fashionmnist.npz,2,10000,cpu,cpu,1,1,0.000668,0.023550,0.000000
180,data/fashionmnist.npz,2,10000,cpu,cpu,1,1,0.000697,0.055234,0.000000
181,data/fashionmnist.npz,2,10000,cpu,cpu,1,1,0.000771,0.051948,0.000000
182,data/fashionmnist.npz,2,10000,cpu,cpu,1,1,0.000746,0.052177,0.000000
183,data/fashionmnist.npz,2,10000,cpu,cpu,1,1,0.000750,0.055407,0.000000
184,data/fashionmnist.npz,2,10000,cpu,cpu,1,1,0.000668,0.040760,0.000000
185,data/fashionmnist.npz,2,10000,cpu,cpu,1,1,0.000735,0.044133,0.000000
186,data/fashionmnist.npz,2,10000,cpu,cpu,1,1,0.000682,0.043338,0.000000
187,data/fashionmnist.npz,2,10000,cpu,cpu,1,1,0.000681,0.048252,0.000000
188,data/fashionmnist.npz,2,10000,cpu,cpu,1,1,0.000694,0.028077,0.000000
189,data/fashionmnist.npz,2,10000,cpu,cpu,1,1,0.000685,0.035265,0.000000
190,data/fashionmnist.npz,2,10000,cpu,cpu,1,1,0.000684,0.029630,0.000000
191,data/fashionmnist.npz,2,10000,cpu,cpu,1,1,0.000835,0.057756,0.000000
192,data/fashionmnist.npz,2,10000,cpu,cpu,1,1,0.000754,0.050448,0.000000
193,data/fashionmnist.npz,2,10000,cpu,cpu,1,1,0.000663,0.029336,0.000000
194,data/fashionmnist.npz,2,10000,cpu,cpu,1,1,0.000734,0.059014,0.000000
195,data/fashionmnist.npz,2,10000,cpu,cpu,1,1,0.000752,0.039217,0.000000
196,data/fashionmnist.npz,2,10000,cpu,cpu,1,1,0.000691,0.029259,0.000000
197,data/fashionmnist.npz,2,10000,cpu,cpu,1,1,0.000733,0.054209,0.000000
198,data/fashionmnist.npz,2,10000,cpu,cpu,1,1,0.000656,0.032719,0.000000
199,data/fashionmnist.npz,2,10000,cpu,cpu,1,1,0.000755,0.072576,0.000000
200,data/fashionmnist.npz,2,10000,cpu,cpu,1,1,0.000699,0.036613,0.000000
201,data/fashionmnist.npz,2,10000,cpu,cpu,1,1,0.000706,0.030855,0.000000
202,data/fashionmnist.npz,2,10000,cpu,cpu,1,1,0.000703,0.036755,0.000000
203,data/fashionmnist.npz,2,10000,cpu,cpu,1,1,0.000631,0.021436,0.000000
204,data/fashionmnist.npz,2,10000,cpu,cpu,1,1,0.000665,0.037928,0.000000
205,data/fashionmnist.npz,2,10000,cpu,cpu,1,1,0.000704,0.031875,0.000000
206,data/fashionmnist.npz,2,10000,cpu,cpu,1,1,0.000689,0.048851,0.000000
207,data/fashionmnist.npz,2,10000,cpu,cpu,1,1,0.000670,0.032775,0.000000
208,data/fashionmnist.npz,2,10000,cpu,cpu,1,1,0.000679,0.049340,0.000000
209,data/fashionmnist.npz,2,10000,cpu,cpu,1,1,0.000710,0.051236,0.000000
210,data/fashionmnist.npz,2,10000,cpu,cpu,1,1,0.000696,0.037286,0.000000
211,data/fashionmnist.npz,2,10000,cpu,cpu,1,1,0.000728,0.075833,0.000000
212,data/fashionmnist.npz,2,10000,cpu,cpu,1,1,0.000713,0.051732,0.000000
213,data/fashionmnist.npz,2,10000,cpu,cpu,1,1,0.000651,0.022947,0.000000
214,data/fashionmnist.npz,2,10000,cpu,cpu,1,1,0.000703,0.054687,0.000000
215,data/fashionmnist.npz,2,10000,cpu,cpu,1,1,0.000692,0.032667,0.000000
216,data/fashionmnist.npz,2,10000,cpu,cpu,1,1,0.000748,0.053722,0.000000
217,data/fashionmnist.npz,2,10000,cpu,cpu,1,1,0.000702,0.049047,0.000000
218,data/fashionmnist.npz,2,10000,cpu,cpu,1,1,0.000739,0.067315,0.000000
219,data/fashionmnist.npz,2,10000,cpu,cpu,1,1,0.000745,0.046581,0.000000
220,data/fashionmnist.npz,2,10000,cpu,cpu,1,1,0.000699,0.025230,0.000000
221,data/fashionmnist.npz,2,10000,cpu,cpu,1,1,0.000674,0.026197,0.000000
222,data/fashionmnist.npz,2,10000,cpu,cpu,1,1,0.000672,0.013331,0.000000
223,data/fashionmnist.npz,2,10000,cpu,cpu,1,1,0.000663,0.039888,0.000000
224,data/fashionmnist.npz,2,10000,cpu,cpu,1,1,0.000736,0.030558,0.000000
225,data/fashionmnist.npz,2,10000,cpu,cpu,1,1,0.000897,0.067832,0.000000
226,data/fashionmnist.npz,2,10000,cpu,cpu,1,1,0.000741,0.080864,0.000000
227,data/fashionmnist.npz,2,10000,cpu,cpu,1,1,0.000688,0.032694,0.000000
228,data/fashionmnist.npz,2,10000,cpu,cpu,1,1,0.000803,0.085780,0.000000
229,data/fashionmnist.npz,2,10000,cpu,cpu,1,1,0.000717,0.049834,0.000000
230,data/fashionmnist.npz,2,10000,cpu,cpu,1,1,0.000723,0.070318,0.000000
231,data/fashionmnist.npz,2,10000,cpu,cpu,1,1,0.000711,0.044581,0.000000
232,data/fashionmnist.npz,2,10000,cpu,cpu,1,1,0.000705,0.059252,0.000000
233,data/fashionmnist.npz,2,10000,cpu,cpu,1,1,0.000731,0.061889,0.000000
234,data/fashionmnist.npz,2,10000,cpu,cpu,1,1,0.000724,0.056003,0.000000
235,data/fashionmnist.npz,2,10000,cpu,cpu,1,1,0.000693,0.044288,0.000000
236,data/fashionmnist.npz,2,10000,cpu,cpu,1,1,0.000799,0.065796,0.000000
237,data/fashionmnist.npz,2,10000,cpu,cpu,1,1,0.000714,0.026147,0.000000
238,data/fashionmnist.npz,2,10000,cpu,cpu,1,1,0.000753,0.058886,0.000000
239,data/fashionmnist.npz,2,10000,cpu,cpu,1,1,0.000731,0.024282,0.000000
240,data/fashionmnist.npz,2,10000,cpu,cpu,1,1,0.000810,0.071695,0.000000
241,data/fashionmnist.npz,2,10000,cpu,cpu,1,1,0.000799,0.078232,0.000000
242,data/fashionmnist.npz,2,10000,cpu,cpu,1,1,0.000713,0.046029,0.000000
243,data/fashionmnist.npz,2,10000,cpu,cpu,1,1,0.000733,0.050602,0.000000
244,data/fashionmnist.npz,2,10000,cpu,cpu,1,1,0.000695,0.027341,0.000000
245,data/fashionmnist.npz,2,10000,cpu,cpu,1,1,0.000715,0.043293,0.000000
246,data/fashionmnist.npz,2,10000,cpu,cpu,1,1,0.000688,0.041360,0.000000
247,data/fashionmnist.npz,2,10000,cpu,cpu,1,1,0.000732,0.031432,0.000000
248,data/fashionmnist.npz,2,10000,cpu,cpu,1,1,0.000709,0.059204,0.000000
249,data/fashionmnist.npz,2,10000,cpu,cpu,1,1,0.000724,0.029062,0.000000
250,data/fashionmnist.npz,2,10000,cpu,cpu,1,1,0.000653,0.028240,0.000000
251,data/fashionmnist.npz,2,10000,cpu,cpu,1,1,0.000765,0.064486,0.000000
252,data/fashionmnist.npz,2,10000,cpu,cpu,1,1,0.000716,0.043366,0.000000
253,data/fashionmnist.npz,2,10000,cpu,cpu,1,1,0.000694,0.047446,0.000000
254,data/fashionmnist.npz,2,10000,cpu,cpu,1,1,0.000647,0.031066,0.000000
255,data/fashionmnist.npz,2,10000,cpu,cpu,1,1,0.000672,0.043139,0.000000
256,data/fashionmnist.npz,2,10000,cpu,cpu,1,1,0.000720,0.060418,0.000000
257,data/fashionmnist.npz,2,10000,cpu,cpu,1,1,0.000667,0.029189,0.000000
258,data/fashionmnist.npz,2,10000,cpu,cpu,1,1,0.000736,0.050775,0.000000
259,data/fashionmnist.npz,2,10000,cpu,cpu,1,1,0.000770,0.066127,0.000000
260,data/fashionmnist.npz,2,10000,cpu,cpu,1,1,0.000726,0.042896,0.000000
261,data/fashionmnist.npz,2,10000,cpu,cpu,1,1,0.000823,0.053973,0.000000
262,data/fashionmnist.npz,2,10000,cpu,cpu,1,1,0.000973,0.045343,0.000000
263,data/fashionmnist.npz,2,10000,cpu,cpu,1,1,0.000855,0.058193,0.000000
264,data/fashionmnist.npz,2,10000,cpu,cpu,1,1,0.000774,0.056001,0.000000
265,data/fashionmnist.npz,2,10000,cpu,cpu,1,1,0.002573,0.061154,0.000000
266,data/fashionmnist.npz,2,10000,cpu,cpu,1,1,0.000727,0.079408,0.000000
267,data/fashionmnist.npz,2,10000,cpu,cpu,1,1,0.000740,0.068260,0.000000
268,data/fashionmnist.npz,2,10000,cpu,cpu,1,1,0.000651,0.036674,0.000000
269,data/fashionmnist.npz,2,10000,cpu,cpu,1,1,0.000725,0.058861,0.000000
270,data/fashionmnist.npz,2,10000,cpu,cpu,1,1,0.000745,0.066457,0.000000
271,data/fashionmnist.npz,2,10000,cpu,cpu,1,1,0.000735,0.070315,0.000000
272,data/fashionmnist.npz,2,10000,cpu,cpu,1,1,0.000691,0.049925,0.000000
273,data/fashionmnist.npz,2,10000,cpu,cpu,1,1,0.000760,0.050384,0.000000
274,data/fashionmnist.npz,2,10000,cpu,cpu,1,1,0.000689,0.052387,0.000000
275,data/fashionmnist.npz,2,10000,cpu,cpu,1,1,0.000707,0.048549,0.000000
276,data/fashionmnist.npz,2,10000,cpu,cpu,1,1,0.000680,0.030242,0.000000
277,data/fashionmnist.npz,2,10000,cpu,cpu,1,1,0.000635,0.026566,0.000000
278,data/fashionmnist.npz,2,10000,cpu,cpu,1,1,0.000688,0.030966,0.000000
279,data/fashionmnist.npz,2,10000,cpu,cpu,1,1,0.000674,0.021475,0.000000
280,data/fashionmnist.npz,2,10000,cpu,cpu,1,1,0.000742,0.054719,0.000000
281,data/fashionmnist.npz,2,10000,cpu,cpu,1,1,0.000692,0.043665,0.000000
282,data/fashionmnist.npz,2,10000,cpu,cpu,1,1,0.000638,0.026181,0.000000
283,data/fashionmnist.npz,2,10000,cpu,cpu,1,1,0.000753,0.058010,0.000000
284,data/fashionmnist.npz,2,10000,cpu,cpu,1,1,0.000759,0.059942,0.000000
285,data/fashionmnist.npz,2,10000,cpu,cpu,1,1,0.000765,0.058025,0.000000
286,data/fashionmnist.npz,2,10000,cpu,cpu,1,1,0.000658,0.024583,0.000000
287,data/fashionmnist.npz,2,10000,cpu,cpu,1,1,0.000846,0.088634,0.000000
288,data/fashionmnist.npz,2,10000,cpu,cpu,1,1,0.000772,0.055580,0.000000
289,data/fashionmnist.npz,2,10000,cpu,cpu,1,1,0.000711,0.032214,0.000000
290,data/fashionmnist.npz,2,10000,cpu,cpu,1,1,0.000725,0.043024,0.000000
291,data/fashionmnist.npz,2,10000,cpu,cpu,1,1,0.000670,0.035667,0.000000
292,data/fashionmnist.npz,2,10000,cpu,cpu,1,1,0.000724,0.033120,0.000000
293,data/fashionmnist.npz,2,10000,cpu,cpu,1,1,0.000711,0.061656,0.000000
294,data/fashionmnist.npz,2,10000,cpu,cpu,1,1,0.000743,0.041764,0.000000
295,data/fashionmnist.npz,2,10000,cpu,cpu,1,1,0.000702,0.041995,0.000000
296,data/fashionmnist.npz,2,10000,cpu,cpu,1,1,0.000732,0.047954,0.000000
297,data/fashionmnist.npz,2,10000,cpu,cpu,1,1,0.000720,0.048922,0.000000
298,data/fashionmnist.npz,2,10000,cpu,cpu,1,1,0.000732,0.065237,0.000000
299,data/fashionmnist.npz,2,10000,cpu,cpu,1,1,0.000872,0.053525,0.000000
300,data/fashionmnist.npz,2,10000,cpu,cpu,1,1,0.000755,0.046857,0.000000
301,data/fashionmnist.npz,2,10000,cpu,cpu,1,1,0.000771,0.055558,0.000000
302,data/fashionmnist.npz,2,10000,cpu,cpu,1,1,0.000761,0.046492,0.000000
303,data/fashionmnist.npz,2,10000,cpu,cpu,1,1,0.000681,0.057920,0.000000
304,data/fashionmnist.npz,2,10000,cpu,cpu,1,1,0.000662,0.037964,0.000000
305,data/fashionmnist.npz,2,10000,cpu,cpu,1,1,0.000663,0.031568,0.000000
306,data/fashionmnist.npz,2,10000,cpu,cpu,1,1,0.000689,0.034878,0.000000
307,data/fashionmnist.npz,2,10000,cpu,cpu,1,1,0.000781,0.030739,0.000000
308,data/fashionmnist.npz,2,10000,cpu,cpu,1,1,0.000771,0.058248,0.000000
309,data/fashionmnist.npz,2,10000,cpu,cpu,1,1,0.000682,0.052196,0.000000
310,data/fashionmnist.npz,2,10000,cpu,cpu,1,1,0.000670,0.044443,0.000000
311,data/fashionmnist.npz,2,10000,cpu,cpu,1,1,0.000737,0.051449,0.000000
312,data/fashionmnist.npz,2,10000,cpu,cpu,1,1,0.000741,0.062675,0.000000
313,data/fashionmnist.npz,2,10000,cpu,cpu,1,1,0.000743,0.066350,0.000000
314,data/fashionmnist.npz,2,10000,cpu,cpu,1,1,0.000682,0.064441,0.000000
315,data/fashionmnist.npz,2,10000,cpu,cpu,1,1,0.000742,0.073705,0.000000
316,data/fashionmnist.npz,2,10000,cpu,cpu,1,1,0.000693,0.030806,0.000000
317,data/fashionmnist.npz,2,10000,cpu,cpu,1,1,0.000674,0.043586,0.000000
318,data/fashionmnist.npz,2,10000,cpu,cpu,1,1,0.000708,0.030215,0.000000
319,data/fashionmnist.npz,2,10000,cpu,cpu,1,1,0.000690,0.054791,0.000000
320,data/fashionmnist.npz,2,10000,cpu,cpu,1,1,0.000687,0.056444,0.000000
321,data/fashionmnist.npz,2,10000,cpu,cpu,1,1,0.000754,0.054458,0.000000
322,data/fashionmnist.npz,2,10000,cpu,cpu,1,1,0.000705,0.033601,0.000000
323,data/fashionmnist.npz,2,10000,cpu,cpu,1,1,0.000706,0.049391,0.000000
324,data/fashionmnist.npz,2,10000,cpu,cpu,1,1,0.000733,0.028924,0.000000
325,data/fashionmnist.npz,2,10000,cpu,cpu,1,1,0.000738,0.067080,0.000000
326,data/fashionmnist.npz,2,10000,cpu,cpu,1,1,0.000689,0.038056,0.000000
327,data/fashionmnist.npz,2,10000,cpu,cpu,1,1,0.000753,0.062959,0.000000
328,data/fashionmnist.npz,2,10000,cpu,cpu,1,1,0.000711,0.039161,0.000000
329,data/fashionmnist.npz,2,10000,cpu,cpu,1,1,0.000685,0.055395,0.000000
330,data/fashionmnist.npz,2,10000,cpu,cpu,1,1,0.000671,0.034076,0.000000
331,data/fashionmnist.npz,2,10000,cpu,cpu,1,1,0.000695,0.037570,0.000000
332,data/fashionmnist.npz,2,10000,cpu,cpu,1,1,0.000722,0.046141,0.000000
333,data/fashionmnist.npz,2,10000,cpu,cpu,1,1,0.000719,0.075659,0.000000
334,data/fashionmnist.npz,2,10000,cpu,cpu,1,1,0.000768,0.065792,0.000000
335,data/fashionmnist.npz,2,10000,cpu,cpu,1,1,0.000678,0.050110,0.000000
336,data/fashionmnist.npz,2,10000,cpu,cpu,1,1,0.000711,0.046657,0.000000
337,data/fashionmnist.npz,2,10000,cpu,cpu,1,1,0.000704,0.071934,0.000000
338,data/fashionmnist.npz,2,10000,cpu,cpu,1,1,0.000785,0.034413,0.000000
339,data/fashionmnist.npz,2,10000,cpu,cpu,1,1,0.000709,0.057407,0.000000
340,data/fashionmnist.npz,2,10000,cpu,cpu,1,1,0.000797,0.066019,0.000000
341,data/fashionmnist.npz,2,10000,cpu,cpu,1,1,0.000731,0.057597,0.000000
342,data/fashionmnist.npz,2,10000,cpu,cpu,1,1,0.000716,0.022816,0.000000
343,data/fashionmnist.npz,2,10000,cpu,cpu,1,1,0.000621,0.029589,0.000000
344,data/fashionmnist.npz,2,10000,cpu,cpu,1,1,0.000702,0.029092,0.000000
345,data/fashionmnist.npz,2,10000,cpu,cpu,1,1,0.000743,0.049722,0.000000
346,data/fashionmnist.npz,2,10000,cpu,cpu,1,1,0.000799,0.079327,0.000000
347,data/fashionmnist.npz,2,10000,cpu,cpu,1,1,0.000829,0.045292,0.000000
348,data/fashionmnist.npz,2,10000,cpu,cpu,1,1,0.000784,0.050809,0.000000
349,data/fashionmnist.npz,2,10000,cpu,cpu,1,1,0.000702,0.036745,0.000000
350,data/fashionmnist.npz,2,10000,cpu,cpu,1,1,0.000674,0.034440,0.000000
351,data/fashionmnist.npz,2,10000,cpu,cpu,1,1,0.000707,0.053641,0.000000
352,data/fashionmnist.npz,2,10000,cpu,cpu,1,1,0.000705,0.053940,0.000000
353,data/fashionmnist.npz,2,10000,cpu,cpu,1,1,0.000672,0.036311,0.000000
354,data/fashionmnist.npz,2,10000,cpu,cpu,1,1,0.000631,0.030984,0.000000
355,data/fashionmnist.npz,2,10000,cpu,cpu,1,1,0.000699,0.045010,0.000000
356,data/fashionmnist.npz,2,10000,cpu,cpu,1,1,0.000673,0.043097,0.000000
357,data/fashionmnist.npz,2,10000,cpu,cpu,1,1,0.000687,0.037398,0.000000
358,data/fashionmnist.npz,2,10000,cpu,cpu,1,1,0.000699,0.036336,0.000000
359,data/fashionmnist.npz,2,10000,cpu,cpu,1,1,0.002674,0.043380,0.000000
360,data/fashionmnist.npz,2,10000,cpu,cpu,1,1,0.000720,0.048396,0.000000
361,data/fashionmnist.npz,2,10000,cpu,cpu,1,1,0.000628,0.027175,0.000000
362,data/fashionmnist.npz,2,10000,cpu,cpu,1,1,0.000773,0.043117,0.000000
363,data/fashionmnist.npz,2,10000,cpu,cpu,1,1,0.000708,0.034813,0.000000
364,data/fashionmnist.npz,2,10000,cpu,cpu,1,1,0.000740,0.048077,0.000000
365,data/fashionmnist.npz,2,10000,cpu,cpu,1,1,0.000762,0.060961,0.000000
366,data/fashionmnist.npz,2,10000,cpu,cpu,1,1,0.000719,0.065621,0.000000
367,data/fashionmnist.npz,2,10000,cpu,cpu,1,1,0.000655,0.029715,0.000000
368,data/fashionmnist.npz,2,10000,cpu,cpu,1,1,0.000709,0.069433,0.000000
369,data/fashionmnist.npz,2,10000,cpu,cpu,1,1,0.000642,0.019841,0.000000
370,data/fashionmnist.npz,2,10000,cpu,cpu,1,1,0.000653,0.038627,0.000000
371,data/fashionmnist.npz,2,10000,cpu,cpu,1,1,0.000696,0.049922,0.000000
372,data/fashionmnist.npz,2,10000,cpu,cpu,1,1,0.000697,0.021748,0.000000
373,data/fashionmnist.npz,2,10000,cpu,cpu,1,1,0.000693,0.051559,0.000000
374,data/fashionmnist.npz,2,10000,cpu,cpu,1,1,0.000714,0.050290,0.000000
375,data/fashionmnist.npz,2,10000,cpu,cpu,1,1,0.000718,0.067092,0.000000
376,data/fashionmnist.npz,2,10000,cpu,cpu,1,1,0.000702,0.063494,0.000000
377,data/fashionmnist.npz,2,10000,cpu,cpu,1,1,0.000741,0.066235,0.000000
378,data/fashionmnist.npz,2,10000,cpu,cpu,1,1,0.000743,0.055966,0.000000
379,data/fashionmnist.npz,2,10000,cpu,cpu,1,1,0.000662,0.037366,0.000000
380,data/fashionmnist.npz,2,10000,cpu,cpu,1,1,0.000747,0.062505,0.000000
381,data/fashionmnist.npz,2,10000,cpu,cpu,1,1,0.000680,0.038672,0.000000
382,data/fashionmnist.npz,2,10000,cpu,cpu,1,1,0.000665,0.042206,0.000000
383,data/fashionmnist.npz,2,10000,cpu,cpu,1,1,0.000733,0.062308,0.000000
384,data/fashionmnist.npz,2,10000,cpu,cpu,1,1,0.000640,0.023251,0.000000
385,data/fashionmnist.npz,2,10000,cpu,cpu,1,1,0.000706,0.058016,0.000000
386,data/fashionmnist.npz,2,10000,cpu,cpu,1,1,0.000637,0.023492,0.000000
387,data/fashionmnist.npz,2,10000,cpu,cpu,1,1,0.000710,0.058659,0.000000
388,data/fashionmnist.npz,2,10000,cpu,cpu,1,1,0.000701,0.042196,0.000000
389,data/fashionmnist.npz,2,10000,cpu,cpu,1,1,0.000708,0.029312,0.000000
390,data/fashionmnist.npz,2,10000,cpu,cpu,1,1,0.000685,0.062462,0.000000
391,data/fashionmnist.npz,2,10000,cpu,cpu,1,1,0.000766,0.054578,0.000000
392,data/fashionmnist.npz,2,10000,cpu,cpu,1,1,0.000682,0.044982,0.000000
393,data/fashionmnist.npz,2,10000,cpu,cpu,1,1,0.000686,0.047686,0.000000
394,data/fashionmnist.npz,2,10000,cpu,cpu,1,1,0.000728,0.060532,0.000000
395,data/fashionmnist.npz,2,10000,cpu,cpu,1,1,0.000670,0.023029,0.000000
396,data/fashionmnist.npz,2,10000,cpu,cpu,1,1,0.000771,0.033584,0.000000
397,data/fashionmnist.npz,2,10000,cpu,cpu,1,1,0.000680,0.069276,0.000000
398,data/fashionmnist.npz,2,10000,cpu,cpu,1,1,0.000762,0.062055,0.000000
399,data/fashionmnist.npz,2,10000,cpu,cpu,1,1,0.000905,0.067007,0.000000
400,data/fashionmnist.npz,2,10000,cpu,cpu,1,1,0.000788,0.051445,0.000000
401,data/fashionmnist.npz,2,10000,cpu,cpu,1,1,0.000774,0.050052,0.000000
402,data/fashionmnist.npz,2,10000,cpu,cpu,1,1,0.000645,0.032380,0.000000
403,data/fashionmnist.npz,2,10000,cpu,cpu,1,1,0.000662,0.025490,0.000000
404,data/fashionmnist.npz,2,10000,cpu,cpu,1,1,0.000672,0.025870,0.000000
405,data/fashionmnist.npz,2,10000,cpu,cpu,1,1,0.000673,0.030627,0.000000
406,data/fashionmnist.npz,2,10000,cpu,cpu,1,1,0.000686,0.055320,0.000000
407,data/fashionmnist.npz,2,10000,cpu,cpu,1,1,0.000660,0.032011,0.000000
408,data/fashionmnist.npz,2,10000,cpu,cpu,1,1,0.000643,0.028178,0.000000
409,data/fashionmnist.npz,2,10000,cpu,cpu,1,1,0.000676,0.044886,0.000000
410,data/fashionmnist.npz,2,10000,cpu,cpu,1,1,0.000680,0.036372,0.000000
411,data/fashionmnist.npz,2,10000,cpu,cpu,1,1,0.000759,0.059133,0.000000
412,data/fashionmnist.npz,2,10000,cpu,cpu,1,1,0.000706,0.027759,0.000000
413,data/fashionmnist.npz,2,10000,cpu,cpu,1,1,0.000721,0.033637,0.000000
414,data/fashionmnist.npz,2,10000,cpu,cpu,1,1,0.000789,0.064715,0.000000
415,data/fashionmnist.npz,2,10000,cpu,cpu,1,1,0.000707,0.033716,0.000000
416,data/fashionmnist.npz,2,10000,cpu,cpu,1,1,0.000680,0.017396,0.000000
417,data/fashionmnist.npz,2,10000,cpu,cpu,1,1,0.000670,0.035822,0.000000
418,data/fashionmnist.npz,2,10000,cpu,cpu,1,1,0.000747,0.040925,0.000000
419,data/fashionmnist.npz,2,10000,cpu,cpu,1,1,0.000746,0.054927,0.000000
420,data/fashionmnist.npz,2,10000,cpu,cpu,1,1,0.000743,0.043035,0.000000
421,data/fashionmnist.npz,2,10000,cpu,cpu,1,1,0.000735,0.049742,0.000000
422,data/fashionmnist.npz,2,10000,cpu,cpu,1,1,0.000728,0.038513,0.000000
423,data/fashionmnist.npz,2,10000,cpu,cpu,1,1,0.000687,0.028062,0.000000
424,data/fashionmnist.npz,2,10000,cpu,cpu,1,1,0.000733,0.043539,0.000000
425,data/fashionmnist.npz,2,10000,cpu,cpu,1,1,0.000691,0.031176,0.000000
426,data/fashionmnist.npz,2,10000,cpu,cpu,1,1,0.000725,0.065840,0.000000
427,data/fashionmnist.npz,2,10000,cpu,cpu,1,1,0.000727,0.050413,0.000000
428,data/fashionmnist.npz,2,10000,cpu,cpu,1,1,0.000745,0.037269,0.000000
429,data/fashionmnist.npz,2,10000,cpu,cpu,1,1,0.000703,0.027025,0.000000
430,data/fashionmnist.npz,2,10000,cpu,cpu,1,1,0.000667,0.029720,0.000000
431,data/fashionmnist.npz,2,10000,cpu,cpu,1,1,0.000732,0.054484,0.000000
432,data/fashionmnist.npz,2,10000,cpu,cpu,1,1,0.000725,0.062396,0.000000
433,data/fashionmnist.npz,2,10000,cpu,cpu,1,1,0.000703,0.055846,0.000000
434,data/fashionmnist.npz,2,10000,cpu,cpu,1,1,0.000726,0.038278,0.000000
435,data/fashionmnist.npz,2,10000,cpu,cpu,1,1,0.000678,0.058238,0.000000
436,data/fashionmnist.npz,2,10000,cpu,cpu,1,1,0.000687,0.030930,0.000000
437,data/fashionmnist.npz,2,10000,cpu,cpu,1,1,0.000769,0.060052,0.000000
438,data/fashionmnist.npz,2,10000,cpu,cpu,1,1,0.000681,0.028849,0.000000
439,data/fashionmnist.npz,2,10000,cpu,cpu,1,1,0.000723,0.051536,0.000000
440,data/fashionmnist.npz,2,10000,cpu,cpu,1,1,0.000686,0.045025,0.000000
441,data/fashionmnist.npz,2,10000,cpu,cpu,1,1,0.000769,0.024080,0.000000
442,data/fashionmnist.npz,2,10000,cpu,cpu,1,1,0.000626,0.025968,0.000000
443,data/fashionmnist.npz,2,10000,cpu,cpu,1,1,0.000680,0.049078,0.000000
444,data/fashionmnist.npz,2,10000,cpu,cpu,1,1,0.000855,0.055244,0.000000
445,data/fashionmnist.npz,2,10000,cpu,cpu,1,1,0.000711,0.064803,0.000000
446,data/fashionmnist.npz,2,10000,cpu,cpu,1,1,0.000729,0.059274,0.000000
447,data/fashionmnist.npz,2,10000,cpu,cpu,1,1,0.000666,0.031900,0.000000
448,data/fashionmnist.npz,2,10000,cpu,cpu,1,1,0.000723,0.069488,0.000000
449,data/fashionmnist.npz,2,10000,cpu,cpu,1,1,0.000716,0.049777,0.000000
450,data/fashionmnist.npz,2,10000,cpu,cpu,1,1,0.000738,0.044517,0.000000
451,data/fashionmnist.npz,2,10000,cpu,cpu,1,1,0.000699,0.036205,0.000000
452,data/fashionmnist.npz,2,10000,cpu,cpu,1,1,0.000674,0.054011,0.000000
453,data/fashionmnist.npz,2,10000,cpu,cpu,1,1,0.000609,0.015441,0.000000
454,data/fashionmnist.npz,2,10000,cpu,cpu,1,1,0.000748,0.049176,0.000000
455,data/fashionmnist.npz,2,10000,cpu,cpu,1,1,0.000697,0.029648,0.000000
456,data/fashionmnist.npz,2,10000,cpu,cpu,1,1,0.000755,0.060207,0.000000
457,data/fashionmnist.npz,2,10000,cpu,cpu,1,1,0.000782,0.047447,0.000000
458,data/fashionmnist.npz,2,10000,cpu,cpu,1,1,0.000690,0.033913,0.000000
459,data/fashionmnist.npz,2,10000,cpu,cpu,1,1,0.000715,0.059833,0.000000
460,data/fashionmnist.npz,2,10000,cpu,cpu,1,1,0.000851,0.036929,0.000000
461,data/fashionmnist.npz,2,10000,cpu,cpu,1,1,0.000726,0.034583,0.000000
462,data/fashionmnist.npz,2,10000,cpu,cpu,1,1,0.000752,0.049775,0.000000
463,data/fashionmnist.npz,2,10000,cpu,cpu,1,1,0.000890,0.075448,0.000000
464,data/fashionmnist.npz,2,10000,cpu,cpu,1,1,0.000671,0.024688,0.000000
465,data/fashionmnist.npz,2,10000,cpu,cpu,1,1,0.000689,0.061289,0.000000
466,data/fashionmnist.npz,2,10000,cpu,cpu,1,1,0.000653,0.015758,0.000000
467,data/fashionmnist.npz,2,10000,cpu,cpu,1,1,0.000721,0.046755,0.000000
468,data/fashionmnist.npz,2,10000,cpu,cpu,1,1,0.000745,0.053027,0.000000
469,data/fashionmnist.npz,2,10000,cpu,cpu,1,1,0.000732,0.065247,0.000000
470,data/fashionmnist.npz,2,10000,cpu,cpu,1,1,0.000896,0.047057,0.000000
471,data/fashionmnist.npz,2,10000,cpu,cpu,1,1,0.000685,0.027195,0.000000
472,data/fashionmnist.npz,2,10000,cpu,cpu,1,1,0.000657,0.030152,0.000000
473,data/fashionmnist.npz,2,10000,cpu,cpu,1,1,0.000739,0.054679,0.000000
474,data/fashionmnist.npz,2,10000,cpu,cpu,1,1,0.000679,0.047033,0.000000
475,data/fashionmnist.npz,2,10000,cpu,cpu,1,1,0.000690,0.067753,0.000000
476,data/fashionmnist.npz,2,10000,cpu,cpu,1,1,0.000728,0.063366,0.000000
477,data/fashionmnist.npz,2,10000,cpu,cpu,1,1,0.000764,0.049409,0.000000
478,data/fashionmnist.npz,2,10000,cpu,cpu,1,1,0.000756,0.032478,0.000000
479,data/fashionmnist.npz,2,10000,cpu,cpu,1,1,0.000726,0.059239,0.000000
480,data/fashionmnist.npz,2,10000,cpu,cpu,1,1,0.000714,0.066713,0.000000
481,data/fashionmnist.npz,2,10000,cpu,cpu,1,1,0.000844,0.065468,0.000000
482,data/fashionmnist.npz,2,10000,cpu,cpu,1,1,0.000672,0.047930,0.000000
483,data/fashionmnist.npz,2,10000,cpu,cpu,1,1,0.000681,0.037075,0.000000
484,data/fashionmnist.npz,2,10000,cpu,cpu,1,1,0.000698,0.029584,0.000000
485,data/fashionmnist.npz,2,10000,cpu,cpu,1,1,0.000700,0.037693,0.000000
486,data/fashionmnist.npz,2,10000,cpu,cpu,1,1,0.000713,0.052561,0.000000
487,data/fashionmnist.npz,2,10000,cpu,cpu,1,1,0.000751,0.062096,0.000000
488,data/fashionmnist.npz,2,10000,cpu,cpu,1,1,0.000745,0.065853,0.000000
489,data/fashionmnist.npz,2,10000,cpu,cpu,1,1,0.000828,0.048492,0.000000
490,data/fashionmnist.npz,2,10000,cpu,cpu,1,1,0.000736,0.048264,0.000000
491,data/fashionmnist.npz,2,10000,cpu,cpu,1,1,0.000695,0.040954,0.000000
492,data/fashionmnist.npz,2,10000,cpu,cpu,1,1,0.000694,0.048086,0.000000
493,data/fashionmnist.npz,2,10000,cpu,cpu,1,1,0.000675,0.030183,0.000000
494,data/fashionmnist.npz,2,10000,cpu,cpu,1,1,0.000708,0.043111,0.000000
495,data/fashionmnist.npz,2,10000,cpu,cpu,1,1,0.000732,0.046885,0.000000
496,data/fashionmnist.npz,2,10000,cpu,cpu,1,1,0.000664,0.027192,0.000000
497,data/fashionmnist.npz,2,10000,cpu,cpu,1,1,0.000693,0.048386,0.000000
498,data/fashionmnist.npz,2,10000,cpu,cpu,1,1,0.000760,0.054676,0.000000
499,data/fashionmnist.npz,2,10000,cpu,cpu,1,1,0.000740,0.043931,0.000000
500,data/fashionmnist.npz,2,10000,cpu,cpu,1,1,0.000704,0.035856,0.000000
501,data/fashionmnist.npz,2,10000,cpu,cpu,1,1,0.000710,0.045094,0.000000
502,data/fashionmnist.npz,2,10000,cpu,cpu,1,1,0.000783,0.048745,0.000000
503,data/fashionmnist.npz,2,10000,cpu,cpu,1,1,0.000669,0.033201,0.000000
504,data/fashionmnist.npz,2,10000,cpu,cpu,1,1,0.000733,0.051211,0.000000
505,data/fashionmnist.npz,2,10000,cpu,cpu,1,1,0.000666,0.045026,0.000000
506,data/fashionmnist.npz,2,10000,cpu,cpu,1,1,0.000709,0.062799,0.000000
507,data/fashionmnist.npz,2,10000,cpu,cpu,1,1,0.000691,0.045778,0.000000
508,data/fashionmnist.npz,2,10000,cpu,cpu,1,1,0.000703,0.035637,0.000000
509,data/fashionmnist.npz,2,10000,cpu,cpu,1,1,0.000751,0.065950,0.000000
510,data/fashionmnist.npz,2,10000,cpu,cpu,1,1,0.000725,0.046951,0.000000
511,data/fashionmnist.npz,2,10000,cpu,cpu,1,1,0.000804,0.050939,0.000000
512,data/fashionmnist.npz,2,10000,cpu,cpu,1,1,0.000750,0.046986,0.000000
513,data/fashionmnist.npz,2,10000,cpu,cpu,1,1,0.000673,0.033408,0.000000
514,data/fashionmnist.npz,2,10000,cpu,cpu,1,1,0.000673,0.061180,0.000000
515,data/fashionmnist.npz,2,10000,cpu,cpu,1,1,0.000701,0.065817,0.000000
516,data/fashionmnist.npz,2,10000,cpu,cpu,1,1,0.000728,0.036065,0.000000
517,data/fashionmnist.npz,2,10000,cpu,cpu,1,1,0.000644,0.041730,0.000000
518,data/fashionmnist.npz,2,10000,cpu,cpu,1,1,0.000739,0.045720,0.000000
519,data/fashionmnist.npz,2,10000,cpu,cpu,1,1,0.000867,0.066026,0.000000
520,data/fashionmnist.npz,2,10000,cpu,cpu,1,1,0.000694,0.045123,0.000000
521,data/fashionmnist.npz,2,10000,cpu,cpu,1,1,0.000705,0.042302,0.000000
522,data/fashionmnist.npz,2,10000,cpu,cpu,1,1,0.000759,0.030511,0.000000
523,data/fashionmnist.npz,2,10000,cpu,cpu,1,1,0.000668,0.032497,0.000000
524,data/fashionmnist.npz,2,10000,cpu,cpu,1,1,0.000831,0.045154,0.000000
525,data/fashionmnist.npz,2,10000,cpu,cpu,1,1,0.000775,0.050078,0.000000
526,data/fashionmnist.npz,2,10000,cpu,cpu,1,1,0.000644,0.025962,0.000000
527,data/fashionmnist.npz,2,10000,cpu,cpu,1,1,0.000676,0.025868,0.000000
528,data/fashionmnist.npz,2,10000,cpu,cpu,1,1,0.000702,0.051390,0.000000
529,data/fashionmnist.npz,2,10000,cpu,cpu,1,1,0.000697,0.055802,0.000000
530,data/fashionmnist.npz,2,10000,cpu,cpu,1,1,0.000690,0.056859,0.000000
531,data/fashionmnist.npz,2,10000,cpu,cpu,1,1,0.000718,0.044457,0.000000
532,data/fashionmnist.npz,2,10000,cpu,cpu,1,1,0.000670,0.038185,0.000000
533,data/fashionmnist.npz,2,10000,cpu,cpu,1,1,0.000723,0.056740,0.000000
534,data/fashionmnist.npz,2,10000,cpu,cpu,1,1,0.000686,0.058990,0.000000
535,data/fashionmnist.npz,2,10000,cpu,cpu,1,1,0.000811,0.072379,0.000000
536,data/fashionmnist.npz,2,10000,cpu,cpu,1,1,0.000798,0.026830,0.000000
537,data/fashionmnist.npz,2,10000,cpu,cpu,1,1,0.000732,0.065013,0.000000
538,data/fashionmnist.npz,2,10000,cpu,cpu,1,1,0.000744,0.031043,0.000000
539,data/fashionmnist.npz,2,10000,cpu,cpu,1,1,0.000716,0.052243,0.000000
540,data/fashionmnist.npz,2,10000,cpu,cpu,1,1,0.000642,0.017719,0.000000
541,data/fashionmnist.npz,2,10000,cpu,cpu,1,1,0.000683,0.030883,0.000000
542,data/fashionmnist.npz,2,10000,cpu,cpu,1,1,0.000697,0.022299,0.000000
543,data/fashionmnist.npz,2,10000,cpu,cpu,1,1,0.000665,0.029594,0.000000
544,data/fashionmnist.npz,2,10000,cpu,cpu,1,1,0.000685,0.035885,0.000000
545,data/fashionmnist.npz,2,10000,cpu,cpu,1,1,0.000695,0.023204,0.000000
546,data/fashionmnist.npz,2,10000,cpu,cpu,1,1,0.000651,0.024138,0.000000
547,data/fashionmnist.npz,2,10000,cpu,cpu,1,1,0.000684,0.038911,0.000000
548,data/fashionmnist.npz,2,10000,cpu,cpu,1,1,0.000709,0.032662,0.000000
549,data/fashionmnist.npz,2,10000,cpu,cpu,1,1,0.000735,0.065332,0.000000
550,data/fashionmnist.npz,2,10000,cpu,cpu,1,1,0.000747,0.067424,0.000000
551,data/fashionmnist.npz,2,10000,cpu,cpu,1,1,0.000721,0.054246,0.000000
552,data/fashionmnist.npz,2,10000,cpu,cpu,1,1,0.000713,0.050968,0.000000
553,data/fashionmnist.npz,2,10000,cpu,cpu,1,1,0.000728,0.064176,0.000000
554,data/fashionmnist.npz,2,10000,cpu,cpu,1,1,0.000718,0.032873,0.000000
555,data/fashionmnist.npz,2,10000,cpu,cpu,1,1,0.000665,0.019039,0.000000
556,data/fashionmnist.npz,2,10000,cpu,cpu,1,1,0.000684,0.031367,0.000000
557,data/fashionmnist.npz,2,10000,cpu,cpu,1,1,0.000626,0.020763,0.000000
558,data/fashionmnist.npz,2,10000,cpu,cpu,1,1,0.000694,0.030788,0.000000
559,data/fashionmnist.npz,2,10000,cpu,cpu,1,1,0.000746,0.027696,0.000000
560,data/fashionmnist.npz,2,10000,cpu,cpu,1,1,0.000630,0.027773,0.000000
561,data/fashionmnist.npz,2,10000,cpu,cpu,1,1,0.000636,0.022597,0.000000
562,data/fashionmnist.npz,2,10000,cpu,cpu,1,1,0.000719,0.054945,0.000000
563,data/fashionmnist.npz,2,10000,cpu,cpu,1,1,0.000661,0.032935,0.000000
564,data/fashionmnist.npz,2,10000,cpu,cpu,1,1,0.000669,0.044706,0.000000
565,data/fashionmnist.npz,2,10000,cpu,cpu,1,1,0.000664,0.029042,0.000000
566,data/fashionmnist.npz,2,10000,cpu,cpu,1,1,0.000715,0.059249,0.000000
567,data/fashionmnist.npz,2,10000,cpu,cpu,1,1,0.000799,0.080457,0.000000
568,data/fashionmnist.npz,2,10000,cpu,cpu,1,1,0.000664,0.023811,0.000000
569,data/fashionmnist.npz,2,10000,cpu,cpu,1,1,0.000707,0.066777,0.000000
570,data/fashionmnist.npz,2,10000,cpu,cpu,1,1,0.000707,0.030758,0.000000
571,data/fashionmnist.npz,2,10000,cpu,cpu,1,1,0.000756,0.088090,0.000000
572,data/fashionmnist.npz,2,10000,cpu,cpu,1,1,0.000739,0.070598,0.000000
573,data/fashionmnist.npz,2,10000,cpu,cpu,1,1,0.000719,0.042871,0.000000
574,data/fashionmnist.npz,2,10000,cpu,cpu,1,1,0.000718,0.064279,0.000000
575,data/fashionmnist.npz,2,10000,cpu,cpu,1,1,0.000731,0.038132,0.000000
576,data/fashionmnist.npz,2,10000,cpu,cpu,1,1,0.000689,0.028862,0.000000
577,data/fashionmnist.npz,2,10000,cpu,cpu,1,1,0.000674,0.042612,0.000000
578,data/fashionmnist.npz,2,10000,cpu,cpu,1,1,0.000708,0.044313,0.000000
579,data/fashionmnist.npz,2,10000,cpu,cpu,1,1,0.000786,0.034188,0.000000
580,data/fashionmnist.npz,2,10000,cpu,cpu,1,1,0.000671,0.016823,0.000000
581,data/fashionmnist.npz,2,10000,cpu,cpu,1,1,0.000702,0.034531,0.000000
582,data/fashionmnist.npz,2,10000,cpu,cpu,1,1,0.000705,0.031813,0.000000
583,data/fashionmnist.npz,2,10000,cpu,cpu,1,1,0.000746,0.044911,0.000000
584,data/fashionmnist.npz,2,10000,cpu,cpu,1,1,0.000854,0.071188,0.000000
585,data/fashionmnist.npz,2,10000,cpu,cpu,1,1,0.000703,0.033768,0.000000
586,data/fashionmnist.npz,2,10000,cpu,cpu,1,1,0.000741,0.049674,0.000000
587,data/fashionmnist.npz,2,10000,cpu,cpu,1,1,0.000739,0.048735,0.000000
588,data/fashionmnist.npz,2,10000,cpu,cpu,1,1,0.000722,0.028973,0.000000
589,data/fashionmnist.npz,2,10000,cpu,cpu,1,1,0.000708,0.033246,0.000000
590,data/fashionmnist.npz,2,10000,cpu,cpu,1,1,0.000694,0.031609,0.000000
591,data/fashionmnist.npz,2,10000,cpu,cpu,1,1,0.000658,0.033495,0.000000
592,data/fashionmnist.npz,2,10000,cpu,cpu,1,1,0.000718,0.053814,0.000000
593,data/fashionmnist.npz,2,10000,cpu,cpu,1,1,0.000666,0.027241,0.000000
594,data/fashionmnist.npz,2,10000,cpu,cpu,1,1,0.000704,0.044850,0.000000
595,data/fashionmnist.npz,2,10000,cpu,cpu,1,1,0.000732,0.049369,0.000000
596,data/fashionmnist.npz,2,10000,cpu,cpu,1,1,0.000670,0.027153,0.000000
597,data/fashionmnist.npz,2,10000,cpu,cpu,1,1,0.000698,0.056729,0.000000
598,data/fashionmnist.npz,2,10000,cpu,cpu,1,1,0.000711,0.039312,0.000000
599,data/fashionmnist.npz,2,10000,cpu,cpu,1,1,0.000699,0.032408,0.000000
600,data/fashionmnist.npz,2,10000,cpu,cpu,1,1,0.000586,0.013486,0.000000
601,data/fashionmnist.npz,2,10000,cpu,cpu,1,1,0.000741,0.056401,0.000000
602,data/fashionmnist.npz,2,10000,cpu,cpu,1,1,0.000647,0.046660,0.000000
603,data/fashionmnist.npz,2,10000,cpu,cpu,1,1,0.000716,0.038798,0.000000
604,data/fashionmnist.npz,2,10000,cpu,cpu,1,1,0.000750,0.041988,0.000000
605,data/fashionmnist.npz,2,10000,cpu,cpu,1,1,0.000690,0.031710,0.000000
606,data/fashionmnist.npz,2,10000,cpu,cpu,1,1,0.000680,0.036247,0.000000
607,data/fashionmnist.npz,2,10000,cpu,cpu,1,1,0.000769,0.062804,0.000000
608,data/fashionmnist.npz,2,10000,cpu,cpu,1,1,0.000713,0.054672,0.000000
609,data/fashionmnist.npz,2,10000,cpu,cpu,1,1,0.000745,0.031580,0.000000
610,data/fashionmnist.npz,2,10000,cpu,cpu,1,1,0.000672,0.025215,0.000000
611,data/fashionmnist.npz,2,10000,cpu,cpu,1,1,0.000606,0.019388,0.000000
612,data/fashionmnist.npz,2,10000,cpu,cpu,1,1,0.000674,0.020287,0.000000
613,data/fashionmnist.npz,2,10000,cpu,cpu,1,1,0.000671,0.043238,0.000000
614,data/fashionmnist.npz,2,10000,cpu,cpu,1,1,0.000722,0.066646,0.000000
615,data/fashionmnist.npz,2,10000,cpu,cpu,1,1,0.000661,0.029117,0.000000
616,data/fashionmnist.npz,2,10000,cpu,cpu,1,1,0.000745,0.045832,0.000000
617,data/fashionmnist.npz,2,10000,cpu,cpu,1,1,0.000713,0.022344,0.000000
618,data/fashionmnist.npz,2,10000,cpu,cpu,1,1,0.000677,0.037798,0.000000
619,data/fashionmnist.npz,2,10000,cpu,cpu,1,1,0.000704,0.048063,0.000000
620,data/fashionmnist.npz,2,10000,cpu,cpu,1,1,0.000726,0.073665,0.000000
621,data/fashionmnist.npz,2,10000,cpu,cpu,1,1,0.000769,0.053891,0.000000
622,data/fashionmnist.npz,2,10000,cpu,cpu,1,1,0.000717,0.027001,0.000000
623,data/fashionmnist.npz,2,10000,cpu,cpu,1,1,0.000725,0.068853,0.000000
624,data/fashionmnist.npz,2,10000,cpu,cpu,1,1,0.000669,0.035037,0.000000
625,data/fashionmnist.npz,2,10000,cpu,cpu,1,1,0.000720,0.056303,0.000000
626,data/fashionmnist.npz,2,10000,cpu,cpu,1,1,0.000684,0.031126,0.000000
627,data/fashionmnist.npz,2,10000,cpu,cpu,1,1,0.000668,0.040272,0.000000
628,data/fashionmnist.npz,2,10000,cpu,cpu,1,1,0.000680,0.044145,0.000000
629,data/fashionmnist.npz,2,10000,cpu,cpu,1,1,0.000672,0.032798,0.000000
630,data/fashionmnist.npz,2,10000,cpu,cpu,1,1,0.000744,0.064143,0.000000
631,data/fashionmnist.npz,2,10000,cpu,cpu,1,1,0.000730,0.036854,0.000000
632,data/fashionmnist.npz,2,10000,cpu,cpu,1,1,0.000638,0.026857,0.000000
633,data/fashionmnist.npz,2,10000,cpu,cpu,1,1,0.000708,0.035753,0.000000
634,data/fashionmnist.npz,2,10000,cpu,cpu,1,1,0.000710,0.042867,0.000000
635,data/fashionmnist.npz,2,10000,cpu,cpu,1,1,0.000848,0.047878,0.000000
636,data/fashionmnist.npz,2,10000,cpu,cpu,1,1,0.000679,0.045732,0.000000
637,data/fashionmnist.npz,2,10000,cpu,cpu,1,1,0.000749,0.059215,0.000000
638,data/fashionmnist.npz,2,10000,cpu,cpu,1,1,0.000685,0.042057,0.000000
639,data/fashionmnist.npz,2,10000,cpu,cpu,1,1,0.000700,0.050414,0.000000
640,data/fashionmnist.npz,2,10000,cpu,cpu,1,1,0.000712,0.026450,0.000000
641,data/fashionmnist.npz,2,10000,cpu,cpu,1,1,0.000714,0.055466,0.000000
642,data/fashionmnist.npz,2,10000,cpu,cpu,1,1,0.000695,0.044194,0.000000
643,data/fashionmnist.npz,2,10000,cpu,cpu,1,1,0.000715,0.042762,0.000000
644,data/fashionmnist.npz,2,10000,cpu,cpu,1,1,0.000670,0.061391,0.000000
645,data/fashionmnist.npz,2,10000,cpu,cpu,1,1,0.000656,0.037362,0.000000
646,data/fashionmnist.npz,2,10000,cpu,cpu,1,1,0.000698,0.055411,0.000000
647,data/fashionmnist.npz,2,10000,cpu,cpu,1,1,0.000714,0.037976,0.000000
648,data/fashionmnist.npz,2,10000,cpu,cpu,1,1,0.000790,0.064855,0.000000
649,data/fashionmnist.npz,2,10000,cpu,cpu,1,1,0.000635,0.019661,0.000000
650,data/fashionmnist.npz,2,10000,cpu,cpu,1,1,0.000665,0.013464,0.000000
651,data/fashionmnist.npz,2,10000,cpu,cpu,1,1,0.000720,0.058226,0.000000
652,data/fashionmnist.npz,2,10000,cpu,cpu,1,1,0.000669,0.038674,0.000000
653,data/fashionmnist.npz,2,10000,cpu,cpu,1,1,0.000668,0.028861,0.000000
654,data/fashionmnist.npz,2,10000,cpu,cpu,1,1,0.000693,0.036090,0.000000
655,data/fashionmnist.npz,2,10000,cpu,cpu,1,1,0.000715,0.037688,0.000000
656,data/fashionmnist.npz,2,10000,cpu,cpu,1,1,0.000692,0.024317,0.000000
657,data/fashionmnist.npz,2,10000,cpu,cpu,1,1,0.000728,0.070131,0.000000
658,data/fashionmnist.npz,2,10000,cpu,cpu,1,1,0.000729,0.070142,0.000000
659,data/fashionmnist.npz,2,10000,cpu,cpu,1,1,0.000725,0.054886,0.000000
660,data/fashionmnist.npz,2,10000,cpu,cpu,1,1,0.000680,0.045775,0.000000
661,data/fashionmnist.npz,2,10000,cpu,cpu,1,1,0.000701,0.029551,0.000000
662,data/fashionmnist.npz,2,10000,cpu,cpu,1,1,0.000666,0.022977,0.000000
663,data/fashionmnist.npz,2,10000,cpu,cpu,1,1,0.000647,0.030162,0.000000
664,data/fashionmnist.npz,2,10000,cpu,cpu,1,1,0.000730,0.068617,0.000000
665,data/fashionmnist.npz,2,10000,cpu,cpu,1,1,0.000680,0.026713,0.000000
666,data/fashionmnist.npz,2,10000,cpu,cpu,1,1,0.000672,0.024468,0.000000
667,data/fashionmnist.npz,2,10000,cpu,cpu,1,1,0.000695,0.052376,0.000000
668,data/fashionmnist.npz,2,10000,cpu,cpu,1,1,0.000737,0.042200,0.000000
669,data/fashionmnist.npz,2,10000,cpu,cpu,1,1,0.000721,0.048570,0.000000
670,data/fashionmnist.npz,2,10000,cpu,cpu,1,1,0.000727,0.053353,0.000000
671,data/fashionmnist.npz,2,10000,cpu,cpu,1,1,0.000668,0.031361,0.000000
672,data/fashionmnist.npz,2,10000,cpu,cpu,1,1,0.000692,0.048052,0.000000
673,data/fashionmnist.npz,2,10000,cpu,cpu,1,1,0.000693,0.033401,0.000000
674,data/fashionmnist.npz,2,10000,cpu,cpu,1,1,0.000715,0.054492,0.000000
675,data/fashionmnist.npz,2,10000,cpu,cpu,1,1,0.000742,0.062930,0.000000
676,data/fashionmnist.npz,2,10000,cpu,cpu,1,1,0.000679,0.027519,0.000000
677,data/fashionmnist.npz,2,10000,cpu,cpu,1,1,0.000700,0.030472,0.000000
678,data/fashionmnist.npz,2,10000,cpu,cpu,1,1,0.000710,0.058077,0.000000
679,data/fashionmnist.npz,2,10000,cpu,cpu,1,1,0.000679,0.044777,0.000000
680,data/fashionmnist.npz,2,10000,cpu,cpu,1,1,0.000703,0.050438,0.000000
681,data/fashionmnist.npz,2,10000,cpu,cpu,1,1,0.000693,0.033779,0.000000
682,data/fashionmnist.npz,2,10000,cpu,cpu,1,1,0.000719,0.043387,0.000000
683,data/fashionmnist.npz,2,10000,cpu,cpu,1,1,0.000710,0.020780,0.000000
684,data/fashionmnist.npz,2,10000,cpu,cpu,1,1,0.000637,0.030857,0.000000
685,data/fashionmnist.npz,2,10000,cpu,cpu,1,1,0.000672,0.026560,0.000000
686,data/fashionmnist.npz,2,10000,cpu,cpu,1,1,0.000708,0.041726,0.000000
687,data/fashionmnist.npz,2,10000,cpu,cpu,1,1,0.000721,0.042277,0.000000
688,data/fashionmnist.npz,2,10000,cpu,cpu,1,1,0.000732,0.027072,0.000000
689,data/fashionmnist.npz,2,10000,cpu,cpu,1,1,0.000698,0.047125,0.000000
690,data/fashionmnist.npz,2,10000,cpu,cpu,1,1,0.000701,0.058206,0.000000
691,data/fashionmnist.npz,2,10000,cpu,cpu,1,1,0.000717,0.035612,0.000000
692,data/fashionmnist.npz,2,10000,cpu,cpu,1,1,0.000718,0.064512,0.000000
693,data/fashionmnist.npz,2,10000,cpu,cpu,1,1,0.000667,0.030422,0.000000
694,data/fashionmnist.npz,2,10000,cpu,cpu,1,1,0.000691,0.058512,0.000000
695,data/fashionmnist.npz,2,10000,cpu,cpu,1,1,0.000710,0.051650,0.000000
696,data/fashionmnist.npz,2,10000,cpu,cpu,1,1,0.000721,0.052265,0.000000
697,data/fashionmnist.npz,2,10000,cpu,cpu,1,1,0.000660,0.021924,0.000000
698,data/fashionmnist.npz,2,10000,cpu,cpu,1,1,0.000702,0.051963,0.000000
699,data/fashionmnist.npz,2,10000,cpu,cpu,1,1,0.000670,0.037209,0.000000
700,data/fashionmnist.npz,2,10000,cpu,cpu,1,1,0.000642,0.022094,0.000000
701,data/fashionmnist.npz,2,10000,cpu,cpu,1,1,0.000694,0.039603,0.000000
702,data/fashionmnist.npz,2,10000,cpu,cpu,1,1,0.000629,0.023964,0.000000
703,data/fashionmnist.npz,2,10000,cpu,cpu,1,1,0.000673,0.043134,0.000000
704,data/fashionmnist.npz,2,10000,cpu,cpu,1,1,0.000685,0.030081,0.000000
705,data/fashionmnist.npz,2,10000,cpu,cpu,1,1,0.000676,0.030366,0.000000
706,data/fashionmnist.npz,2,10000,cpu,cpu,1,1,0.000763,0.064620,0.000000
707,data/fashionmnist.npz,2,10000,cpu,cpu,1,1,0.000793,0.035220,0.000000
708,data/fashionmnist.npz,2,10000,cpu,cpu,1,1,0.000646,0.054004,0.000000
709,data/fashionmnist.npz,2,10000,cpu,cpu,1,1,0.000717,0.036830,0.000000
710,data/fashionmnist.npz,2,10000,cpu,cpu,1,1,0.000625,0.027180,0.000000
711,data/fashionmnist.npz,2,10000,cpu,cpu,1,1,0.000735,0.067288,0.000000
712,data/fashionmnist.npz,2,10000,cpu,cpu,1,1,0.000602,0.017644,0.000000
713,data/fashionmnist.npz,2,10000,cpu,cpu,1,1,0.000699,0.050790,0.000000
714,data/fashionmnist.npz,2,10000,cpu,cpu,1,1,0.000685,0.037026,0.000000
715,data/fashionmnist.npz,2,10000,cpu,cpu,1,1,0.000687,0.047333,0.000000
716,data/fashionmnist.npz,2,10000,cpu,cpu,1,1,0.000695,0.059803,0.000000
717,data/fashionmnist.npz,2,10000,cpu,cpu,1,1,0.000805,0.075990,0.000000
718,data/fashionmnist.npz,2,10000,cpu,cpu,1,1,0.000794,0.056911,0.000000
719,data/fashionmnist.npz,2,10000,cpu,cpu,1,1,0.000714,0.060660,0.000000
720,data/fashionmnist.npz,2,10000,cpu,cpu,1,1,0.000665,0.026581,0.000000
721,data/fashionmnist.npz,2,10000,cpu,cpu,1,1,0.000707,0.032437,0.000000
722,data/fashionmnist.npz,2,10000,cpu,cpu,1,1,0.000678,0.028385,0.000000
723,data/fashionmnist.npz,2,10000,cpu,cpu,1,1,0.000694,0.034456,0.000000
724,data/fashionmnist.npz,2,10000,cpu,cpu,1,1,0.000749,0.050464,0.000000
725,data/fashionmnist.npz,2,10000,cpu,cpu,1,1,0.000744,0.046100,0.000000
726,data/fashionmnist.npz,2,10000,cpu,cpu,1,1,0.000699,0.043995,0.000000
727,data/fashionmnist.npz,2,10000,cpu,cpu,1,1,0.000752,0.071880,0.000000
728,data/fashionmnist.npz,2,10000,cpu,cpu,1,1,0.000700,0.048322,0.000000
729,data/fashionmnist.npz,2,10000,cpu,cpu,1,1,0.000786,0.025521,0.000000
730,data/fashionmnist.npz,2,10000,cpu,cpu,1,1,0.000700,0.029232,0.000000
731,data/fashionmnist.npz,2,10000,cpu,cpu,1,1,0.000696,0.028683,0.000000
732,data/fashionmnist.npz,2,10000,cpu,cpu,1,1,0.000704,0.040571,0.000000
733,data/fashionmnist.npz,2,10000,cpu,cpu,1,1,0.000729,0.057712,0.000000
734,data/fashionmnist.npz,2,10000,cpu,cpu,1,1,0.000698,0.055147,0.000000
735,data/fashionmnist.npz,2,10000,cpu,cpu,1,1,0.000696,0.040980,0.000000
736,data/fashionmnist.npz,2,10000,cpu,cpu,1,1,0.000670,0.047824,0.000000
737,data/fashionmnist.npz,2,10000,cpu,cpu,1,1,0.000757,0.061497,0.000000
738,data/fashionmnist.npz,2,10000,cpu,cpu,1,1,0.000676,0.037096,0.000000
739,data/fashionmnist.npz,2,10000,cpu,cpu,1,1,0.000684,0.021375,0.000000
740,data/fashionmnist.npz,2,10000,cpu,cpu,1,1,0.000687,0.041685,0.000000
741,data/fashionmnist.npz,2,10000,cpu,cpu,1,1,0.000686,0.019471,0.000000
742,data/fashionmnist.npz,2,10000,cpu,cpu,1,1,0.000664,0.038756,0.000000
743,data/fashionmnist.npz,2,10000,cpu,cpu,1,1,0.000716,0.061716,0.000000
744,data/fashionmnist.npz,2,10000,cpu,cpu,1,1,0.000655,0.036342,0.000000
745,data/fashionmnist.npz,2,10000,cpu,cpu,1,1,0.000718,0.054378,0.000000
746,data/fashionmnist.npz,2,10000,cpu,cpu,1,1,0.000736,0.039217,0.000000
747,data/fashionmnist.npz,2,10000,cpu,cpu,1,1,0.000651,0.021053,0.000000
748,data/fashionmnist.npz,2,10000,cpu,cpu,1,1,0.000663,0.038769,0.000000
749,data/fashionmnist.npz,2,10000,cpu,cpu,1,1,0.000754,0.049372,0.000000
750,data/fashionmnist.npz,2,10000,cpu,cpu,1,1,0.000658,0.029433,0.000000
751,data/fashionmnist.npz,2,10000,cpu,cpu,1,1,0.000674,0.037244,0.000000
752,data/fashionmnist.npz,2,10000,cpu,cpu,1,1,0.000699,0.044815,0.000000
753,data/fashionmnist.npz,2,10000,cpu,cpu,1,1,0.000678,0.052904,0.000000
754,data/fashionmnist.npz,2,10000,cpu,cpu,1,1,0.000680,0.029538,0.000000
755,data/fashionmnist.npz,2,10000,cpu,cpu,1,1,0.000713,0.054999,0.000000
756,data/fashionmnist.npz,2,10000,cpu,cpu,1,1,0.000664,0.022694,0.000000
757,data/fashionmnist.npz,2,10000,cpu,cpu,1,1,0.000724,0.067440,0.000000
758,data/fashionmnist.npz,2,10000,cpu,cpu,1,1,0.000677,0.037457,0.000000
759,data/fashionmnist.npz,2,10000,cpu,cpu,1,1,0.000738,0.063566,0.000000
760,data/fashionmnist.npz,2,10000,cpu,cpu,1,1,0.000725,0.035125,0.000000
761,data/fashionmnist.npz,2,10000,cpu,cpu,1,1,0.000776,0.025380,0.000000
762,data/fashionmnist.npz,2,10000,cpu,cpu,1,1,0.000704,0.040265,0.000000
763,data/fashionmnist.npz,2,10000,cpu,cpu,1,1,0.000672,0.021109,0.000000
764,data/fashionmnist.npz,2,10000,cpu,cpu,1,1,0.000699,0.062962,0.000000
765,data/fashionmnist.npz,2,10000,cpu,cpu,1,1,0.000691,0.038770,0.000000
766,data/fashionmnist.npz,2,10000,cpu,cpu,1,1,0.000674,0.029251,0.000000
767,data/fashionmnist.npz,2,10000,cpu,cpu,1,1,0.000696,0.040930,0.000000
768,data/fashionmnist.npz,2,10000,cpu,cpu,1,1,0.000678,0.036840,0.000000
769,data/fashionmnist.npz,2,10000,cpu,cpu,1,1,0.000683,0.030647,0.000000
770,data/fashionmnist.npz,2,10000,cpu,cpu,1,1,0.000670,0.026693,0.000000
771,data/fashionmnist.npz,2,10000,cpu,cpu,1,1,0.000691,0.045801,0.000000
772,data/fashionmnist.npz,2,10000,cpu,cpu,1,1,0.000695,0.035645,0.000000
773,data/fashionmnist.npz,2,10000,cpu,cpu,1,1,0.000772,0.046348,0.000000
774,data/fashionmnist.npz,2,10000,cpu,cpu,1,1,0.000653,0.020438,0.000000
775,data/fashionmnist.npz,2,10000,cpu,cpu,1,1,0.000745,0.055485,0.000000
776,data/fashionmnist.npz,2,10000,cpu,cpu,1,1,0.000737,0.039641,0.000000
777,data/fashionmnist.npz,2,10000,cpu,cpu,1,1,0.000732,0.050626,0.000000
778,data/fashionmnist.npz,2,10000,cpu,cpu,1,1,0.000636,0.018768,0.000000
779,data/fashionmnist.npz,2,10000,cpu,cpu,1,1,0.000675,0.044494,0.000000
780,data/fashionmnist.npz,2,10000,cpu,cpu,1,1,0.000650,0.021414,0.000000
781,data/fashionmnist.npz,2,10000,cpu,cpu,1,1,0.000662,0.039328,0.000000
782,data/fashionmnist.npz,2,10000,cpu,cpu,1,1,0.000758,0.050253,0.000000
783,data/fashionmnist.npz,2,10000,cpu,cpu,1,1,0.000739,0.052453,0.000000
784,data/fashionmnist.npz,2,10000,cpu,cpu,1,1,0.000728,0.040130,0.000000
785,data/fashionmnist.npz,2,10000,cpu,cpu,1,1,0.000702,0.046694,0.000000
786,data/fashionmnist.npz,2,10000,cpu,cpu,1,1,0.000709,0.049600,0.000000
787,data/fashionmnist.npz,2,10000,cpu,cpu,1,1,0.000675,0.038479,0.000000
788,data/fashionmnist.npz,2,10000,cpu,cpu,1,1,0.000673,0.033722,0.000000
789,data/fashionmnist.npz,2,10000,cpu,cpu,1,1,0.000618,0.017781,0.000000
790,data/fashionmnist.npz,2,10000,cpu,cpu,1,1,0.000678,0.049316,0.000000
791,data/fashionmnist.npz,2,10000,cpu,cpu,1,1,0.000725,0.041456,0.000000
792,data/fashionmnist.npz,2,10000,cpu,cpu,1,1,0.000654,0.029486,0.000000
793,data/fashionmnist.npz,2,10000,cpu,cpu,1,1,0.000702,0.054571,0.000000
794,data/fashionmnist.npz,2,10000,cpu,cpu,1,1,0.000706,0.054595,0.000000
795,data/fashionmnist.npz,2,10000,cpu,cpu,1,1,0.000711,0.052476,0.000000
796,data/fashionmnist.npz,2,10000,cpu,cpu,1,1,0.000718,0.020044,0.000000
797,data/fashionmnist.npz,2,10000,cpu,cpu,1,1,0.000707,0.021402,0.000000
798,data/fashionmnist.npz,2,10000,cpu,cpu,1,1,0.000652,0.033350,0.000000
799,data/fashionmnist.npz,2,10000,cpu,cpu,1,1,0.000708,0.050184,0.000000
800,data/fashionmnist.npz,2,10000,cpu,cpu,1,1,0.000681,0.028234,0.000000
801,data/fashionmnist.npz,2,10000,cpu,cpu,1,1,0.000695,0.059869,0.000000
802,data/fashionmnist.npz,2,10000,cpu,cpu,1,1,0.000684,0.048581,0.000000
803,data/fashionmnist.npz,2,10000,cpu,cpu,1,1,0.000670,0.036771,0.000000
804,data/fashionmnist.npz,2,10000,cpu,cpu,1,1,0.000711,0.064641,0.000000
805,data/fashionmnist.npz,2,10000,cpu,cpu,1,1,0.000723,0.045244,0.000000
806,data/fashionmnist.npz,2,10000,cpu,cpu,1,1,0.000724,0.054727,0.000000
807,data/fashionmnist.npz,2,10000,cpu,cpu,1,1,0.000687,0.025331,0.000000
808,data/fashionmnist.npz,2,10000,cpu,cpu,1,1,0.000737,0.059787,0.000000
809,data/fashionmnist.npz,2,10000,cpu,cpu,1,1,0.002399,0.065298,0.000000
810,data/fashionmnist.npz,2,10000,cpu,cpu,1,1,0.000770,0.069177,0.000000
811,data/fashionmnist.npz,2,10000,cpu,cpu,1,1,0.000718,0.051703,0.000000
812,data/fashionmnist.npz,2,10000,cpu,cpu,1,1,0.000722,0.047901,0.000000
813,data/fashionmnist.npz,2,10000,cpu,cpu,1,1,0.000735,0.072008,0.000000
814,data/fashionmnist.npz,2,10000,cpu,cpu,1,1,0.000716,0.045299,0.000000
815,data/fashionmnist.npz,2,10000,cpu,cpu,1,1,0.000688,0.037252,0.000000
816,data/fashionmnist.npz,2,10000,cpu,cpu,1,1,0.000807,0.059537,0.000000
817,data/fashionmnist.npz,2,10000,cpu,cpu,1,1,0.000687,0.025396,0.000000
818,data/fashionmnist.npz,2,10000,cpu,cpu,1,1,0.000668,0.035109,0.000000
819,data/fashionmnist.npz,2,10000,cpu,cpu,1,1,0.000776,0.066585,0.000000
820,data/fashionmnist.npz,2,10000,cpu,cpu,1,1,0.000637,0.021615,0.000000
821,data/fashionmnist.npz,2,10000,cpu,cpu,1,1,0.000639,0.018642,0.000000
822,data/fashionmnist.npz,2,10000,cpu,cpu,1,1,0.000697,0.068535,0.000000
823,data/fashionmnist.npz,2,10000,cpu,cpu,1,1,0.000747,0.052322,0.000000
824,data/fashionmnist.npz,2,10000,cpu,cpu,1,1,0.000698,0.022161,0.000000
825,data/fashionmnist.npz,2,10000,cpu,cpu,1,1,0.000649,0.031717,0.000000
826,data/fashionmnist.npz,2,10000,cpu,cpu,1,1,0.000728,0.048932,0.000000
827,data/fashionmnist.npz,2,10000,cpu,cpu,1,1,0.000737,0.059466,0.000000
828,data/fashionmnist.npz,2,10000,cpu,cpu,1,1,0.000656,0.026586,0.000000
829,data/fashionmnist.npz,2,10000,cpu,cpu,1,1,0.000832,0.043893,0.000000
830,data/fashionmnist.npz,2,10000,cpu,cpu,1,1,0.000699,0.027560,0.000000
831,data/fashionmnist.npz,2,10000,cpu,cpu,1,1,0.000684,0.038685,0.000000
832,data/fashionmnist.npz,2,10000,cpu,cpu,1,1,0.000749,0.053856,0.000000
833,data/fashionmnist.npz,2,10000,cpu,cpu,1,1,0.000671,0.025680,0.000000
834,data/fashionmnist.npz,2,10000,cpu,cpu,1,1,0.000703,0.050574,0.000000
835,data/fashionmnist.npz,2,10000,cpu,cpu,1,1,0.000688,0.046693,0.000000
836,data/fashionmnist.npz,2,10000,cpu,cpu,1,1,0.000718,0.050764,0.000000
837,data/fashionmnist.npz,2,10000,cpu,cpu,1,1,0.000685,0.035057,0.000000
838,data/fashionmnist.npz,2,10000,cpu,cpu,1,1,0.000742,0.049056,0.000000
839,data/fashionmnist.npz,2,10000,cpu,cpu,1,1,0.000708,0.038130,0.000000
840,data/fashionmnist.npz,2,10000,cpu,cpu,1,1,0.000703,0.053377,0.000000
841,data/fashionmnist.npz,2,10000,cpu,cpu,1,1,0.000748,0.039386,0.000000
842,data/fashionmnist.npz,2,10000,cpu,cpu,1,1,0.000704,0.055547,0.000000
843,data/fashionmnist.npz,2,10000,cpu,cpu,1,1,0.000700,0.057427,0.000000
844,data/fashionmnist.npz,2,10000,cpu,cpu,1,1,0.000728,0.056932,0.000000
845,data/fashionmnist.npz,2,10000,cpu,cpu,1,1,0.000720,0.055449,0.000000
846,data/fashionmnist.npz,2,10000,cpu,cpu,1,1,0.000717,0.056249,0.000000
847,data/fashionmnist.npz,2,10000,cpu,cpu,1,1,0.000710,0.051687,0.000000
848,data/fashionmnist.npz,2,10000,cpu,cpu,1,1,0.000711,0.039952,0.000000
849,data/fashionmnist.npz,2,10000,cpu,cpu,1,1,0.000672,0.051795,0.000000
850,data/fashionmnist.npz,2,10000,cpu,cpu,1,1,0.000700,0.041382,0.000000
851,data/fashionmnist.npz,2,10000,cpu,cpu,1,1,0.000701,0.053032,0.000000
852,data/fashionmnist.npz,2,10000,cpu,cpu,1,1,0.000727,0.044726,0.000000
853,data/fashionmnist.npz,2,10000,cpu,cpu,1,1,0.000706,0.052462,0.000000
854,data/fashionmnist.npz,2,10000,cpu,cpu,1,1,0.000736,0.048390,0.000000
855,data/fashionmnist.npz,2,10000,cpu,cpu,1,1,0.000662,0.029339,0.000000
856,data/fashionmnist.npz,2,10000,cpu,cpu,1,1,0.000712,0.049128,0.000000
857,data/fashionmnist.npz,2,10000,cpu,cpu,1,1,0.000653,0.044513,0.000000
858,data/fashionmnist.npz,2,10000,cpu,cpu,1,1,0.000679,0.034732,0.000000
859,data/fashionmnist.npz,2,10000,cpu,cpu,1,1,0.000665,0.033205,0.000000
860,data/fashionmnist.npz,2,10000,cpu,cpu,1,1,0.000729,0.039523,0.000000
861,data/fashionmnist.npz,2,10000,cpu,cpu,1,1,0.000666,0.044452,0.000000
862,data/fashionmnist.npz,2,10000,cpu,cpu,1,1,0.000846,0.057421,0.000000
863,data/fashionmnist.npz,2,10000,cpu,cpu,1,1,0.000770,0.065931,0.000000
864,data/fashionmnist.npz,2,10000,cpu,cpu,1,1,0.000758,0.062002,0.000000
865,data/fashionmnist.npz,2,10000,cpu,cpu,1,1,0.000725,0.043751,0.000000
866,data/fashionmnist.npz,2,10000,cpu,cpu,1,1,0.000689,0.034247,0.000000
867,data/fashionmnist.npz,2,10000,cpu,cpu,1,1,0.000675,0.042339,0.000000
868,data/fashionmnist.npz,2,10000,cpu,cpu,1,1,0.000689,0.046781,0.000000
869,data/fashionmnist.npz,2,10000,cpu,cpu,1,1,0.000716,0.041387,0.000000
870,data/fashionmnist.npz,2,10000,cpu,cpu,1,1,0.000689,0.055292,0.000000
871,data/fashionmnist.npz,2,10000,cpu,cpu,1,1,0.000724,0.049583,0.000000
872,data/fashionmnist.npz,2,10000,cpu,cpu,1,1,0.000676,0.049038,0.000000
873,data/fashionmnist.npz,2,10000,cpu,cpu,1,1,0.000691,0.047583,0.000000
874,data/fashionmnist.npz,2,10000,cpu,cpu,1,1,0.000640,0.016367,0.000000
875,data/fashionmnist.npz,2,10000,cpu,cpu,1,1,0.000639,0.023854,0.000000
876,data/fashionmnist.npz,2,10000,cpu,cpu,1,1,0.000709,0.061116,0.000000
877,data/fashionmnist.npz,2,10000,cpu,cpu,1,1,0.000688,0.053554,0.000000
878,data/fashionmnist.npz,2,10000,cpu,cpu,1,1,0.000662,0.021410,0.000000
879,data/fashionmnist.npz,2,10000,cpu,cpu,1,1,0.000758,0.070118,0.000000
880,data/fashionmnist.npz,2,10000,cpu,cpu,1,1,0.000704,0.043859,0.000000
881,data/fashionmnist.npz,2,10000,cpu,cpu,1,1,0.000691,0.025233,0.000000
882,data/fashionmnist.npz,2,10000,cpu,cpu,1,1,0.000740,0.052386,0.000000
883,data/fashionmnist.npz,2,10000,cpu,cpu,1,1,0.000699,0.032565,0.000000
884,data/fashionmnist.npz,2,10000,cpu,cpu,1,1,0.000647,0.039481,0.000000
885,data/fashionmnist.npz,2,10000,cpu,cpu,1,1,0.000726,0.055661,0.000000
886,data/fashionmnist.npz,2,10000,cpu,cpu,1,1,0.000783,0.076379,0.000000
887,data/fashionmnist.npz,2,10000,cpu,cpu,1,1,0.000674,0.032318,0.000000
888,data/fashionmnist.npz,2,10000,cpu,cpu,1,1,0.000674,0.044576,0.000000
889,data/fashionmnist.npz,2,10000,cpu,cpu,1,1,0.000722,0.062578,0.000000
890,data/fashionmnist.npz,2,10000,cpu,cpu,1,1,0.000644,0.025399,0.000000
891,data/fashionmnist.npz,2,10000,cpu,cpu,1,1,0.000777,0.074353,0.000000
892,data/fashionmnist.npz,2,10000,cpu,cpu,1,1,0.000654,0.024283,0.000000
893,data/fashionmnist.npz,2,10000,cpu,cpu,1,1,0.000767,0.066182,0.000000
894,data/fashionmnist.npz,2,10000,cpu,cpu,1,1,0.000730,0.041397,0.000000
895,data/fashionmnist.npz,2,10000,cpu,cpu,1,1,0.000678,0.035830,0.000000
896,data/fashionmnist.npz,2,10000,cpu,cpu,1,1,0.000744,0.060102,0.000000
897,data/fashionmnist.npz,2,10000,cpu,cpu,1,1,0.000680,0.046181,0.000000
898,data/fashionmnist.npz,2,10000,cpu,cpu,1,1,0.000724,0.062169,0.000000
899,data/fashionmnist.npz,2,10000,cpu,cpu,1,1,0.000741,0.058271,0.000000
900,data/fashionmnist.npz,2,10000,cpu,cpu,1,1,0.000841,0.059491,0.000000
901,data/fashionmnist.npz,2,10000,cpu,cpu,1,1,0.000796,0.055317,0.000000
902,data/fashionmnist.npz,2,10000,cpu,cpu,1,1,0.000654,0.032881,0.000000
903,data/fashionmnist.npz,2,10000,cpu,cpu,1,1,0.000682,0.063293,0.000000
904,data/fashionmnist.npz,2,10000,cpu,cpu,1,1,0.000674,0.021936,0.000000
905,data/fashionmnist.npz,2,10000,cpu,cpu,1,1,0.000691,0.053891,0.000000
906,data/fashionmnist.npz,2,10000,cpu,cpu,1,1,0.000726,0.062291,0.000000
907,data/fashionmnist.npz,2,10000,cpu,cpu,1,1,0.000780,0.063325,0.000000
908,data/fashionmnist.npz,2,10000,cpu,cpu,1,1,0.000648,0.032426,0.000000
909,data/fashionmnist.npz,2,10000,cpu,cpu,1,1,0.000704,0.056256,0.000000
910,data/fashionmnist.npz,2,10000,cpu,cpu,1,1,0.000713,0.048066,0.000000
911,data/fashionmnist.npz,2,10000,cpu,cpu,1,1,0.000712,0.048460,0.000000
912,data/fashionmnist.npz,2,10000,cpu,cpu,1,1,0.000744,0.058528,0.000000
913,data/fashionmnist.npz,2,10000,cpu,cpu,1,1,0.000703,0.053156,0.000000
914,data/fashionmnist.npz,2,10000,cpu,cpu,1,1,0.000735,0.029573,0.000000
915,data/fashionmnist.npz,2,10000,cpu,cpu,1,1,0.000661,0.029103,0.000000
916,data/fashionmnist.npz,2,10000,cpu,cpu,1,1,0.000672,0.042847,0.000000
917,data/fashionmnist.npz,2,10000,cpu,cpu,1,1,0.000745,0.066536,0.000000
918,data/fashionmnist.npz,2,10000,cpu,cpu,1,1,0.000711,0.060761,0.000000
919,data/fashionmnist.npz,2,10000,cpu,cpu,1,1,0.000747,0.042853,0.000000
920,data/fashionmnist.npz,2,10000,cpu,cpu,1,1,0.000708,0.048429,0.000000
921,data/fashionmnist.npz,2,10000,cpu,cpu,1,1,0.000694,0.035034,0.000000
922,data/fashionmnist.npz,2,10000,cpu,cpu,1,1,0.000749,0.065671,0.000000
923,data/fashionmnist.npz,2,10000,cpu,cpu,1,1,0.000703,0.026940,0.000000
924,data/fashionmnist.npz,2,10000,cpu,cpu,1,1,0.000685,0.052683,0.000000
925,data/fashionmnist.npz,2,10000,cpu,cpu,1,1,0.000711,0.026272,0.000000
926,data/fashionmnist.npz,2,10000,cpu,cpu,1,1,0.000780,0.050320,0.000000
927,data/fashionmnist.npz,2,10000,cpu,cpu,1,1,0.000729,0.045546,0.000000
928,data/fashionmnist.npz,2,10000,cpu,cpu,1,1,0.000774,0.071376,0.000000
929,data/fashionmnist.npz,2,10000,cpu,cpu,1,1,0.000630,0.013554,0.000000
930,data/fashionmnist.npz,2,10000,cpu,cpu,1,1,0.000739,0.068921,0.000000
931,data/fashionmnist.npz,2,10000,cpu,cpu,1,1,0.000676,0.027098,0.000000
932,data/fashionmnist.npz,2,10000,cpu,cpu,1,1,0.000622,0.023726,0.000000
933,data/fashionmnist.npz,2,10000,cpu,cpu,1,1,0.000691,0.024878,0.000000
934,data/fashionmnist.npz,2,10000,cpu,cpu,1,1,0.000669,0.026259,0.000000
935,data/fashionmnist.npz,2,10000,cpu,cpu,1,1,0.000690,0.034664,0.000000
936,data/fashionmnist.npz,2,10000,cpu,cpu,1,1,0.000700,0.050737,0.000000
937,data/fashionmnist.npz,2,10000,cpu,cpu,1,1,0.000761,0.055827,0.000000
938,data/fashionmnist.npz,2,10000,cpu,cpu,1,1,0.000708,0.049324,0.000000
939,data/fashionmnist.npz,2,10000,cpu,cpu,1,1,0.000739,0.025305,0.000000
940,data/fashionmnist.npz,2,10000,cpu,cpu,1,1,0.000704,0.073247,0.000000
941,data/fashionmnist.npz,2,10000,cpu,cpu,1,1,0.000668,0.035568,0.000000
942,data/fashionmnist.npz,2,10000,cpu,cpu,1,1,0.000678,0.040582,0.000000
943,data/fashionmnist.npz,2,10000,cpu,cpu,1,1,0.000722,0.033512,0.000000
944,data/fashionmnist.npz,2,10000,cpu,cpu,1,1,0.000696,0.052289,0.000000
945,data/fashionmnist.npz,2,10000,cpu,cpu,1,1,0.000735,0.056556,0.000000
946,data/fashionmnist.npz,2,10000,cpu,cpu,1,1,0.000677,0.041285,0.000000
947,data/fashionmnist.npz,2,10000,cpu,cpu,1,1,0.000716,0.041755,0.000000
948,data/fashionmnist.npz,2,10000,cpu,cpu,1,1,0.000702,0.050430,0.000000
949,data/fashionmnist.npz,2,10000,cpu,cpu,1,1,0.000671,0.061026,0.000000
950,data/fashionmnist.npz,2,10000,cpu,cpu,1,1,0.000675,0.027256,0.000000
951,data/fashionmnist.npz,2,10000,cpu,cpu,1,1,0.000705,0.047947,0.000000
952,data/fashionmnist.npz,2,10000,cpu,cpu,1,1,0.000748,0.056769,0.000000
953,data/fashionmnist.npz,2,10000,cpu,cpu,1,1,0.000757,0.058926,0.000000
954,data/fashionmnist.npz,2,10000,cpu,cpu,1,1,0.000662,0.027895,0.000000
955,data/fashionmnist.npz,2,10000,cpu,cpu,1,1,0.000710,0.051744,0.000000
956,data/fashionmnist.npz,2,10000,cpu,cpu,1,1,0.000657,0.024937,0.000000
957,data/fashionmnist.npz,2,10000,cpu,cpu,1,1,0.000650,0.043842,0.000000
958,data/fashionmnist.npz,2,10000,cpu,cpu,1,1,0.000685,0.050985,0.000000
959,data/fashionmnist.npz,2,10000,cpu,cpu,1,1,0.000793,0.061576,0.000000
960,data/fashionmnist.npz,2,10000,cpu,cpu,1,1,0.000737,0.053377,0.000000
961,data/fashionmnist.npz,2,10000,cpu,cpu,1,1,0.000733,0.058306,0.000000
962,data/fashionmnist.npz,2,10000,cpu,cpu,1,1,0.000714,0.049843,0.000000
963,data/fashionmnist.npz,2,10000,cpu,cpu,1,1,0.000697,0.055515,0.000000
964,data/fashionmnist.npz,2,10000,cpu,cpu,1,1,0.000722,0.052604,0.000000
965,data/fashionmnist.npz,2,10000,cpu,cpu,1,1,0.000670,0.027585,0.000000
966,data/fashionmnist.npz,2,10000,cpu,cpu,1,1,0.000713,0.048967,0.000000
967,data/fashionmnist.npz,2,10000,cpu,cpu,1,1,0.000734,0.040939,0.000000
968,data/fashionmnist.npz,2,10000,cpu,cpu,1,1,0.000711,0.035680,0.000000
969,data/fashionmnist.npz,2,10000,cpu,cpu,1,1,0.000728,0.078841,0.000000
970,data/fashionmnist.npz,2,10000,cpu,cpu,1,1,0.000696,0.056670,0.000000
971,data/fashionmnist.npz,2,10000,cpu,cpu,1,1,0.000711,0.060156,0.000000
972,data/fashionmnist.npz,2,10000,cpu,cpu,1,1,0.000728,0.041984,0.000000
973,data/fashionmnist.npz,2,10000,cpu,cpu,1,1,0.000721,0.044602,0.000000
974,data/fashionmnist.npz,2,10000,cpu,cpu,1,1,0.000697,0.042836,0.000000
975,data/fashionmnist.npz,2,10000,cpu,cpu,1,1,0.000684,0.025763,0.000000
976,data/fashionmnist.npz,2,10000,cpu,cpu,1,1,0.000714,0.047343,0.000000
977,data/fashionmnist.npz,2,10000,cpu,cpu,1,1,0.000701,0.048086,0.000000
978,data/fashionmnist.npz,2,10000,cpu,cpu,1,1,0.000686,0.035275,0.000000
979,data/fashionmnist.npz,2,10000,cpu,cpu,1,1,0.000694,0.073035,0.000000
980,data/fashionmnist.npz,2,10000,cpu,cpu,1,1,0.000724,0.059380,0.000000
981,data/fashionmnist.npz,2,10000,cpu,cpu,1,1,0.000753,0.052875,0.000000
982,data/fashionmnist.npz,2,10000,cpu,cpu,1,1,0.000695,0.042353,0.000000
983,data/fashionmnist.npz,2,10000,cpu,cpu,1,1,0.000742,0.057526,0.000000
984,data/fashionmnist.npz,2,10000,cpu,cpu,1,1,0.000737,0.055513,0.000000
985,data/fashionmnist.npz,2,10000,cpu,cpu,1,1,0.000736,0.045565,0.000000
986,data/fashionmnist.npz,2,10000,cpu,cpu,1,1,0.000675,0.047807,0.000000
987,data/fashionmnist.npz,2,10000,cpu,cpu,1,1,0.000668,0.025234,0.000000
988,data/fashionmnist.npz,2,10000,cpu,cpu,1,1,0.000711,0.032710,0.000000
989,data/fashionmnist.npz,2,10000,cpu,cpu,1,1,0.000741,0.059919,0.000000
990,data/fashionmnist.npz,2,10000,cpu,cpu,1,1,0.000676,0.025727,0.000000
991,data/fashionmnist.npz,2,10000,cpu,cpu,1,1,0.000645,0.034051,0.000000
992,data/fashionmnist.npz,2,10000,cpu,cpu,1,1,0.000718,0.051655,0.000000
993,data/fashionmnist.npz,2,10000,cpu,cpu,1,1,0.000715,0.049828,0.000000
994,data/fashionmnist.npz,2,10000,cpu,cpu,1,1,0.000632,0.029266,0.000000
995,data/fashionmnist.npz,2,10000,cpu,cpu,1,1,0.000644,0.026944,0.000000
996,data/fashionmnist.npz,2,10000,cpu,cpu,1,1,0.000721,0.052200,0.000000
997,data/fashionmnist.npz,2,10000,cpu,cpu,1,1,0.000645,0.029122,0.000000
998,data/fashionmnist.npz,2,10000,cpu,cpu,1,1,0.000742,0.049871,0.000000
999,data/fashionmnist.npz,2,10000,cpu,cpu,1,1,0.000790,0.059849,0.000000
