image_index,data_path,num_directions,num_timesteps,device_requested,device_used,batch_size,num_cores,complex_construction_time,computation_time,vectorization_time
0,data/fashionmnist.npz,32,10,cpu,cpu,1,1,0.001307,0.000910,0.000000
1,data/fashionmnist.npz,32,10,cpu,cpu,1,1,0.000506,0.001084,0.000000
2,data/fashionmnist.npz,32,10,cpu,cpu,1,1,0.000587,0.000702,0.000000
3,data/fashionmnist.npz,32,10,cpu,cpu,1,1,0.000496,0.000434,0.000000
4,data/fashionmnist.npz,32,10,cpu,cpu,1,1,0.000482,0.000505,0.000000
5,data/fashionmnist.npz,32,10,cpu,cpu,1,1,0.000411,0.000382,0.000000
6,data/fashionmnist.npz,32,10,cpu,cpu,1,1,0.000476,0.000566,0.000000
7,data/fashionmnist.npz,32,10,cpu,cpu,1,1,0.000507,0.000457,0.000000
8,data/fashionmnist.npz,32,10,cpu,cpu,1,1,0.000491,0.000631,0.000000
9,data/fashionmnist.npz,32,10,cpu,cpu,1,1,0.000451,0.000589,0.000000
10,data/fashionmnist.npz,32,10,cpu,cpu,1,1,0.000442,0.000461,0.000000
11,data/fashionmnist.npz,32,10,cpu,cpu,1,1,0.000503,0.000507,0.000000
12,data/fashionmnist.npz,32,10,cpu,cpu,1,1,0.000442,0.000395,0.000000
13,data/fashionmnist.npz,32,10,cpu,cpu,1,1,0.000410,0.000269,0.000000
14,data/fashionmnist.npz,32,10,cpu,cpu,1,1,0.000499,0.000618,0.000000
15,data/fashionmnist.npz,32,10,cpu,cpu,1,1,0.000441,0.000606,0.000000
16,data/fashionmnist.npz,32,10,cpu,cpu,1,1,0.000463,0.000638,0.000000
17,data/fashionmnist.npz,32,10,cpu,cpu,1,1,0.000442,0.000508,0.000000
18,data/fashionmnist.npz,32,10,cpu,cpu,1,1,0.000444,0.000401,0.000000
19,data/fashionmnist.npz,32,10,cpu,cpu,1,1,0.000500,0.000546,0.000000
20,data/fashionmnist.npz,32,10,cpu,cpu,1,1,0.000476,0.000548,0.000000
21,data/fashionmnist.npz,32,10,cpu,cpu,1,1,0.000460,0.001195,0.000000
22,data/fashionmnist.npz,32,10,cpu,cpu,1,1,0.000514,0.000568,0.000000
23,data/fashionmnist.npz,32,10,cpu,cpu,1,1,0.000543,0.000599,0.000000
24,data/fashionmnist.npz,32,10,cpu,cpu,1,1,0.000502,0.000573,0.000000
25,data/fashionmnist.npz,32,10,cpu,cpu,1,1,0.000441,0.000366,0.000000
26,data/fashionmnist.npz,32,10,cpu,cpu,1,1,0.000411,0.000266,0.000000
27,data/fashionmnist.npz,32,10,cpu,cpu,1,1,0.000486,0.000501,0.000000
28,data/fashionmnist.npz,32,10,cpu,cpu,1,1,0.000462,0.000450,0.000000
29,data/fashionmnist.npz,32,10,cpu,cpu,1,1,0.000404,0.000288,0.000000
30,data/fashionmnist.npz,32,10,cpu,cpu,1,1,0.000427,0.000297,0.000000
31,data/fashionmnist.npz,32,10,cpu,cpu,1,1,0.000489,0.000525,0.000000
32,data/fashionmnist.npz,32,10,cpu,cpu,1,1,0.000452,0.000555,0.000000
33,data/fashionmnist.npz,32,10,cpu,cpu,1,1,0.000404,0.000323,0.000000
34,data/fashionmnist.npz,32,10,cpu,cpu,1,1,0.000479,0.000395,0.000000
35,data/fashionmnist.npz,32,10,cpu,cpu,1,1,0.000446,0.000407,0.000000
36,data/fashionmnist.npz,32,10,cpu,cpu,1,1,0.000424,0.000362,0.000000
37,data/fashionmnist.npz,32,10,cpu,cpu,1,1,0.000480,0.000483,0.000000
38,data/fashionmnist.npz,32,10,cpu,cpu,1,1,0.000450,0.000434,0.000000
39,data/fashionmnist.npz,32,10,cpu,cpu,1,1,0.000423,0.000407,0.000000
40,data/fashionmnist.npz,32,10,cpu,cpu,1,1,0.000471,0.000665,0.000000
41,data/fashionmnist.npz,32,10,cpu,cpu,1,1,0.000484,0.000624,0.000000
42,data/fashionmnist.npz,32,10,cpu,cpu,1,1,0.000455,0.000471,0.000000
43,data/fashionmnist.npz,32,10,cpu,cpu,1,1,0.000501,0.000630,0.000000
44,data/fashionmnist.npz,32,10,cpu,cpu,1,1,0.000444,0.000350,0.000000
45,data/fashionmnist.npz,32,10,cpu,cpu,1,1,0.000465,0.000427,0.000000
46,data/fashionmnist.npz,32,10,cpu,cpu,1,1,0.000442,0.000546,0.000000
47,data/fashionmnist.npz,32,10,cpu,cpu,1,1,0.000455,0.000507,0.000000
48,data/fashionmnist.npz,32,10,cpu,cpu,1,1,0.000484,0.000523,0.000000
49,data/fashionmnist.npz,32,10,cpu,cpu,1,1,0.000479,0.000466,0.000000
50,data/fashionmnist.npz,32,10,cpu,cpu,1,1,0.000431,0.000337,0.000000
51,data/fashionmnist.npz,32,10,cpu,cpu,1,1,0.000433,0.000379,0.000000
52,data/fashionmnist.npz,32,10,cpu,cpu,1,1,0.000514,0.000511,0.000000
53,data/fashionmnist.npz,32,10,cpu,cpu,1,1,0.000387,0.000251,0.000000
54,data/fashionmnist.npz,32,10,cpu,cpu,1,1,0.000487,0.000479,0.000000
55,data/fashionmnist.npz,32,10,cpu,cpu,1,1,0.000436,0.000452,0.000000
56,data/fashionmnist.npz,32,10,cpu,cpu,1,1,0.000416,0.000323,0.000000
57,data/fashionmnist.npz,32,10,cpu,cpu,1,1,0.000416,0.000294,0.000000
58,data/fashionmnist.npz,32,10,cpu,cpu,1,1,0.000453,0.000352,0.000000
59,data/fashionmnist.npz,32,10,cpu,cpu,1,1,0.000457,0.000518,0.000000
60,data/fashionmnist.npz,32,10,cpu,cpu,1,1,0.000424,0.000343,0.000000
61,data/fashionmnist.npz,32,10,cpu,cpu,1,1,0.000466,0.000575,0.000000
62,data/fashionmnist.npz,32,10,cpu,cpu,1,1,0.000443,0.000463,0.000000
63,data/fashionmnist.npz,32,10,cpu,cpu,1,1,0.000418,0.000298,0.000000
64,data/fashionmnist.npz,32,10,cpu,cpu,1,1,0.000477,0.000578,0.000000
65,data/fashionmnist.npz,32,10,cpu,cpu,1,1,0.000420,0.000423,0.000000
66,data/fashionmnist.npz,32,10,cpu,cpu,1,1,0.000445,0.000410,0.000000
67,data/fashionmnist.npz,32,10,cpu,cpu,1,1,0.000475,0.000509,0.000000
68,data/fashionmnist.npz,32,10,cpu,cpu,1,1,0.000459,0.000568,0.000000
69,data/fashionmnist.npz,32,10,cpu,cpu,1,1,0.000431,0.000435,0.000000
70,data/fashionmnist.npz,32,10,cpu,cpu,1,1,0.000393,0.000247,0.000000
71,data/fashionmnist.npz,32,10,cpu,cpu,1,1,0.000454,0.000583,0.000000
72,data/fashionmnist.npz,32,10,cpu,cpu,1,1,0.000392,0.000244,0.000000
73,data/fashionmnist.npz,32,10,cpu,cpu,1,1,0.000453,0.000381,0.000000
74,data/fashionmnist.npz,32,10,cpu,cpu,1,1,0.000436,0.000510,0.000000
75,data/fashionmnist.npz,32,10,cpu,cpu,1,1,0.000460,0.000455,0.000000
76,data/fashionmnist.npz,32,10,cpu,cpu,1,1,0.000524,0.000579,0.000000
77,data/fashionmnist.npz,32,10,cpu,cpu,1,1,0.000489,0.000393,0.000000
78,data/fashionmnist.npz,32,10,cpu,cpu,1,1,0.000443,0.000495,0.000000
79,data/fashionmnist.npz,32,10,cpu,cpu,1,1,0.000407,0.000280,0.000000
80,data/fashionmnist.npz,32,10,cpu,cpu,1,1,0.000424,0.000312,0.000000
81,data/fashionmnist.npz,32,10,cpu,cpu,1,1,0.000465,0.000544,0.000000
82,data/fashionmnist.npz,32,10,cpu,cpu,1,1,0.000479,0.000544,0.000000
83,data/fashionmnist.npz,32,10,cpu,cpu,1,1,0.000443,0.000432,0.000000
84,data/fashionmnist.npz,32,10,cpu,cpu,1,1,0.000398,0.000217,0.000000
85,data/fashionmnist.npz,32,10,cpu,cpu,1,1,0.000482,0.000579,0.000000
86,data/fashionmnist.npz,32,10,cpu,cpu,1,1,0.000430,0.000453,0.000000
87,data/fashionmnist.npz,32,10,cpu,cpu,1,1,0.000477,0.000719,0.000000
88,data/fashionmnist.npz,32,10,cpu,cpu,1,1,0.000476,0.000618,0.000000
89,data/fashionmnist.npz,32,10,cpu,cpu,1,1,0.000418,0.000373,0.000000
90,data/fashionmnist.npz,32,10,cpu,cpu,1,1,0.000477,0.000541,0.000000
91,data/fashionmnist.npz,32,10,cpu,cpu,1,1,0.000485,0.000501,0.000000
92,data/fashionmnist.npz,32,10,cpu,cpu,1,1,0.000475,0.000713,0.000000
93,data/fashionmnist.npz,32,10,cpu,cpu,1,1,0.000479,0.000473,0.000000
94,data/fashionmnist.npz,32,10,cpu,cpu,1,1,0.000437,0.000403,0.000000
95,data/fashionmnist.npz,32,10,cpu,cpu,1,1,0.000442,0.000347,0.000000
96,data/fashionmnist.npz,32,10,cpu,cpu,1,1,0.000437,0.000368,0.000000
97,data/fashionmnist.npz,32,10,cpu,cpu,1,1,0.000454,0.000439,0.000000
98,data/fashionmnist.npz,32,10,cpu,cpu,1,1,0.000414,0.000306,0.000000
99,data/fashionmnist.npz,32,10,cpu,cpu,1,1,0.000510,0.000618,0.000000
100,data/fashionmnist.npz,32,10,cpu,cpu,1,1,0.000503,0.000638,0.000000
101,data/fashionmnist.npz,32,10,cpu,cpu,1,1,0.000479,0.000488,0.000000
102,data/fashionmnist.npz,32,10,cpu,cpu,1,1,0.000482,0.000542,0.000000
103,data/fashionmnist.npz,32,10,cpu,cpu,1,1,0.000416,0.000281,0.000000
104,data/fashionmnist.npz,32,10,cpu,cpu,1,1,0.000451,0.000408,0.000000
105,data/fashionmnist.npz,32,10,cpu,cpu,1,1,0.000490,0.000464,0.000000
106,data/fashionmnist.npz,32,10,cpu,cpu,1,1,0.000412,0.000295,0.000000
107,data/fashionmnist.npz,32,10,cpu,cpu,1,1,0.000517,0.000595,0.000000
108,data/fashionmnist.npz,32,10,cpu,cpu,1,1,0.000556,0.000523,0.000000
109,data/fashionmnist.npz,32,10,cpu,cpu,1,1,0.000476,0.000559,0.000000
110,data/fashionmnist.npz,32,10,cpu,cpu,1,1,0.000394,0.000189,0.000000
111,data/fashionmnist.npz,32,10,cpu,cpu,1,1,0.000432,0.000409,0.000000
112,data/fashionmnist.npz,32,10,cpu,cpu,1,1,0.000478,0.000559,0.000000
113,data/fashionmnist.npz,32,10,cpu,cpu,1,1,0.000420,0.000345,0.000000
114,data/fashionmnist.npz,32,10,cpu,cpu,1,1,0.000451,0.000353,0.000000
115,data/fashionmnist.npz,32,10,cpu,cpu,1,1,0.000427,0.000341,0.000000
116,data/fashionmnist.npz,32,10,cpu,cpu,1,1,0.000481,0.000595,0.000000
117,data/fashionmnist.npz,32,10,cpu,cpu,1,1,0.000451,0.000415,0.000000
118,data/fashionmnist.npz,32,10,cpu,cpu,1,1,0.000439,0.000335,0.000000
119,data/fashionmnist.npz,32,10,cpu,cpu,1,1,0.000416,0.000302,0.000000
120,data/fashionmnist.npz,32,10,cpu,cpu,1,1,0.000434,0.000325,0.000000
121,data/fashionmnist.npz,32,10,cpu,cpu,1,1,0.000430,0.000252,0.000000
122,data/fashionmnist.npz,32,10,cpu,cpu,1,1,0.000478,0.000579,0.000000
123,data/fashionmnist.npz,32,10,cpu,cpu,1,1,0.000476,0.000585,0.000000
124,data/fashionmnist.npz,32,10,cpu,cpu,1,1,0.000464,0.000339,0.000000
125,data/fashionmnist.npz,32,10,cpu,cpu,1,1,0.000475,0.000522,0.000000
126,data/fashionmnist.npz,32,10,cpu,cpu,1,1,0.000454,0.000474,0.000000
127,data/fashionmnist.npz,32,10,cpu,cpu,1,1,0.000455,0.000414,0.000000
128,data/fashionmnist.npz,32,10,cpu,cpu,1,1,0.000435,0.000368,0.000000
129,data/fashionmnist.npz,32,10,cpu,cpu,1,1,0.000515,0.000658,0.000000
130,data/fashionmnist.npz,32,10,cpu,cpu,1,1,0.000415,0.000309,0.000000
131,data/fashionmnist.npz,32,10,cpu,cpu,1,1,0.000452,0.000419,0.000000
132,data/fashionmnist.npz,32,10,cpu,cpu,1,1,0.000434,0.000316,0.000000
133,data/fashionmnist.npz,32,10,cpu,cpu,1,1,0.000424,0.000327,0.000000
134,data/fashionmnist.npz,32,10,cpu,cpu,1,1,0.000461,0.000535,0.000000
135,data/fashionmnist.npz,32,10,cpu,cpu,1,1,0.000432,0.000398,0.000000
136,data/fashionmnist.npz,32,10,cpu,cpu,1,1,0.000480,0.000583,0.000000
137,data/fashionmnist.npz,32,10,cpu,cpu,1,1,0.000438,0.000424,0.000000
138,data/fashionmnist.npz,32,10,cpu,cpu,1,1,0.000444,0.000322,0.000000
139,data/fashionmnist.npz,32,10,cpu,cpu,1,1,0.000449,0.000443,0.000000
140,data/fashionmnist.npz,32,10,cpu,cpu,1,1,0.000464,0.000547,0.000000
141,data/fashionmnist.npz,32,10,cpu,cpu,1,1,0.000462,0.000438,0.000000
142,data/fashionmnist.npz,32,10,cpu,cpu,1,1,0.000561,0.000385,0.000000
143,data/fashionmnist.npz,32,10,cpu,cpu,1,1,0.000445,0.000347,0.000000
144,data/fashionmnist.npz,32,10,cpu,cpu,1,1,0.000439,0.000285,0.000000
145,data/fashionmnist.npz,32,10,cpu,cpu,1,1,0.000434,0.000336,0.000000
146,data/fashionmnist.npz,32,10,cpu,cpu,1,1,0.000421,0.000333,0.000000
147,data/fashionmnist.npz,32,10,cpu,cpu,1,1,0.000442,0.000454,0.000000
148,data/fashionmnist.npz,32,10,cpu,cpu,1,1,0.000476,0.000626,0.000000
149,data/fashionmnist.npz,32,10,cpu,cpu,1,1,0.000451,0.000292,0.000000
150,data/fashionmnist.npz,32,10,cpu,cpu,1,1,0.000461,0.000465,0.000000
151,data/fashionmnist.npz,32,10,cpu,cpu,1,1,0.000418,0.000371,0.000000
152,data/fashionmnist.npz,32,10,cpu,cpu,1,1,0.000447,0.000289,0.000000
153,data/fashionmnist.npz,32,10,cpu,cpu,1,1,0.000480,0.000583,0.000000
154,data/fashionmnist.npz,32,10,cpu,cpu,1,1,0.000466,0.000589,0.000000
155,data/fashionmnist.npz,32,10,cpu,cpu,1,1,0.000435,0.000303,0.000000
156,data/fashionmnist.npz,32,10,cpu,cpu,1,1,0.000464,0.000475,0.000000
157,data/fashionmnist.npz,32,10,cpu,cpu,1,1,0.000464,0.000654,0.000000
158,data/fashionmnist.npz,32,10,cpu,cpu,1,1,0.000453,0.000322,0.000000
159,data/fashionmnist.npz,32,10,cpu,cpu,1,1,0.000493,0.000460,0.000000
160,data/fashionmnist.npz,32,10,cpu,cpu,1,1,0.000450,0.000429,0.000000
161,data/fashionmnist.npz,32,10,cpu,cpu,1,1,0.000461,0.000484,0.000000
162,data/fashionmnist.npz,32,10,cpu,cpu,1,1,0.000476,0.000426,0.000000
163,data/fashionmnist.npz,32,10,cpu,cpu,1,1,0.000427,0.000350,0.000000
164,data/fashionmnist.npz,32,10,cpu,cpu,1,1,0.000465,0.000614,0.000000
165,data/fashionmnist.npz,32,10,cpu,cpu,1,1,0.000457,0.000449,0.000000
166,data/fashionmnist.npz,32,10,cpu,cpu,1,1,0.000414,0.000202,0.000000
167,data/fashionmnist.npz,32,10,cpu,cpu,1,1,0.000476,0.000536,0.000000
168,data/fashionmnist.npz,32,10,cpu,cpu,1,1,0.000442,0.000372,0.000000
169,data/fashionmnist.npz,32,10,cpu,cpu,1,1,0.000437,0.000279,0.000000
170,data/fashionmnist.npz,32,10,cpu,cpu,1,1,0.000490,0.000657,0.000000
171,data/fashionmnist.npz,32,10,cpu,cpu,1,1,0.000455,0.000557,0.000000
172,data/fashionmnist.npz,32,10,cpu,cpu,1,1,0.000426,0.000482,0.000000
173,data/fashionmnist.npz,32,10,cpu,cpu,1,1,0.000453,0.000545,0.000000
174,data/fashionmnist.npz,32,10,cpu,cpu,1,1,0.000408,0.000344,0.000000
175,data/fashionmnist.npz,32,10,cpu,cpu,1,1,0.000444,0.000316,0.000000
176,data/fashionmnist.npz,32,10,cpu,cpu,1,1,0.000456,0.000546,0.000000
177,data/fashionmnist.npz,32,10,cpu,cpu,1,1,0.000471,0.000441,0.000000
178,data/fashionmnist.npz,32,10,cpu,cpu,1,1,0.000473,0.000429,0.000000
179,data/fashionmnist.npz,32,10,cpu,cpu,1,1,0.000420,0.000327,0.000000
180,data/fashionmnist.npz,32,10,cpu,cpu,1,1,0.000449,0.000476,0.000000
181,data/fashionmnist.npz,32,10,cpu,cpu,1,1,0.000470,0.000397,0.000000
182,data/fashionmnist.npz,32,10,cpu,cpu,1,1,0.000501,0.000531,0.000000
183,data/fashionmnist.npz,32,10,cpu,cpu,1,1,0.000473,0.000560,0.000000
184,data/fashionmnist.npz,32,10,cpu,cpu,1,1,0.000447,0.000444,0.000000
185,data/fashionmnist.npz,32,10,cpu,cpu,1,1,0.000437,0.000567,0.000000
186,data/fashionmnist.npz,32,10,cpu,cpu,1,1,0.000450,0.000409,0.000000
187,data/fashionmnist.npz,32,10,cpu,cpu,1,1,0.000441,0.000412,0.000000
188,data/fashionmnist.npz,32,10,cpu,cpu,1,1,0.000412,0.000354,0.000000
189,data/fashionmnist.npz,32,10,cpu,cpu,1,1,0.000448,0.000266,0.000000
190,data/fashionmnist.npz,32,10,cpu,cpu,1,1,0.000419,0.000343,0.000000
191,data/fashionmnist.npz,32,10,cpu,cpu,1,1,0.000463,0.000380,0.000000
192,data/fashionmnist.npz,32,10,cpu,cpu,1,1,0.000462,0.000521,0.000000
193,data/fashionmnist.npz,32,10,cpu,cpu,1,1,0.000404,0.000337,0.000000
194,data/fashionmnist.npz,32,10,cpu,cpu,1,1,0.000469,0.000407,0.000000
195,data/fashionmnist.npz,32,10,cpu,cpu,1,1,0.000460,0.000481,0.000000
196,data/fashionmnist.npz,32,10,cpu,cpu,1,1,0.000401,0.000306,0.000000
197,data/fashionmnist.npz,32,10,cpu,cpu,1,1,0.000462,0.000407,0.000000
198,data/fashionmnist.npz,32,10,cpu,cpu,1,1,0.000408,0.000371,0.000000
199,data/fashionmnist.npz,32,10,cpu,cpu,1,1,0.000483,0.000519,0.000000
200,data/fashionmnist.npz,32,10,cpu,cpu,1,1,0.000438,0.000423,0.000000
201,data/fashionmnist.npz,32,10,cpu,cpu,1,1,0.000411,0.000366,0.000000
202,data/fashionmnist.npz,32,10,cpu,cpu,1,1,0.000440,0.000300,0.000000
203,data/fashionmnist.npz,32,10,cpu,cpu,1,1,0.000410,0.000298,0.000000
204,data/fashionmnist.npz,32,10,cpu,cpu,1,1,0.000439,0.000312,0.000000
205,data/fashionmnist.npz,32,10,cpu,cpu,1,1,0.000423,0.000401,0.000000
206,data/fashionmnist.npz,32,10,cpu,cpu,1,1,0.000454,0.000388,0.000000
207,data/fashionmnist.npz,32,10,cpu,cpu,1,1,0.000436,0.000388,0.000000
208,data/fashionmnist.npz,32,10,cpu,cpu,1,1,0.000443,0.000376,0.000000
209,data/fashionmnist.npz,32,10,cpu,cpu,1,1,0.000482,0.000490,0.000000
210,data/fashionmnist.npz,32,10,cpu,cpu,1,1,0.000416,0.000394,0.000000
211,data/fashionmnist.npz,32,10,cpu,cpu,1,1,0.000511,0.000480,0.000000
212,data/fashionmnist.npz,32,10,cpu,cpu,1,1,0.000455,0.000563,0.000000
213,data/fashionmnist.npz,32,10,cpu,cpu,1,1,0.000403,0.000270,0.000000
214,data/fashionmnist.npz,32,10,cpu,cpu,1,1,0.000481,0.000584,0.000000
215,data/fashionmnist.npz,32,10,cpu,cpu,1,1,0.000428,0.000367,0.000000
216,data/fashionmnist.npz,32,10,cpu,cpu,1,1,0.000458,0.000432,0.000000
217,data/fashionmnist.npz,32,10,cpu,cpu,1,1,0.000433,0.000353,0.000000
218,data/fashionmnist.npz,32,10,cpu,cpu,1,1,0.000443,0.000594,0.000000
219,data/fashionmnist.npz,32,10,cpu,cpu,1,1,0.000429,0.000533,0.000000
220,data/fashionmnist.npz,32,10,cpu,cpu,1,1,0.000435,0.000286,0.000000
221,data/fashionmnist.npz,32,10,cpu,cpu,1,1,0.000411,0.000330,0.000000
222,data/fashionmnist.npz,32,10,cpu,cpu,1,1,0.000415,0.000173,0.000000
223,data/fashionmnist.npz,32,10,cpu,cpu,1,1,0.000435,0.000454,0.000000
224,data/fashionmnist.npz,32,10,cpu,cpu,1,1,0.000434,0.000249,0.000000
225,data/fashionmnist.npz,32,10,cpu,cpu,1,1,0.000479,0.000655,0.000000
226,data/fashionmnist.npz,32,10,cpu,cpu,1,1,0.000452,0.000628,0.000000
227,data/fashionmnist.npz,32,10,cpu,cpu,1,1,0.000406,0.000289,0.000000
228,data/fashionmnist.npz,32,10,cpu,cpu,1,1,0.000512,0.000606,0.000000
229,data/fashionmnist.npz,32,10,cpu,cpu,1,1,0.000453,0.000491,0.000000
230,data/fashionmnist.npz,32,10,cpu,cpu,1,1,0.000450,0.000702,0.000000
231,data/fashionmnist.npz,32,10,cpu,cpu,1,1,0.000415,0.000445,0.000000
232,data/fashionmnist.npz,32,10,cpu,cpu,1,1,0.000486,0.000490,0.000000
233,data/fashionmnist.npz,32,10,cpu,cpu,1,1,0.000479,0.000478,0.000000
234,data/fashionmnist.npz,32,10,cpu,cpu,1,1,0.000511,0.000516,0.000000
235,data/fashionmnist.npz,32,10,cpu,cpu,1,1,0.000480,0.000433,0.000000
236,data/fashionmnist.npz,32,10,cpu,cpu,1,1,0.000437,0.000558,0.000000
237,data/fashionmnist.npz,32,10,cpu,cpu,1,1,0.000393,0.000244,0.000000
238,data/fashionmnist.npz,32,10,cpu,cpu,1,1,0.000459,0.000480,0.000000
239,data/fashionmnist.npz,32,10,cpu,cpu,1,1,0.000404,0.000332,0.000000
240,data/fashionmnist.npz,32,10,cpu,cpu,1,1,0.000470,0.000493,0.000000
241,data/fashionmnist.npz,32,10,cpu,cpu,1,1,0.000510,0.000540,0.000000
242,data/fashionmnist.npz,32,10,cpu,cpu,1,1,0.000499,0.000480,0.000000
243,data/fashionmnist.npz,32,10,cpu,cpu,1,1,0.000459,0.000553,0.000000
244,data/fashionmnist.npz,32,10,cpu,cpu,1,1,0.000400,0.000351,0.000000
245,data/fashionmnist.npz,32,10,cpu,cpu,1,1,0.000459,0.000407,0.000000
246,data/fashionmnist.npz,32,10,cpu,cpu,1,1,0.000473,0.000477,0.000000
247,data/fashionmnist.npz,32,10,cpu,cpu,1,1,0.000404,0.000383,0.000000
248,data/fashionmnist.npz,32,10,cpu,cpu,1,1,0.000469,0.000417,0.000000
249,data/fashionmnist.npz,32,10,cpu,cpu,1,1,0.000486,0.000363,0.000000
250,data/fashionmnist.npz,32,10,cpu,cpu,1,1,0.000392,0.000268,0.000000
251,data/fashionmnist.npz,32,10,cpu,cpu,1,1,0.000496,0.000515,0.000000
252,data/fashionmnist.npz,32,10,cpu,cpu,1,1,0.000418,0.000431,0.000000
253,data/fashionmnist.npz,32,10,cpu,cpu,1,1,0.000415,0.000353,0.000000
254,data/fashionmnist.npz,32,10,cpu,cpu,1,1,0.000446,0.000331,0.000000
255,data/fashionmnist.npz,32,10,cpu,cpu,1,1,0.000440,0.000531,0.000000
256,data/fashionmnist.npz,32,10,cpu,cpu,1,1,0.000427,0.000499,0.000000
257,data/fashionmnist.npz,32,10,cpu,cpu,1,1,0.000400,0.000331,0.000000
258,data/fashionmnist.npz,32,10,cpu,cpu,1,1,0.000472,0.000487,0.000000
259,data/fashionmnist.npz,32,10,cpu,cpu,1,1,0.000482,0.000503,0.000000
260,data/fashionmnist.npz,32,10,cpu,cpu,1,1,0.000452,0.000322,0.000000
261,data/fashionmnist.npz,32,10,cpu,cpu,1,1,0.000422,0.000482,0.000000
262,data/fashionmnist.npz,32,10,cpu,cpu,1,1,0.000423,0.000484,0.000000
263,data/fashionmnist.npz,32,10,cpu,cpu,1,1,0.000465,0.000870,0.000000
264,data/fashionmnist.npz,32,10,cpu,cpu,1,1,0.000450,0.000783,0.000000
265,data/fashionmnist.npz,32,10,cpu,cpu,1,1,0.000476,0.000638,0.000000
266,data/fashionmnist.npz,32,10,cpu,cpu,1,1,0.000506,0.000608,0.000000
267,data/fashionmnist.npz,32,10,cpu,cpu,1,1,0.000456,0.000555,0.000000
268,data/fashionmnist.npz,32,10,cpu,cpu,1,1,0.000414,0.000340,0.000000
269,data/fashionmnist.npz,32,10,cpu,cpu,1,1,0.000473,0.000449,0.000000
270,data/fashionmnist.npz,32,10,cpu,cpu,1,1,0.000485,0.000449,0.000000
271,data/fashionmnist.npz,32,10,cpu,cpu,1,1,0.000462,0.000555,0.000000
272,data/fashionmnist.npz,32,10,cpu,cpu,1,1,0.000416,0.000325,0.000000
273,data/fashionmnist.npz,32,10,cpu,cpu,1,1,0.000462,0.000514,0.000000
274,data/fashionmnist.npz,32,10,cpu,cpu,1,1,0.000442,0.000456,0.000000
275,data/fashionmnist.npz,32,10,cpu,cpu,1,1,0.000461,0.000350,0.000000
276,data/fashionmnist.npz,32,10,cpu,cpu,1,1,0.000478,0.000396,0.000000
277,data/fashionmnist.npz,32,10,cpu,cpu,1,1,0.000413,0.000345,0.000000
278,data/fashionmnist.npz,32,10,cpu,cpu,1,1,0.000417,0.000393,0.000000
279,data/fashionmnist.npz,32,10,cpu,cpu,1,1,0.000406,0.000319,0.000000
280,data/fashionmnist.npz,32,10,cpu,cpu,1,1,0.000460,0.000607,0.000000
281,data/fashionmnist.npz,32,10,cpu,cpu,1,1,0.000437,0.000538,0.000000
282,data/fashionmnist.npz,32,10,cpu,cpu,1,1,0.000408,0.000301,0.000000
283,data/fashionmnist.npz,32,10,cpu,cpu,1,1,0.000462,0.000523,0.000000
284,data/fashionmnist.npz,32,10,cpu,cpu,1,1,0.000460,0.000475,0.000000
285,data/fashionmnist.npz,32,10,cpu,cpu,1,1,0.000464,0.000502,0.000000
286,data/fashionmnist.npz,32,10,cpu,cpu,1,1,0.000414,0.000279,0.000000
287,data/fashionmnist.npz,32,10,cpu,cpu,1,1,0.000528,0.000616,0.000000
288,data/fashionmnist.npz,32,10,cpu,cpu,1,1,0.000478,0.000505,0.000000
289,data/fashionmnist.npz,32,10,cpu,cpu,1,1,0.000419,0.000296,0.000000
290,data/fashionmnist.npz,32,10,cpu,cpu,1,1,0.000484,0.000442,0.000000
291,data/fashionmnist.npz,32,10,cpu,cpu,1,1,0.000464,0.000354,0.000000
292,data/fashionmnist.npz,32,10,cpu,cpu,1,1,0.000461,0.000354,0.000000
293,data/fashionmnist.npz,32,10,cpu,cpu,1,1,0.000525,0.000654,0.000000
294,data/fashionmnist.npz,32,10,cpu,cpu,1,1,0.000497,0.000510,0.000000
295,data/fashionmnist.npz,32,10,cpu,cpu,1,1,0.000470,0.000513,0.000000
296,data/fashionmnist.npz,32,10,cpu,cpu,1,1,0.000522,0.000440,0.000000
297,data/fashionmnist.npz,32,10,cpu,cpu,1,1,0.000481,0.000567,0.000000
298,data/fashionmnist.npz,32,10,cpu,cpu,1,1,0.000503,0.000589,0.000000
299,data/fashionmnist.npz,32,10,cpu,cpu,1,1,0.000472,0.000447,0.000000
300,data/fashionmnist.npz,32,10,cpu,cpu,1,1,0.000466,0.000398,0.000000
301,data/fashionmnist.npz,32,10,cpu,cpu,1,1,0.000437,0.000520,0.000000
302,data/fashionmnist.npz,32,10,cpu,cpu,1,1,0.000423,0.000435,0.000000
303,data/fashionmnist.npz,32,10,cpu,cpu,1,1,0.000476,0.000538,0.000000
304,data/fashionmnist.npz,32,10,cpu,cpu,1,1,0.000471,0.000528,0.000000
305,data/fashionmnist.npz,32,10,cpu,cpu,1,1,0.000522,0.000460,0.000000
306,data/fashionmnist.npz,32,10,cpu,cpu,1,1,0.000664,0.000561,0.000000
307,data/fashionmnist.npz,32,10,cpu,cpu,1,1,0.000552,0.000508,0.000000
308,data/fashionmnist.npz,32,10,cpu,cpu,1,1,0.000643,0.000810,0.000000
309,data/fashionmnist.npz,32,10,cpu,cpu,1,1,0.000646,0.000684,0.000000
310,data/fashionmnist.npz,32,10,cpu,cpu,1,1,0.000524,0.000444,0.000000
311,data/fashionmnist.npz,32,10,cpu,cpu,1,1,0.000574,0.000822,0.000000
312,data/fashionmnist.npz,32,10,cpu,cpu,1,1,0.000587,0.000636,0.000000
313,data/fashionmnist.npz,32,10,cpu,cpu,1,1,0.000551,0.000728,0.000000
314,data/fashionmnist.npz,32,10,cpu,cpu,1,1,0.000519,0.000584,0.000000
315,data/fashionmnist.npz,32,10,cpu,cpu,1,1,0.000472,0.000585,0.000000
316,data/fashionmnist.npz,32,10,cpu,cpu,1,1,0.000430,0.000298,0.000000
317,data/fashionmnist.npz,32,10,cpu,cpu,1,1,0.000468,0.000527,0.000000
318,data/fashionmnist.npz,32,10,cpu,cpu,1,1,0.000482,0.000349,0.000000
319,data/fashionmnist.npz,32,10,cpu,cpu,1,1,0.000467,0.000564,0.000000
320,data/fashionmnist.npz,32,10,cpu,cpu,1,1,0.000500,0.000595,0.000000
321,data/fashionmnist.npz,32,10,cpu,cpu,1,1,0.000478,0.000560,0.000000
322,data/fashionmnist.npz,32,10,cpu,cpu,1,1,0.000446,0.000417,0.000000
323,data/fashionmnist.npz,32,10,cpu,cpu,1,1,0.000450,0.000662,0.000000
324,data/fashionmnist.npz,32,10,cpu,cpu,1,1,0.000434,0.000302,0.000000
325,data/fashionmnist.npz,32,10,cpu,cpu,1,1,0.000490,0.000568,0.000000
326,data/fashionmnist.npz,32,10,cpu,cpu,1,1,0.000458,0.000416,0.000000
327,data/fashionmnist.npz,32,10,cpu,cpu,1,1,0.000507,0.000617,0.000000
328,data/fashionmnist.npz,32,10,cpu,cpu,1,1,0.000447,0.000404,0.000000
329,data/fashionmnist.npz,32,10,cpu,cpu,1,1,0.000447,0.000508,0.000000
330,data/fashionmnist.npz,32,10,cpu,cpu,1,1,0.000554,0.000440,0.000000
331,data/fashionmnist.npz,32,10,cpu,cpu,1,1,0.000475,0.000472,0.000000
332,data/fashionmnist.npz,32,10,cpu,cpu,1,1,0.000464,0.000466,0.000000
333,data/fashionmnist.npz,32,10,cpu,cpu,1,1,0.000478,0.000648,0.000000
334,data/fashionmnist.npz,32,10,cpu,cpu,1,1,0.000438,0.000487,0.000000
335,data/fashionmnist.npz,32,10,cpu,cpu,1,1,0.000439,0.000437,0.000000
336,data/fashionmnist.npz,32,10,cpu,cpu,1,1,0.000510,0.000535,0.000000
337,data/fashionmnist.npz,32,10,cpu,cpu,1,1,0.000484,0.000639,0.000000
338,data/fashionmnist.npz,32,10,cpu,cpu,1,1,0.000423,0.000326,0.000000
339,data/fashionmnist.npz,32,10,cpu,cpu,1,1,0.000464,0.000659,0.000000
340,data/fashionmnist.npz,32,10,cpu,cpu,1,1,0.000469,0.000527,0.000000
341,data/fashionmnist.npz,32,10,cpu,cpu,1,1,0.000469,0.000522,0.000000
342,data/fashionmnist.npz,32,10,cpu,cpu,1,1,0.000404,0.000294,0.000000
343,data/fashionmnist.npz,32,10,cpu,cpu,1,1,0.000425,0.000327,0.000000
344,data/fashionmnist.npz,32,10,cpu,cpu,1,1,0.000437,0.000381,0.000000
345,data/fashionmnist.npz,32,10,cpu,cpu,1,1,0.000450,0.000503,0.000000
346,data/fashionmnist.npz,32,10,cpu,cpu,1,1,0.000471,0.000566,0.000000
347,data/fashionmnist.npz,32,10,cpu,cpu,1,1,0.000466,0.000529,0.000000
348,data/fashionmnist.npz,32,10,cpu,cpu,1,1,0.000539,0.000653,0.000000
349,data/fashionmnist.npz,32,10,cpu,cpu,1,1,0.000451,0.000491,0.000000
350,data/fashionmnist.npz,32,10,cpu,cpu,1,1,0.000452,0.000365,0.000000
351,data/fashionmnist.npz,32,10,cpu,cpu,1,1,0.000453,0.000511,0.000000
352,data/fashionmnist.npz,32,10,cpu,cpu,1,1,0.000452,0.000473,0.000000
353,data/fashionmnist.npz,32,10,cpu,cpu,1,1,0.000426,0.000327,0.000000
354,data/fashionmnist.npz,32,10,cpu,cpu,1,1,0.000424,0.000356,0.000000
355,data/fashionmnist.npz,32,10,cpu,cpu,1,1,0.000430,0.000393,0.000000
356,data/fashionmnist.npz,32,10,cpu,cpu,1,1,0.000448,0.000474,0.000000
357,data/fashionmnist.npz,32,10,cpu,cpu,1,1,0.000432,0.000389,0.000000
358,data/fashionmnist.npz,32,10,cpu,cpu,1,1,0.000418,0.000391,0.000000
359,data/fashionmnist.npz,32,10,cpu,cpu,1,1,0.000448,0.000399,0.000000
360,data/fashionmnist.npz,32,10,cpu,cpu,1,1,0.000409,0.000387,0.000000
361,data/fashionmnist.npz,32,10,cpu,cpu,1,1,0.000423,0.000324,0.000000
362,data/fashionmnist.npz,32,10,cpu,cpu,1,1,0.000450,0.000566,0.000000
363,data/fashionmnist.npz,32,10,cpu,cpu,1,1,0.000425,0.000350,0.000000
364,data/fashionmnist.npz,32,10,cpu,cpu,1,1,0.000455,0.000566,0.000000
365,data/fashionmnist.npz,32,10,cpu,cpu,1,1,0.000463,0.000557,0.000000
366,data/fashionmnist.npz,32,10,cpu,cpu,1,1,0.000471,0.000564,0.000000
367,data/fashionmnist.npz,32,10,cpu,cpu,1,1,0.000410,0.000301,0.000000
368,data/fashionmnist.npz,32,10,cpu,cpu,1,1,0.000460,0.000564,0.000000
369,data/fashionmnist.npz,32,10,cpu,cpu,1,1,0.000392,0.000295,0.000000
370,data/fashionmnist.npz,32,10,cpu,cpu,1,1,0.000461,0.000384,0.000000
371,data/fashionmnist.npz,32,10,cpu,cpu,1,1,0.000445,0.000480,0.000000
372,data/fashionmnist.npz,32,10,cpu,cpu,1,1,0.000393,0.000261,0.000000
373,data/fashionmnist.npz,32,10,cpu,cpu,1,1,0.000472,0.000535,0.000000
374,data/fashionmnist.npz,32,10,cpu,cpu,1,1,0.000423,0.000430,0.000000
375,data/fashionmnist.npz,32,10,cpu,cpu,1,1,0.000458,0.000504,0.000000
376,data/fashionmnist.npz,32,10,cpu,cpu,1,1,0.000449,0.000534,0.000000
377,data/fashionmnist.npz,32,10,cpu,cpu,1,1,0.000445,0.000463,0.000000
378,data/fashionmnist.npz,32,10,cpu,cpu,1,1,0.000423,0.000381,0.000000
379,data/fashionmnist.npz,32,10,cpu,cpu,1,1,0.000429,0.000412,0.000000
380,data/fashionmnist.npz,32,10,cpu,cpu,1,1,0.000453,0.000550,0.000000
381,data/fashionmnist.npz,32,10,cpu,cpu,1,1,0.000454,0.000419,0.000000
382,data/fashionmnist.npz,32,10,cpu,cpu,1,1,0.000398,0.000309,0.000000
383,data/fashionmnist.npz,32,10,cpu,cpu,1,1,0.000473,0.000585,0.000000
384,data/fashionmnist.npz,32,10,cpu,cpu,1,1,0.000445,0.000328,0.000000
385,data/fashionmnist.npz,32,10,cpu,cpu,1,1,0.000483,0.000527,0.000000
386,data/fashionmnist.npz,32,10,cpu,cpu,1,1,0.000385,0.000269,0.000000
387,data/fashionmnist.npz,32,10,cpu,cpu,1,1,0.000466,0.000505,0.000000
388,data/fashionmnist.npz,32,10,cpu,cpu,1,1,0.000403,0.000357,0.000000
389,data/fashionmnist.npz,32,10,cpu,cpu,1,1,0.000412,0.000336,0.000000
390,data/fashionmnist.npz,32,10,cpu,cpu,1,1,0.000449,0.000470,0.000000
391,data/fashionmnist.npz,32,10,cpu,cpu,1,1,0.000434,0.000447,0.000000
392,data/fashionmnist.npz,32,10,cpu,cpu,1,1,0.000437,0.000524,0.000000
393,data/fashionmnist.npz,32,10,cpu,cpu,1,1,0.000439,0.000497,0.000000
394,data/fashionmnist.npz,32,10,cpu,cpu,1,1,0.000589,0.000480,0.000000
395,data/fashionmnist.npz,32,10,cpu,cpu,1,1,0.000399,0.000302,0.000000
396,data/fashionmnist.npz,32,10,cpu,cpu,1,1,0.000401,0.000296,0.000000
397,data/fashionmnist.npz,32,10,cpu,cpu,1,1,0.000431,0.000419,0.000000
398,data/fashionmnist.npz,32,10,cpu,cpu,1,1,0.000457,0.000513,0.000000
399,data/fashionmnist.npz,32,10,cpu,cpu,1,1,0.000482,0.000597,0.000000
400,data/fashionmnist.npz,32,10,cpu,cpu,1,1,0.000461,0.000524,0.000000
401,data/fashionmnist.npz,32,10,cpu,cpu,1,1,0.000466,0.000513,0.000000
402,data/fashionmnist.npz,32,10,cpu,cpu,1,1,0.000433,0.000285,0.000000
403,data/fashionmnist.npz,32,10,cpu,cpu,1,1,0.000459,0.000270,0.000000
404,data/fashionmnist.npz,32,10,cpu,cpu,1,1,0.000470,0.000333,0.000000
405,data/fashionmnist.npz,32,10,cpu,cpu,1,1,0.000442,0.000340,0.000000
406,data/fashionmnist.npz,32,10,cpu,cpu,1,1,0.000625,0.000566,0.000000
407,data/fashionmnist.npz,32,10,cpu,cpu,1,1,0.000461,0.000393,0.000000
408,data/fashionmnist.npz,32,10,cpu,cpu,1,1,0.000466,0.000325,0.000000
409,data/fashionmnist.npz,32,10,cpu,cpu,1,1,0.000477,0.000500,0.000000
410,data/fashionmnist.npz,32,10,cpu,cpu,1,1,0.000467,0.000413,0.000000
411,data/fashionmnist.npz,32,10,cpu,cpu,1,1,0.000488,0.000482,0.000000
412,data/fashionmnist.npz,32,10,cpu,cpu,1,1,0.000420,0.000316,0.000000
413,data/fashionmnist.npz,32,10,cpu,cpu,1,1,0.000503,0.000492,0.000000
414,data/fashionmnist.npz,32,10,cpu,cpu,1,1,0.000519,0.000588,0.000000
415,data/fashionmnist.npz,32,10,cpu,cpu,1,1,0.000451,0.000341,0.000000
416,data/fashionmnist.npz,32,10,cpu,cpu,1,1,0.000426,0.000253,0.000000
417,data/fashionmnist.npz,32,10,cpu,cpu,1,1,0.000592,0.000505,0.000000
418,data/fashionmnist.npz,32,10,cpu,cpu,1,1,0.000546,0.000619,0.000000
419,data/fashionmnist.npz,32,10,cpu,cpu,1,1,0.000469,0.000597,0.000000
420,data/fashionmnist.npz,32,10,cpu,cpu,1,1,0.000462,0.000569,0.000000
421,data/fashionmnist.npz,32,10,cpu,cpu,1,1,0.000477,0.000432,0.000000
422,data/fashionmnist.npz,32,10,cpu,cpu,1,1,0.000430,0.000443,0.000000
423,data/fashionmnist.npz,32,10,cpu,cpu,1,1,0.000423,0.000247,0.000000
424,data/fashionmnist.npz,32,10,cpu,cpu,1,1,0.000471,0.000558,0.000000
425,data/fashionmnist.npz,32,10,cpu,cpu,1,1,0.000420,0.000386,0.000000
426,data/fashionmnist.npz,32,10,cpu,cpu,1,1,0.000471,0.000599,0.000000
427,data/fashionmnist.npz,32,10,cpu,cpu,1,1,0.000426,0.000469,0.000000
428,data/fashionmnist.npz,32,10,cpu,cpu,1,1,0.000437,0.000273,0.000000
429,data/fashionmnist.npz,32,10,cpu,cpu,1,1,0.000423,0.000360,0.000000
430,data/fashionmnist.npz,32,10,cpu,cpu,1,1,0.000416,0.000293,0.000000
431,data/fashionmnist.npz,32,10,cpu,cpu,1,1,0.000463,0.000486,0.000000
432,data/fashionmnist.npz,32,10,cpu,cpu,1,1,0.000492,0.000464,0.000000
433,data/fashionmnist.npz,32,10,cpu,cpu,1,1,0.000466,0.000503,0.000000
434,data/fashionmnist.npz,32,10,cpu,cpu,1,1,0.000446,0.000538,0.000000
435,data/fashionmnist.npz,32,10,cpu,cpu,1,1,0.000489,0.000546,0.000000
436,data/fashionmnist.npz,32,10,cpu,cpu,1,1,0.000461,0.000309,0.000000
437,data/fashionmnist.npz,32,10,cpu,cpu,1,1,0.000480,0.000626,0.000000
438,data/fashionmnist.npz,32,10,cpu,cpu,1,1,0.000434,0.000353,0.000000
439,data/fashionmnist.npz,32,10,cpu,cpu,1,1,0.000482,0.000398,0.000000
440,data/fashionmnist.npz,32,10,cpu,cpu,1,1,0.000491,0.000483,0.000000
441,data/fashionmnist.npz,32,10,cpu,cpu,1,1,0.000434,0.000261,0.000000
442,data/fashionmnist.npz,32,10,cpu,cpu,1,1,0.000434,0.000291,0.000000
443,data/fashionmnist.npz,32,10,cpu,cpu,1,1,0.000458,0.000388,0.000000
444,data/fashionmnist.npz,32,10,cpu,cpu,1,1,0.000499,0.000630,0.000000
445,data/fashionmnist.npz,32,10,cpu,cpu,1,1,0.000477,0.000628,0.000000
446,data/fashionmnist.npz,32,10,cpu,cpu,1,1,0.000441,0.000544,0.000000
447,data/fashionmnist.npz,32,10,cpu,cpu,1,1,0.000454,0.000311,0.000000
448,data/fashionmnist.npz,32,10,cpu,cpu,1,1,0.000529,0.000671,0.000000
449,data/fashionmnist.npz,32,10,cpu,cpu,1,1,0.000692,0.000655,0.000000
450,data/fashionmnist.npz,32,10,cpu,cpu,1,1,0.000697,0.000603,0.000000
451,data/fashionmnist.npz,32,10,cpu,cpu,1,1,0.000641,0.000590,0.000000
452,data/fashionmnist.npz,32,10,cpu,cpu,1,1,0.000644,0.000663,0.000000
453,data/fashionmnist.npz,32,10,cpu,cpu,1,1,0.000651,0.000394,0.000000
454,data/fashionmnist.npz,32,10,cpu,cpu,1,1,0.000681,0.000727,0.000000
455,data/fashionmnist.npz,32,10,cpu,cpu,1,1,0.000705,0.000578,0.000000
456,data/fashionmnist.npz,32,10,cpu,cpu,1,1,0.000744,0.000704,0.000000
457,data/fashionmnist.npz,32,10,cpu,cpu,1,1,0.000722,0.000717,0.000000
458,data/fashionmnist.npz,32,10,cpu,cpu,1,1,0.000620,0.000429,0.000000
459,data/fashionmnist.npz,32,10,cpu,cpu,1,1,0.000531,0.000585,0.000000
460,data/fashionmnist.npz,32,10,cpu,cpu,1,1,0.000478,0.000432,0.000000
461,data/fashionmnist.npz,32,10,cpu,cpu,1,1,0.000449,0.000457,0.000000
462,data/fashionmnist.npz,32,10,cpu,cpu,1,1,0.000478,0.000476,0.000000
463,data/fashionmnist.npz,32,10,cpu,cpu,1,1,0.000500,0.000547,0.000000
464,data/fashionmnist.npz,32,10,cpu,cpu,1,1,0.000442,0.000238,0.000000
465,data/fashionmnist.npz,32,10,cpu,cpu,1,1,0.000529,0.000534,0.000000
466,data/fashionmnist.npz,32,10,cpu,cpu,1,1,0.000423,0.000216,0.000000
467,data/fashionmnist.npz,32,10,cpu,cpu,1,1,0.000451,0.000559,0.000000
468,data/fashionmnist.npz,32,10,cpu,cpu,1,1,0.000443,0.000574,0.000000
469,data/fashionmnist.npz,32,10,cpu,cpu,1,1,0.000492,0.000445,0.000000
470,data/fashionmnist.npz,32,10,cpu,cpu,1,1,0.000473,0.000385,0.000000
471,data/fashionmnist.npz,32,10,cpu,cpu,1,1,0.000421,0.000366,0.000000
472,data/fashionmnist.npz,32,10,cpu,cpu,1,1,0.000433,0.000272,0.000000
473,data/fashionmnist.npz,32,10,cpu,cpu,1,1,0.000455,0.000559,0.000000
474,data/fashionmnist.npz,32,10,cpu,cpu,1,1,0.000424,0.000448,0.000000
475,data/fashionmnist.npz,32,10,cpu,cpu,1,1,0.000511,0.000519,0.000000
476,data/fashionmnist.npz,32,10,cpu,cpu,1,1,0.000485,0.000631,0.000000
477,data/fashionmnist.npz,32,10,cpu,cpu,1,1,0.000442,0.000542,0.000000
478,data/fashionmnist.npz,32,10,cpu,cpu,1,1,0.000429,0.000271,0.000000
479,data/fashionmnist.npz,32,10,cpu,cpu,1,1,0.000473,0.000547,0.000000
480,data/fashionmnist.npz,32,10,cpu,cpu,1,1,0.000443,0.000557,0.000000
481,data/fashionmnist.npz,32,10,cpu,cpu,1,1,0.000510,0.000495,0.000000
482,data/fashionmnist.npz,32,10,cpu,cpu,1,1,0.000447,0.000439,0.000000
483,data/fashionmnist.npz,32,10,cpu,cpu,1,1,0.000423,0.000404,0.000000
484,data/fashionmnist.npz,32,10,cpu,cpu,1,1,0.000454,0.000332,0.000000
485,data/fashionmnist.npz,32,10,cpu,cpu,1,1,0.000411,0.000338,0.000000
486,data/fashionmnist.npz,32,10,cpu,cpu,1,1,0.000501,0.000508,0.000000
487,data/fashionmnist.npz,32,10,cpu,cpu,1,1,0.000434,0.000541,0.000000
488,data/fashionmnist.npz,32,10,cpu,cpu,1,1,0.000480,0.000503,0.000000
489,data/fashionmnist.npz,32,10,cpu,cpu,1,1,0.000481,0.000456,0.000000
490,data/fashionmnist.npz,32,10,cpu,cpu,1,1,0.000447,0.000561,0.000000
491,data/fashionmnist.npz,32,10,cpu,cpu,1,1,0.000444,0.000502,0.000000
492,data/fashionmnist.npz,32,10,cpu,cpu,1,1,0.000507,0.000482,0.000000
493,data/fashionmnist.npz,32,10,cpu,cpu,1,1,0.000429,0.000373,0.000000
494,data/fashionmnist.npz,32,10,cpu,cpu,1,1,0.000468,0.000448,0.000000
495,data/fashionmnist.npz,32,10,cpu,cpu,1,1,0.000473,0.000382,0.000000
496,data/fashionmnist.npz,32,10,cpu,cpu,1,1,0.000409,0.000353,0.000000
497,data/fashionmnist.npz,32,10,cpu,cpu,1,1,0.000515,0.000528,0.000000
498,data/fashionmnist.npz,32,10,cpu,cpu,1,1,0.000471,0.000640,0.000000
499,data/fashionmnist.npz,32,10,cpu,cpu,1,1,0.000604,0.000489,0.000000
500,data/fashionmnist.npz,32,10,cpu,cpu,1,1,0.000574,0.000517,0.000000
501,data/fashionmnist.npz,32,10,cpu,cpu,1,1,0.000586,0.000653,0.000000
502,data/fashionmnist.npz,32,10,cpu,cpu,1,1,0.000700,0.000763,0.000000
503,data/fashionmnist.npz,32,10,cpu,cpu,1,1,0.000685,0.000549,0.000000
504,data/fashionmnist.npz,32,10,cpu,cpu,1,1,0.000702,0.000704,0.000000
505,data/fashionmnist.npz,32,10,cpu,cpu,1,1,0.000630,0.000520,0.000000
506,data/fashionmnist.npz,32,10,cpu,cpu,1,1,0.000697,0.000740,0.000000
507,data/fashionmnist.npz,32,10,cpu,cpu,1,1,0.000689,0.000633,0.000000
508,data/fashionmnist.npz,32,10,cpu,cpu,1,1,0.000562,0.000559,0.000000
509,data/fashionmnist.npz,32,10,cpu,cpu,1,1,0.000475,0.000627,0.000000
510,data/fashionmnist.npz,32,10,cpu,cpu,1,1,0.000442,0.000539,0.000000
511,data/fashionmnist.npz,32,10,cpu,cpu,1,1,0.000482,0.000474,0.000000
512,data/fashionmnist.npz,32,10,cpu,cpu,1,1,0.000452,0.000539,0.000000
513,data/fashionmnist.npz,32,10,cpu,cpu,1,1,0.000409,0.000327,0.000000
514,data/fashionmnist.npz,32,10,cpu,cpu,1,1,0.000500,0.000465,0.000000
515,data/fashionmnist.npz,32,10,cpu,cpu,1,1,0.000536,0.000592,0.000000
516,data/fashionmnist.npz,32,10,cpu,cpu,1,1,0.000418,0.000437,0.000000
517,data/fashionmnist.npz,32,10,cpu,cpu,1,1,0.000410,0.000312,0.000000
518,data/fashionmnist.npz,32,10,cpu,cpu,1,1,0.000468,0.000563,0.000000
519,data/fashionmnist.npz,32,10,cpu,cpu,1,1,0.000434,0.000612,0.000000
520,data/fashionmnist.npz,32,10,cpu,cpu,1,1,0.000415,0.000333,0.000000
521,data/fashionmnist.npz,32,10,cpu,cpu,1,1,0.000462,0.000417,0.000000
522,data/fashionmnist.npz,32,10,cpu,cpu,1,1,0.000394,0.000251,0.000000
523,data/fashionmnist.npz,32,10,cpu,cpu,1,1,0.000416,0.000361,0.000000
524,data/fashionmnist.npz,32,10,cpu,cpu,1,1,0.000442,0.000363,0.000000
525,data/fashionmnist.npz,32,10,cpu,cpu,1,1,0.000455,0.000582,0.000000
526,data/fashionmnist.npz,32,10,cpu,cpu,1,1,0.000393,0.000336,0.000000
527,data/fashionmnist.npz,32,10,cpu,cpu,1,1,0.000453,0.000237,0.000000
528,data/fashionmnist.npz,32,10,cpu,cpu,1,1,0.000425,0.000485,0.000000
529,data/fashionmnist.npz,32,10,cpu,cpu,1,1,0.000463,0.000450,0.000000
530,data/fashionmnist.npz,32,10,cpu,cpu,1,1,0.000527,0.000543,0.000000
531,data/fashionmnist.npz,32,10,cpu,cpu,1,1,0.000410,0.000473,0.000000
532,data/fashionmnist.npz,32,10,cpu,cpu,1,1,0.000407,0.000405,0.000000
533,data/fashionmnist.npz,32,10,cpu,cpu,1,1,0.000482,0.000475,0.000000
534,data/fashionmnist.npz,32,10,cpu,cpu,1,1,0.000482,0.000532,0.000000
535,data/fashionmnist.npz,32,10,cpu,cpu,1,1,0.000431,0.000539,0.000000
536,data/fashionmnist.npz,32,10,cpu,cpu,1,1,0.000397,0.000253,0.000000
537,data/fashionmnist.npz,32,10,cpu,cpu,1,1,0.000469,0.000656,0.000000
538,data/fashionmnist.npz,32,10,cpu,cpu,1,1,0.000401,0.000283,0.000000
539,data/fashionmnist.npz,32,10,cpu,cpu,1,1,0.000484,0.000467,0.000000
540,data/fashionmnist.npz,32,10,cpu,cpu,1,1,0.000381,0.000252,0.000000
541,data/fashionmnist.npz,32,10,cpu,cpu,1,1,0.000435,0.000310,0.000000
542,data/fashionmnist.npz,32,10,cpu,cpu,1,1,0.000394,0.000258,0.000000
543,data/fashionmnist.npz,32,10,cpu,cpu,1,1,0.000456,0.000307,0.000000
544,data/fashionmnist.npz,32,10,cpu,cpu,1,1,0.000398,0.000267,0.000000
545,data/fashionmnist.npz,32,10,cpu,cpu,1,1,0.000396,0.000327,0.000000
546,data/fashionmnist.npz,32,10,cpu,cpu,1,1,0.000425,0.000258,0.000000
547,data/fashionmnist.npz,32,10,cpu,cpu,1,1,0.000525,0.000625,0.000000
548,data/fashionmnist.npz,32,10,cpu,cpu,1,1,0.000424,0.000389,0.000000
549,data/fashionmnist.npz,32,10,cpu,cpu,1,1,0.000533,0.000486,0.000000
550,data/fashionmnist.npz,32,10,cpu,cpu,1,1,0.000441,0.000592,0.000000
551,data/fashionmnist.npz,32,10,cpu,cpu,1,1,0.000445,0.000414,0.000000
552,data/fashionmnist.npz,32,10,cpu,cpu,1,1,0.000481,0.000450,0.000000
553,data/fashionmnist.npz,32,10,cpu,cpu,1,1,0.000438,0.000494,0.000000
554,data/fashionmnist.npz,32,10,cpu,cpu,1,1,0.000456,0.000347,0.000000
555,data/fashionmnist.npz,32,10,cpu,cpu,1,1,0.000440,0.000268,0.000000
556,data/fashionmnist.npz,32,10,cpu,cpu,1,1,0.000414,0.000274,0.000000
557,data/fashionmnist.npz,32,10,cpu,cpu,1,1,0.000402,0.000287,0.000000
558,data/fashionmnist.npz,32,10,cpu,cpu,1,1,0.000441,0.000258,0.000000
559,data/fashionmnist.npz,32,10,cpu,cpu,1,1,0.000415,0.000315,0.000000
560,data/fashionmnist.npz,32,10,cpu,cpu,1,1,0.000451,0.000312,0.000000
561,data/fashionmnist.npz,32,10,cpu,cpu,1,1,0.000408,0.000258,0.000000
562,data/fashionmnist.npz,32,10,cpu,cpu,1,1,0.000474,0.000474,0.000000
563,data/fashionmnist.npz,32,10,cpu,cpu,1,1,0.000401,0.000248,0.000000
564,data/fashionmnist.npz,32,10,cpu,cpu,1,1,0.000476,0.000517,0.000000
565,data/fashionmnist.npz,32,10,cpu,cpu,1,1,0.000436,0.000306,0.000000
566,data/fashionmnist.npz,32,10,cpu,cpu,1,1,0.000433,0.000379,0.000000
567,data/fashionmnist.npz,32,10,cpu,cpu,1,1,0.000499,0.000598,0.000000
568,data/fashionmnist.npz,32,10,cpu,cpu,1,1,0.000410,0.000319,0.000000
569,data/fashionmnist.npz,32,10,cpu,cpu,1,1,0.000483,0.000471,0.000000
570,data/fashionmnist.npz,32,10,cpu,cpu,1,1,0.000402,0.000321,0.000000
571,data/fashionmnist.npz,32,10,cpu,cpu,1,1,0.000474,0.000612,0.000000
572,data/fashionmnist.npz,32,10,cpu,cpu,1,1,0.000492,0.000487,0.000000
573,data/fashionmnist.npz,32,10,cpu,cpu,1,1,0.000452,0.000419,0.000000
574,data/fashionmnist.npz,32,10,cpu,cpu,1,1,0.000452,0.000505,0.000000
575,data/fashionmnist.npz,32,10,cpu,cpu,1,1,0.000472,0.000418,0.000000
576,data/fashionmnist.npz,32,10,cpu,cpu,1,1,0.000409,0.000334,0.000000
577,data/fashionmnist.npz,32,10,cpu,cpu,1,1,0.000449,0.000418,0.000000
578,data/fashionmnist.npz,32,10,cpu,cpu,1,1,0.000468,0.000421,0.000000
579,data/fashionmnist.npz,32,10,cpu,cpu,1,1,0.000413,0.000307,0.000000
580,data/fashionmnist.npz,32,10,cpu,cpu,1,1,0.000434,0.000260,0.000000
581,data/fashionmnist.npz,32,10,cpu,cpu,1,1,0.000421,0.000309,0.000000
582,data/fashionmnist.npz,32,10,cpu,cpu,1,1,0.000441,0.000335,0.000000
583,data/fashionmnist.npz,32,10,cpu,cpu,1,1,0.000444,0.000395,0.000000
584,data/fashionmnist.npz,32,10,cpu,cpu,1,1,0.000502,0.000628,0.000000
585,data/fashionmnist.npz,32,10,cpu,cpu,1,1,0.000413,0.000348,0.000000
586,data/fashionmnist.npz,32,10,cpu,cpu,1,1,0.000471,0.000380,0.000000
587,data/fashionmnist.npz,32,10,cpu,cpu,1,1,0.000427,0.000477,0.000000
588,data/fashionmnist.npz,32,10,cpu,cpu,1,1,0.000410,0.000267,0.000000
589,data/fashionmnist.npz,32,10,cpu,cpu,1,1,0.000429,0.000430,0.000000
590,data/fashionmnist.npz,32,10,cpu,cpu,1,1,0.000467,0.000315,0.000000
591,data/fashionmnist.npz,32,10,cpu,cpu,1,1,0.000418,0.000413,0.000000
592,data/fashionmnist.npz,32,10,cpu,cpu,1,1,0.000514,0.000523,0.000000
593,data/fashionmnist.npz,32,10,cpu,cpu,1,1,0.000431,0.000309,0.000000
594,data/fashionmnist.npz,32,10,cpu,cpu,1,1,0.000430,0.000351,0.000000
595,data/fashionmnist.npz,32,10,cpu,cpu,1,1,0.000437,0.000511,0.000000
596,data/fashionmnist.npz,32,10,cpu,cpu,1,1,0.000427,0.000295,0.000000
597,data/fashionmnist.npz,32,10,cpu,cpu,1,1,0.000450,0.000561,0.000000
598,data/fashionmnist.npz,32,10,cpu,cpu,1,1,0.000415,0.000312,0.000000
599,data/fashionmnist.npz,32,10,cpu,cpu,1,1,0.000455,0.000443,0.000000
600,data/fashionmnist.npz,32,10,cpu,cpu,1,1,0.000387,0.000178,0.000000
601,data/fashionmnist.npz,32,10,cpu,cpu,1,1,0.000452,0.000581,0.000000
602,data/fashionmnist.npz,32,10,cpu,cpu,1,1,0.000424,0.000323,0.000000
603,data/fashionmnist.npz,32,10,cpu,cpu,1,1,0.000454,0.000399,0.000000
604,data/fashionmnist.npz,32,10,cpu,cpu,1,1,0.000441,0.000411,0.000000
605,data/fashionmnist.npz,32,10,cpu,cpu,1,1,0.000434,0.000299,0.000000
606,data/fashionmnist.npz,32,10,cpu,cpu,1,1,0.000412,0.000278,0.000000
607,data/fashionmnist.npz,32,10,cpu,cpu,1,1,0.000510,0.000679,0.000000
608,data/fashionmnist.npz,32,10,cpu,cpu,1,1,0.000451,0.000431,0.000000
609,data/fashionmnist.npz,32,10,cpu,cpu,1,1,0.000407,0.000272,0.000000
610,data/fashionmnist.npz,32,10,cpu,cpu,1,1,0.000453,0.000352,0.000000
611,data/fashionmnist.npz,32,10,cpu,cpu,1,1,0.000388,0.000200,0.000000
612,data/fashionmnist.npz,32,10,cpu,cpu,1,1,0.000431,0.000313,0.000000
613,data/fashionmnist.npz,32,10,cpu,cpu,1,1,0.000429,0.000414,0.000000
614,data/fashionmnist.npz,32,10,cpu,cpu,1,1,0.000487,0.000663,0.000000
615,data/fashionmnist.npz,32,10,cpu,cpu,1,1,0.000407,0.000382,0.000000
616,data/fashionmnist.npz,32,10,cpu,cpu,1,1,0.000504,0.000476,0.000000
617,data/fashionmnist.npz,32,10,cpu,cpu,1,1,0.000419,0.000338,0.000000
618,data/fashionmnist.npz,32,10,cpu,cpu,1,1,0.000454,0.000403,0.000000
619,data/fashionmnist.npz,32,10,cpu,cpu,1,1,0.000494,0.000577,0.000000
620,data/fashionmnist.npz,32,10,cpu,cpu,1,1,0.000470,0.000625,0.000000
621,data/fashionmnist.npz,32,10,cpu,cpu,1,1,0.000432,0.000448,0.000000
622,data/fashionmnist.npz,32,10,cpu,cpu,1,1,0.000419,0.000293,0.000000
623,data/fashionmnist.npz,32,10,cpu,cpu,1,1,0.000445,0.000560,0.000000
624,data/fashionmnist.npz,32,10,cpu,cpu,1,1,0.000421,0.000305,0.000000
625,data/fashionmnist.npz,32,10,cpu,cpu,1,1,0.000469,0.000527,0.000000
626,data/fashionmnist.npz,32,10,cpu,cpu,1,1,0.000407,0.000256,0.000000
627,data/fashionmnist.npz,32,10,cpu,cpu,1,1,0.000425,0.000426,0.000000
628,data/fashionmnist.npz,32,10,cpu,cpu,1,1,0.000473,0.000545,0.000000
629,data/fashionmnist.npz,32,10,cpu,cpu,1,1,0.000473,0.000393,0.000000
630,data/fashionmnist.npz,32,10,cpu,cpu,1,1,0.000472,0.000616,0.000000
631,data/fashionmnist.npz,32,10,cpu,cpu,1,1,0.000422,0.000406,0.000000
632,data/fashionmnist.npz,32,10,cpu,cpu,1,1,0.000452,0.000355,0.000000
633,data/fashionmnist.npz,32,10,cpu,cpu,1,1,0.000411,0.000301,0.000000
634,data/fashionmnist.npz,32,10,cpu,cpu,1,1,0.000449,0.000439,0.000000
635,data/fashionmnist.npz,32,10,cpu,cpu,1,1,0.000436,0.000433,0.000000
636,data/fashionmnist.npz,32,10,cpu,cpu,1,1,0.000451,0.000451,0.000000
637,data/fashionmnist.npz,32,10,cpu,cpu,1,1,0.000494,0.000562,0.000000
638,data/fashionmnist.npz,32,10,cpu,cpu,1,1,0.000430,0.000502,0.000000
639,data/fashionmnist.npz,32,10,cpu,cpu,1,1,0.000450,0.000424,0.000000
640,data/fashionmnist.npz,32,10,cpu,cpu,1,1,0.000431,0.000357,0.000000
641,data/fashionmnist.npz,32,10,cpu,cpu,1,1,0.000436,0.000405,0.000000
642,data/fashionmnist.npz,32,10,cpu,cpu,1,1,0.000478,0.000415,0.000000
643,data/fashionmnist.npz,32,10,cpu,cpu,1,1,0.000418,0.000394,0.000000
644,data/fashionmnist.npz,32,10,cpu,cpu,1,1,0.000467,0.000523,0.000000
645,data/fashionmnist.npz,32,10,cpu,cpu,1,1,0.000442,0.000431,0.000000
646,data/fashionmnist.npz,32,10,cpu,cpu,1,1,0.000434,0.000403,0.000000
647,data/fashionmnist.npz,32,10,cpu,cpu,1,1,0.000464,0.000396,0.000000
648,data/fashionmnist.npz,32,10,cpu,cpu,1,1,0.000445,0.000433,0.000000
649,data/fashionmnist.npz,32,10,cpu,cpu,1,1,0.000424,0.000291,0.000000
650,data/fashionmnist.npz,32,10,cpu,cpu,1,1,0.000388,0.000190,0.000000
651,data/fashionmnist.npz,32,10,cpu,cpu,1,1,0.000450,0.000520,0.000000
652,data/fashionmnist.npz,32,10,cpu,cpu,1,1,0.000446,0.000448,0.000000
653,data/fashionmnist.npz,32,10,cpu,cpu,1,1,0.000432,0.000319,0.000000
654,data/fashionmnist.npz,32,10,cpu,cpu,1,1,0.000426,0.000372,0.000000
655,data/fashionmnist.npz,32,10,cpu,cpu,1,1,0.000444,0.000434,0.000000
656,data/fashionmnist.npz,32,10,cpu,cpu,1,1,0.000397,0.000257,0.000000
657,data/fashionmnist.npz,32,10,cpu,cpu,1,1,0.000494,0.000607,0.000000
658,data/fashionmnist.npz,32,10,cpu,cpu,1,1,0.000468,0.000532,0.000000
659,data/fashionmnist.npz,32,10,cpu,cpu,1,1,0.000437,0.000410,0.000000
660,data/fashionmnist.npz,32,10,cpu,cpu,1,1,0.000484,0.000447,0.000000
661,data/fashionmnist.npz,32,10,cpu,cpu,1,1,0.000437,0.000375,0.000000
662,data/fashionmnist.npz,32,10,cpu,cpu,1,1,0.000422,0.000307,0.000000
663,data/fashionmnist.npz,32,10,cpu,cpu,1,1,0.000429,0.000309,0.000000
664,data/fashionmnist.npz,32,10,cpu,cpu,1,1,0.000503,0.000598,0.000000
665,data/fashionmnist.npz,32,10,cpu,cpu,1,1,0.000431,0.000311,0.000000
666,data/fashionmnist.npz,32,10,cpu,cpu,1,1,0.000402,0.000286,0.000000
667,data/fashionmnist.npz,32,10,cpu,cpu,1,1,0.000480,0.000485,0.000000
668,data/fashionmnist.npz,32,10,cpu,cpu,1,1,0.000417,0.000328,0.000000
669,data/fashionmnist.npz,32,10,cpu,cpu,1,1,0.000473,0.000553,0.000000
670,data/fashionmnist.npz,32,10,cpu,cpu,1,1,0.000446,0.000419,0.000000
671,data/fashionmnist.npz,32,10,cpu,cpu,1,1,0.000432,0.000391,0.000000
672,data/fashionmnist.npz,32,10,cpu,cpu,1,1,0.000447,0.000407,0.000000
673,data/fashionmnist.npz,32,10,cpu,cpu,1,1,0.000439,0.000431,0.000000
674,data/fashionmnist.npz,32,10,cpu,cpu,1,1,0.000465,0.000549,0.000000
675,data/fashionmnist.npz,32,10,cpu,cpu,1,1,0.000432,0.000428,0.000000
676,data/fashionmnist.npz,32,10,cpu,cpu,1,1,0.000440,0.000342,0.000000
677,data/fashionmnist.npz,32,10,cpu,cpu,1,1,0.000400,0.000282,0.000000
678,data/fashionmnist.npz,32,10,cpu,cpu,1,1,0.000488,0.000597,0.000000
679,data/fashionmnist.npz,32,10,cpu,cpu,1,1,0.000464,0.000426,0.000000
680,data/fashionmnist.npz,32,10,cpu,cpu,1,1,0.000448,0.000389,0.000000
681,data/fashionmnist.npz,32,10,cpu,cpu,1,1,0.000450,0.000399,0.000000
682,data/fashionmnist.npz,32,10,cpu,cpu,1,1,0.000409,0.000328,0.000000
683,data/fashionmnist.npz,32,10,cpu,cpu,1,1,0.000431,0.000299,0.000000
684,data/fashionmnist.npz,32,10,cpu,cpu,1,1,0.000406,0.000280,0.000000
685,data/fashionmnist.npz,32,10,cpu,cpu,1,1,0.000424,0.000271,0.000000
686,data/fashionmnist.npz,32,10,cpu,cpu,1,1,0.000470,0.000549,0.000000
687,data/fashionmnist.npz,32,10,cpu,cpu,1,1,0.000450,0.000489,0.000000
688,data/fashionmnist.npz,32,10,cpu,cpu,1,1,0.000422,0.000260,0.000000
689,data/fashionmnist.npz,32,10,cpu,cpu,1,1,0.000441,0.000433,0.000000
690,data/fashionmnist.npz,32,10,cpu,cpu,1,1,0.000445,0.000461,0.000000
691,data/fashionmnist.npz,32,10,cpu,cpu,1,1,0.000428,0.000407,0.000000
692,data/fashionmnist.npz,32,10,cpu,cpu,1,1,0.000490,0.000633,0.000000
693,data/fashionmnist.npz,32,10,cpu,cpu,1,1,0.000432,0.000396,0.000000
694,data/fashionmnist.npz,32,10,cpu,cpu,1,1,0.000458,0.000557,0.000000
695,data/fashionmnist.npz,32,10,cpu,cpu,1,1,0.000436,0.000486,0.000000
696,data/fashionmnist.npz,32,10,cpu,cpu,1,1,0.000447,0.000412,0.000000
697,data/fashionmnist.npz,32,10,cpu,cpu,1,1,0.000414,0.000356,0.000000
698,data/fashionmnist.npz,32,10,cpu,cpu,1,1,0.000479,0.000688,0.000000
699,data/fashionmnist.npz,32,10,cpu,cpu,1,1,0.000436,0.000448,0.000000
700,data/fashionmnist.npz,32,10,cpu,cpu,1,1,0.000406,0.000305,0.000000
701,data/fashionmnist.npz,32,10,cpu,cpu,1,1,0.000425,0.000412,0.000000
702,data/fashionmnist.npz,32,10,cpu,cpu,1,1,0.000402,0.000385,0.000000
703,data/fashionmnist.npz,32,10,cpu,cpu,1,1,0.000467,0.000470,0.000000
704,data/fashionmnist.npz,32,10,cpu,cpu,1,1,0.000414,0.000329,0.000000
705,data/fashionmnist.npz,32,10,cpu,cpu,1,1,0.000433,0.000351,0.000000
706,data/fashionmnist.npz,32,10,cpu,cpu,1,1,0.000435,0.000443,0.000000
707,data/fashionmnist.npz,32,10,cpu,cpu,1,1,0.000420,0.000365,0.000000
708,data/fashionmnist.npz,32,10,cpu,cpu,1,1,0.000448,0.000352,0.000000
709,data/fashionmnist.npz,32,10,cpu,cpu,1,1,0.000456,0.000491,0.000000
710,data/fashionmnist.npz,32,10,cpu,cpu,1,1,0.000419,0.000361,0.000000
711,data/fashionmnist.npz,32,10,cpu,cpu,1,1,0.000484,0.000506,0.000000
712,data/fashionmnist.npz,32,10,cpu,cpu,1,1,0.000393,0.000237,0.000000
713,data/fashionmnist.npz,32,10,cpu,cpu,1,1,0.000457,0.000474,0.000000
714,data/fashionmnist.npz,32,10,cpu,cpu,1,1,0.000425,0.000377,0.000000
715,data/fashionmnist.npz,32,10,cpu,cpu,1,1,0.000446,0.000522,0.000000
716,data/fashionmnist.npz,32,10,cpu,cpu,1,1,0.000446,0.000477,0.000000
717,data/fashionmnist.npz,32,10,cpu,cpu,1,1,0.000450,0.000499,0.000000
718,data/fashionmnist.npz,32,10,cpu,cpu,1,1,0.000442,0.000504,0.000000
719,data/fashionmnist.npz,32,10,cpu,cpu,1,1,0.000445,0.000511,0.000000
720,data/fashionmnist.npz,32,10,cpu,cpu,1,1,0.000396,0.000267,0.000000
721,data/fashionmnist.npz,32,10,cpu,cpu,1,1,0.000447,0.000303,0.000000
722,data/fashionmnist.npz,32,10,cpu,cpu,1,1,0.000417,0.000326,0.000000
723,data/fashionmnist.npz,32,10,cpu,cpu,1,1,0.000435,0.000378,0.000000
724,data/fashionmnist.npz,32,10,cpu,cpu,1,1,0.000501,0.000542,0.000000
725,data/fashionmnist.npz,32,10,cpu,cpu,1,1,0.000419,0.000498,0.000000
726,data/fashionmnist.npz,32,10,cpu,cpu,1,1,0.000427,0.000542,0.000000
727,data/fashionmnist.npz,32,10,cpu,cpu,1,1,0.000477,0.000570,0.000000
728,data/fashionmnist.npz,32,10,cpu,cpu,1,1,0.000456,0.000480,0.000000
729,data/fashionmnist.npz,32,10,cpu,cpu,1,1,0.000404,0.000314,0.000000
730,data/fashionmnist.npz,32,10,cpu,cpu,1,1,0.000445,0.000360,0.000000
731,data/fashionmnist.npz,32,10,cpu,cpu,1,1,0.000410,0.000352,0.000000
732,data/fashionmnist.npz,32,10,cpu,cpu,1,1,0.000456,0.000399,0.000000
733,data/fashionmnist.npz,32,10,cpu,cpu,1,1,0.000476,0.000611,0.000000
734,data/fashionmnist.npz,32,10,cpu,cpu,1,1,0.000444,0.000465,0.000000
735,data/fashionmnist.npz,32,10,cpu,cpu,1,1,0.000450,0.000337,0.000000
736,data/fashionmnist.npz,32,10,cpu,cpu,1,1,0.000418,0.000332,0.000000
737,data/fashionmnist.npz,32,10,cpu,cpu,1,1,0.000477,0.000429,0.000000
738,data/fashionmnist.npz,32,10,cpu,cpu,1,1,0.000429,0.000403,0.000000
739,data/fashionmnist.npz,32,10,cpu,cpu,1,1,0.000433,0.000268,0.000000
740,data/fashionmnist.npz,32,10,cpu,cpu,1,1,0.000443,0.000413,0.000000
741,data/fashionmnist.npz,32,10,cpu,cpu,1,1,0.000419,0.000252,0.000000
742,data/fashionmnist.npz,32,10,cpu,cpu,1,1,0.000430,0.000384,0.000000
743,data/fashionmnist.npz,32,10,cpu,cpu,1,1,0.000460,0.000541,0.000000
744,data/fashionmnist.npz,32,10,cpu,cpu,1,1,0.000437,0.000295,0.000000
745,data/fashionmnist.npz,32,10,cpu,cpu,1,1,0.000468,0.000551,0.000000
746,data/fashionmnist.npz,32,10,cpu,cpu,1,1,0.000454,0.000413,0.000000
747,data/fashionmnist.npz,32,10,cpu,cpu,1,1,0.000431,0.000253,0.000000
748,data/fashionmnist.npz,32,10,cpu,cpu,1,1,0.000427,0.000406,0.000000
749,data/fashionmnist.npz,32,10,cpu,cpu,1,1,0.000458,0.000487,0.000000
750,data/fashionmnist.npz,32,10,cpu,cpu,1,1,0.000426,0.000233,0.000000
751,data/fashionmnist.npz,32,10,cpu,cpu,1,1,0.000444,0.000455,0.000000
752,data/fashionmnist.npz,32,10,cpu,cpu,1,1,0.000450,0.000501,0.000000
753,data/fashionmnist.npz,32,10,cpu,cpu,1,1,0.000426,0.000443,0.000000
754,data/fashionmnist.npz,32,10,cpu,cpu,1,1,0.000405,0.000336,0.000000
755,data/fashionmnist.npz,32,10,cpu,cpu,1,1,0.000455,0.000453,0.000000
756,data/fashionmnist.npz,32,10,cpu,cpu,1,1,0.000395,0.000268,0.000000
757,data/fashionmnist.npz,32,10,cpu,cpu,1,1,0.000447,0.000604,0.000000
758,data/fashionmnist.npz,32,10,cpu,cpu,1,1,0.000437,0.000351,0.000000
759,data/fashionmnist.npz,32,10,cpu,cpu,1,1,0.000473,0.000453,0.000000
760,data/fashionmnist.npz,32,10,cpu,cpu,1,1,0.000441,0.000429,0.000000
761,data/fashionmnist.npz,32,10,cpu,cpu,1,1,0.000401,0.000287,0.000000
762,data/fashionmnist.npz,32,10,cpu,cpu,1,1,0.000454,0.000331,0.000000
763,data/fashionmnist.npz,32,10,cpu,cpu,1,1,0.000408,0.000282,0.000000
764,data/fashionmnist.npz,32,10,cpu,cpu,1,1,0.000451,0.000627,0.000000
765,data/fashionmnist.npz,32,10,cpu,cpu,1,1,0.000426,0.000411,0.000000
766,data/fashionmnist.npz,32,10,cpu,cpu,1,1,0.000423,0.000268,0.000000
767,data/fashionmnist.npz,32,10,cpu,cpu,1,1,0.000466,0.000435,0.000000
768,data/fashionmnist.npz,32,10,cpu,cpu,1,1,0.000427,0.000363,0.000000
769,data/fashionmnist.npz,32,10,cpu,cpu,1,1,0.000480,0.000332,0.000000
770,data/fashionmnist.npz,32,10,cpu,cpu,1,1,0.000403,0.000392,0.000000
771,data/fashionmnist.npz,32,10,cpu,cpu,1,1,0.000464,0.000454,0.000000
772,data/fashionmnist.npz,32,10,cpu,cpu,1,1,0.000433,0.000387,0.000000
773,data/fashionmnist.npz,32,10,cpu,cpu,1,1,0.000440,0.000515,0.000000
774,data/fashionmnist.npz,32,10,cpu,cpu,1,1,0.000409,0.000198,0.000000
775,data/fashionmnist.npz,32,10,cpu,cpu,1,1,0.000446,0.000594,0.000000
776,data/fashionmnist.npz,32,10,cpu,cpu,1,1,0.000437,0.000319,0.000000
777,data/fashionmnist.npz,32,10,cpu,cpu,1,1,0.000478,0.000652,0.000000
778,data/fashionmnist.npz,32,10,cpu,cpu,1,1,0.000388,0.000228,0.000000
779,data/fashionmnist.npz,32,10,cpu,cpu,1,1,0.000464,0.000448,0.000000
780,data/fashionmnist.npz,32,10,cpu,cpu,1,1,0.000400,0.000331,0.000000
781,data/fashionmnist.npz,32,10,cpu,cpu,1,1,0.000432,0.000410,0.000000
782,data/fashionmnist.npz,32,10,cpu,cpu,1,1,0.000435,0.000577,0.000000
783,data/fashionmnist.npz,32,10,cpu,cpu,1,1,0.000467,0.000458,0.000000
784,data/fashionmnist.npz,32,10,cpu,cpu,1,1,0.000456,0.000328,0.000000
785,data/fashionmnist.npz,32,10,cpu,cpu,1,1,0.000427,0.000507,0.000000
786,data/fashionmnist.npz,32,10,cpu,cpu,1,1,0.000466,0.000490,0.000000
787,data/fashionmnist.npz,32,10,cpu,cpu,1,1,0.000423,0.000367,0.000000
788,data/fashionmnist.npz,32,10,cpu,cpu,1,1,0.000411,0.000351,0.000000
789,data/fashionmnist.npz,32,10,cpu,cpu,1,1,0.000393,0.000242,0.000000
790,data/fashionmnist.npz,32,10,cpu,cpu,1,1,0.000466,0.000403,0.000000
791,data/fashionmnist.npz,32,10,cpu,cpu,1,1,0.000440,0.000461,0.000000
792,data/fashionmnist.npz,32,10,cpu,cpu,1,1,0.000401,0.000344,0.000000
793,data/fashionmnist.npz,32,10,cpu,cpu,1,1,0.000467,0.000430,0.000000
794,data/fashionmnist.npz,32,10,cpu,cpu,1,1,0.000420,0.000457,0.000000
795,data/fashionmnist.npz,32,10,cpu,cpu,1,1,0.000451,0.000418,0.000000
796,data/fashionmnist.npz,32,10,cpu,cpu,1,1,0.000397,0.000274,0.000000
797,data/fashionmnist.npz,32,10,cpu,cpu,1,1,0.000414,0.000322,0.000000
798,data/fashionmnist.npz,32,10,cpu,cpu,1,1,0.000420,0.000422,0.000000
799,data/fashionmnist.npz,32,10,cpu,cpu,1,1,0.000489,0.000487,0.000000
800,data/fashionmnist.npz,32,10,cpu,cpu,1,1,0.000406,0.000361,0.000000
801,data/fashionmnist.npz,32,10,cpu,cpu,1,1,0.000479,0.000449,0.000000
802,data/fashionmnist.npz,32,10,cpu,cpu,1,1,0.000506,0.000530,0.000000
803,data/fashionmnist.npz,32,10,cpu,cpu,1,1,0.000424,0.000398,0.000000
804,data/fashionmnist.npz,32,10,cpu,cpu,1,1,0.000465,0.000463,0.000000
805,data/fashionmnist.npz,32,10,cpu,cpu,1,1,0.000457,0.000364,0.000000
806,data/fashionmnist.npz,32,10,cpu,cpu,1,1,0.000442,0.000598,0.000000
807,data/fashionmnist.npz,32,10,cpu,cpu,1,1,0.000439,0.000274,0.000000
808,data/fashionmnist.npz,32,10,cpu,cpu,1,1,0.000480,0.000577,0.000000
809,data/fashionmnist.npz,32,10,cpu,cpu,1,1,0.000452,0.000520,0.000000
810,data/fashionmnist.npz,32,10,cpu,cpu,1,1,0.000437,0.000604,0.000000
811,data/fashionmnist.npz,32,10,cpu,cpu,1,1,0.000429,0.000485,0.000000
812,data/fashionmnist.npz,32,10,cpu,cpu,1,1,0.000505,0.000446,0.000000
813,data/fashionmnist.npz,32,10,cpu,cpu,1,1,0.000454,0.000603,0.000000
814,data/fashionmnist.npz,32,10,cpu,cpu,1,1,0.000413,0.000457,0.000000
815,data/fashionmnist.npz,32,10,cpu,cpu,1,1,0.000445,0.000339,0.000000
816,data/fashionmnist.npz,32,10,cpu,cpu,1,1,0.000464,0.000585,0.000000
817,data/fashionmnist.npz,32,10,cpu,cpu,1,1,0.000439,0.000301,0.000000
818,data/fashionmnist.npz,32,10,cpu,cpu,1,1,0.000405,0.000414,0.000000
819,data/fashionmnist.npz,32,10,cpu,cpu,1,1,0.000482,0.000483,0.000000
820,data/fashionmnist.npz,32,10,cpu,cpu,1,1,0.000427,0.000269,0.000000
821,data/fashionmnist.npz,32,10,cpu,cpu,1,1,0.000387,0.000210,0.000000
822,data/fashionmnist.npz,32,10,cpu,cpu,1,1,0.000521,0.000568,0.000000
823,data/fashionmnist.npz,32,10,cpu,cpu,1,1,0.000450,0.000526,0.000000
824,data/fashionmnist.npz,32,10,cpu,cpu,1,1,0.000411,0.000325,0.000000
825,data/fashionmnist.npz,32,10,cpu,cpu,1,1,0.000404,0.000344,0.000000
826,data/fashionmnist.npz,32,10,cpu,cpu,1,1,0.000470,0.000404,0.000000
827,data/fashionmnist.npz,32,10,cpu,cpu,1,1,0.000463,0.000585,0.000000
828,data/fashionmnist.npz,32,10,cpu,cpu,1,1,0.000404,0.000339,0.000000
829,data/fashionmnist.npz,32,10,cpu,cpu,1,1,0.000464,0.000407,0.000000
830,data/fashionmnist.npz,32,10,cpu,cpu,1,1,0.000451,0.000299,0.000000
831,data/fashionmnist.npz,32,10,cpu,cpu,1,1,0.000412,0.000399,0.000000
832,data/fashionmnist.npz,32,10,cpu,cpu,1,1,0.000491,0.000485,0.000000
833,data/fashionmnist.npz,32,10,cpu,cpu,1,1,0.000460,0.000374,0.000000
834,data/fashionmnist.npz,32,10,cpu,cpu,1,1,0.000437,0.000493,0.000000
835,data/fashionmnist.npz,32,10,cpu,cpu,1,1,0.000471,0.000402,0.000000
836,data/fashionmnist.npz,32,10,cpu,cpu,1,1,0.000507,0.000543,0.000000
837,data/fashionmnist.npz,32,10,cpu,cpu,1,1,0.000424,0.000341,0.000000
838,data/fashionmnist.npz,32,10,cpu,cpu,1,1,0.000424,0.000413,0.000000
839,data/fashionmnist.npz,32,10,cpu,cpu,1,1,0.000466,0.000446,0.000000
840,data/fashionmnist.npz,32,10,cpu,cpu,1,1,0.000426,0.000490,0.000000
841,data/fashionmnist.npz,32,10,cpu,cpu,1,1,0.000437,0.000318,0.000000
842,data/fashionmnist.npz,32,10,cpu,cpu,1,1,0.000428,0.000538,0.000000
843,data/fashionmnist.npz,32,10,cpu,cpu,1,1,0.000423,0.000477,0.000000
844,data/fashionmnist.npz,32,10,cpu,cpu,1,1,0.000474,0.000427,0.000000
845,data/fashionmnist.npz,32,10,cpu,cpu,1,1,0.000438,0.000576,0.000000
846,data/fashionmnist.npz,32,10,cpu,cpu,1,1,0.000423,0.000487,0.000000
847,data/fashionmnist.npz,32,10,cpu,cpu,1,1,0.000470,0.000442,0.000000
848,data/fashionmnist.npz,32,10,cpu,cpu,1,1,0.000418,0.000487,0.000000
849,data/fashionmnist.npz,32,10,cpu,cpu,1,1,0.000451,0.000338,0.000000
850,data/fashionmnist.npz,32,10,cpu,cpu,1,1,0.000427,0.000401,0.000000
851,data/fashionmnist.npz,32,10,cpu,cpu,1,1,0.000448,0.000383,0.000000
852,data/fashionmnist.npz,32,10,cpu,cpu,1,1,0.000474,0.000511,0.000000
853,data/fashionmnist.npz,32,10,cpu,cpu,1,1,0.000425,0.000495,0.000000
854,data/fashionmnist.npz,32,10,cpu,cpu,1,1,0.000448,0.000366,0.000000
855,data/fashionmnist.npz,32,10,cpu,cpu,1,1,0.000397,0.000346,0.000000
856,data/fashionmnist.npz,32,10,cpu,cpu,1,1,0.000463,0.000407,0.000000
857,data/fashionmnist.npz,32,10,cpu,cpu,1,1,0.000422,0.000455,0.000000
858,data/fashionmnist.npz,32,10,cpu,cpu,1,1,0.000438,0.000321,0.000000
859,data/fashionmnist.npz,32,10,cpu,cpu,1,1,0.000416,0.000442,0.000000
860,data/fashionmnist.npz,32,10,cpu,cpu,1,1,0.000445,0.000327,0.000000
861,data/fashionmnist.npz,32,10,cpu,cpu,1,1,0.000412,0.000395,0.000000
862,data/fashionmnist.npz,32,10,cpu,cpu,1,1,0.000475,0.000448,0.000000
863,data/fashionmnist.npz,32,10,cpu,cpu,1,1,0.000433,0.000560,0.000000
864,data/fashionmnist.npz,32,10,cpu,cpu,1,1,0.000440,0.000612,0.000000
865,data/fashionmnist.npz,32,10,cpu,cpu,1,1,0.000406,0.000396,0.000000
866,data/fashionmnist.npz,32,10,cpu,cpu,1,1,0.000408,0.000357,0.000000
867,data/fashionmnist.npz,32,10,cpu,cpu,1,1,0.000504,0.000372,0.000000
868,data/fashionmnist.npz,32,10,cpu,cpu,1,1,0.000412,0.000372,0.000000
869,data/fashionmnist.npz,32,10,cpu,cpu,1,1,0.000452,0.000359,0.000000
870,data/fashionmnist.npz,32,10,cpu,cpu,1,1,0.000428,0.000432,0.000000
871,data/fashionmnist.npz,32,10,cpu,cpu,1,1,0.000479,0.000502,0.000000
872,data/fashionmnist.npz,32,10,cpu,cpu,1,1,0.000419,0.000405,0.000000
873,data/fashionmnist.npz,32,10,cpu,cpu,1,1,0.000482,0.000481,0.000000
874,data/fashionmnist.npz,32,10,cpu,cpu,1,1,0.000385,0.000192,0.000000
875,data/fashionmnist.npz,32,10,cpu,cpu,1,1,0.000400,0.000296,0.000000
876,data/fashionmnist.npz,32,10,cpu,cpu,1,1,0.000509,0.000522,0.000000
877,data/fashionmnist.npz,32,10,cpu,cpu,1,1,0.000426,0.000493,0.000000
878,data/fashionmnist.npz,32,10,cpu,cpu,1,1,0.000391,0.000228,0.000000
879,data/fashionmnist.npz,32,10,cpu,cpu,1,1,0.000444,0.000532,0.000000
880,data/fashionmnist.npz,32,10,cpu,cpu,1,1,0.000442,0.000334,0.000000
881,data/fashionmnist.npz,32,10,cpu,cpu,1,1,0.000400,0.000342,0.000000
882,data/fashionmnist.npz,32,10,cpu,cpu,1,1,0.000494,0.000515,0.000000
883,data/fashionmnist.npz,32,10,cpu,cpu,1,1,0.000400,0.000341,0.000000
884,data/fashionmnist.npz,32,10,cpu,cpu,1,1,0.000443,0.000371,0.000000
885,data/fashionmnist.npz,32,10,cpu,cpu,1,1,0.000429,0.000410,0.000000
886,data/fashionmnist.npz,32,10,cpu,cpu,1,1,0.000458,0.000576,0.000000
887,data/fashionmnist.npz,32,10,cpu,cpu,1,1,0.000399,0.000282,0.000000
888,data/fashionmnist.npz,32,10,cpu,cpu,1,1,0.000432,0.000407,0.000000
889,data/fashionmnist.npz,32,10,cpu,cpu,1,1,0.000440,0.000459,0.000000
890,data/fashionmnist.npz,32,10,cpu,cpu,1,1,0.000440,0.000326,0.000000
891,data/fashionmnist.npz,32,10,cpu,cpu,1,1,0.000443,0.000517,0.000000
892,data/fashionmnist.npz,32,10,cpu,cpu,1,1,0.000415,0.000221,0.000000
893,data/fashionmnist.npz,32,10,cpu,cpu,1,1,0.000432,0.000400,0.000000
894,data/fashionmnist.npz,32,10,cpu,cpu,1,1,0.000410,0.000384,0.000000
895,data/fashionmnist.npz,32,10,cpu,cpu,1,1,0.000407,0.000305,0.000000
896,data/fashionmnist.npz,32,10,cpu,cpu,1,1,0.000429,0.000491,0.000000
897,data/fashionmnist.npz,32,10,cpu,cpu,1,1,0.000486,0.000471,0.000000
898,data/fashionmnist.npz,32,10,cpu,cpu,1,1,0.000430,0.000532,0.000000
899,data/fashionmnist.npz,32,10,cpu,cpu,1,1,0.000428,0.000444,0.000000
900,data/fashionmnist.npz,32,10,cpu,cpu,1,1,0.000461,0.000471,0.000000
901,data/fashionmnist.npz,32,10,cpu,cpu,1,1,0.000417,0.000485,0.000000
902,data/fashionmnist.npz,32,10,cpu,cpu,1,1,0.000430,0.000300,0.000000
903,data/fashionmnist.npz,32,10,cpu,cpu,1,1,0.000426,0.000455,0.000000
904,data/fashionmnist.npz,32,10,cpu,cpu,1,1,0.000430,0.000296,0.000000
905,data/fashionmnist.npz,32,10,cpu,cpu,1,1,0.000460,0.000425,0.000000
906,data/fashionmnist.npz,32,10,cpu,cpu,1,1,0.000469,0.000940,0.000000
907,data/fashionmnist.npz,32,10,cpu,cpu,1,1,0.000512,0.000560,0.000000
908,data/fashionmnist.npz,32,10,cpu,cpu,1,1,0.000452,0.000356,0.000000
909,data/fashionmnist.npz,32,10,cpu,cpu,1,1,0.000426,0.000547,0.000000
910,data/fashionmnist.npz,32,10,cpu,cpu,1,1,0.000427,0.000388,0.000000
911,data/fashionmnist.npz,32,10,cpu,cpu,1,1,0.000473,0.000510,0.000000
912,data/fashionmnist.npz,32,10,cpu,cpu,1,1,0.000423,0.000544,0.000000
913,data/fashionmnist.npz,32,10,cpu,cpu,1,1,0.000445,0.000521,0.000000
914,data/fashionmnist.npz,32,10,cpu,cpu,1,1,0.000429,0.000322,0.000000
915,data/fashionmnist.npz,32,10,cpu,cpu,1,1,0.000431,0.000358,0.000000
916,data/fashionmnist.npz,32,10,cpu,cpu,1,1,0.000413,0.000414,0.000000
917,data/fashionmnist.npz,32,10,cpu,cpu,1,1,0.000468,0.000628,0.000000
918,data/fashionmnist.npz,32,10,cpu,cpu,1,1,0.000451,0.000530,0.000000
919,data/fashionmnist.npz,32,10,cpu,cpu,1,1,0.000430,0.000511,0.000000
920,data/fashionmnist.npz,32,10,cpu,cpu,1,1,0.000465,0.000471,0.000000
921,data/fashionmnist.npz,32,10,cpu,cpu,1,1,0.000429,0.000320,0.000000
922,data/fashionmnist.npz,32,10,cpu,cpu,1,1,0.000443,0.000426,0.000000
923,data/fashionmnist.npz,32,10,cpu,cpu,1,1,0.000404,0.000338,0.000000
924,data/fashionmnist.npz,32,10,cpu,cpu,1,1,0.000477,0.000461,0.000000
925,data/fashionmnist.npz,32,10,cpu,cpu,1,1,0.000410,0.000368,0.000000
926,data/fashionmnist.npz,32,10,cpu,cpu,1,1,0.000487,0.000433,0.000000
927,data/fashionmnist.npz,32,10,cpu,cpu,1,1,0.000435,0.000502,0.000000
928,data/fashionmnist.npz,32,10,cpu,cpu,1,1,0.000452,0.000455,0.000000
929,data/fashionmnist.npz,32,10,cpu,cpu,1,1,0.000412,0.000198,0.000000
930,data/fashionmnist.npz,32,10,cpu,cpu,1,1,0.000470,0.000514,0.000000
931,data/fashionmnist.npz,32,10,cpu,cpu,1,1,0.000468,0.000323,0.000000
932,data/fashionmnist.npz,32,10,cpu,cpu,1,1,0.000398,0.000251,0.000000
933,data/fashionmnist.npz,32,10,cpu,cpu,1,1,0.000434,0.000283,0.000000
934,data/fashionmnist.npz,32,10,cpu,cpu,1,1,0.000406,0.000269,0.000000
935,data/fashionmnist.npz,32,10,cpu,cpu,1,1,0.000417,0.000400,0.000000
936,data/fashionmnist.npz,32,10,cpu,cpu,1,1,0.000443,0.000385,0.000000
937,data/fashionmnist.npz,32,10,cpu,cpu,1,1,0.000467,0.000543,0.000000
938,data/fashionmnist.npz,32,10,cpu,cpu,1,1,0.000462,0.000441,0.000000
939,data/fashionmnist.npz,32,10,cpu,cpu,1,1,0.000406,0.000268,0.000000
940,data/fashionmnist.npz,32,10,cpu,cpu,1,1,0.000479,0.000582,0.000000
941,data/fashionmnist.npz,32,10,cpu,cpu,1,1,0.000421,0.000329,0.000000
942,data/fashionmnist.npz,32,10,cpu,cpu,1,1,0.000450,0.000441,0.000000
943,data/fashionmnist.npz,32,10,cpu,cpu,1,1,0.000420,0.000292,0.000000
944,data/fashionmnist.npz,32,10,cpu,cpu,1,1,0.000461,0.000458,0.000000
945,data/fashionmnist.npz,32,10,cpu,cpu,1,1,0.000440,0.000435,0.000000
946,data/fashionmnist.npz,32,10,cpu,cpu,1,1,0.000447,0.000414,0.000000
947,data/fashionmnist.npz,32,10,cpu,cpu,1,1,0.000435,0.000420,0.000000
948,data/fashionmnist.npz,32,10,cpu,cpu,1,1,0.000492,0.000493,0.000000
949,data/fashionmnist.npz,32,10,cpu,cpu,1,1,0.000434,0.000459,0.000000
950,data/fashionmnist.npz,32,10,cpu,cpu,1,1,0.000442,0.000295,0.000000
951,data/fashionmnist.npz,32,10,cpu,cpu,1,1,0.000423,0.000336,0.000000
952,data/fashionmnist.npz,32,10,cpu,cpu,1,1,0.000457,0.000449,0.000000
953,data/fashionmnist.npz,32,10,cpu,cpu,1,1,0.000442,0.000469,0.000000
954,data/fashionmnist.npz,32,10,cpu,cpu,1,1,0.000439,0.000305,0.000000
955,data/fashionmnist.npz,32,10,cpu,cpu,1,1,0.000425,0.000389,0.000000
956,data/fashionmnist.npz,32,10,cpu,cpu,1,1,0.000452,0.000328,0.000000
957,data/fashionmnist.npz,32,10,cpu,cpu,1,1,0.000423,0.000359,0.000000
958,data/fashionmnist.npz,32,10,cpu,cpu,1,1,0.000471,0.000512,0.000000
959,data/fashionmnist.npz,32,10,cpu,cpu,1,1,0.000449,0.000502,0.000000
960,data/fashionmnist.npz,32,10,cpu,cpu,1,1,0.000483,0.000435,0.000000
961,data/fashionmnist.npz,32,10,cpu,cpu,1,1,0.000440,0.000507,0.000000
962,data/fashionmnist.npz,32,10,cpu,cpu,1,1,0.000464,0.000443,0.000000
963,data/fashionmnist.npz,32,10,cpu,cpu,1,1,0.000468,0.000523,0.000000
964,data/fashionmnist.npz,32,10,cpu,cpu,1,1,0.000440,0.000409,0.000000
965,data/fashionmnist.npz,32,10,cpu,cpu,1,1,0.000441,0.000318,0.000000
966,data/fashionmnist.npz,32,10,cpu,cpu,1,1,0.000448,0.000455,0.000000
967,data/fashionmnist.npz,32,10,cpu,cpu,1,1,0.000469,0.000484,0.000000
968,data/fashionmnist.npz,32,10,cpu,cpu,1,1,0.000423,0.000360,0.000000
969,data/fashionmnist.npz,32,10,cpu,cpu,1,1,0.000492,0.000584,0.000000
970,data/fashionmnist.npz,32,10,cpu,cpu,1,1,0.000428,0.000409,0.000000
971,data/fashionmnist.npz,32,10,cpu,cpu,1,1,0.000470,0.000460,0.000000
972,data/fashionmnist.npz,32,10,cpu,cpu,1,1,0.000423,0.000346,0.000000
973,data/fashionmnist.npz,32,10,cpu,cpu,1,1,0.000458,0.000455,0.000000
974,data/fashionmnist.npz,32,10,cpu,cpu,1,1,0.000449,0.000375,0.000000
975,data/fashionmnist.npz,32,10,cpu,cpu,1,1,0.000431,0.000279,0.000000
976,data/fashionmnist.npz,32,10,cpu,cpu,1,1,0.000507,0.000577,0.000000
977,data/fashionmnist.npz,32,10,cpu,cpu,1,1,0.000472,0.000482,0.000000
978,data/fashionmnist.npz,32,10,cpu,cpu,1,1,0.000440,0.000335,0.000000
979,data/fashionmnist.npz,32,10,cpu,cpu,1,1,0.000487,0.000606,0.000000
980,data/fashionmnist.npz,32,10,cpu,cpu,1,1,0.000449,0.000482,0.000000
981,data/fashionmnist.npz,32,10,cpu,cpu,1,1,0.000474,0.000532,0.000000
982,data/fashionmnist.npz,32,10,cpu,cpu,1,1,0.000459,0.000444,0.000000
983,data/fashionmnist.npz,32,10,cpu,cpu,1,1,0.000460,0.000475,0.000000
984,data/fashionmnist.npz,32,10,cpu,cpu,1,1,0.000487,0.000518,0.000000
985,data/fashionmnist.npz,32,10,cpu,cpu,1,1,0.000426,0.000391,0.000000
986,data/fashionmnist.npz,32,10,cpu,cpu,1,1,0.000468,0.000583,0.000000
987,data/fashionmnist.npz,32,10,cpu,cpu,1,1,0.000420,0.000288,0.000000
988,data/fashionmnist.npz,32,10,cpu,cpu,1,1,0.000430,0.000362,0.000000
989,data/fashionmnist.npz,32,10,cpu,cpu,1,1,0.000483,0.000638,0.000000
990,data/fashionmnist.npz,32,10,cpu,cpu,1,1,0.000405,0.000301,0.000000
991,data/fashionmnist.npz,32,10,cpu,cpu,1,1,0.000456,0.000351,0.000000
992,data/fashionmnist.npz,32,10,cpu,cpu,1,1,0.000444,0.000436,0.000000
993,data/fashionmnist.npz,32,10,cpu,cpu,1,1,0.000498,0.000575,0.000000
994,data/fashionmnist.npz,32,10,cpu,cpu,1,1,0.000437,0.000357,0.000000
995,data/fashionmnist.npz,32,10,cpu,cpu,1,1,0.000431,0.000267,0.000000
996,data/fashionmnist.npz,32,10,cpu,cpu,1,1,0.000484,0.000528,0.000000
997,data/fashionmnist.npz,32,10,cpu,cpu,1,1,0.000408,0.000296,0.000000
998,data/fashionmnist.npz,32,10,cpu,cpu,1,1,0.000479,0.000564,0.000000
999,data/fashionmnist.npz,32,10,cpu,cpu,1,1,0.000440,0.000423,0.000000
