image_index,data_path,num_directions,num_timesteps,device_requested,device_used,batch_size,num_cores,complex_construction_time,computation_time,vectorization_time
0,data/imagenet.npz,1,10,cuda,cuda,1,1,0.069894,0.002361,0.000000
1,data/imagenet.npz,1,10,cuda,cuda,1,1,0.002393,0.002286,0.000000
2,data/imagenet.npz,1,10,cuda,cuda,1,1,0.002502,0.002334,0.000000
3,data/imagenet.npz,1,10,cuda,cuda,1,1,0.002306,0.002344,0.000000
4,data/imagenet.npz,1,10,cuda,cuda,1,1,0.002282,0.002748,0.000000
5,data/imagenet.npz,1,10,cuda,cuda,1,1,0.002582,0.002555,0.000000
6,data/imagenet.npz,1,10,cuda,cuda,1,1,0.002307,0.002345,0.000000
7,data/imagenet.npz,1,10,cuda,cuda,1,1,0.002279,0.002267,0.000000
8,data/imagenet.npz,1,10,cuda,cuda,1,1,0.002744,0.004172,0.000000
9,data/imagenet.npz,1,10,cuda,cuda,1,1,0.002467,0.002355,0.000000
10,data/imagenet.npz,1,10,cuda,cuda,1,1,0.002569,0.002338,0.000000
11,data/imagenet.npz,1,10,cuda,cuda,1,1,0.002469,0.001536,0.000000
12,data/imagenet.npz,1,10,cuda,cuda,1,1,0.002731,0.002606,0.000000
13,data/imagenet.npz,1,10,cuda,cuda,1,1,0.002824,0.002619,0.000000
14,data/imagenet.npz,1,10,cuda,cuda,1,1,0.002614,0.003092,0.000000
15,data/imagenet.npz,1,10,cuda,cuda,1,1,0.002698,0.002626,0.000000
16,data/imagenet.npz,1,10,cuda,cuda,1,1,0.002626,0.002612,0.000000
17,data/imagenet.npz,1,10,cuda,cuda,1,1,0.002648,0.002468,0.000000
18,data/imagenet.npz,1,10,cuda,cuda,1,1,0.002314,0.002343,0.000000
19,data/imagenet.npz,1,10,cuda,cuda,1,1,0.002483,0.001174,0.000000
20,data/imagenet.npz,1,10,cuda,cuda,1,1,0.002664,0.002640,0.000000
21,data/imagenet.npz,1,10,cuda,cuda,1,1,0.002619,0.002606,0.000000
22,data/imagenet.npz,1,10,cuda,cuda,1,1,0.002330,0.002339,0.000000
23,data/imagenet.npz,1,10,cuda,cuda,1,1,0.002314,0.001955,0.000000
24,data/imagenet.npz,1,10,cuda,cuda,1,1,0.002803,0.002615,0.000000
25,data/imagenet.npz,1,10,cuda,cuda,1,1,0.002517,0.001177,0.000000
26,data/imagenet.npz,1,10,cuda,cuda,1,1,0.002504,0.001934,0.000000
27,data/imagenet.npz,1,10,cuda,cuda,1,1,0.002731,0.002611,0.000000
28,data/imagenet.npz,1,10,cuda,cuda,1,1,0.002294,0.002344,0.000000
29,data/imagenet.npz,1,10,cuda,cuda,1,1,0.002437,0.002072,0.000000
30,data/imagenet.npz,1,10,cuda,cuda,1,1,0.002895,0.002616,0.000000
31,data/imagenet.npz,1,10,cuda,cuda,1,1,0.002308,0.002348,0.000000
32,data/imagenet.npz,1,10,cuda,cuda,1,1,0.002755,0.002625,0.000000
33,data/imagenet.npz,1,10,cuda,cuda,1,1,0.002631,0.000455,0.000000
34,data/imagenet.npz,1,10,cuda,cuda,1,1,0.002489,0.002363,0.000000
35,data/imagenet.npz,1,10,cuda,cuda,1,1,0.002597,0.002602,0.000000
36,data/imagenet.npz,1,10,cuda,cuda,1,1,0.002312,0.002393,0.000000
37,data/imagenet.npz,1,10,cuda,cuda,1,1,0.002746,0.003415,0.000000
38,data/imagenet.npz,1,10,cuda,cuda,1,1,0.004064,0.010655,0.000000
39,data/imagenet.npz,1,10,cuda,cuda,1,1,0.002750,0.002504,0.000000
40,data/imagenet.npz,1,10,cuda,cuda,1,1,0.002439,0.002636,0.000000
41,data/imagenet.npz,1,10,cuda,cuda,1,1,0.002138,0.002699,0.000000
42,data/imagenet.npz,1,10,cuda,cuda,1,1,0.002180,0.000349,0.000000
43,data/imagenet.npz,1,10,cuda,cuda,1,1,0.002662,0.002626,0.000000
44,data/imagenet.npz,1,10,cuda,cuda,1,1,0.002459,0.002778,0.000000
45,data/imagenet.npz,1,10,cuda,cuda,1,1,0.002835,0.002615,0.000000
46,data/imagenet.npz,1,10,cuda,cuda,1,1,0.002245,0.003725,0.000000
47,data/imagenet.npz,1,10,cuda,cuda,1,1,0.002618,0.002616,0.000000
48,data/imagenet.npz,1,10,cuda,cuda,1,1,0.001729,0.002617,0.000000
49,data/imagenet.npz,1,10,cuda,cuda,1,1,0.002795,0.002766,0.000000
50,data/imagenet.npz,1,10,cuda,cuda,1,1,0.002603,0.002811,0.000000
51,data/imagenet.npz,1,10,cuda,cuda,1,1,0.002654,0.002606,0.000000
52,data/imagenet.npz,1,10,cuda,cuda,1,1,0.001716,0.002504,0.000000
53,data/imagenet.npz,1,10,cuda,cuda,1,1,0.002441,0.003769,0.000000
54,data/imagenet.npz,1,10,cuda,cuda,1,1,0.002761,0.005304,0.000000
55,data/imagenet.npz,1,10,cuda,cuda,1,1,0.002679,0.002606,0.000000
56,data/imagenet.npz,1,10,cuda,cuda,1,1,0.002726,0.003134,0.000000
57,data/imagenet.npz,1,10,cuda,cuda,1,1,0.002469,0.002443,0.000000
58,data/imagenet.npz,1,10,cuda,cuda,1,1,0.002460,0.002337,0.000000
59,data/imagenet.npz,1,10,cuda,cuda,1,1,0.002649,0.002602,0.000000
60,data/imagenet.npz,1,10,cuda,cuda,1,1,0.002282,0.001890,0.000000
61,data/imagenet.npz,1,10,cuda,cuda,1,1,0.002445,0.002090,0.000000
62,data/imagenet.npz,1,10,cuda,cuda,1,1,0.002307,0.002379,0.000000
63,data/imagenet.npz,1,10,cuda,cuda,1,1,0.003022,0.006252,0.000000
64,data/imagenet.npz,1,10,cuda,cuda,1,1,0.002389,0.002416,0.000000
65,data/imagenet.npz,1,10,cuda,cuda,1,1,0.002286,0.002464,0.000000
66,data/imagenet.npz,1,10,cuda,cuda,1,1,0.001700,0.002436,0.000000
67,data/imagenet.npz,1,10,cuda,cuda,1,1,0.002652,0.002620,0.000000
68,data/imagenet.npz,1,10,cuda,cuda,1,1,0.002660,0.002654,0.000000
69,data/imagenet.npz,1,10,cuda,cuda,1,1,0.002607,0.002334,0.000000
70,data/imagenet.npz,1,10,cuda,cuda,1,1,0.002601,0.002612,0.000000
71,data/imagenet.npz,1,10,cuda,cuda,1,1,0.002634,0.002605,0.000000
72,data/imagenet.npz,1,10,cuda,cuda,1,1,0.002505,0.002620,0.000000
73,data/imagenet.npz,1,10,cuda,cuda,1,1,0.001734,0.002613,0.000000
74,data/imagenet.npz,1,10,cuda,cuda,1,1,0.002471,0.002627,0.000000
75,data/imagenet.npz,1,10,cuda,cuda,1,1,0.002298,0.003911,0.000000
76,data/imagenet.npz,1,10,cuda,cuda,1,1,0.002646,0.003696,0.000000
77,data/imagenet.npz,1,10,cuda,cuda,1,1,0.002637,0.002605,0.000000
78,data/imagenet.npz,1,10,cuda,cuda,1,1,0.002518,0.002339,0.000000
79,data/imagenet.npz,1,10,cuda,cuda,1,1,0.002445,0.002335,0.000000
80,data/imagenet.npz,1,10,cuda,cuda,1,1,0.002738,0.002608,0.000000
81,data/imagenet.npz,1,10,cuda,cuda,1,1,0.001739,0.003245,0.000000
82,data/imagenet.npz,1,10,cuda,cuda,1,1,0.002664,0.002608,0.000000
83,data/imagenet.npz,1,10,cuda,cuda,1,1,0.002638,0.002623,0.000000
84,data/imagenet.npz,1,10,cuda,cuda,1,1,0.002613,0.002611,0.000000
85,data/imagenet.npz,1,10,cuda,cuda,1,1,0.002358,0.002335,0.000000
86,data/imagenet.npz,1,10,cuda,cuda,1,1,0.002792,0.002787,0.000000
87,data/imagenet.npz,1,10,cuda,cuda,1,1,0.002625,0.003250,0.000000
88,data/imagenet.npz,1,10,cuda,cuda,1,1,0.002465,0.002896,0.000000
89,data/imagenet.npz,1,10,cuda,cuda,1,1,0.002613,0.002610,0.000000
90,data/imagenet.npz,1,10,cuda,cuda,1,1,0.002315,0.002349,0.000000
91,data/imagenet.npz,1,10,cuda,cuda,1,1,0.002293,0.001997,0.000000
92,data/imagenet.npz,1,10,cuda,cuda,1,1,0.002509,0.002345,0.000000
93,data/imagenet.npz,1,10,cuda,cuda,1,1,0.002456,0.002189,0.000000
94,data/imagenet.npz,1,10,cuda,cuda,1,1,0.002796,0.002617,0.000000
95,data/imagenet.npz,1,10,cuda,cuda,1,1,0.002327,0.002527,0.000000
96,data/imagenet.npz,1,10,cuda,cuda,1,1,0.002568,0.002341,0.000000
97,data/imagenet.npz,1,10,cuda,cuda,1,1,0.002454,0.002308,0.000000
98,data/imagenet.npz,1,10,cuda,cuda,1,1,0.002827,0.001778,0.000000
99,data/imagenet.npz,1,10,cuda,cuda,1,1,0.002542,0.000465,0.000000
100,data/imagenet.npz,1,10,cuda,cuda,1,1,0.002608,0.002340,0.000000
101,data/imagenet.npz,1,10,cuda,cuda,1,1,0.003173,0.006149,0.000000
102,data/imagenet.npz,1,10,cuda,cuda,1,1,0.002609,0.002668,0.000000
103,data/imagenet.npz,1,10,cuda,cuda,1,1,0.002470,0.002636,0.000000
104,data/imagenet.npz,1,10,cuda,cuda,1,1,0.002307,0.002337,0.000000
105,data/imagenet.npz,1,10,cuda,cuda,1,1,0.002482,0.002606,0.000000
106,data/imagenet.npz,1,10,cuda,cuda,1,1,0.002329,0.002319,0.000000
107,data/imagenet.npz,1,10,cuda,cuda,1,1,0.002761,0.003399,0.000000
108,data/imagenet.npz,1,10,cuda,cuda,1,1,0.002483,0.002419,0.000000
109,data/imagenet.npz,1,10,cuda,cuda,1,1,0.002308,0.001923,0.000000
110,data/imagenet.npz,1,10,cuda,cuda,1,1,0.002453,0.002339,0.000000
111,data/imagenet.npz,1,10,cuda,cuda,1,1,0.003786,0.009299,0.000000
112,data/imagenet.npz,1,10,cuda,cuda,1,1,0.002354,0.002611,0.000000
113,data/imagenet.npz,1,10,cuda,cuda,1,1,0.001698,0.002341,0.000000
114,data/imagenet.npz,1,10,cuda,cuda,1,1,0.001698,0.002341,0.000000
115,data/imagenet.npz,1,10,cuda,cuda,1,1,0.002468,0.001718,0.000000
116,data/imagenet.npz,1,10,cuda,cuda,1,1,0.002303,0.002399,0.000000
117,data/imagenet.npz,1,10,cuda,cuda,1,1,0.002468,0.002343,0.000000
118,data/imagenet.npz,1,10,cuda,cuda,1,1,0.002303,0.002588,0.000000
119,data/imagenet.npz,1,10,cuda,cuda,1,1,0.003043,0.000954,0.000000
120,data/imagenet.npz,1,10,cuda,cuda,1,1,0.003606,0.006420,0.000000
121,data/imagenet.npz,1,10,cuda,cuda,1,1,0.002344,0.002773,0.000000
122,data/imagenet.npz,1,10,cuda,cuda,1,1,0.002571,0.002315,0.000000
123,data/imagenet.npz,1,10,cuda,cuda,1,1,0.002490,0.002340,0.000000
124,data/imagenet.npz,1,10,cuda,cuda,1,1,0.002455,0.002622,0.000000
125,data/imagenet.npz,1,10,cuda,cuda,1,1,0.002686,0.002607,0.000000
126,data/imagenet.npz,1,10,cuda,cuda,1,1,0.002131,0.001731,0.000000
127,data/imagenet.npz,1,10,cuda,cuda,1,1,0.002613,0.002663,0.000000
128,data/imagenet.npz,1,10,cuda,cuda,1,1,0.002331,0.002205,0.000000
129,data/imagenet.npz,1,10,cuda,cuda,1,1,0.002467,0.002345,0.000000
130,data/imagenet.npz,1,10,cuda,cuda,1,1,0.002754,0.002606,0.000000
131,data/imagenet.npz,1,10,cuda,cuda,1,1,0.002466,0.002625,0.000000
132,data/imagenet.npz,1,10,cuda,cuda,1,1,0.002952,0.006388,0.000000
133,data/imagenet.npz,1,10,cuda,cuda,1,1,0.002653,0.000557,0.000000
134,data/imagenet.npz,1,10,cuda,cuda,1,1,0.002676,0.002333,0.000000
135,data/imagenet.npz,1,10,cuda,cuda,1,1,0.002787,0.002609,0.000000
136,data/imagenet.npz,1,10,cuda,cuda,1,1,0.002303,0.002361,0.000000
137,data/imagenet.npz,1,10,cuda,cuda,1,1,0.002473,0.002339,0.000000
138,data/imagenet.npz,1,10,cuda,cuda,1,1,0.002762,0.002607,0.000000
139,data/imagenet.npz,1,10,cuda,cuda,1,1,0.002450,0.002482,0.000000
140,data/imagenet.npz,1,10,cuda,cuda,1,1,0.002302,0.002337,0.000000
141,data/imagenet.npz,1,10,cuda,cuda,1,1,0.011412,0.003007,0.000000
142,data/imagenet.npz,1,10,cuda,cuda,1,1,0.003242,0.008057,0.000000
143,data/imagenet.npz,1,10,cuda,cuda,1,1,0.002523,0.001265,0.000000
144,data/imagenet.npz,1,10,cuda,cuda,1,1,0.002527,0.002499,0.000000
145,data/imagenet.npz,1,10,cuda,cuda,1,1,0.002609,0.002611,0.000000
146,data/imagenet.npz,1,10,cuda,cuda,1,1,0.001711,0.002874,0.000000
147,data/imagenet.npz,1,10,cuda,cuda,1,1,0.002621,0.002616,0.000000
148,data/imagenet.npz,1,10,cuda,cuda,1,1,0.002797,0.001730,0.000000
149,data/imagenet.npz,1,10,cuda,cuda,1,1,0.002319,0.001172,0.000000
150,data/imagenet.npz,1,10,cuda,cuda,1,1,0.002640,0.002013,0.000000
151,data/imagenet.npz,1,10,cuda,cuda,1,1,0.002453,0.001181,0.000000
152,data/imagenet.npz,1,10,cuda,cuda,1,1,0.002676,0.001394,0.000000
153,data/imagenet.npz,1,10,cuda,cuda,1,1,0.002799,0.002601,0.000000
154,data/imagenet.npz,1,10,cuda,cuda,1,1,0.002292,0.002334,0.000000
155,data/imagenet.npz,1,10,cuda,cuda,1,1,0.002505,0.002335,0.000000
156,data/imagenet.npz,1,10,cuda,cuda,1,1,0.002491,0.002188,0.000000
157,data/imagenet.npz,1,10,cuda,cuda,1,1,0.002935,0.003127,0.000000
158,data/imagenet.npz,1,10,cuda,cuda,1,1,0.001699,0.002348,0.000000
159,data/imagenet.npz,1,10,cuda,cuda,1,1,0.002757,0.002679,0.000000
160,data/imagenet.npz,1,10,cuda,cuda,1,1,0.003162,0.006430,0.000000
161,data/imagenet.npz,1,10,cuda,cuda,1,1,0.002347,0.002343,0.000000
162,data/imagenet.npz,1,10,cuda,cuda,1,1,0.002633,0.002608,0.000000
163,data/imagenet.npz,1,10,cuda,cuda,1,1,0.002282,0.002337,0.000000
164,data/imagenet.npz,1,10,cuda,cuda,1,1,0.002604,0.002562,0.000000
165,data/imagenet.npz,1,10,cuda,cuda,1,1,0.002319,0.002337,0.000000
166,data/imagenet.npz,1,10,cuda,cuda,1,1,0.002295,0.002361,0.000000
167,data/imagenet.npz,1,10,cuda,cuda,1,1,0.001700,0.002341,0.000000
168,data/imagenet.npz,1,10,cuda,cuda,1,1,0.002452,0.002338,0.000000
169,data/imagenet.npz,1,10,cuda,cuda,1,1,0.002755,0.003551,0.000000
170,data/imagenet.npz,1,10,cuda,cuda,1,1,0.002515,0.002594,0.000000
171,data/imagenet.npz,1,10,cuda,cuda,1,1,0.002622,0.003159,0.000000
172,data/imagenet.npz,1,10,cuda,cuda,1,1,0.002816,0.002607,0.000000
173,data/imagenet.npz,1,10,cuda,cuda,1,1,0.002331,0.002346,0.000000
174,data/imagenet.npz,1,10,cuda,cuda,1,1,0.002442,0.001994,0.000000
175,data/imagenet.npz,1,10,cuda,cuda,1,1,0.002661,0.002609,0.000000
176,data/imagenet.npz,1,10,cuda,cuda,1,1,0.002336,0.002335,0.000000
177,data/imagenet.npz,1,10,cuda,cuda,1,1,0.002619,0.002609,0.000000
178,data/imagenet.npz,1,10,cuda,cuda,1,1,0.002453,0.002465,0.000000
179,data/imagenet.npz,1,10,cuda,cuda,1,1,0.002608,0.002608,0.000000
180,data/imagenet.npz,1,10,cuda,cuda,1,1,0.002457,0.004354,0.000000
181,data/imagenet.npz,1,10,cuda,cuda,1,1,0.002932,0.002777,0.000000
182,data/imagenet.npz,1,10,cuda,cuda,1,1,0.002323,0.002351,0.000000
183,data/imagenet.npz,1,10,cuda,cuda,1,1,0.002303,0.002409,0.000000
184,data/imagenet.npz,1,10,cuda,cuda,1,1,0.002374,0.002338,0.000000
185,data/imagenet.npz,1,10,cuda,cuda,1,1,0.001707,0.002334,0.000000
186,data/imagenet.npz,1,10,cuda,cuda,1,1,0.002304,0.002424,0.000000
187,data/imagenet.npz,1,10,cuda,cuda,1,1,0.002626,0.002603,0.000000
188,data/imagenet.npz,1,10,cuda,cuda,1,1,0.002613,0.002616,0.000000
189,data/imagenet.npz,1,10,cuda,cuda,1,1,0.003168,0.007073,0.000000
190,data/imagenet.npz,1,10,cuda,cuda,1,1,0.004422,0.002332,0.000000
191,data/imagenet.npz,1,10,cuda,cuda,1,1,0.004470,0.014354,0.000000
192,data/imagenet.npz,1,10,cuda,cuda,1,1,0.002390,0.005299,0.000000
193,data/imagenet.npz,1,10,cuda,cuda,1,1,0.002282,0.002607,0.000000
194,data/imagenet.npz,1,10,cuda,cuda,1,1,0.002475,0.002755,0.000000
195,data/imagenet.npz,1,10,cuda,cuda,1,1,0.002449,0.001119,0.000000
196,data/imagenet.npz,1,10,cuda,cuda,1,1,0.002761,0.002609,0.000000
197,data/imagenet.npz,1,10,cuda,cuda,1,1,0.001695,0.002080,0.000000
198,data/imagenet.npz,1,10,cuda,cuda,1,1,0.002597,0.002657,0.000000
199,data/imagenet.npz,1,10,cuda,cuda,1,1,0.002453,0.001251,0.000000
200,data/imagenet.npz,1,10,cuda,cuda,1,1,0.002506,0.002348,0.000000
201,data/imagenet.npz,1,10,cuda,cuda,1,1,0.002605,0.002548,0.000000
202,data/imagenet.npz,1,10,cuda,cuda,1,1,0.002631,0.002605,0.000000
203,data/imagenet.npz,1,10,cuda,cuda,1,1,0.002501,0.000677,0.000000
204,data/imagenet.npz,1,10,cuda,cuda,1,1,0.002605,0.002346,0.000000
205,data/imagenet.npz,1,10,cuda,cuda,1,1,0.002599,0.002621,0.000000
206,data/imagenet.npz,1,10,cuda,cuda,1,1,0.002827,0.003177,0.000000
207,data/imagenet.npz,1,10,cuda,cuda,1,1,0.002744,0.005231,0.000000
208,data/imagenet.npz,1,10,cuda,cuda,1,1,0.002568,0.002626,0.000000
209,data/imagenet.npz,1,10,cuda,cuda,1,1,0.002302,0.002318,0.000000
210,data/imagenet.npz,1,10,cuda,cuda,1,1,0.002900,0.000837,0.000000
211,data/imagenet.npz,1,10,cuda,cuda,1,1,0.002817,0.002445,0.000000
212,data/imagenet.npz,1,10,cuda,cuda,1,1,0.002605,0.002611,0.000000
213,data/imagenet.npz,1,10,cuda,cuda,1,1,0.001707,0.002262,0.000000
214,data/imagenet.npz,1,10,cuda,cuda,1,1,0.002523,0.002365,0.000000
215,data/imagenet.npz,1,10,cuda,cuda,1,1,0.002614,0.002621,0.000000
216,data/imagenet.npz,1,10,cuda,cuda,1,1,0.001707,0.002279,0.000000
217,data/imagenet.npz,1,10,cuda,cuda,1,1,0.002776,0.000660,0.000000
218,data/imagenet.npz,1,10,cuda,cuda,1,1,0.002827,0.002705,0.000000
219,data/imagenet.npz,1,10,cuda,cuda,1,1,0.002471,0.002614,0.000000
220,data/imagenet.npz,1,10,cuda,cuda,1,1,0.002452,0.002609,0.000000
221,data/imagenet.npz,1,10,cuda,cuda,1,1,0.002313,0.002342,0.000000
222,data/imagenet.npz,1,10,cuda,cuda,1,1,0.002603,0.002608,0.000000
223,data/imagenet.npz,1,10,cuda,cuda,1,1,0.002749,0.005727,0.000000
224,data/imagenet.npz,1,10,cuda,cuda,1,1,0.002546,0.002948,0.000000
225,data/imagenet.npz,1,10,cuda,cuda,1,1,0.002371,0.002177,0.000000
226,data/imagenet.npz,1,10,cuda,cuda,1,1,0.002749,0.002608,0.000000
227,data/imagenet.npz,1,10,cuda,cuda,1,1,0.001690,0.002343,0.000000
228,data/imagenet.npz,1,10,cuda,cuda,1,1,0.002481,0.002359,0.000000
229,data/imagenet.npz,1,10,cuda,cuda,1,1,0.002473,0.002332,0.000000
230,data/imagenet.npz,1,10,cuda,cuda,1,1,0.002739,0.002607,0.000000
231,data/imagenet.npz,1,10,cuda,cuda,1,1,0.002661,0.003361,0.000000
232,data/imagenet.npz,1,10,cuda,cuda,1,1,0.002334,0.002441,0.000000
233,data/imagenet.npz,1,10,cuda,cuda,1,1,0.002823,0.002651,0.000000
234,data/imagenet.npz,1,10,cuda,cuda,1,1,0.002302,0.002340,0.000000
235,data/imagenet.npz,1,10,cuda,cuda,1,1,0.002737,0.002612,0.000000
236,data/imagenet.npz,1,10,cuda,cuda,1,1,0.002529,0.002121,0.000000
237,data/imagenet.npz,1,10,cuda,cuda,1,1,0.002908,0.002941,0.000000
238,data/imagenet.npz,1,10,cuda,cuda,1,1,0.002850,0.000804,0.000000
239,data/imagenet.npz,1,10,cuda,cuda,1,1,0.006708,0.002347,0.000000
240,data/imagenet.npz,1,10,cuda,cuda,1,1,0.002630,0.002615,0.000000
241,data/imagenet.npz,1,10,cuda,cuda,1,1,0.002479,0.002639,0.000000
242,data/imagenet.npz,1,10,cuda,cuda,1,1,0.002439,0.002609,0.000000
243,data/imagenet.npz,1,10,cuda,cuda,1,1,0.002462,0.004667,0.000000
244,data/imagenet.npz,1,10,cuda,cuda,1,1,0.002649,0.002628,0.000000
245,data/imagenet.npz,1,10,cuda,cuda,1,1,0.002320,0.002437,0.000000
246,data/imagenet.npz,1,10,cuda,cuda,1,1,0.002594,0.002629,0.000000
247,data/imagenet.npz,1,10,cuda,cuda,1,1,0.001711,0.002084,0.000000
248,data/imagenet.npz,1,10,cuda,cuda,1,1,0.002894,0.005243,0.000000
249,data/imagenet.npz,1,10,cuda,cuda,1,1,0.003050,0.006368,0.000000
250,data/imagenet.npz,1,10,cuda,cuda,1,1,0.004007,0.011339,0.000000
251,data/imagenet.npz,1,10,cuda,cuda,1,1,0.002362,0.002592,0.000000
252,data/imagenet.npz,1,10,cuda,cuda,1,1,0.002133,0.002246,0.000000
253,data/imagenet.npz,1,10,cuda,cuda,1,1,0.002445,0.001626,0.000000
254,data/imagenet.npz,1,10,cuda,cuda,1,1,0.002631,0.002605,0.000000
255,data/imagenet.npz,1,10,cuda,cuda,1,1,0.002865,0.006898,0.000000
256,data/imagenet.npz,1,10,cuda,cuda,1,1,0.002608,0.003415,0.000000
257,data/imagenet.npz,1,10,cuda,cuda,1,1,0.002449,0.002515,0.000000
258,data/imagenet.npz,1,10,cuda,cuda,1,1,0.002282,0.002324,0.000000
259,data/imagenet.npz,1,10,cuda,cuda,1,1,0.003163,0.003410,0.000000
260,data/imagenet.npz,1,10,cuda,cuda,1,1,0.002376,0.002693,0.000000
261,data/imagenet.npz,1,10,cuda,cuda,1,1,0.003227,0.000987,0.000000
262,data/imagenet.npz,1,10,cuda,cuda,1,1,0.002649,0.002326,0.000000
263,data/imagenet.npz,1,10,cuda,cuda,1,1,0.002681,0.001624,0.000000
264,data/imagenet.npz,1,10,cuda,cuda,1,1,0.002520,0.002322,0.000000
265,data/imagenet.npz,1,10,cuda,cuda,1,1,0.002617,0.002597,0.000000
266,data/imagenet.npz,1,10,cuda,cuda,1,1,0.002469,0.001276,0.000000
267,data/imagenet.npz,1,10,cuda,cuda,1,1,0.002630,0.002622,0.000000
268,data/imagenet.npz,1,10,cuda,cuda,1,1,0.002132,0.001818,0.000000
269,data/imagenet.npz,1,10,cuda,cuda,1,1,0.002482,0.002344,0.000000
270,data/imagenet.npz,1,10,cuda,cuda,1,1,0.002459,0.001340,0.000000
271,data/imagenet.npz,1,10,cuda,cuda,1,1,0.002470,0.002343,0.000000
272,data/imagenet.npz,1,10,cuda,cuda,1,1,0.002477,0.002343,0.000000
273,data/imagenet.npz,1,10,cuda,cuda,1,1,0.002777,0.002607,0.000000
274,data/imagenet.npz,1,10,cuda,cuda,1,1,0.002311,0.002093,0.000000
275,data/imagenet.npz,1,10,cuda,cuda,1,1,0.002943,0.002833,0.000000
276,data/imagenet.npz,1,10,cuda,cuda,1,1,0.002639,0.002610,0.000000
277,data/imagenet.npz,1,10,cuda,cuda,1,1,0.002445,0.003055,0.000000
278,data/imagenet.npz,1,10,cuda,cuda,1,1,0.003058,0.006413,0.000000
279,data/imagenet.npz,1,10,cuda,cuda,1,1,0.002500,0.003314,0.000000
280,data/imagenet.npz,1,10,cuda,cuda,1,1,0.002313,0.002754,0.000000
281,data/imagenet.npz,1,10,cuda,cuda,1,1,0.002756,0.000542,0.000000
282,data/imagenet.npz,1,10,cuda,cuda,1,1,0.003300,0.005317,0.000000
283,data/imagenet.npz,1,10,cuda,cuda,1,1,0.002332,0.002209,0.000000
284,data/imagenet.npz,1,10,cuda,cuda,1,1,0.002876,0.002627,0.000000
285,data/imagenet.npz,1,10,cuda,cuda,1,1,0.001719,0.002961,0.000000
286,data/imagenet.npz,1,10,cuda,cuda,1,1,0.002801,0.002607,0.000000
287,data/imagenet.npz,1,10,cuda,cuda,1,1,0.002342,0.002341,0.000000
288,data/imagenet.npz,1,10,cuda,cuda,1,1,0.002628,0.003182,0.000000
289,data/imagenet.npz,1,10,cuda,cuda,1,1,0.002344,0.002383,0.000000
290,data/imagenet.npz,1,10,cuda,cuda,1,1,0.002606,0.002544,0.000000
291,data/imagenet.npz,1,10,cuda,cuda,1,1,0.002303,0.002094,0.000000
292,data/imagenet.npz,1,10,cuda,cuda,1,1,0.002623,0.002768,0.000000
293,data/imagenet.npz,1,10,cuda,cuda,1,1,0.002779,0.003401,0.000000
294,data/imagenet.npz,1,10,cuda,cuda,1,1,0.002942,0.000692,0.000000
295,data/imagenet.npz,1,10,cuda,cuda,1,1,0.002634,0.002341,0.000000
296,data/imagenet.npz,1,10,cuda,cuda,1,1,0.002331,0.002342,0.000000
297,data/imagenet.npz,1,10,cuda,cuda,1,1,0.002776,0.002674,0.000000
298,data/imagenet.npz,1,10,cuda,cuda,1,1,0.002484,0.004471,0.000000
299,data/imagenet.npz,1,10,cuda,cuda,1,1,0.002625,0.002613,0.000000
300,data/imagenet.npz,1,10,cuda,cuda,1,1,0.002624,0.000567,0.000000
301,data/imagenet.npz,1,10,cuda,cuda,1,1,0.002724,0.001531,0.000000
302,data/imagenet.npz,1,10,cuda,cuda,1,1,0.002791,0.000693,0.000000
303,data/imagenet.npz,1,10,cuda,cuda,1,1,0.002628,0.002330,0.000000
304,data/imagenet.npz,1,10,cuda,cuda,1,1,0.002648,0.002605,0.000000
305,data/imagenet.npz,1,10,cuda,cuda,1,1,0.002637,0.002625,0.000000
306,data/imagenet.npz,1,10,cuda,cuda,1,1,0.002129,0.001732,0.000000
307,data/imagenet.npz,1,10,cuda,cuda,1,1,0.001703,0.001705,0.000000
308,data/imagenet.npz,1,10,cuda,cuda,1,1,0.002635,0.002605,0.000000
309,data/imagenet.npz,1,10,cuda,cuda,1,1,0.002915,0.005684,0.000000
310,data/imagenet.npz,1,10,cuda,cuda,1,1,0.002671,0.002621,0.000000
311,data/imagenet.npz,1,10,cuda,cuda,1,1,0.002842,0.002273,0.000000
312,data/imagenet.npz,1,10,cuda,cuda,1,1,0.002781,0.002498,0.000000
313,data/imagenet.npz,1,10,cuda,cuda,1,1,0.002463,0.001443,0.000000
314,data/imagenet.npz,1,10,cuda,cuda,1,1,0.002800,0.003239,0.000000
315,data/imagenet.npz,1,10,cuda,cuda,1,1,0.002869,0.002620,0.000000
316,data/imagenet.npz,1,10,cuda,cuda,1,1,0.002609,0.002747,0.000000
317,data/imagenet.npz,1,10,cuda,cuda,1,1,0.002928,0.002602,0.000000
318,data/imagenet.npz,1,10,cuda,cuda,1,1,0.002641,0.004430,0.000000
319,data/imagenet.npz,1,10,cuda,cuda,1,1,0.003239,0.007769,0.000000
320,data/imagenet.npz,1,10,cuda,cuda,1,1,0.002489,0.002608,0.000000
321,data/imagenet.npz,1,10,cuda,cuda,1,1,0.001726,0.003311,0.000000
322,data/imagenet.npz,1,10,cuda,cuda,1,1,0.002358,0.002344,0.000000
323,data/imagenet.npz,1,10,cuda,cuda,1,1,0.002466,0.002342,0.000000
324,data/imagenet.npz,1,10,cuda,cuda,1,1,0.002306,0.001986,0.000000
325,data/imagenet.npz,1,10,cuda,cuda,1,1,0.002632,0.003133,0.000000
326,data/imagenet.npz,1,10,cuda,cuda,1,1,0.002327,0.002331,0.000000
327,data/imagenet.npz,1,10,cuda,cuda,1,1,0.002627,0.001560,0.000000
328,data/imagenet.npz,1,10,cuda,cuda,1,1,0.002483,0.001663,0.000000
329,data/imagenet.npz,1,10,cuda,cuda,1,1,0.002625,0.001734,0.000000
330,data/imagenet.npz,1,10,cuda,cuda,1,1,0.002135,0.002289,0.000000
331,data/imagenet.npz,1,10,cuda,cuda,1,1,0.002639,0.001748,0.000000
332,data/imagenet.npz,1,10,cuda,cuda,1,1,0.002611,0.002621,0.000000
333,data/imagenet.npz,1,10,cuda,cuda,1,1,0.001696,0.002606,0.000000
334,data/imagenet.npz,1,10,cuda,cuda,1,1,0.001704,0.002605,0.000000
335,data/imagenet.npz,1,10,cuda,cuda,1,1,0.001721,0.002444,0.000000
336,data/imagenet.npz,1,10,cuda,cuda,1,1,0.002321,0.002058,0.000000
337,data/imagenet.npz,1,10,cuda,cuda,1,1,0.002688,0.002281,0.000000
338,data/imagenet.npz,1,10,cuda,cuda,1,1,0.002478,0.002341,0.000000
339,data/imagenet.npz,1,10,cuda,cuda,1,1,0.002634,0.002610,0.000000
340,data/imagenet.npz,1,10,cuda,cuda,1,1,0.001735,0.002334,0.000000
341,data/imagenet.npz,1,10,cuda,cuda,1,1,0.002735,0.003184,0.000000
342,data/imagenet.npz,1,10,cuda,cuda,1,1,0.002992,0.005255,0.000000
343,data/imagenet.npz,1,10,cuda,cuda,1,1,0.002497,0.002793,0.000000
344,data/imagenet.npz,1,10,cuda,cuda,1,1,0.002719,0.000549,0.000000
345,data/imagenet.npz,1,10,cuda,cuda,1,1,0.002667,0.002331,0.000000
346,data/imagenet.npz,1,10,cuda,cuda,1,1,0.002614,0.002623,0.000000
347,data/imagenet.npz,1,10,cuda,cuda,1,1,0.002619,0.000557,0.000000
348,data/imagenet.npz,1,10,cuda,cuda,1,1,0.004328,0.010029,0.000000
349,data/imagenet.npz,1,10,cuda,cuda,1,1,0.002649,0.001337,0.000000
350,data/imagenet.npz,1,10,cuda,cuda,1,1,0.002802,0.000892,0.000000
351,data/imagenet.npz,1,10,cuda,cuda,1,1,0.002660,0.002343,0.000000
352,data/imagenet.npz,1,10,cuda,cuda,1,1,0.002749,0.002824,0.000000
353,data/imagenet.npz,1,10,cuda,cuda,1,1,0.002463,0.003144,0.000000
354,data/imagenet.npz,1,10,cuda,cuda,1,1,0.002475,0.002605,0.000000
355,data/imagenet.npz,1,10,cuda,cuda,1,1,0.002115,0.000437,0.000000
356,data/imagenet.npz,1,10,cuda,cuda,1,1,0.002546,0.002352,0.000000
357,data/imagenet.npz,1,10,cuda,cuda,1,1,0.002614,0.002609,0.000000
358,data/imagenet.npz,1,10,cuda,cuda,1,1,0.001695,0.002588,0.000000
359,data/imagenet.npz,1,10,cuda,cuda,1,1,0.002467,0.001133,0.000000
360,data/imagenet.npz,1,10,cuda,cuda,1,1,0.002906,0.002608,0.000000
361,data/imagenet.npz,1,10,cuda,cuda,1,1,0.002465,0.002601,0.000000
362,data/imagenet.npz,1,10,cuda,cuda,1,1,0.002476,0.002611,0.000000
363,data/imagenet.npz,1,10,cuda,cuda,1,1,0.001704,0.002617,0.000000
364,data/imagenet.npz,1,10,cuda,cuda,1,1,0.002468,0.004707,0.000000
365,data/imagenet.npz,1,10,cuda,cuda,1,1,0.002333,0.002066,0.000000
366,data/imagenet.npz,1,10,cuda,cuda,1,1,0.002633,0.002618,0.000000
367,data/imagenet.npz,1,10,cuda,cuda,1,1,0.002901,0.005728,0.000000
368,data/imagenet.npz,1,10,cuda,cuda,1,1,0.002551,0.002604,0.000000
369,data/imagenet.npz,1,10,cuda,cuda,1,1,0.002692,0.002619,0.000000
370,data/imagenet.npz,1,10,cuda,cuda,1,1,0.002894,0.006417,0.000000
371,data/imagenet.npz,1,10,cuda,cuda,1,1,0.002650,0.002617,0.000000
372,data/imagenet.npz,1,10,cuda,cuda,1,1,0.001716,0.000306,0.000000
373,data/imagenet.npz,1,10,cuda,cuda,1,1,0.002556,0.002314,0.000000
374,data/imagenet.npz,1,10,cuda,cuda,1,1,0.002299,0.002178,0.000000
375,data/imagenet.npz,1,10,cuda,cuda,1,1,0.006382,0.034144,0.000000
376,data/imagenet.npz,1,10,cuda,cuda,1,1,0.002984,0.003247,0.000000
377,data/imagenet.npz,1,10,cuda,cuda,1,1,0.002353,0.002607,0.000000
378,data/imagenet.npz,1,10,cuda,cuda,1,1,0.002273,0.002606,0.000000
379,data/imagenet.npz,1,10,cuda,cuda,1,1,0.001689,0.002565,0.000000
380,data/imagenet.npz,1,10,cuda,cuda,1,1,0.002122,0.002348,0.000000
381,data/imagenet.npz,1,10,cuda,cuda,1,1,0.002298,0.003108,0.000000
382,data/imagenet.npz,1,10,cuda,cuda,1,1,0.002272,0.002607,0.000000
383,data/imagenet.npz,1,10,cuda,cuda,1,1,0.002428,0.000676,0.000000
384,data/imagenet.npz,1,10,cuda,cuda,1,1,0.002877,0.002673,0.000000
385,data/imagenet.npz,1,10,cuda,cuda,1,1,0.002471,0.002845,0.000000
386,data/imagenet.npz,1,10,cuda,cuda,1,1,0.002310,0.002337,0.000000
387,data/imagenet.npz,1,10,cuda,cuda,1,1,0.002305,0.002607,0.000000
388,data/imagenet.npz,1,10,cuda,cuda,1,1,0.002314,0.000302,0.000000
389,data/imagenet.npz,1,10,cuda,cuda,1,1,0.002871,0.002619,0.000000
390,data/imagenet.npz,1,10,cuda,cuda,1,1,0.002326,0.002340,0.000000
391,data/imagenet.npz,1,10,cuda,cuda,1,1,0.002319,0.002332,0.000000
392,data/imagenet.npz,1,10,cuda,cuda,1,1,0.002636,0.002682,0.000000
393,data/imagenet.npz,1,10,cuda,cuda,1,1,0.002926,0.000838,0.000000
394,data/imagenet.npz,1,10,cuda,cuda,1,1,0.002539,0.002002,0.000000
395,data/imagenet.npz,1,10,cuda,cuda,1,1,0.002945,0.003414,0.000000
396,data/imagenet.npz,1,10,cuda,cuda,1,1,0.002648,0.002620,0.000000
397,data/imagenet.npz,1,10,cuda,cuda,1,1,0.002124,0.002962,0.000000
398,data/imagenet.npz,1,10,cuda,cuda,1,1,0.002646,0.003065,0.000000
399,data/imagenet.npz,1,10,cuda,cuda,1,1,0.002619,0.002339,0.000000
400,data/imagenet.npz,1,10,cuda,cuda,1,1,0.001725,0.002343,0.000000
401,data/imagenet.npz,1,10,cuda,cuda,1,1,0.002485,0.002490,0.000000
402,data/imagenet.npz,1,10,cuda,cuda,1,1,0.002841,0.001448,0.000000
403,data/imagenet.npz,1,10,cuda,cuda,1,1,0.002344,0.002348,0.000000
404,data/imagenet.npz,1,10,cuda,cuda,1,1,0.002919,0.003580,0.000000
405,data/imagenet.npz,1,10,cuda,cuda,1,1,0.002834,0.000634,0.000000
406,data/imagenet.npz,1,10,cuda,cuda,1,1,0.002673,0.002558,0.000000
407,data/imagenet.npz,1,10,cuda,cuda,1,1,0.002828,0.002625,0.000000
408,data/imagenet.npz,1,10,cuda,cuda,1,1,0.001731,0.002243,0.000000
409,data/imagenet.npz,1,10,cuda,cuda,1,1,0.002510,0.002330,0.000000
410,data/imagenet.npz,1,10,cuda,cuda,1,1,0.002485,0.002328,0.000000
411,data/imagenet.npz,1,10,cuda,cuda,1,1,0.002804,0.002583,0.000000
412,data/imagenet.npz,1,10,cuda,cuda,1,1,0.002493,0.002747,0.000000
413,data/imagenet.npz,1,10,cuda,cuda,1,1,0.002360,0.002328,0.000000
414,data/imagenet.npz,1,10,cuda,cuda,1,1,0.002981,0.000716,0.000000
415,data/imagenet.npz,1,10,cuda,cuda,1,1,0.002663,0.002338,0.000000
416,data/imagenet.npz,1,10,cuda,cuda,1,1,0.003084,0.005478,0.000000
417,data/imagenet.npz,1,10,cuda,cuda,1,1,0.002945,0.000820,0.000000
418,data/imagenet.npz,1,10,cuda,cuda,1,1,0.002823,0.002695,0.000000
419,data/imagenet.npz,1,10,cuda,cuda,1,1,0.002465,0.002605,0.000000
420,data/imagenet.npz,1,10,cuda,cuda,1,1,0.002474,0.002608,0.000000
421,data/imagenet.npz,1,10,cuda,cuda,1,1,0.002625,0.003416,0.000000
422,data/imagenet.npz,1,10,cuda,cuda,1,1,0.001701,0.002395,0.000000
423,data/imagenet.npz,1,10,cuda,cuda,1,1,0.002893,0.005706,0.000000
424,data/imagenet.npz,1,10,cuda,cuda,1,1,0.002494,0.002621,0.000000
425,data/imagenet.npz,1,10,cuda,cuda,1,1,0.002133,0.001703,0.000000
426,data/imagenet.npz,1,10,cuda,cuda,1,1,0.002827,0.002622,0.000000
427,data/imagenet.npz,1,10,cuda,cuda,1,1,0.001712,0.000297,0.000000
428,data/imagenet.npz,1,10,cuda,cuda,1,1,0.002839,0.002626,0.000000
429,data/imagenet.npz,1,10,cuda,cuda,1,1,0.001696,0.002809,0.000000
430,data/imagenet.npz,1,10,cuda,cuda,1,1,0.002782,0.004229,0.000000
431,data/imagenet.npz,1,10,cuda,cuda,1,1,0.002680,0.002619,0.000000
432,data/imagenet.npz,1,10,cuda,cuda,1,1,0.002326,0.002337,0.000000
433,data/imagenet.npz,1,10,cuda,cuda,1,1,0.002672,0.002380,0.000000
434,data/imagenet.npz,1,10,cuda,cuda,1,1,0.002791,0.002738,0.000000
435,data/imagenet.npz,1,10,cuda,cuda,1,1,0.002568,0.002620,0.000000
436,data/imagenet.npz,1,10,cuda,cuda,1,1,0.002336,0.002358,0.000000
437,data/imagenet.npz,1,10,cuda,cuda,1,1,0.002766,0.002771,0.000000
438,data/imagenet.npz,1,10,cuda,cuda,1,1,0.002628,0.002619,0.000000
439,data/imagenet.npz,1,10,cuda,cuda,1,1,0.002321,0.002337,0.000000
440,data/imagenet.npz,1,10,cuda,cuda,1,1,0.002840,0.000583,0.000000
441,data/imagenet.npz,1,10,cuda,cuda,1,1,0.002656,0.002210,0.000000
442,data/imagenet.npz,1,10,cuda,cuda,1,1,0.002780,0.002615,0.000000
443,data/imagenet.npz,1,10,cuda,cuda,1,1,0.002127,0.003312,0.000000
444,data/imagenet.npz,1,10,cuda,cuda,1,1,0.002367,0.002308,0.000000
445,data/imagenet.npz,1,10,cuda,cuda,1,1,0.002516,0.002334,0.000000
446,data/imagenet.npz,1,10,cuda,cuda,1,1,0.002769,0.003703,0.000000
447,data/imagenet.npz,1,10,cuda,cuda,1,1,0.002501,0.002463,0.000000
448,data/imagenet.npz,1,10,cuda,cuda,1,1,0.002335,0.002313,0.000000
449,data/imagenet.npz,1,10,cuda,cuda,1,1,0.002977,0.003167,0.000000
450,data/imagenet.npz,1,10,cuda,cuda,1,1,0.002468,0.002607,0.000000
451,data/imagenet.npz,1,10,cuda,cuda,1,1,0.002132,0.003778,0.000000
452,data/imagenet.npz,1,10,cuda,cuda,1,1,0.002768,0.003273,0.000000
453,data/imagenet.npz,1,10,cuda,cuda,1,1,0.002904,0.004763,0.000000
454,data/imagenet.npz,1,10,cuda,cuda,1,1,0.002352,0.002339,0.000000
455,data/imagenet.npz,1,10,cuda,cuda,1,1,0.002601,0.002646,0.000000
456,data/imagenet.npz,1,10,cuda,cuda,1,1,0.002316,0.002339,0.000000
457,data/imagenet.npz,1,10,cuda,cuda,1,1,0.002531,0.002345,0.000000
458,data/imagenet.npz,1,10,cuda,cuda,1,1,0.001697,0.002342,0.000000
459,data/imagenet.npz,1,10,cuda,cuda,1,1,0.002717,0.002610,0.000000
460,data/imagenet.npz,1,10,cuda,cuda,1,1,0.001713,0.002732,0.000000
461,data/imagenet.npz,1,10,cuda,cuda,1,1,0.002553,0.001162,0.000000
462,data/imagenet.npz,1,10,cuda,cuda,1,1,0.002744,0.002773,0.000000
463,data/imagenet.npz,1,10,cuda,cuda,1,1,0.002808,0.004764,0.000000
464,data/imagenet.npz,1,10,cuda,cuda,1,1,0.002787,0.002488,0.000000
465,data/imagenet.npz,1,10,cuda,cuda,1,1,0.002624,0.002629,0.000000
466,data/imagenet.npz,1,10,cuda,cuda,1,1,0.002738,0.002541,0.000000
467,data/imagenet.npz,1,10,cuda,cuda,1,1,0.002621,0.002609,0.000000
468,data/imagenet.npz,1,10,cuda,cuda,1,1,0.002433,0.000908,0.000000
469,data/imagenet.npz,1,10,cuda,cuda,1,1,0.002860,0.002605,0.000000
470,data/imagenet.npz,1,10,cuda,cuda,1,1,0.002617,0.002619,0.000000
471,data/imagenet.npz,1,10,cuda,cuda,1,1,0.002463,0.002608,0.000000
472,data/imagenet.npz,1,10,cuda,cuda,1,1,0.002628,0.002824,0.000000
473,data/imagenet.npz,1,10,cuda,cuda,1,1,0.002334,0.002306,0.000000
474,data/imagenet.npz,1,10,cuda,cuda,1,1,0.002530,0.002109,0.000000
475,data/imagenet.npz,1,10,cuda,cuda,1,1,0.002617,0.002606,0.000000
476,data/imagenet.npz,1,10,cuda,cuda,1,1,0.001715,0.000247,0.000000
477,data/imagenet.npz,1,10,cuda,cuda,1,1,0.002705,0.002230,0.000000
478,data/imagenet.npz,1,10,cuda,cuda,1,1,0.002455,0.002331,0.000000
479,data/imagenet.npz,1,10,cuda,cuda,1,1,0.002627,0.002630,0.000000
480,data/imagenet.npz,1,10,cuda,cuda,1,1,0.001730,0.003082,0.000000
481,data/imagenet.npz,1,10,cuda,cuda,1,1,0.002623,0.002609,0.000000
482,data/imagenet.npz,1,10,cuda,cuda,1,1,0.001720,0.002474,0.000000
483,data/imagenet.npz,1,10,cuda,cuda,1,1,0.002607,0.002493,0.000000
484,data/imagenet.npz,1,10,cuda,cuda,1,1,0.002494,0.001238,0.000000
485,data/imagenet.npz,1,10,cuda,cuda,1,1,0.002545,0.002365,0.000000
486,data/imagenet.npz,1,10,cuda,cuda,1,1,0.002914,0.005221,0.000000
487,data/imagenet.npz,1,10,cuda,cuda,1,1,0.005483,0.025755,0.000000
488,data/imagenet.npz,1,10,cuda,cuda,1,1,0.002525,0.002490,0.000000
489,data/imagenet.npz,1,10,cuda,cuda,1,1,0.002835,0.000742,0.000000
490,data/imagenet.npz,1,10,cuda,cuda,1,1,0.002787,0.002763,0.000000
491,data/imagenet.npz,1,10,cuda,cuda,1,1,0.003244,0.005108,0.000000
492,data/imagenet.npz,1,10,cuda,cuda,1,1,0.002627,0.003300,0.000000
493,data/imagenet.npz,1,10,cuda,cuda,1,1,0.002712,0.002422,0.000000
494,data/imagenet.npz,1,10,cuda,cuda,1,1,0.002764,0.002991,0.000000
495,data/imagenet.npz,1,10,cuda,cuda,1,1,0.002509,0.002338,0.000000
496,data/imagenet.npz,1,10,cuda,cuda,1,1,0.001715,0.002437,0.000000
497,data/imagenet.npz,1,10,cuda,cuda,1,1,0.002770,0.002615,0.000000
498,data/imagenet.npz,1,10,cuda,cuda,1,1,0.002452,0.002602,0.000000
499,data/imagenet.npz,1,10,cuda,cuda,1,1,0.002742,0.003291,0.000000
500,data/imagenet.npz,1,10,cuda,cuda,1,1,0.002609,0.002607,0.000000
501,data/imagenet.npz,1,10,cuda,cuda,1,1,0.001704,0.002616,0.000000
502,data/imagenet.npz,1,10,cuda,cuda,1,1,0.002454,0.002563,0.000000
503,data/imagenet.npz,1,10,cuda,cuda,1,1,0.002595,0.002620,0.000000
504,data/imagenet.npz,1,10,cuda,cuda,1,1,0.002122,0.001711,0.000000
505,data/imagenet.npz,1,10,cuda,cuda,1,1,0.011503,0.002410,0.000000
506,data/imagenet.npz,1,10,cuda,cuda,1,1,0.003505,0.008271,0.000000
507,data/imagenet.npz,1,10,cuda,cuda,1,1,0.002331,0.002612,0.000000
508,data/imagenet.npz,1,10,cuda,cuda,1,1,0.002568,0.002620,0.000000
509,data/imagenet.npz,1,10,cuda,cuda,1,1,0.003506,0.010515,0.000000
510,data/imagenet.npz,1,10,cuda,cuda,1,1,0.001732,0.003329,0.000000
511,data/imagenet.npz,1,10,cuda,cuda,1,1,0.002854,0.001629,0.000000
512,data/imagenet.npz,1,10,cuda,cuda,1,1,0.002514,0.002330,0.000000
513,data/imagenet.npz,1,10,cuda,cuda,1,1,0.002526,0.001993,0.000000
514,data/imagenet.npz,1,10,cuda,cuda,1,1,0.002931,0.003562,0.000000
515,data/imagenet.npz,1,10,cuda,cuda,1,1,0.002707,0.005046,0.000000
516,data/imagenet.npz,1,10,cuda,cuda,1,1,0.002915,0.000872,0.000000
517,data/imagenet.npz,1,10,cuda,cuda,1,1,0.002970,0.002896,0.000000
518,data/imagenet.npz,1,10,cuda,cuda,1,1,0.002340,0.002340,0.000000
519,data/imagenet.npz,1,10,cuda,cuda,1,1,0.002594,0.000441,0.000000
520,data/imagenet.npz,1,10,cuda,cuda,1,1,0.002719,0.003109,0.000000
521,data/imagenet.npz,1,10,cuda,cuda,1,1,0.002759,0.002613,0.000000
522,data/imagenet.npz,1,10,cuda,cuda,1,1,0.002327,0.002328,0.000000
523,data/imagenet.npz,1,10,cuda,cuda,1,1,0.002295,0.002339,0.000000
524,data/imagenet.npz,1,10,cuda,cuda,1,1,0.002701,0.005730,0.000000
525,data/imagenet.npz,1,10,cuda,cuda,1,1,0.002772,0.005341,0.000000
526,data/imagenet.npz,1,10,cuda,cuda,1,1,0.002464,0.002603,0.000000
527,data/imagenet.npz,1,10,cuda,cuda,1,1,0.002300,0.002202,0.000000
528,data/imagenet.npz,1,10,cuda,cuda,1,1,0.002597,0.002616,0.000000
529,data/imagenet.npz,1,10,cuda,cuda,1,1,0.003044,0.007460,0.000000
530,data/imagenet.npz,1,10,cuda,cuda,1,1,0.002504,0.002611,0.000000
531,data/imagenet.npz,1,10,cuda,cuda,1,1,0.002305,0.002345,0.000000
532,data/imagenet.npz,1,10,cuda,cuda,1,1,0.002455,0.002511,0.000000
533,data/imagenet.npz,1,10,cuda,cuda,1,1,0.002445,0.002607,0.000000
534,data/imagenet.npz,1,10,cuda,cuda,1,1,0.001719,0.002610,0.000000
535,data/imagenet.npz,1,10,cuda,cuda,1,1,0.002606,0.003230,0.000000
536,data/imagenet.npz,1,10,cuda,cuda,1,1,0.002922,0.002593,0.000000
537,data/imagenet.npz,1,10,cuda,cuda,1,1,0.002618,0.002614,0.000000
538,data/imagenet.npz,1,10,cuda,cuda,1,1,0.001705,0.002620,0.000000
539,data/imagenet.npz,1,10,cuda,cuda,1,1,0.002602,0.003075,0.000000
540,data/imagenet.npz,1,10,cuda,cuda,1,1,0.002462,0.002339,0.000000
541,data/imagenet.npz,1,10,cuda,cuda,1,1,0.002464,0.002349,0.000000
542,data/imagenet.npz,1,10,cuda,cuda,1,1,0.002302,0.002424,0.000000
543,data/imagenet.npz,1,10,cuda,cuda,1,1,0.002670,0.002391,0.000000
544,data/imagenet.npz,1,10,cuda,cuda,1,1,0.002604,0.003559,0.000000
545,data/imagenet.npz,1,10,cuda,cuda,1,1,0.002744,0.002606,0.000000
546,data/imagenet.npz,1,10,cuda,cuda,1,1,0.001752,0.002343,0.000000
547,data/imagenet.npz,1,10,cuda,cuda,1,1,0.002930,0.005004,0.000000
548,data/imagenet.npz,1,10,cuda,cuda,1,1,0.002343,0.002337,0.000000
549,data/imagenet.npz,1,10,cuda,cuda,1,1,0.002740,0.003417,0.000000
550,data/imagenet.npz,1,10,cuda,cuda,1,1,0.007169,0.002350,0.000000
551,data/imagenet.npz,1,10,cuda,cuda,1,1,0.002114,0.002595,0.000000
552,data/imagenet.npz,1,10,cuda,cuda,1,1,0.002447,0.002613,0.000000
553,data/imagenet.npz,1,10,cuda,cuda,1,1,0.001702,0.002338,0.000000
554,data/imagenet.npz,1,10,cuda,cuda,1,1,0.002462,0.004227,0.000000
555,data/imagenet.npz,1,10,cuda,cuda,1,1,0.002626,0.002296,0.000000
556,data/imagenet.npz,1,10,cuda,cuda,1,1,0.002976,0.004202,0.000000
557,data/imagenet.npz,1,10,cuda,cuda,1,1,0.002312,0.002335,0.000000
558,data/imagenet.npz,1,10,cuda,cuda,1,1,0.002464,0.002337,0.000000
559,data/imagenet.npz,1,10,cuda,cuda,1,1,0.002132,0.002606,0.000000
560,data/imagenet.npz,1,10,cuda,cuda,1,1,0.002756,0.003271,0.000000
561,data/imagenet.npz,1,10,cuda,cuda,1,1,0.002490,0.002331,0.000000
562,data/imagenet.npz,1,10,cuda,cuda,1,1,0.002269,0.002617,0.000000
563,data/imagenet.npz,1,10,cuda,cuda,1,1,0.002295,0.002251,0.000000
564,data/imagenet.npz,1,10,cuda,cuda,1,1,0.002733,0.002780,0.000000
565,data/imagenet.npz,1,10,cuda,cuda,1,1,0.002893,0.003291,0.000000
566,data/imagenet.npz,1,10,cuda,cuda,1,1,0.002473,0.002337,0.000000
567,data/imagenet.npz,1,10,cuda,cuda,1,1,0.002490,0.002340,0.000000
568,data/imagenet.npz,1,10,cuda,cuda,1,1,0.001686,0.002337,0.000000
569,data/imagenet.npz,1,10,cuda,cuda,1,1,0.002479,0.002443,0.000000
570,data/imagenet.npz,1,10,cuda,cuda,1,1,0.002831,0.001720,0.000000
571,data/imagenet.npz,1,10,cuda,cuda,1,1,0.002726,0.005853,0.000000
572,data/imagenet.npz,1,10,cuda,cuda,1,1,0.003027,0.000685,0.000000
573,data/imagenet.npz,1,10,cuda,cuda,1,1,0.002849,0.002611,0.000000
574,data/imagenet.npz,1,10,cuda,cuda,1,1,0.002912,0.000690,0.000000
575,data/imagenet.npz,1,10,cuda,cuda,1,1,0.002990,0.003278,0.000000
576,data/imagenet.npz,1,10,cuda,cuda,1,1,0.003779,0.000980,0.000000
577,data/imagenet.npz,1,10,cuda,cuda,1,1,0.002126,0.002716,0.000000
578,data/imagenet.npz,1,10,cuda,cuda,1,1,0.002825,0.002758,0.000000
579,data/imagenet.npz,1,10,cuda,cuda,1,1,0.002785,0.002622,0.000000
580,data/imagenet.npz,1,10,cuda,cuda,1,1,0.001709,0.001222,0.000000
581,data/imagenet.npz,1,10,cuda,cuda,1,1,0.002535,0.002337,0.000000
582,data/imagenet.npz,1,10,cuda,cuda,1,1,0.002306,0.003898,0.000000
583,data/imagenet.npz,1,10,cuda,cuda,1,1,0.002631,0.002611,0.000000
584,data/imagenet.npz,1,10,cuda,cuda,1,1,0.002430,0.000718,0.000000
585,data/imagenet.npz,1,10,cuda,cuda,1,1,0.002994,0.002607,0.000000
586,data/imagenet.npz,1,10,cuda,cuda,1,1,0.005125,0.024093,0.000000
587,data/imagenet.npz,1,10,cuda,cuda,1,1,0.001760,0.006404,0.000000
588,data/imagenet.npz,1,10,cuda,cuda,1,1,0.001713,0.004046,0.000000
589,data/imagenet.npz,1,10,cuda,cuda,1,1,0.002296,0.002628,0.000000
590,data/imagenet.npz,1,10,cuda,cuda,1,1,0.002171,0.002336,0.000000
591,data/imagenet.npz,1,10,cuda,cuda,1,1,0.003093,0.006456,0.000000
592,data/imagenet.npz,1,10,cuda,cuda,1,1,0.002697,0.003001,0.000000
593,data/imagenet.npz,1,10,cuda,cuda,1,1,0.002762,0.003334,0.000000
594,data/imagenet.npz,1,10,cuda,cuda,1,1,0.002482,0.002759,0.000000
595,data/imagenet.npz,1,10,cuda,cuda,1,1,0.002927,0.004200,0.000000
596,data/imagenet.npz,1,10,cuda,cuda,1,1,0.002365,0.002484,0.000000
597,data/imagenet.npz,1,10,cuda,cuda,1,1,0.002736,0.002779,0.000000
598,data/imagenet.npz,1,10,cuda,cuda,1,1,0.002315,0.002204,0.000000
599,data/imagenet.npz,1,10,cuda,cuda,1,1,0.002662,0.002610,0.000000
600,data/imagenet.npz,1,10,cuda,cuda,1,1,0.002333,0.002343,0.000000
601,data/imagenet.npz,1,10,cuda,cuda,1,1,0.002317,0.002341,0.000000
602,data/imagenet.npz,1,10,cuda,cuda,1,1,0.002649,0.002607,0.000000
603,data/imagenet.npz,1,10,cuda,cuda,1,1,0.002766,0.003414,0.000000
604,data/imagenet.npz,1,10,cuda,cuda,1,1,0.002638,0.002621,0.000000
605,data/imagenet.npz,1,10,cuda,cuda,1,1,0.003118,0.003557,0.000000
606,data/imagenet.npz,1,10,cuda,cuda,1,1,0.002625,0.002615,0.000000
607,data/imagenet.npz,1,10,cuda,cuda,1,1,0.002833,0.002556,0.000000
608,data/imagenet.npz,1,10,cuda,cuda,1,1,0.002668,0.002612,0.000000
609,data/imagenet.npz,1,10,cuda,cuda,1,1,0.002145,0.001650,0.000000
610,data/imagenet.npz,1,10,cuda,cuda,1,1,0.002475,0.002338,0.000000
611,data/imagenet.npz,1,10,cuda,cuda,1,1,0.002286,0.002614,0.000000
612,data/imagenet.npz,1,10,cuda,cuda,1,1,0.002477,0.002610,0.000000
613,data/imagenet.npz,1,10,cuda,cuda,1,1,0.002134,0.003310,0.000000
614,data/imagenet.npz,1,10,cuda,cuda,1,1,0.002733,0.002610,0.000000
615,data/imagenet.npz,1,10,cuda,cuda,1,1,0.001693,0.001939,0.000000
616,data/imagenet.npz,1,10,cuda,cuda,1,1,0.002750,0.002623,0.000000
617,data/imagenet.npz,1,10,cuda,cuda,1,1,0.002629,0.002622,0.000000
618,data/imagenet.npz,1,10,cuda,cuda,1,1,0.002478,0.001113,0.000000
619,data/imagenet.npz,1,10,cuda,cuda,1,1,0.002702,0.001336,0.000000
620,data/imagenet.npz,1,10,cuda,cuda,1,1,0.002128,0.002718,0.000000
621,data/imagenet.npz,1,10,cuda,cuda,1,1,0.001770,0.002544,0.000000
622,data/imagenet.npz,1,10,cuda,cuda,1,1,0.002790,0.002563,0.000000
623,data/imagenet.npz,1,10,cuda,cuda,1,1,0.002307,0.002339,0.000000
624,data/imagenet.npz,1,10,cuda,cuda,1,1,0.002538,0.002341,0.000000
625,data/imagenet.npz,1,10,cuda,cuda,1,1,0.002777,0.004353,0.000000
626,data/imagenet.npz,1,10,cuda,cuda,1,1,0.002581,0.002559,0.000000
627,data/imagenet.npz,1,10,cuda,cuda,1,1,0.002327,0.001987,0.000000
628,data/imagenet.npz,1,10,cuda,cuda,1,1,0.002579,0.001175,0.000000
629,data/imagenet.npz,1,10,cuda,cuda,1,1,0.002480,0.001749,0.000000
630,data/imagenet.npz,1,10,cuda,cuda,1,1,0.002495,0.002338,0.000000
631,data/imagenet.npz,1,10,cuda,cuda,1,1,0.002296,0.002844,0.000000
632,data/imagenet.npz,1,10,cuda,cuda,1,1,0.001708,0.002333,0.000000
633,data/imagenet.npz,1,10,cuda,cuda,1,1,0.001705,0.002609,0.000000
634,data/imagenet.npz,1,10,cuda,cuda,1,1,0.002306,0.003697,0.000000
635,data/imagenet.npz,1,10,cuda,cuda,1,1,0.002634,0.001826,0.000000
636,data/imagenet.npz,1,10,cuda,cuda,1,1,0.002460,0.002158,0.000000
637,data/imagenet.npz,1,10,cuda,cuda,1,1,0.002476,0.002347,0.000000
638,data/imagenet.npz,1,10,cuda,cuda,1,1,0.002782,0.002609,0.000000
639,data/imagenet.npz,1,10,cuda,cuda,1,1,0.003540,0.011333,0.000000
640,data/imagenet.npz,1,10,cuda,cuda,1,1,0.002510,0.001759,0.000000
641,data/imagenet.npz,1,10,cuda,cuda,1,1,0.002635,0.002596,0.000000
642,data/imagenet.npz,1,10,cuda,cuda,1,1,0.002467,0.002600,0.000000
643,data/imagenet.npz,1,10,cuda,cuda,1,1,0.002474,0.002612,0.000000
644,data/imagenet.npz,1,10,cuda,cuda,1,1,0.002468,0.002621,0.000000
645,data/imagenet.npz,1,10,cuda,cuda,1,1,0.002576,0.000980,0.000000
646,data/imagenet.npz,1,10,cuda,cuda,1,1,0.001707,0.001279,0.000000
647,data/imagenet.npz,1,10,cuda,cuda,1,1,0.002473,0.002337,0.000000
648,data/imagenet.npz,1,10,cuda,cuda,1,1,0.003045,0.000983,0.000000
649,data/imagenet.npz,1,10,cuda,cuda,1,1,0.002804,0.002611,0.000000
650,data/imagenet.npz,1,10,cuda,cuda,1,1,0.001704,0.002606,0.000000
651,data/imagenet.npz,1,10,cuda,cuda,1,1,0.002478,0.002599,0.000000
652,data/imagenet.npz,1,10,cuda,cuda,1,1,0.002489,0.002607,0.000000
653,data/imagenet.npz,1,10,cuda,cuda,1,1,0.002459,0.002962,0.000000
654,data/imagenet.npz,1,10,cuda,cuda,1,1,0.002588,0.000692,0.000000
655,data/imagenet.npz,1,10,cuda,cuda,1,1,0.003080,0.003709,0.000000
656,data/imagenet.npz,1,10,cuda,cuda,1,1,0.002650,0.002784,0.000000
657,data/imagenet.npz,1,10,cuda,cuda,1,1,0.001952,0.002347,0.000000
658,data/imagenet.npz,1,10,cuda,cuda,1,1,0.002926,0.002620,0.000000
659,data/imagenet.npz,1,10,cuda,cuda,1,1,0.002120,0.001912,0.000000
660,data/imagenet.npz,1,10,cuda,cuda,1,1,0.002619,0.002338,0.000000
661,data/imagenet.npz,1,10,cuda,cuda,1,1,0.002777,0.002615,0.000000
662,data/imagenet.npz,1,10,cuda,cuda,1,1,0.001699,0.003060,0.000000
663,data/imagenet.npz,1,10,cuda,cuda,1,1,0.002318,0.002324,0.000000
664,data/imagenet.npz,1,10,cuda,cuda,1,1,0.002563,0.003698,0.000000
665,data/imagenet.npz,1,10,cuda,cuda,1,1,0.002273,0.002529,0.000000
666,data/imagenet.npz,1,10,cuda,cuda,1,1,0.002603,0.002609,0.000000
667,data/imagenet.npz,1,10,cuda,cuda,1,1,0.004477,0.017382,0.000000
668,data/imagenet.npz,1,10,cuda,cuda,1,1,0.002839,0.000691,0.000000
669,data/imagenet.npz,1,10,cuda,cuda,1,1,0.001721,0.002616,0.000000
670,data/imagenet.npz,1,10,cuda,cuda,1,1,0.002165,0.002347,0.000000
671,data/imagenet.npz,1,10,cuda,cuda,1,1,0.002262,0.001560,0.000000
672,data/imagenet.npz,1,10,cuda,cuda,1,1,0.002504,0.002332,0.000000
673,data/imagenet.npz,1,10,cuda,cuda,1,1,0.002590,0.002631,0.000000
674,data/imagenet.npz,1,10,cuda,cuda,1,1,0.002622,0.003004,0.000000
675,data/imagenet.npz,1,10,cuda,cuda,1,1,0.002303,0.002338,0.000000
676,data/imagenet.npz,1,10,cuda,cuda,1,1,0.001691,0.002338,0.000000
677,data/imagenet.npz,1,10,cuda,cuda,1,1,0.002108,0.000346,0.000000
678,data/imagenet.npz,1,10,cuda,cuda,1,1,0.002341,0.001339,0.000000
679,data/imagenet.npz,1,10,cuda,cuda,1,1,0.002770,0.002602,0.000000
680,data/imagenet.npz,1,10,cuda,cuda,1,1,0.002312,0.002336,0.000000
681,data/imagenet.npz,1,10,cuda,cuda,1,1,0.002275,0.000408,0.000000
682,data/imagenet.npz,1,10,cuda,cuda,1,1,0.002620,0.000964,0.000000
683,data/imagenet.npz,1,10,cuda,cuda,1,1,0.002472,0.002326,0.000000
684,data/imagenet.npz,1,10,cuda,cuda,1,1,0.002464,0.002707,0.000000
685,data/imagenet.npz,1,10,cuda,cuda,1,1,0.002454,0.002326,0.000000
686,data/imagenet.npz,1,10,cuda,cuda,1,1,0.002587,0.002598,0.000000
687,data/imagenet.npz,1,10,cuda,cuda,1,1,0.002610,0.004028,0.000000
688,data/imagenet.npz,1,10,cuda,cuda,1,1,0.002942,0.002682,0.000000
689,data/imagenet.npz,1,10,cuda,cuda,1,1,0.002481,0.002740,0.000000
690,data/imagenet.npz,1,10,cuda,cuda,1,1,0.001753,0.002608,0.000000
691,data/imagenet.npz,1,10,cuda,cuda,1,1,0.001727,0.002342,0.000000
692,data/imagenet.npz,1,10,cuda,cuda,1,1,0.002153,0.003397,0.000000
693,data/imagenet.npz,1,10,cuda,cuda,1,1,0.002623,0.002621,0.000000
694,data/imagenet.npz,1,10,cuda,cuda,1,1,0.002127,0.002605,0.000000
695,data/imagenet.npz,1,10,cuda,cuda,1,1,0.002459,0.001428,0.000000
696,data/imagenet.npz,1,10,cuda,cuda,1,1,0.004636,0.012887,0.000000
697,data/imagenet.npz,1,10,cuda,cuda,1,1,0.002378,0.001157,0.000000
698,data/imagenet.npz,1,10,cuda,cuda,1,1,0.002329,0.001545,0.000000
699,data/imagenet.npz,1,10,cuda,cuda,1,1,0.004269,0.010778,0.000000
700,data/imagenet.npz,1,10,cuda,cuda,1,1,0.002517,0.001632,0.000000
701,data/imagenet.npz,1,10,cuda,cuda,1,1,0.002494,0.002343,0.000000
702,data/imagenet.npz,1,10,cuda,cuda,1,1,0.002741,0.002638,0.000000
703,data/imagenet.npz,1,10,cuda,cuda,1,1,0.003273,0.007525,0.000000
704,data/imagenet.npz,1,10,cuda,cuda,1,1,0.002503,0.002606,0.000000
705,data/imagenet.npz,1,10,cuda,cuda,1,1,0.002617,0.001726,0.000000
706,data/imagenet.npz,1,10,cuda,cuda,1,1,0.002601,0.002614,0.000000
707,data/imagenet.npz,1,10,cuda,cuda,1,1,0.001712,0.002620,0.000000
708,data/imagenet.npz,1,10,cuda,cuda,1,1,0.002339,0.002340,0.000000
709,data/imagenet.npz,1,10,cuda,cuda,1,1,0.002725,0.003063,0.000000
710,data/imagenet.npz,1,10,cuda,cuda,1,1,0.002622,0.002607,0.000000
711,data/imagenet.npz,1,10,cuda,cuda,1,1,0.002458,0.002578,0.000000
712,data/imagenet.npz,1,10,cuda,cuda,1,1,0.002609,0.002608,0.000000
713,data/imagenet.npz,1,10,cuda,cuda,1,1,0.002696,0.002607,0.000000
714,data/imagenet.npz,1,10,cuda,cuda,1,1,0.001707,0.002607,0.000000
715,data/imagenet.npz,1,10,cuda,cuda,1,1,0.002467,0.002690,0.000000
716,data/imagenet.npz,1,10,cuda,cuda,1,1,0.002477,0.002818,0.000000
717,data/imagenet.npz,1,10,cuda,cuda,1,1,0.002638,0.002609,0.000000
718,data/imagenet.npz,1,10,cuda,cuda,1,1,0.002464,0.002612,0.000000
719,data/imagenet.npz,1,10,cuda,cuda,1,1,0.001713,0.002327,0.000000
720,data/imagenet.npz,1,10,cuda,cuda,1,1,0.002323,0.002245,0.000000
721,data/imagenet.npz,1,10,cuda,cuda,1,1,0.002755,0.002607,0.000000
722,data/imagenet.npz,1,10,cuda,cuda,1,1,0.002316,0.002346,0.000000
723,data/imagenet.npz,1,10,cuda,cuda,1,1,0.002304,0.001983,0.000000
724,data/imagenet.npz,1,10,cuda,cuda,1,1,0.002629,0.001709,0.000000
725,data/imagenet.npz,1,10,cuda,cuda,1,1,0.002293,0.002086,0.000000
726,data/imagenet.npz,1,10,cuda,cuda,1,1,0.002479,0.001184,0.000000
727,data/imagenet.npz,1,10,cuda,cuda,1,1,0.002789,0.002608,0.000000
728,data/imagenet.npz,1,10,cuda,cuda,1,1,0.001706,0.002570,0.000000
729,data/imagenet.npz,1,10,cuda,cuda,1,1,0.002922,0.000923,0.000000
730,data/imagenet.npz,1,10,cuda,cuda,1,1,0.002944,0.002615,0.000000
731,data/imagenet.npz,1,10,cuda,cuda,1,1,0.002319,0.002340,0.000000
732,data/imagenet.npz,1,10,cuda,cuda,1,1,0.002490,0.002186,0.000000
733,data/imagenet.npz,1,10,cuda,cuda,1,1,0.002923,0.003705,0.000000
734,data/imagenet.npz,1,10,cuda,cuda,1,1,0.002275,0.002605,0.000000
735,data/imagenet.npz,1,10,cuda,cuda,1,1,0.001715,0.002344,0.000000
736,data/imagenet.npz,1,10,cuda,cuda,1,1,0.002634,0.002330,0.000000
737,data/imagenet.npz,1,10,cuda,cuda,1,1,0.002765,0.002583,0.000000
738,data/imagenet.npz,1,10,cuda,cuda,1,1,0.002458,0.002451,0.000000
739,data/imagenet.npz,1,10,cuda,cuda,1,1,0.002622,0.004263,0.000000
740,data/imagenet.npz,1,10,cuda,cuda,1,1,0.002334,0.002617,0.000000
741,data/imagenet.npz,1,10,cuda,cuda,1,1,0.002694,0.002610,0.000000
742,data/imagenet.npz,1,10,cuda,cuda,1,1,0.002774,0.000591,0.000000
743,data/imagenet.npz,1,10,cuda,cuda,1,1,0.002629,0.002532,0.000000
744,data/imagenet.npz,1,10,cuda,cuda,1,1,0.002406,0.002326,0.000000
745,data/imagenet.npz,1,10,cuda,cuda,1,1,0.002632,0.002717,0.000000
746,data/imagenet.npz,1,10,cuda,cuda,1,1,0.002612,0.002321,0.000000
747,data/imagenet.npz,1,10,cuda,cuda,1,1,0.002628,0.002573,0.000000
748,data/imagenet.npz,1,10,cuda,cuda,1,1,0.002481,0.001330,0.000000
749,data/imagenet.npz,1,10,cuda,cuda,1,1,0.002943,0.004211,0.000000
750,data/imagenet.npz,1,10,cuda,cuda,1,1,0.002795,0.000805,0.000000
751,data/imagenet.npz,1,10,cuda,cuda,1,1,0.003938,0.002344,0.000000
752,data/imagenet.npz,1,10,cuda,cuda,1,1,0.002627,0.002547,0.000000
753,data/imagenet.npz,1,10,cuda,cuda,1,1,0.002615,0.003708,0.000000
754,data/imagenet.npz,1,10,cuda,cuda,1,1,0.002467,0.001848,0.000000
755,data/imagenet.npz,1,10,cuda,cuda,1,1,0.002508,0.002352,0.000000
756,data/imagenet.npz,1,10,cuda,cuda,1,1,0.002272,0.002617,0.000000
757,data/imagenet.npz,1,10,cuda,cuda,1,1,0.002630,0.002610,0.000000
758,data/imagenet.npz,1,10,cuda,cuda,1,1,0.002628,0.002607,0.000000
759,data/imagenet.npz,1,10,cuda,cuda,1,1,0.002623,0.002612,0.000000
760,data/imagenet.npz,1,10,cuda,cuda,1,1,0.002306,0.002338,0.000000
761,data/imagenet.npz,1,10,cuda,cuda,1,1,0.002610,0.002613,0.000000
762,data/imagenet.npz,1,10,cuda,cuda,1,1,0.001715,0.002608,0.000000
763,data/imagenet.npz,1,10,cuda,cuda,1,1,0.002631,0.002905,0.000000
764,data/imagenet.npz,1,10,cuda,cuda,1,1,0.002297,0.002346,0.000000
765,data/imagenet.npz,1,10,cuda,cuda,1,1,0.002309,0.002339,0.000000
766,data/imagenet.npz,1,10,cuda,cuda,1,1,0.002676,0.005021,0.000000
767,data/imagenet.npz,1,10,cuda,cuda,1,1,0.002787,0.000773,0.000000
768,data/imagenet.npz,1,10,cuda,cuda,1,1,0.002649,0.001690,0.000000
769,data/imagenet.npz,1,10,cuda,cuda,1,1,0.002336,0.002347,0.000000
770,data/imagenet.npz,1,10,cuda,cuda,1,1,0.002630,0.004206,0.000000
771,data/imagenet.npz,1,10,cuda,cuda,1,1,0.002290,0.003467,0.000000
772,data/imagenet.npz,1,10,cuda,cuda,1,1,0.002633,0.002617,0.000000
773,data/imagenet.npz,1,10,cuda,cuda,1,1,0.002622,0.004216,0.000000
774,data/imagenet.npz,1,10,cuda,cuda,1,1,0.002130,0.002335,0.000000
775,data/imagenet.npz,1,10,cuda,cuda,1,1,0.002809,0.003864,0.000000
776,data/imagenet.npz,1,10,cuda,cuda,1,1,0.002603,0.002612,0.000000
777,data/imagenet.npz,1,10,cuda,cuda,1,1,0.001707,0.002606,0.000000
778,data/imagenet.npz,1,10,cuda,cuda,1,1,0.002321,0.002538,0.000000
779,data/imagenet.npz,1,10,cuda,cuda,1,1,0.002413,0.002611,0.000000
780,data/imagenet.npz,1,10,cuda,cuda,1,1,0.001721,0.002608,0.000000
781,data/imagenet.npz,1,10,cuda,cuda,1,1,0.001714,0.001604,0.000000
782,data/imagenet.npz,1,10,cuda,cuda,1,1,0.002707,0.002338,0.000000
783,data/imagenet.npz,1,10,cuda,cuda,1,1,0.001731,0.002330,0.000000
784,data/imagenet.npz,1,10,cuda,cuda,1,1,0.002627,0.002677,0.000000
785,data/imagenet.npz,1,10,cuda,cuda,1,1,0.002339,0.002271,0.000000
786,data/imagenet.npz,1,10,cuda,cuda,1,1,0.002609,0.002609,0.000000
787,data/imagenet.npz,1,10,cuda,cuda,1,1,0.002302,0.002252,0.000000
788,data/imagenet.npz,1,10,cuda,cuda,1,1,0.002462,0.001213,0.000000
789,data/imagenet.npz,1,10,cuda,cuda,1,1,0.002628,0.002625,0.000000
790,data/imagenet.npz,1,10,cuda,cuda,1,1,0.002467,0.002487,0.000000
791,data/imagenet.npz,1,10,cuda,cuda,1,1,0.002618,0.001683,0.000000
792,data/imagenet.npz,1,10,cuda,cuda,1,1,0.002786,0.002609,0.000000
793,data/imagenet.npz,1,10,cuda,cuda,1,1,0.001713,0.002610,0.000000
794,data/imagenet.npz,1,10,cuda,cuda,1,1,0.002305,0.002102,0.000000
795,data/imagenet.npz,1,10,cuda,cuda,1,1,0.002609,0.002339,0.000000
796,data/imagenet.npz,1,10,cuda,cuda,1,1,0.002487,0.002289,0.000000
797,data/imagenet.npz,1,10,cuda,cuda,1,1,0.001703,0.002377,0.000000
798,data/imagenet.npz,1,10,cuda,cuda,1,1,0.002464,0.002154,0.000000
799,data/imagenet.npz,1,10,cuda,cuda,1,1,0.003175,0.005287,0.000000
800,data/imagenet.npz,1,10,cuda,cuda,1,1,0.002468,0.002764,0.000000
801,data/imagenet.npz,1,10,cuda,cuda,1,1,0.002933,0.000934,0.000000
802,data/imagenet.npz,1,10,cuda,cuda,1,1,0.002342,0.001280,0.000000
803,data/imagenet.npz,1,10,cuda,cuda,1,1,0.003554,0.002614,0.000000
804,data/imagenet.npz,1,10,cuda,cuda,1,1,0.002482,0.002610,0.000000
805,data/imagenet.npz,1,10,cuda,cuda,1,1,0.002644,0.000531,0.000000
806,data/imagenet.npz,1,10,cuda,cuda,1,1,0.002677,0.001949,0.000000
807,data/imagenet.npz,1,10,cuda,cuda,1,1,0.002792,0.002614,0.000000
808,data/imagenet.npz,1,10,cuda,cuda,1,1,0.002458,0.002608,0.000000
809,data/imagenet.npz,1,10,cuda,cuda,1,1,0.001713,0.002619,0.000000
810,data/imagenet.npz,1,10,cuda,cuda,1,1,0.002131,0.003748,0.000000
811,data/imagenet.npz,1,10,cuda,cuda,1,1,0.002625,0.002607,0.000000
812,data/imagenet.npz,1,10,cuda,cuda,1,1,0.002294,0.002292,0.000000
813,data/imagenet.npz,1,10,cuda,cuda,1,1,0.002467,0.002472,0.000000
814,data/imagenet.npz,1,10,cuda,cuda,1,1,0.002377,0.002342,0.000000
815,data/imagenet.npz,1,10,cuda,cuda,1,1,0.002287,0.000500,0.000000
816,data/imagenet.npz,1,10,cuda,cuda,1,1,0.002658,0.002487,0.000000
817,data/imagenet.npz,1,10,cuda,cuda,1,1,0.002893,0.002609,0.000000
818,data/imagenet.npz,1,10,cuda,cuda,1,1,0.002471,0.002666,0.000000
819,data/imagenet.npz,1,10,cuda,cuda,1,1,0.002400,0.002339,0.000000
820,data/imagenet.npz,1,10,cuda,cuda,1,1,0.002786,0.003701,0.000000
821,data/imagenet.npz,1,10,cuda,cuda,1,1,0.002294,0.002510,0.000000
822,data/imagenet.npz,1,10,cuda,cuda,1,1,0.001705,0.002346,0.000000
823,data/imagenet.npz,1,10,cuda,cuda,1,1,0.002650,0.002337,0.000000
824,data/imagenet.npz,1,10,cuda,cuda,1,1,0.002471,0.001067,0.000000
825,data/imagenet.npz,1,10,cuda,cuda,1,1,0.002792,0.002557,0.000000
826,data/imagenet.npz,1,10,cuda,cuda,1,1,0.002621,0.003001,0.000000
827,data/imagenet.npz,1,10,cuda,cuda,1,1,0.002470,0.002874,0.000000
828,data/imagenet.npz,1,10,cuda,cuda,1,1,0.002328,0.002354,0.000000
829,data/imagenet.npz,1,10,cuda,cuda,1,1,0.002284,0.000515,0.000000
830,data/imagenet.npz,1,10,cuda,cuda,1,1,0.002824,0.002631,0.000000
831,data/imagenet.npz,1,10,cuda,cuda,1,1,0.002867,0.002345,0.000000
832,data/imagenet.npz,1,10,cuda,cuda,1,1,0.002765,0.002612,0.000000
833,data/imagenet.npz,1,10,cuda,cuda,1,1,0.003002,0.006415,0.000000
834,data/imagenet.npz,1,10,cuda,cuda,1,1,0.002515,0.003356,0.000000
835,data/imagenet.npz,1,10,cuda,cuda,1,1,0.002783,0.000796,0.000000
836,data/imagenet.npz,1,10,cuda,cuda,1,1,0.003102,0.000979,0.000000
837,data/imagenet.npz,1,10,cuda,cuda,1,1,0.002800,0.002609,0.000000
838,data/imagenet.npz,1,10,cuda,cuda,1,1,0.002322,0.002326,0.000000
839,data/imagenet.npz,1,10,cuda,cuda,1,1,0.002659,0.003090,0.000000
840,data/imagenet.npz,1,10,cuda,cuda,1,1,0.003143,0.006414,0.000000
841,data/imagenet.npz,1,10,cuda,cuda,1,1,0.002136,0.002345,0.000000
842,data/imagenet.npz,1,10,cuda,cuda,1,1,0.002829,0.002620,0.000000
843,data/imagenet.npz,1,10,cuda,cuda,1,1,0.002322,0.002344,0.000000
844,data/imagenet.npz,1,10,cuda,cuda,1,1,0.002770,0.002601,0.000000
845,data/imagenet.npz,1,10,cuda,cuda,1,1,0.002304,0.002462,0.000000
846,data/imagenet.npz,1,10,cuda,cuda,1,1,0.002633,0.002001,0.000000
847,data/imagenet.npz,1,10,cuda,cuda,1,1,0.002791,0.000595,0.000000
848,data/imagenet.npz,1,10,cuda,cuda,1,1,0.002643,0.002649,0.000000
849,data/imagenet.npz,1,10,cuda,cuda,1,1,0.002902,0.002598,0.000000
850,data/imagenet.npz,1,10,cuda,cuda,1,1,0.002951,0.000683,0.000000
851,data/imagenet.npz,1,10,cuda,cuda,1,1,0.007890,0.044023,0.000000
852,data/imagenet.npz,1,10,cuda,cuda,1,1,0.002708,0.002538,0.000000
853,data/imagenet.npz,1,10,cuda,cuda,1,1,0.002427,0.002328,0.000000
854,data/imagenet.npz,1,10,cuda,cuda,1,1,0.002303,0.002339,0.000000
855,data/imagenet.npz,1,10,cuda,cuda,1,1,0.002318,0.002639,0.000000
856,data/imagenet.npz,1,10,cuda,cuda,1,1,0.002282,0.001056,0.000000
857,data/imagenet.npz,1,10,cuda,cuda,1,1,0.002953,0.002700,0.000000
858,data/imagenet.npz,1,10,cuda,cuda,1,1,0.002497,0.000471,0.000000
859,data/imagenet.npz,1,10,cuda,cuda,1,1,0.002663,0.002340,0.000000
860,data/imagenet.npz,1,10,cuda,cuda,1,1,0.002122,0.001340,0.000000
861,data/imagenet.npz,1,10,cuda,cuda,1,1,0.002488,0.000532,0.000000
862,data/imagenet.npz,1,10,cuda,cuda,1,1,0.002466,0.002866,0.000000
863,data/imagenet.npz,1,10,cuda,cuda,1,1,0.002139,0.000271,0.000000
864,data/imagenet.npz,1,10,cuda,cuda,1,1,0.002938,0.002608,0.000000
865,data/imagenet.npz,1,10,cuda,cuda,1,1,0.001734,0.003083,0.000000
866,data/imagenet.npz,1,10,cuda,cuda,1,1,0.002955,0.000730,0.000000
867,data/imagenet.npz,1,10,cuda,cuda,1,1,0.002809,0.002910,0.000000
868,data/imagenet.npz,1,10,cuda,cuda,1,1,0.002619,0.000434,0.000000
869,data/imagenet.npz,1,10,cuda,cuda,1,1,0.002349,0.001059,0.000000
870,data/imagenet.npz,1,10,cuda,cuda,1,1,0.002470,0.002244,0.000000
871,data/imagenet.npz,1,10,cuda,cuda,1,1,0.004838,0.016463,0.000000
872,data/imagenet.npz,1,10,cuda,cuda,1,1,0.002780,0.003430,0.000000
873,data/imagenet.npz,1,10,cuda,cuda,1,1,0.002519,0.000511,0.000000
874,data/imagenet.npz,1,10,cuda,cuda,1,1,0.005959,0.025566,0.000000
875,data/imagenet.npz,1,10,cuda,cuda,1,1,0.002476,0.002621,0.000000
876,data/imagenet.npz,1,10,cuda,cuda,1,1,0.001719,0.002703,0.000000
877,data/imagenet.npz,1,10,cuda,cuda,1,1,0.002342,0.002593,0.000000
878,data/imagenet.npz,1,10,cuda,cuda,1,1,0.002448,0.002597,0.000000
879,data/imagenet.npz,1,10,cuda,cuda,1,1,0.002141,0.002348,0.000000
880,data/imagenet.npz,1,10,cuda,cuda,1,1,0.002286,0.001861,0.000000
881,data/imagenet.npz,1,10,cuda,cuda,1,1,0.003030,0.006415,0.000000
882,data/imagenet.npz,1,10,cuda,cuda,1,1,0.002673,0.002609,0.000000
883,data/imagenet.npz,1,10,cuda,cuda,1,1,0.001714,0.002200,0.000000
884,data/imagenet.npz,1,10,cuda,cuda,1,1,0.002646,0.002617,0.000000
885,data/imagenet.npz,1,10,cuda,cuda,1,1,0.001711,0.000376,0.000000
886,data/imagenet.npz,1,10,cuda,cuda,1,1,0.002653,0.002606,0.000000
887,data/imagenet.npz,1,10,cuda,cuda,1,1,0.002651,0.002608,0.000000
888,data/imagenet.npz,1,10,cuda,cuda,1,1,0.001697,0.002616,0.000000
889,data/imagenet.npz,1,10,cuda,cuda,1,1,0.002620,0.002505,0.000000
890,data/imagenet.npz,1,10,cuda,cuda,1,1,0.001722,0.002631,0.000000
891,data/imagenet.npz,1,10,cuda,cuda,1,1,0.002638,0.002628,0.000000
892,data/imagenet.npz,1,10,cuda,cuda,1,1,0.002633,0.002622,0.000000
893,data/imagenet.npz,1,10,cuda,cuda,1,1,0.001690,0.002347,0.000000
894,data/imagenet.npz,1,10,cuda,cuda,1,1,0.002627,0.002790,0.000000
895,data/imagenet.npz,1,10,cuda,cuda,1,1,0.002399,0.002338,0.000000
896,data/imagenet.npz,1,10,cuda,cuda,1,1,0.002121,0.002846,0.000000
897,data/imagenet.npz,1,10,cuda,cuda,1,1,0.002448,0.002662,0.000000
898,data/imagenet.npz,1,10,cuda,cuda,1,1,0.002544,0.002611,0.000000
899,data/imagenet.npz,1,10,cuda,cuda,1,1,0.001716,0.002609,0.000000
900,data/imagenet.npz,1,10,cuda,cuda,1,1,0.002318,0.002346,0.000000
901,data/imagenet.npz,1,10,cuda,cuda,1,1,0.002509,0.002348,0.000000
902,data/imagenet.npz,1,10,cuda,cuda,1,1,0.002626,0.002744,0.000000
903,data/imagenet.npz,1,10,cuda,cuda,1,1,0.002424,0.002084,0.000000
904,data/imagenet.npz,1,10,cuda,cuda,1,1,0.002628,0.001735,0.000000
905,data/imagenet.npz,1,10,cuda,cuda,1,1,0.002620,0.002602,0.000000
906,data/imagenet.npz,1,10,cuda,cuda,1,1,0.002459,0.002616,0.000000
907,data/imagenet.npz,1,10,cuda,cuda,1,1,0.001703,0.002607,0.000000
908,data/imagenet.npz,1,10,cuda,cuda,1,1,0.001715,0.002337,0.000000
909,data/imagenet.npz,1,10,cuda,cuda,1,1,0.002471,0.002469,0.000000
910,data/imagenet.npz,1,10,cuda,cuda,1,1,0.002621,0.002602,0.000000
911,data/imagenet.npz,1,10,cuda,cuda,1,1,0.002338,0.002352,0.000000
912,data/imagenet.npz,1,10,cuda,cuda,1,1,0.002797,0.003794,0.000000
913,data/imagenet.npz,1,10,cuda,cuda,1,1,0.002635,0.002621,0.000000
914,data/imagenet.npz,1,10,cuda,cuda,1,1,0.002621,0.000945,0.000000
915,data/imagenet.npz,1,10,cuda,cuda,1,1,0.002826,0.002574,0.000000
916,data/imagenet.npz,1,10,cuda,cuda,1,1,0.002634,0.002605,0.000000
917,data/imagenet.npz,1,10,cuda,cuda,1,1,0.002308,0.002287,0.000000
918,data/imagenet.npz,1,10,cuda,cuda,1,1,0.002623,0.001867,0.000000
919,data/imagenet.npz,1,10,cuda,cuda,1,1,0.002642,0.002557,0.000000
920,data/imagenet.npz,1,10,cuda,cuda,1,1,0.006796,0.003088,0.000000
921,data/imagenet.npz,1,10,cuda,cuda,1,1,0.002459,0.002574,0.000000
922,data/imagenet.npz,1,10,cuda,cuda,1,1,0.002453,0.002627,0.000000
923,data/imagenet.npz,1,10,cuda,cuda,1,1,0.002454,0.002621,0.000000
924,data/imagenet.npz,1,10,cuda,cuda,1,1,0.002323,0.002344,0.000000
925,data/imagenet.npz,1,10,cuda,cuda,1,1,0.001701,0.002340,0.000000
926,data/imagenet.npz,1,10,cuda,cuda,1,1,0.002617,0.001722,0.000000
927,data/imagenet.npz,1,10,cuda,cuda,1,1,0.002114,0.002346,0.000000
928,data/imagenet.npz,1,10,cuda,cuda,1,1,0.002098,0.003071,0.000000
929,data/imagenet.npz,1,10,cuda,cuda,1,1,0.002465,0.002024,0.000000
930,data/imagenet.npz,1,10,cuda,cuda,1,1,0.002613,0.001810,0.000000
931,data/imagenet.npz,1,10,cuda,cuda,1,1,0.002461,0.002023,0.000000
932,data/imagenet.npz,1,10,cuda,cuda,1,1,0.002703,0.002441,0.000000
933,data/imagenet.npz,1,10,cuda,cuda,1,1,0.002445,0.001196,0.000000
934,data/imagenet.npz,1,10,cuda,cuda,1,1,0.002641,0.002472,0.000000
935,data/imagenet.npz,1,10,cuda,cuda,1,1,0.002183,0.001757,0.000000
936,data/imagenet.npz,1,10,cuda,cuda,1,1,0.002480,0.002369,0.000000
937,data/imagenet.npz,1,10,cuda,cuda,1,1,0.002494,0.002414,0.000000
938,data/imagenet.npz,1,10,cuda,cuda,1,1,0.002774,0.003412,0.000000
939,data/imagenet.npz,1,10,cuda,cuda,1,1,0.002316,0.002175,0.000000
940,data/imagenet.npz,1,10,cuda,cuda,1,1,0.002769,0.002622,0.000000
941,data/imagenet.npz,1,10,cuda,cuda,1,1,0.002614,0.002608,0.000000
942,data/imagenet.npz,1,10,cuda,cuda,1,1,0.002291,0.002338,0.000000
943,data/imagenet.npz,1,10,cuda,cuda,1,1,0.001697,0.002336,0.000000
944,data/imagenet.npz,1,10,cuda,cuda,1,1,0.001705,0.002376,0.000000
945,data/imagenet.npz,1,10,cuda,cuda,1,1,0.002764,0.002617,0.000000
946,data/imagenet.npz,1,10,cuda,cuda,1,1,0.002320,0.002316,0.000000
947,data/imagenet.npz,1,10,cuda,cuda,1,1,0.002591,0.002616,0.000000
948,data/imagenet.npz,1,10,cuda,cuda,1,1,0.002476,0.002610,0.000000
949,data/imagenet.npz,1,10,cuda,cuda,1,1,0.001714,0.002344,0.000000
950,data/imagenet.npz,1,10,cuda,cuda,1,1,0.001710,0.002614,0.000000
951,data/imagenet.npz,1,10,cuda,cuda,1,1,0.001721,0.002658,0.000000
952,data/imagenet.npz,1,10,cuda,cuda,1,1,0.002455,0.002612,0.000000
953,data/imagenet.npz,1,10,cuda,cuda,1,1,0.002602,0.001727,0.000000
954,data/imagenet.npz,1,10,cuda,cuda,1,1,0.001703,0.001362,0.000000
955,data/imagenet.npz,1,10,cuda,cuda,1,1,0.002490,0.002343,0.000000
956,data/imagenet.npz,1,10,cuda,cuda,1,1,0.002128,0.002548,0.000000
957,data/imagenet.npz,1,10,cuda,cuda,1,1,0.002286,0.002079,0.000000
958,data/imagenet.npz,1,10,cuda,cuda,1,1,0.002894,0.001924,0.000000
959,data/imagenet.npz,1,10,cuda,cuda,1,1,0.002780,0.002944,0.000000
960,data/imagenet.npz,1,10,cuda,cuda,1,1,0.002326,0.002814,0.000000
961,data/imagenet.npz,1,10,cuda,cuda,1,1,0.002621,0.002359,0.000000
962,data/imagenet.npz,1,10,cuda,cuda,1,1,0.002487,0.002349,0.000000
963,data/imagenet.npz,1,10,cuda,cuda,1,1,0.002493,0.002552,0.000000
964,data/imagenet.npz,1,10,cuda,cuda,1,1,0.002518,0.002279,0.000000
965,data/imagenet.npz,1,10,cuda,cuda,1,1,0.002473,0.002458,0.000000
966,data/imagenet.npz,1,10,cuda,cuda,1,1,0.002513,0.002549,0.000000
967,data/imagenet.npz,1,10,cuda,cuda,1,1,0.002625,0.002605,0.000000
968,data/imagenet.npz,1,10,cuda,cuda,1,1,0.002310,0.002298,0.000000
969,data/imagenet.npz,1,10,cuda,cuda,1,1,0.002782,0.002615,0.000000
970,data/imagenet.npz,1,10,cuda,cuda,1,1,0.002452,0.002594,0.000000
971,data/imagenet.npz,1,10,cuda,cuda,1,1,0.002471,0.001384,0.000000
972,data/imagenet.npz,1,10,cuda,cuda,1,1,0.002828,0.000757,0.000000
973,data/imagenet.npz,1,10,cuda,cuda,1,1,0.002781,0.002606,0.000000
974,data/imagenet.npz,1,10,cuda,cuda,1,1,0.002915,0.000736,0.000000
975,data/imagenet.npz,1,10,cuda,cuda,1,1,0.002804,0.002612,0.000000
976,data/imagenet.npz,1,10,cuda,cuda,1,1,0.002325,0.002373,0.000000
977,data/imagenet.npz,1,10,cuda,cuda,1,1,0.002753,0.002703,0.000000
978,data/imagenet.npz,1,10,cuda,cuda,1,1,0.002302,0.002172,0.000000
979,data/imagenet.npz,1,10,cuda,cuda,1,1,0.002738,0.002628,0.000000
980,data/imagenet.npz,1,10,cuda,cuda,1,1,0.002460,0.002540,0.000000
981,data/imagenet.npz,1,10,cuda,cuda,1,1,0.002462,0.002511,0.000000
982,data/imagenet.npz,1,10,cuda,cuda,1,1,0.002617,0.002619,0.000000
983,data/imagenet.npz,1,10,cuda,cuda,1,1,0.001697,0.002607,0.000000
984,data/imagenet.npz,1,10,cuda,cuda,1,1,0.002292,0.002350,0.000000
985,data/imagenet.npz,1,10,cuda,cuda,1,1,0.002775,0.000788,0.000000
986,data/imagenet.npz,1,10,cuda,cuda,1,1,0.003773,0.007679,0.000000
987,data/imagenet.npz,1,10,cuda,cuda,1,1,0.002506,0.003010,0.000000
988,data/imagenet.npz,1,10,cuda,cuda,1,1,0.002496,0.001226,0.000000
989,data/imagenet.npz,1,10,cuda,cuda,1,1,0.002488,0.002515,0.000000
990,data/imagenet.npz,1,10,cuda,cuda,1,1,0.002469,0.002495,0.000000
991,data/imagenet.npz,1,10,cuda,cuda,1,1,0.002315,0.002619,0.000000
992,data/imagenet.npz,1,10,cuda,cuda,1,1,0.002739,0.002016,0.000000
993,data/imagenet.npz,1,10,cuda,cuda,1,1,0.002459,0.002338,0.000000
994,data/imagenet.npz,1,10,cuda,cuda,1,1,0.002777,0.003789,0.000000
995,data/imagenet.npz,1,10,cuda,cuda,1,1,0.002542,0.002936,0.000000
996,data/imagenet.npz,1,10,cuda,cuda,1,1,0.002491,0.002705,0.000000
997,data/imagenet.npz,1,10,cuda,cuda,1,1,0.002875,0.001787,0.000000
998,data/imagenet.npz,1,10,cuda,cuda,1,1,0.002786,0.002606,0.000000
999,data/imagenet.npz,1,10,cuda,cuda,1,1,0.003998,0.001519,0.000000
