image_index,data_path,num_directions,num_timesteps,device_requested,device_used,batch_size,num_cores,complex_construction_time,computation_time,vectorization_time
0,data/imagenet.npz,4,10,cuda,cuda,1,1,0.069333,0.005989,0.000000
1,data/imagenet.npz,4,10,cuda,cuda,1,1,0.002545,0.005855,0.000000
2,data/imagenet.npz,4,10,cuda,cuda,1,1,0.002487,0.005932,0.000000
3,data/imagenet.npz,4,10,cuda,cuda,1,1,0.002338,0.005958,0.000000
4,data/imagenet.npz,4,10,cuda,cuda,1,1,0.002290,0.007126,0.000000
5,data/imagenet.npz,4,10,cuda,cuda,1,1,0.013867,0.006590,0.000000
6,data/imagenet.npz,4,10,cuda,cuda,1,1,0.002332,0.005960,0.000000
7,data/imagenet.npz,4,10,cuda,cuda,1,1,0.002332,0.005783,0.000000
8,data/imagenet.npz,4,10,cuda,cuda,1,1,0.002753,0.011244,0.000000
9,data/imagenet.npz,4,10,cuda,cuda,1,1,0.002485,0.006302,0.000000
10,data/imagenet.npz,4,10,cuda,cuda,1,1,0.002547,0.005959,0.000000
11,data/imagenet.npz,4,10,cuda,cuda,1,1,0.002472,0.003626,0.000000
12,data/imagenet.npz,4,10,cuda,cuda,1,1,0.002828,0.006863,0.000000
13,data/imagenet.npz,4,10,cuda,cuda,1,1,0.002926,0.007099,0.000000
14,data/imagenet.npz,4,10,cuda,cuda,1,1,0.002726,0.007215,0.000000
15,data/imagenet.npz,4,10,cuda,cuda,1,1,0.002638,0.006760,0.000000
16,data/imagenet.npz,4,10,cuda,cuda,1,1,0.002613,0.006729,0.000000
17,data/imagenet.npz,4,10,cuda,cuda,1,1,0.002618,0.006314,0.000000
18,data/imagenet.npz,4,10,cuda,cuda,1,1,0.002282,0.005964,0.000000
19,data/imagenet.npz,4,10,cuda,cuda,1,1,0.002477,0.002658,0.000000
20,data/imagenet.npz,4,10,cuda,cuda,1,1,0.002618,0.006821,0.000000
21,data/imagenet.npz,4,10,cuda,cuda,1,1,0.002602,0.006731,0.000000
22,data/imagenet.npz,4,10,cuda,cuda,1,1,0.002299,0.005943,0.000000
23,data/imagenet.npz,4,10,cuda,cuda,1,1,0.002297,0.004859,0.000000
24,data/imagenet.npz,4,10,cuda,cuda,1,1,0.002751,0.006704,0.000000
25,data/imagenet.npz,4,10,cuda,cuda,1,1,0.002457,0.003118,0.000000
26,data/imagenet.npz,4,10,cuda,cuda,1,1,0.002574,0.004830,0.000000
27,data/imagenet.npz,4,10,cuda,cuda,1,1,0.002727,0.006861,0.000000
28,data/imagenet.npz,4,10,cuda,cuda,1,1,0.002600,0.006334,0.000000
29,data/imagenet.npz,4,10,cuda,cuda,1,1,0.002576,0.005305,0.000000
30,data/imagenet.npz,4,10,cuda,cuda,1,1,0.002929,0.006735,0.000000
31,data/imagenet.npz,4,10,cuda,cuda,1,1,0.002308,0.005956,0.000000
32,data/imagenet.npz,4,10,cuda,cuda,1,1,0.002766,0.006707,0.000000
33,data/imagenet.npz,4,10,cuda,cuda,1,1,0.002624,0.000794,0.000000
34,data/imagenet.npz,4,10,cuda,cuda,1,1,0.002485,0.006016,0.000000
35,data/imagenet.npz,4,10,cuda,cuda,1,1,0.002587,0.006688,0.000000
36,data/imagenet.npz,4,10,cuda,cuda,1,1,0.002292,0.006097,0.000000
37,data/imagenet.npz,4,10,cuda,cuda,1,1,0.002749,0.009148,0.000000
38,data/imagenet.npz,4,10,cuda,cuda,1,1,0.004021,0.029631,0.000000
39,data/imagenet.npz,4,10,cuda,cuda,1,1,0.002778,0.006760,0.000000
40,data/imagenet.npz,4,10,cuda,cuda,1,1,0.002532,0.006707,0.000000
41,data/imagenet.npz,4,10,cuda,cuda,1,1,0.002125,0.005988,0.000000
42,data/imagenet.npz,4,10,cuda,cuda,1,1,0.002104,0.000544,0.000000
43,data/imagenet.npz,4,10,cuda,cuda,1,1,0.002629,0.006762,0.000000
44,data/imagenet.npz,4,10,cuda,cuda,1,1,0.002445,0.007207,0.000000
45,data/imagenet.npz,4,10,cuda,cuda,1,1,0.002742,0.006742,0.000000
46,data/imagenet.npz,4,10,cuda,cuda,1,1,0.002252,0.010018,0.000000
47,data/imagenet.npz,4,10,cuda,cuda,1,1,0.002606,0.006722,0.000000
48,data/imagenet.npz,4,10,cuda,cuda,1,1,0.001706,0.006703,0.000000
49,data/imagenet.npz,4,10,cuda,cuda,1,1,0.002748,0.007199,0.000000
50,data/imagenet.npz,4,10,cuda,cuda,1,1,0.002599,0.007281,0.000000
51,data/imagenet.npz,4,10,cuda,cuda,1,1,0.002611,0.007078,0.000000
52,data/imagenet.npz,4,10,cuda,cuda,1,1,0.001852,0.006512,0.000000
53,data/imagenet.npz,4,10,cuda,cuda,1,1,0.002739,0.010558,0.000000
54,data/imagenet.npz,4,10,cuda,cuda,1,1,0.002914,0.014463,0.000000
55,data/imagenet.npz,4,10,cuda,cuda,1,1,0.002649,0.006711,0.000000
56,data/imagenet.npz,4,10,cuda,cuda,1,1,0.002739,0.008249,0.000000
57,data/imagenet.npz,4,10,cuda,cuda,1,1,0.002467,0.006234,0.000000
58,data/imagenet.npz,4,10,cuda,cuda,1,1,0.002461,0.005982,0.000000
59,data/imagenet.npz,4,10,cuda,cuda,1,1,0.002602,0.006665,0.000000
60,data/imagenet.npz,4,10,cuda,cuda,1,1,0.002274,0.004772,0.000000
61,data/imagenet.npz,4,10,cuda,cuda,1,1,0.002465,0.005290,0.000000
62,data/imagenet.npz,4,10,cuda,cuda,1,1,0.002294,0.006078,0.000000
63,data/imagenet.npz,4,10,cuda,cuda,1,1,0.003114,0.016690,0.000000
64,data/imagenet.npz,4,10,cuda,cuda,1,1,0.002722,0.006596,0.000000
65,data/imagenet.npz,4,10,cuda,cuda,1,1,0.002437,0.006163,0.000000
66,data/imagenet.npz,4,10,cuda,cuda,1,1,0.001723,0.006228,0.000000
67,data/imagenet.npz,4,10,cuda,cuda,1,1,0.002622,0.006706,0.000000
68,data/imagenet.npz,4,10,cuda,cuda,1,1,0.002630,0.006361,0.000000
69,data/imagenet.npz,4,10,cuda,cuda,1,1,0.002299,0.005946,0.000000
70,data/imagenet.npz,4,10,cuda,cuda,1,1,0.002605,0.006699,0.000000
71,data/imagenet.npz,4,10,cuda,cuda,1,1,0.002599,0.006698,0.000000
72,data/imagenet.npz,4,10,cuda,cuda,1,1,0.002456,0.006774,0.000000
73,data/imagenet.npz,4,10,cuda,cuda,1,1,0.001711,0.006731,0.000000
74,data/imagenet.npz,4,10,cuda,cuda,1,1,0.002451,0.006736,0.000000
75,data/imagenet.npz,4,10,cuda,cuda,1,1,0.002253,0.010730,0.000000
76,data/imagenet.npz,4,10,cuda,cuda,1,1,0.002716,0.010055,0.000000
77,data/imagenet.npz,4,10,cuda,cuda,1,1,0.002911,0.007134,0.000000
78,data/imagenet.npz,4,10,cuda,cuda,1,1,0.002594,0.005961,0.000000
79,data/imagenet.npz,4,10,cuda,cuda,1,1,0.002475,0.005924,0.000000
80,data/imagenet.npz,4,10,cuda,cuda,1,1,0.002774,0.006702,0.000000
81,data/imagenet.npz,4,10,cuda,cuda,1,1,0.001720,0.008769,0.000000
82,data/imagenet.npz,4,10,cuda,cuda,1,1,0.002603,0.006695,0.000000
83,data/imagenet.npz,4,10,cuda,cuda,1,1,0.002597,0.006730,0.000000
84,data/imagenet.npz,4,10,cuda,cuda,1,1,0.002621,0.006698,0.000000
85,data/imagenet.npz,4,10,cuda,cuda,1,1,0.002340,0.005945,0.000000
86,data/imagenet.npz,4,10,cuda,cuda,1,1,0.002763,0.007243,0.000000
87,data/imagenet.npz,4,10,cuda,cuda,1,1,0.002625,0.008722,0.000000
88,data/imagenet.npz,4,10,cuda,cuda,1,1,0.002542,0.007543,0.000000
89,data/imagenet.npz,4,10,cuda,cuda,1,1,0.002738,0.006862,0.000000
90,data/imagenet.npz,4,10,cuda,cuda,1,1,0.002618,0.006372,0.000000
91,data/imagenet.npz,4,10,cuda,cuda,1,1,0.002464,0.005002,0.000000
92,data/imagenet.npz,4,10,cuda,cuda,1,1,0.002469,0.006008,0.000000
93,data/imagenet.npz,4,10,cuda,cuda,1,1,0.002477,0.005536,0.000000
94,data/imagenet.npz,4,10,cuda,cuda,1,1,0.002755,0.006695,0.000000
95,data/imagenet.npz,4,10,cuda,cuda,1,1,0.002309,0.005954,0.000000
96,data/imagenet.npz,4,10,cuda,cuda,1,1,0.002483,0.005973,0.000000
97,data/imagenet.npz,4,10,cuda,cuda,1,1,0.002471,0.005880,0.000000
98,data/imagenet.npz,4,10,cuda,cuda,1,1,0.002781,0.004449,0.000000
99,data/imagenet.npz,4,10,cuda,cuda,1,1,0.002328,0.000820,0.000000
100,data/imagenet.npz,4,10,cuda,cuda,1,1,0.002606,0.005922,0.000000
101,data/imagenet.npz,4,10,cuda,cuda,1,1,0.003190,0.017320,0.000000
102,data/imagenet.npz,4,10,cuda,cuda,1,1,0.002927,0.006839,0.000000
103,data/imagenet.npz,4,10,cuda,cuda,1,1,0.002470,0.006780,0.000000
104,data/imagenet.npz,4,10,cuda,cuda,1,1,0.002339,0.005967,0.000000
105,data/imagenet.npz,4,10,cuda,cuda,1,1,0.002465,0.006733,0.000000
106,data/imagenet.npz,4,10,cuda,cuda,1,1,0.002290,0.005924,0.000000
107,data/imagenet.npz,4,10,cuda,cuda,1,1,0.002747,0.009201,0.000000
108,data/imagenet.npz,4,10,cuda,cuda,1,1,0.002463,0.006147,0.000000
109,data/imagenet.npz,4,10,cuda,cuda,1,1,0.002305,0.004799,0.000000
110,data/imagenet.npz,4,10,cuda,cuda,1,1,0.002459,0.005964,0.000000
111,data/imagenet.npz,4,10,cuda,cuda,1,1,0.003832,0.026213,0.000000
112,data/imagenet.npz,4,10,cuda,cuda,1,1,0.002741,0.006758,0.000000
113,data/imagenet.npz,4,10,cuda,cuda,1,1,0.001726,0.006006,0.000000
114,data/imagenet.npz,4,10,cuda,cuda,1,1,0.001815,0.005980,0.000000
115,data/imagenet.npz,4,10,cuda,cuda,1,1,0.002447,0.004127,0.000000
116,data/imagenet.npz,4,10,cuda,cuda,1,1,0.002304,0.006111,0.000000
117,data/imagenet.npz,4,10,cuda,cuda,1,1,0.002473,0.005934,0.000000
118,data/imagenet.npz,4,10,cuda,cuda,1,1,0.002290,0.006676,0.000000
119,data/imagenet.npz,4,10,cuda,cuda,1,1,0.003086,0.001926,0.000000
120,data/imagenet.npz,4,10,cuda,cuda,1,1,0.003649,0.017830,0.000000
121,data/imagenet.npz,4,10,cuda,cuda,1,1,0.002356,0.005906,0.000000
122,data/imagenet.npz,4,10,cuda,cuda,1,1,0.002488,0.006347,0.000000
123,data/imagenet.npz,4,10,cuda,cuda,1,1,0.002603,0.005922,0.000000
124,data/imagenet.npz,4,10,cuda,cuda,1,1,0.002458,0.006719,0.000000
125,data/imagenet.npz,4,10,cuda,cuda,1,1,0.002769,0.007129,0.000000
126,data/imagenet.npz,4,10,cuda,cuda,1,1,0.002279,0.004273,0.000000
127,data/imagenet.npz,4,10,cuda,cuda,1,1,0.002616,0.006855,0.000000
128,data/imagenet.npz,4,10,cuda,cuda,1,1,0.002299,0.005643,0.000000
129,data/imagenet.npz,4,10,cuda,cuda,1,1,0.002476,0.005956,0.000000
130,data/imagenet.npz,4,10,cuda,cuda,1,1,0.002759,0.006691,0.000000
131,data/imagenet.npz,4,10,cuda,cuda,1,1,0.002452,0.006713,0.000000
132,data/imagenet.npz,4,10,cuda,cuda,1,1,0.002908,0.017694,0.000000
133,data/imagenet.npz,4,10,cuda,cuda,1,1,0.002655,0.001001,0.000000
134,data/imagenet.npz,4,10,cuda,cuda,1,1,0.002615,0.006430,0.000000
135,data/imagenet.npz,4,10,cuda,cuda,1,1,0.002912,0.006692,0.000000
136,data/imagenet.npz,4,10,cuda,cuda,1,1,0.002295,0.006127,0.000000
137,data/imagenet.npz,4,10,cuda,cuda,1,1,0.002740,0.006339,0.000000
138,data/imagenet.npz,4,10,cuda,cuda,1,1,0.002992,0.006709,0.000000
139,data/imagenet.npz,4,10,cuda,cuda,1,1,0.002495,0.006330,0.000000
140,data/imagenet.npz,4,10,cuda,cuda,1,1,0.002342,0.005974,0.000000
141,data/imagenet.npz,4,10,cuda,cuda,1,1,0.002765,0.007862,0.000000
142,data/imagenet.npz,4,10,cuda,cuda,1,1,0.003251,0.022220,0.000000
143,data/imagenet.npz,4,10,cuda,cuda,1,1,0.002535,0.002949,0.000000
144,data/imagenet.npz,4,10,cuda,cuda,1,1,0.002495,0.006471,0.000000
145,data/imagenet.npz,4,10,cuda,cuda,1,1,0.002595,0.007217,0.000000
146,data/imagenet.npz,4,10,cuda,cuda,1,1,0.001851,0.007621,0.000000
147,data/imagenet.npz,4,10,cuda,cuda,1,1,0.002930,0.006750,0.000000
148,data/imagenet.npz,4,10,cuda,cuda,1,1,0.002610,0.004281,0.000000
149,data/imagenet.npz,4,10,cuda,cuda,1,1,0.002360,0.002642,0.000000
150,data/imagenet.npz,4,10,cuda,cuda,1,1,0.002613,0.005017,0.000000
151,data/imagenet.npz,4,10,cuda,cuda,1,1,0.002461,0.002610,0.000000
152,data/imagenet.npz,4,10,cuda,cuda,1,1,0.002473,0.003117,0.000000
153,data/imagenet.npz,4,10,cuda,cuda,1,1,0.002753,0.006696,0.000000
154,data/imagenet.npz,4,10,cuda,cuda,1,1,0.002311,0.005936,0.000000
155,data/imagenet.npz,4,10,cuda,cuda,1,1,0.002470,0.005944,0.000000
156,data/imagenet.npz,4,10,cuda,cuda,1,1,0.002467,0.005569,0.000000
157,data/imagenet.npz,4,10,cuda,cuda,1,1,0.002918,0.008278,0.000000
158,data/imagenet.npz,4,10,cuda,cuda,1,1,0.001685,0.005981,0.000000
159,data/imagenet.npz,4,10,cuda,cuda,1,1,0.002754,0.006868,0.000000
160,data/imagenet.npz,4,10,cuda,cuda,1,1,0.003192,0.018724,0.000000
161,data/imagenet.npz,4,10,cuda,cuda,1,1,0.002771,0.005924,0.000000
162,data/imagenet.npz,4,10,cuda,cuda,1,1,0.002609,0.006708,0.000000
163,data/imagenet.npz,4,10,cuda,cuda,1,1,0.002455,0.005951,0.000000
164,data/imagenet.npz,4,10,cuda,cuda,1,1,0.002625,0.006589,0.000000
165,data/imagenet.npz,4,10,cuda,cuda,1,1,0.002298,0.005968,0.000000
166,data/imagenet.npz,4,10,cuda,cuda,1,1,0.002320,0.005943,0.000000
167,data/imagenet.npz,4,10,cuda,cuda,1,1,0.001727,0.005951,0.000000
168,data/imagenet.npz,4,10,cuda,cuda,1,1,0.002447,0.005959,0.000000
169,data/imagenet.npz,4,10,cuda,cuda,1,1,0.002747,0.009501,0.000000
170,data/imagenet.npz,4,10,cuda,cuda,1,1,0.002485,0.006664,0.000000
171,data/imagenet.npz,4,10,cuda,cuda,1,1,0.002622,0.008456,0.000000
172,data/imagenet.npz,4,10,cuda,cuda,1,1,0.002746,0.007158,0.000000
173,data/imagenet.npz,4,10,cuda,cuda,1,1,0.002457,0.005978,0.000000
174,data/imagenet.npz,4,10,cuda,cuda,1,1,0.002472,0.005110,0.000000
175,data/imagenet.npz,4,10,cuda,cuda,1,1,0.002915,0.007066,0.000000
176,data/imagenet.npz,4,10,cuda,cuda,1,1,0.002479,0.005953,0.000000
177,data/imagenet.npz,4,10,cuda,cuda,1,1,0.002631,0.006712,0.000000
178,data/imagenet.npz,4,10,cuda,cuda,1,1,0.002470,0.006342,0.000000
179,data/imagenet.npz,4,10,cuda,cuda,1,1,0.002460,0.006719,0.000000
180,data/imagenet.npz,4,10,cuda,cuda,1,1,0.002455,0.011275,0.000000
181,data/imagenet.npz,4,10,cuda,cuda,1,1,0.002643,0.007180,0.000000
182,data/imagenet.npz,4,10,cuda,cuda,1,1,0.002312,0.005953,0.000000
183,data/imagenet.npz,4,10,cuda,cuda,1,1,0.002309,0.006161,0.000000
184,data/imagenet.npz,4,10,cuda,cuda,1,1,0.002305,0.005971,0.000000
185,data/imagenet.npz,4,10,cuda,cuda,1,1,0.001692,0.005955,0.000000
186,data/imagenet.npz,4,10,cuda,cuda,1,1,0.002338,0.006347,0.000000
187,data/imagenet.npz,4,10,cuda,cuda,1,1,0.002686,0.006870,0.000000
188,data/imagenet.npz,4,10,cuda,cuda,1,1,0.002916,0.006716,0.000000
189,data/imagenet.npz,4,10,cuda,cuda,1,1,0.003362,0.019562,0.000000
190,data/imagenet.npz,4,10,cuda,cuda,1,1,0.002364,0.005920,0.000000
191,data/imagenet.npz,4,10,cuda,cuda,1,1,0.004511,0.040204,0.000000
192,data/imagenet.npz,4,10,cuda,cuda,1,1,0.002436,0.014624,0.000000
193,data/imagenet.npz,4,10,cuda,cuda,1,1,0.002391,0.006708,0.000000
194,data/imagenet.npz,4,10,cuda,cuda,1,1,0.002679,0.007217,0.000000
195,data/imagenet.npz,4,10,cuda,cuda,1,1,0.002624,0.002568,0.000000
196,data/imagenet.npz,4,10,cuda,cuda,1,1,0.002779,0.006722,0.000000
197,data/imagenet.npz,4,10,cuda,cuda,1,1,0.001711,0.005267,0.000000
198,data/imagenet.npz,4,10,cuda,cuda,1,1,0.002605,0.006865,0.000000
199,data/imagenet.npz,4,10,cuda,cuda,1,1,0.002468,0.002810,0.000000
200,data/imagenet.npz,4,10,cuda,cuda,1,1,0.002462,0.005969,0.000000
201,data/imagenet.npz,4,10,cuda,cuda,1,1,0.002597,0.006578,0.000000
202,data/imagenet.npz,4,10,cuda,cuda,1,1,0.002605,0.006740,0.000000
203,data/imagenet.npz,4,10,cuda,cuda,1,1,0.002402,0.001269,0.000000
204,data/imagenet.npz,4,10,cuda,cuda,1,1,0.002607,0.005954,0.000000
205,data/imagenet.npz,4,10,cuda,cuda,1,1,0.002617,0.006784,0.000000
206,data/imagenet.npz,4,10,cuda,cuda,1,1,0.002619,0.008431,0.000000
207,data/imagenet.npz,4,10,cuda,cuda,1,1,0.002757,0.013631,0.000000
208,data/imagenet.npz,4,10,cuda,cuda,1,1,0.002854,0.007131,0.000000
209,data/imagenet.npz,4,10,cuda,cuda,1,1,0.002465,0.005938,0.000000
210,data/imagenet.npz,4,10,cuda,cuda,1,1,0.002922,0.001730,0.000000
211,data/imagenet.npz,4,10,cuda,cuda,1,1,0.002791,0.006310,0.000000
212,data/imagenet.npz,4,10,cuda,cuda,1,1,0.002623,0.006697,0.000000
213,data/imagenet.npz,4,10,cuda,cuda,1,1,0.001702,0.005784,0.000000
214,data/imagenet.npz,4,10,cuda,cuda,1,1,0.002493,0.006033,0.000000
215,data/imagenet.npz,4,10,cuda,cuda,1,1,0.002614,0.006753,0.000000
216,data/imagenet.npz,4,10,cuda,cuda,1,1,0.001705,0.005849,0.000000
217,data/imagenet.npz,4,10,cuda,cuda,1,1,0.002772,0.001191,0.000000
218,data/imagenet.npz,4,10,cuda,cuda,1,1,0.002771,0.007003,0.000000
219,data/imagenet.npz,4,10,cuda,cuda,1,1,0.002445,0.006681,0.000000
220,data/imagenet.npz,4,10,cuda,cuda,1,1,0.002428,0.006692,0.000000
221,data/imagenet.npz,4,10,cuda,cuda,1,1,0.002326,0.006126,0.000000
222,data/imagenet.npz,4,10,cuda,cuda,1,1,0.002696,0.006870,0.000000
223,data/imagenet.npz,4,10,cuda,cuda,1,1,0.003015,0.016012,0.000000
224,data/imagenet.npz,4,10,cuda,cuda,1,1,0.002656,0.007722,0.000000
225,data/imagenet.npz,4,10,cuda,cuda,1,1,0.002329,0.005506,0.000000
226,data/imagenet.npz,4,10,cuda,cuda,1,1,0.002768,0.006709,0.000000
227,data/imagenet.npz,4,10,cuda,cuda,1,1,0.001709,0.005969,0.000000
228,data/imagenet.npz,4,10,cuda,cuda,1,1,0.002472,0.006026,0.000000
229,data/imagenet.npz,4,10,cuda,cuda,1,1,0.002483,0.005943,0.000000
230,data/imagenet.npz,4,10,cuda,cuda,1,1,0.002767,0.006718,0.000000
231,data/imagenet.npz,4,10,cuda,cuda,1,1,0.002629,0.009073,0.000000
232,data/imagenet.npz,4,10,cuda,cuda,1,1,0.002323,0.005807,0.000000
233,data/imagenet.npz,4,10,cuda,cuda,1,1,0.002888,0.006943,0.000000
234,data/imagenet.npz,4,10,cuda,cuda,1,1,0.002625,0.006296,0.000000
235,data/imagenet.npz,4,10,cuda,cuda,1,1,0.002889,0.006697,0.000000
236,data/imagenet.npz,4,10,cuda,cuda,1,1,0.002335,0.005396,0.000000
237,data/imagenet.npz,4,10,cuda,cuda,1,1,0.002899,0.006722,0.000000
238,data/imagenet.npz,4,10,cuda,cuda,1,1,0.002761,0.001585,0.000000
239,data/imagenet.npz,4,10,cuda,cuda,1,1,0.002604,0.005986,0.000000
240,data/imagenet.npz,4,10,cuda,cuda,1,1,0.002579,0.006714,0.000000
241,data/imagenet.npz,4,10,cuda,cuda,1,1,0.002431,0.006792,0.000000
242,data/imagenet.npz,4,10,cuda,cuda,1,1,0.002451,0.006736,0.000000
243,data/imagenet.npz,4,10,cuda,cuda,1,1,0.002415,0.013235,0.000000
244,data/imagenet.npz,4,10,cuda,cuda,1,1,0.002737,0.006901,0.000000
245,data/imagenet.npz,4,10,cuda,cuda,1,1,0.002603,0.006615,0.000000
246,data/imagenet.npz,4,10,cuda,cuda,1,1,0.002741,0.006704,0.000000
247,data/imagenet.npz,4,10,cuda,cuda,1,1,0.001726,0.005277,0.000000
248,data/imagenet.npz,4,10,cuda,cuda,1,1,0.002890,0.014257,0.000000
249,data/imagenet.npz,4,10,cuda,cuda,1,1,0.003018,0.017694,0.000000
250,data/imagenet.npz,4,10,cuda,cuda,1,1,0.003896,0.031909,0.000000
251,data/imagenet.npz,4,10,cuda,cuda,1,1,0.002498,0.006827,0.000000
252,data/imagenet.npz,4,10,cuda,cuda,1,1,0.002421,0.006156,0.000000
253,data/imagenet.npz,4,10,cuda,cuda,1,1,0.002529,0.003884,0.000000
254,data/imagenet.npz,4,10,cuda,cuda,1,1,0.002633,0.006744,0.000000
255,data/imagenet.npz,4,10,cuda,cuda,1,1,0.002867,0.017845,0.000000
256,data/imagenet.npz,4,10,cuda,cuda,1,1,0.002466,0.009153,0.000000
257,data/imagenet.npz,4,10,cuda,cuda,1,1,0.002404,0.006469,0.000000
258,data/imagenet.npz,4,10,cuda,cuda,1,1,0.002270,0.005924,0.000000
259,data/imagenet.npz,4,10,cuda,cuda,1,1,0.002916,0.009662,0.000000
260,data/imagenet.npz,4,10,cuda,cuda,1,1,0.002464,0.005974,0.000000
261,data/imagenet.npz,4,10,cuda,cuda,1,1,0.003038,0.002058,0.000000
262,data/imagenet.npz,4,10,cuda,cuda,1,1,0.002838,0.005920,0.000000
263,data/imagenet.npz,4,10,cuda,cuda,1,1,0.002803,0.003871,0.000000
264,data/imagenet.npz,4,10,cuda,cuda,1,1,0.002484,0.005905,0.000000
265,data/imagenet.npz,4,10,cuda,cuda,1,1,0.002617,0.006651,0.000000
266,data/imagenet.npz,4,10,cuda,cuda,1,1,0.002464,0.002816,0.000000
267,data/imagenet.npz,4,10,cuda,cuda,1,1,0.002638,0.006769,0.000000
268,data/imagenet.npz,4,10,cuda,cuda,1,1,0.002094,0.004554,0.000000
269,data/imagenet.npz,4,10,cuda,cuda,1,1,0.002482,0.005965,0.000000
270,data/imagenet.npz,4,10,cuda,cuda,1,1,0.002415,0.003011,0.000000
271,data/imagenet.npz,4,10,cuda,cuda,1,1,0.002455,0.005935,0.000000
272,data/imagenet.npz,4,10,cuda,cuda,1,1,0.002453,0.005982,0.000000
273,data/imagenet.npz,4,10,cuda,cuda,1,1,0.002714,0.006682,0.000000
274,data/imagenet.npz,4,10,cuda,cuda,1,1,0.002290,0.005719,0.000000
275,data/imagenet.npz,4,10,cuda,cuda,1,1,0.003046,0.007533,0.000000
276,data/imagenet.npz,4,10,cuda,cuda,1,1,0.002899,0.006732,0.000000
277,data/imagenet.npz,4,10,cuda,cuda,1,1,0.002466,0.008107,0.000000
278,data/imagenet.npz,4,10,cuda,cuda,1,1,0.003101,0.017823,0.000000
279,data/imagenet.npz,4,10,cuda,cuda,1,1,0.002496,0.008955,0.000000
280,data/imagenet.npz,4,10,cuda,cuda,1,1,0.002302,0.005853,0.000000
281,data/imagenet.npz,4,10,cuda,cuda,1,1,0.002621,0.000963,0.000000
282,data/imagenet.npz,4,10,cuda,cuda,1,1,0.003228,0.014346,0.000000
283,data/imagenet.npz,4,10,cuda,cuda,1,1,0.002318,0.005645,0.000000
284,data/imagenet.npz,4,10,cuda,cuda,1,1,0.002616,0.006689,0.000000
285,data/imagenet.npz,4,10,cuda,cuda,1,1,0.001715,0.007209,0.000000
286,data/imagenet.npz,4,10,cuda,cuda,1,1,0.002764,0.006742,0.000000
287,data/imagenet.npz,4,10,cuda,cuda,1,1,0.002278,0.005954,0.000000
288,data/imagenet.npz,4,10,cuda,cuda,1,1,0.002805,0.008912,0.000000
289,data/imagenet.npz,4,10,cuda,cuda,1,1,0.002390,0.006076,0.000000
290,data/imagenet.npz,4,10,cuda,cuda,1,1,0.002616,0.006547,0.000000
291,data/imagenet.npz,4,10,cuda,cuda,1,1,0.002298,0.005248,0.000000
292,data/imagenet.npz,4,10,cuda,cuda,1,1,0.002619,0.007218,0.000000
293,data/imagenet.npz,4,10,cuda,cuda,1,1,0.002719,0.009110,0.000000
294,data/imagenet.npz,4,10,cuda,cuda,1,1,0.002917,0.001241,0.000000
295,data/imagenet.npz,4,10,cuda,cuda,1,1,0.002631,0.005948,0.000000
296,data/imagenet.npz,4,10,cuda,cuda,1,1,0.002310,0.005939,0.000000
297,data/imagenet.npz,4,10,cuda,cuda,1,1,0.002744,0.006928,0.000000
298,data/imagenet.npz,4,10,cuda,cuda,1,1,0.002453,0.012688,0.000000
299,data/imagenet.npz,4,10,cuda,cuda,1,1,0.002761,0.006771,0.000000
300,data/imagenet.npz,4,10,cuda,cuda,1,1,0.002610,0.001030,0.000000
301,data/imagenet.npz,4,10,cuda,cuda,1,1,0.002825,0.003713,0.000000
302,data/imagenet.npz,4,10,cuda,cuda,1,1,0.002746,0.001305,0.000000
303,data/imagenet.npz,4,10,cuda,cuda,1,1,0.002579,0.005927,0.000000
304,data/imagenet.npz,4,10,cuda,cuda,1,1,0.002682,0.006723,0.000000
305,data/imagenet.npz,4,10,cuda,cuda,1,1,0.002433,0.006744,0.000000
306,data/imagenet.npz,4,10,cuda,cuda,1,1,0.002024,0.004296,0.000000
307,data/imagenet.npz,4,10,cuda,cuda,1,1,0.001637,0.004220,0.000000
308,data/imagenet.npz,4,10,cuda,cuda,1,1,0.002615,0.006700,0.000000
309,data/imagenet.npz,4,10,cuda,cuda,1,1,0.002893,0.015419,0.000000
310,data/imagenet.npz,4,10,cuda,cuda,1,1,0.002614,0.006700,0.000000
311,data/imagenet.npz,4,10,cuda,cuda,1,1,0.002291,0.005820,0.000000
312,data/imagenet.npz,4,10,cuda,cuda,1,1,0.002562,0.006408,0.000000
313,data/imagenet.npz,4,10,cuda,cuda,1,1,0.002424,0.003320,0.000000
314,data/imagenet.npz,4,10,cuda,cuda,1,1,0.002769,0.008879,0.000000
315,data/imagenet.npz,4,10,cuda,cuda,1,1,0.002613,0.006729,0.000000
316,data/imagenet.npz,4,10,cuda,cuda,1,1,0.002675,0.006729,0.000000
317,data/imagenet.npz,4,10,cuda,cuda,1,1,0.003072,0.006917,0.000000
318,data/imagenet.npz,4,10,cuda,cuda,1,1,0.002788,0.011397,0.000000
319,data/imagenet.npz,4,10,cuda,cuda,1,1,0.003195,0.021668,0.000000
320,data/imagenet.npz,4,10,cuda,cuda,1,1,0.002488,0.006712,0.000000
321,data/imagenet.npz,4,10,cuda,cuda,1,1,0.001702,0.008954,0.000000
322,data/imagenet.npz,4,10,cuda,cuda,1,1,0.002294,0.005959,0.000000
323,data/imagenet.npz,4,10,cuda,cuda,1,1,0.002456,0.005954,0.000000
324,data/imagenet.npz,4,10,cuda,cuda,1,1,0.002271,0.005035,0.000000
325,data/imagenet.npz,4,10,cuda,cuda,1,1,0.002587,0.008632,0.000000
326,data/imagenet.npz,4,10,cuda,cuda,1,1,0.002340,0.006118,0.000000
327,data/imagenet.npz,4,10,cuda,cuda,1,1,0.002680,0.003641,0.000000
328,data/imagenet.npz,4,10,cuda,cuda,1,1,0.002472,0.004213,0.000000
329,data/imagenet.npz,4,10,cuda,cuda,1,1,0.002909,0.004300,0.000000
330,data/imagenet.npz,4,10,cuda,cuda,1,1,0.002125,0.006002,0.000000
331,data/imagenet.npz,4,10,cuda,cuda,1,1,0.002677,0.004607,0.000000
332,data/imagenet.npz,4,10,cuda,cuda,1,1,0.002603,0.006726,0.000000
333,data/imagenet.npz,4,10,cuda,cuda,1,1,0.001693,0.006722,0.000000
334,data/imagenet.npz,4,10,cuda,cuda,1,1,0.001731,0.006692,0.000000
335,data/imagenet.npz,4,10,cuda,cuda,1,1,0.001689,0.006275,0.000000
336,data/imagenet.npz,4,10,cuda,cuda,1,1,0.002610,0.005161,0.000000
337,data/imagenet.npz,4,10,cuda,cuda,1,1,0.002614,0.005829,0.000000
338,data/imagenet.npz,4,10,cuda,cuda,1,1,0.002470,0.005947,0.000000
339,data/imagenet.npz,4,10,cuda,cuda,1,1,0.002604,0.006738,0.000000
340,data/imagenet.npz,4,10,cuda,cuda,1,1,0.001713,0.005928,0.000000
341,data/imagenet.npz,4,10,cuda,cuda,1,1,0.002742,0.007495,0.000000
342,data/imagenet.npz,4,10,cuda,cuda,1,1,0.002906,0.014534,0.000000
343,data/imagenet.npz,4,10,cuda,cuda,1,1,0.002627,0.006721,0.000000
344,data/imagenet.npz,4,10,cuda,cuda,1,1,0.002593,0.000979,0.000000
345,data/imagenet.npz,4,10,cuda,cuda,1,1,0.002654,0.006075,0.000000
346,data/imagenet.npz,4,10,cuda,cuda,1,1,0.002906,0.006736,0.000000
347,data/imagenet.npz,4,10,cuda,cuda,1,1,0.002728,0.001013,0.000000
348,data/imagenet.npz,4,10,cuda,cuda,1,1,0.004244,0.027145,0.000000
349,data/imagenet.npz,4,10,cuda,cuda,1,1,0.002352,0.003079,0.000000
350,data/imagenet.npz,4,10,cuda,cuda,1,1,0.002772,0.001781,0.000000
351,data/imagenet.npz,4,10,cuda,cuda,1,1,0.002627,0.005967,0.000000
352,data/imagenet.npz,4,10,cuda,cuda,1,1,0.002759,0.006672,0.000000
353,data/imagenet.npz,4,10,cuda,cuda,1,1,0.002466,0.008392,0.000000
354,data/imagenet.npz,4,10,cuda,cuda,1,1,0.002445,0.006689,0.000000
355,data/imagenet.npz,4,10,cuda,cuda,1,1,0.002109,0.000750,0.000000
356,data/imagenet.npz,4,10,cuda,cuda,1,1,0.002489,0.006006,0.000000
357,data/imagenet.npz,4,10,cuda,cuda,1,1,0.002600,0.007009,0.000000
358,data/imagenet.npz,4,10,cuda,cuda,1,1,0.001767,0.006840,0.000000
359,data/imagenet.npz,4,10,cuda,cuda,1,1,0.002552,0.002554,0.000000
360,data/imagenet.npz,4,10,cuda,cuda,1,1,0.002926,0.006859,0.000000
361,data/imagenet.npz,4,10,cuda,cuda,1,1,0.002741,0.006857,0.000000
362,data/imagenet.npz,4,10,cuda,cuda,1,1,0.002558,0.006721,0.000000
363,data/imagenet.npz,4,10,cuda,cuda,1,1,0.001745,0.006725,0.000000
364,data/imagenet.npz,4,10,cuda,cuda,1,1,0.002472,0.012911,0.000000
365,data/imagenet.npz,4,10,cuda,cuda,1,1,0.002313,0.005255,0.000000
366,data/imagenet.npz,4,10,cuda,cuda,1,1,0.002604,0.006728,0.000000
367,data/imagenet.npz,4,10,cuda,cuda,1,1,0.002878,0.015719,0.000000
368,data/imagenet.npz,4,10,cuda,cuda,1,1,0.002497,0.006695,0.000000
369,data/imagenet.npz,4,10,cuda,cuda,1,1,0.002609,0.006727,0.000000
370,data/imagenet.npz,4,10,cuda,cuda,1,1,0.002885,0.018422,0.000000
371,data/imagenet.npz,4,10,cuda,cuda,1,1,0.003047,0.006743,0.000000
372,data/imagenet.npz,4,10,cuda,cuda,1,1,0.001691,0.000461,0.000000
373,data/imagenet.npz,4,10,cuda,cuda,1,1,0.002549,0.005900,0.000000
374,data/imagenet.npz,4,10,cuda,cuda,1,1,0.002285,0.005550,0.000000
375,data/imagenet.npz,4,10,cuda,cuda,1,1,0.006356,0.094484,0.000000
376,data/imagenet.npz,4,10,cuda,cuda,1,1,0.002984,0.008771,0.000000
377,data/imagenet.npz,4,10,cuda,cuda,1,1,0.002330,0.006690,0.000000
378,data/imagenet.npz,4,10,cuda,cuda,1,1,0.002261,0.006742,0.000000
379,data/imagenet.npz,4,10,cuda,cuda,1,1,0.001711,0.006617,0.000000
380,data/imagenet.npz,4,10,cuda,cuda,1,1,0.002105,0.005998,0.000000
381,data/imagenet.npz,4,10,cuda,cuda,1,1,0.002279,0.008202,0.000000
382,data/imagenet.npz,4,10,cuda,cuda,1,1,0.002258,0.006693,0.000000
383,data/imagenet.npz,4,10,cuda,cuda,1,1,0.002437,0.001245,0.000000
384,data/imagenet.npz,4,10,cuda,cuda,1,1,0.002837,0.007350,0.000000
385,data/imagenet.npz,4,10,cuda,cuda,1,1,0.002590,0.007397,0.000000
386,data/imagenet.npz,4,10,cuda,cuda,1,1,0.002304,0.006089,0.000000
387,data/imagenet.npz,4,10,cuda,cuda,1,1,0.002565,0.006889,0.000000
388,data/imagenet.npz,4,10,cuda,cuda,1,1,0.002421,0.000442,0.000000
389,data/imagenet.npz,4,10,cuda,cuda,1,1,0.002848,0.006940,0.000000
390,data/imagenet.npz,4,10,cuda,cuda,1,1,0.002315,0.005938,0.000000
391,data/imagenet.npz,4,10,cuda,cuda,1,1,0.002314,0.005940,0.000000
392,data/imagenet.npz,4,10,cuda,cuda,1,1,0.002598,0.006942,0.000000
393,data/imagenet.npz,4,10,cuda,cuda,1,1,0.002912,0.001735,0.000000
394,data/imagenet.npz,4,10,cuda,cuda,1,1,0.002474,0.005009,0.000000
395,data/imagenet.npz,4,10,cuda,cuda,1,1,0.002921,0.009128,0.000000
396,data/imagenet.npz,4,10,cuda,cuda,1,1,0.002624,0.006738,0.000000
397,data/imagenet.npz,4,10,cuda,cuda,1,1,0.002132,0.007819,0.000000
398,data/imagenet.npz,4,10,cuda,cuda,1,1,0.002607,0.006694,0.000000
399,data/imagenet.npz,4,10,cuda,cuda,1,1,0.002468,0.006445,0.000000
400,data/imagenet.npz,4,10,cuda,cuda,1,1,0.001834,0.005942,0.000000
401,data/imagenet.npz,4,10,cuda,cuda,1,1,0.002777,0.005978,0.000000
402,data/imagenet.npz,4,10,cuda,cuda,1,1,0.002480,0.003493,0.000000
403,data/imagenet.npz,4,10,cuda,cuda,1,1,0.002446,0.006214,0.000000
404,data/imagenet.npz,4,10,cuda,cuda,1,1,0.002900,0.009575,0.000000
405,data/imagenet.npz,4,10,cuda,cuda,1,1,0.002773,0.001150,0.000000
406,data/imagenet.npz,4,10,cuda,cuda,1,1,0.002616,0.005966,0.000000
407,data/imagenet.npz,4,10,cuda,cuda,1,1,0.002767,0.006766,0.000000
408,data/imagenet.npz,4,10,cuda,cuda,1,1,0.001698,0.005748,0.000000
409,data/imagenet.npz,4,10,cuda,cuda,1,1,0.002465,0.005919,0.000000
410,data/imagenet.npz,4,10,cuda,cuda,1,1,0.002477,0.005939,0.000000
411,data/imagenet.npz,4,10,cuda,cuda,1,1,0.002762,0.006658,0.000000
412,data/imagenet.npz,4,10,cuda,cuda,1,1,0.002482,0.007613,0.000000
413,data/imagenet.npz,4,10,cuda,cuda,1,1,0.002450,0.005951,0.000000
414,data/imagenet.npz,4,10,cuda,cuda,1,1,0.002910,0.001331,0.000000
415,data/imagenet.npz,4,10,cuda,cuda,1,1,0.002839,0.005982,0.000000
416,data/imagenet.npz,4,10,cuda,cuda,1,1,0.003062,0.015210,0.000000
417,data/imagenet.npz,4,10,cuda,cuda,1,1,0.003014,0.001638,0.000000
418,data/imagenet.npz,4,10,cuda,cuda,1,1,0.002792,0.006965,0.000000
419,data/imagenet.npz,4,10,cuda,cuda,1,1,0.002473,0.006739,0.000000
420,data/imagenet.npz,4,10,cuda,cuda,1,1,0.002442,0.006709,0.000000
421,data/imagenet.npz,4,10,cuda,cuda,1,1,0.002629,0.009144,0.000000
422,data/imagenet.npz,4,10,cuda,cuda,1,1,0.001713,0.006114,0.000000
423,data/imagenet.npz,4,10,cuda,cuda,1,1,0.002883,0.015716,0.000000
424,data/imagenet.npz,4,10,cuda,cuda,1,1,0.002491,0.007205,0.000000
425,data/imagenet.npz,4,10,cuda,cuda,1,1,0.002245,0.004325,0.000000
426,data/imagenet.npz,4,10,cuda,cuda,1,1,0.002763,0.006916,0.000000
427,data/imagenet.npz,4,10,cuda,cuda,1,1,0.001921,0.000446,0.000000
428,data/imagenet.npz,4,10,cuda,cuda,1,1,0.002794,0.006868,0.000000
429,data/imagenet.npz,4,10,cuda,cuda,1,1,0.001776,0.006010,0.000000
430,data/imagenet.npz,4,10,cuda,cuda,1,1,0.002635,0.011297,0.000000
431,data/imagenet.npz,4,10,cuda,cuda,1,1,0.002649,0.006753,0.000000
432,data/imagenet.npz,4,10,cuda,cuda,1,1,0.002327,0.005929,0.000000
433,data/imagenet.npz,4,10,cuda,cuda,1,1,0.002455,0.006088,0.000000
434,data/imagenet.npz,4,10,cuda,cuda,1,1,0.002779,0.006722,0.000000
435,data/imagenet.npz,4,10,cuda,cuda,1,1,0.002441,0.006696,0.000000
436,data/imagenet.npz,4,10,cuda,cuda,1,1,0.002303,0.005428,0.000000
437,data/imagenet.npz,4,10,cuda,cuda,1,1,0.002767,0.007225,0.000000
438,data/imagenet.npz,4,10,cuda,cuda,1,1,0.002625,0.006749,0.000000
439,data/imagenet.npz,4,10,cuda,cuda,1,1,0.002295,0.005987,0.000000
440,data/imagenet.npz,4,10,cuda,cuda,1,1,0.002774,0.001043,0.000000
441,data/imagenet.npz,4,10,cuda,cuda,1,1,0.002700,0.005618,0.000000
442,data/imagenet.npz,4,10,cuda,cuda,1,1,0.002745,0.006867,0.000000
443,data/imagenet.npz,4,10,cuda,cuda,1,1,0.002405,0.009064,0.000000
444,data/imagenet.npz,4,10,cuda,cuda,1,1,0.002464,0.006111,0.000000
445,data/imagenet.npz,4,10,cuda,cuda,1,1,0.002496,0.005933,0.000000
446,data/imagenet.npz,4,10,cuda,cuda,1,1,0.002771,0.009997,0.000000
447,data/imagenet.npz,4,10,cuda,cuda,1,1,0.002460,0.006317,0.000000
448,data/imagenet.npz,4,10,cuda,cuda,1,1,0.002336,0.005902,0.000000
449,data/imagenet.npz,4,10,cuda,cuda,1,1,0.002928,0.008407,0.000000
450,data/imagenet.npz,4,10,cuda,cuda,1,1,0.002485,0.006700,0.000000
451,data/imagenet.npz,4,10,cuda,cuda,1,1,0.002103,0.010170,0.000000
452,data/imagenet.npz,4,10,cuda,cuda,1,1,0.008276,0.009106,0.000000
453,data/imagenet.npz,4,10,cuda,cuda,1,1,0.002945,0.013305,0.000000
454,data/imagenet.npz,4,10,cuda,cuda,1,1,0.002470,0.006104,0.000000
455,data/imagenet.npz,4,10,cuda,cuda,1,1,0.002911,0.006919,0.000000
456,data/imagenet.npz,4,10,cuda,cuda,1,1,0.002404,0.006189,0.000000
457,data/imagenet.npz,4,10,cuda,cuda,1,1,0.002471,0.005942,0.000000
458,data/imagenet.npz,4,10,cuda,cuda,1,1,0.001710,0.005921,0.000000
459,data/imagenet.npz,4,10,cuda,cuda,1,1,0.002623,0.006723,0.000000
460,data/imagenet.npz,4,10,cuda,cuda,1,1,0.001695,0.007115,0.000000
461,data/imagenet.npz,4,10,cuda,cuda,1,1,0.002469,0.002618,0.000000
462,data/imagenet.npz,4,10,cuda,cuda,1,1,0.002633,0.007236,0.000000
463,data/imagenet.npz,4,10,cuda,cuda,1,1,0.002763,0.012589,0.000000
464,data/imagenet.npz,4,10,cuda,cuda,1,1,0.002467,0.006380,0.000000
465,data/imagenet.npz,4,10,cuda,cuda,1,1,0.002632,0.006385,0.000000
466,data/imagenet.npz,4,10,cuda,cuda,1,1,0.002605,0.006810,0.000000
467,data/imagenet.npz,4,10,cuda,cuda,1,1,0.002682,0.006861,0.000000
468,data/imagenet.npz,4,10,cuda,cuda,1,1,0.002511,0.001288,0.000000
469,data/imagenet.npz,4,10,cuda,cuda,1,1,0.002792,0.006811,0.000000
470,data/imagenet.npz,4,10,cuda,cuda,1,1,0.002916,0.006880,0.000000
471,data/imagenet.npz,4,10,cuda,cuda,1,1,0.002563,0.007008,0.000000
472,data/imagenet.npz,4,10,cuda,cuda,1,1,0.002606,0.007345,0.000000
473,data/imagenet.npz,4,10,cuda,cuda,1,1,0.002312,0.005851,0.000000
474,data/imagenet.npz,4,10,cuda,cuda,1,1,0.002459,0.005332,0.000000
475,data/imagenet.npz,4,10,cuda,cuda,1,1,0.002623,0.006679,0.000000
476,data/imagenet.npz,4,10,cuda,cuda,1,1,0.001695,0.000325,0.000000
477,data/imagenet.npz,4,10,cuda,cuda,1,1,0.002658,0.005745,0.000000
478,data/imagenet.npz,4,10,cuda,cuda,1,1,0.002446,0.005966,0.000000
479,data/imagenet.npz,4,10,cuda,cuda,1,1,0.002648,0.006739,0.000000
480,data/imagenet.npz,4,10,cuda,cuda,1,1,0.001684,0.008109,0.000000
481,data/imagenet.npz,4,10,cuda,cuda,1,1,0.002610,0.006732,0.000000
482,data/imagenet.npz,4,10,cuda,cuda,1,1,0.001704,0.006602,0.000000
483,data/imagenet.npz,4,10,cuda,cuda,1,1,0.002699,0.006568,0.000000
484,data/imagenet.npz,4,10,cuda,cuda,1,1,0.002556,0.002794,0.000000
485,data/imagenet.npz,4,10,cuda,cuda,1,1,0.002463,0.006129,0.000000
486,data/imagenet.npz,4,10,cuda,cuda,1,1,0.003170,0.014239,0.000000
487,data/imagenet.npz,4,10,cuda,cuda,1,1,0.005523,0.072174,0.000000
488,data/imagenet.npz,4,10,cuda,cuda,1,1,0.002465,0.006367,0.000000
489,data/imagenet.npz,4,10,cuda,cuda,1,1,0.002944,0.001403,0.000000
490,data/imagenet.npz,4,10,cuda,cuda,1,1,0.002794,0.006713,0.000000
491,data/imagenet.npz,4,10,cuda,cuda,1,1,0.003130,0.014184,0.000000
492,data/imagenet.npz,4,10,cuda,cuda,1,1,0.002720,0.008373,0.000000
493,data/imagenet.npz,4,10,cuda,cuda,1,1,0.002601,0.006235,0.000000
494,data/imagenet.npz,4,10,cuda,cuda,1,1,0.002712,0.007223,0.000000
495,data/imagenet.npz,4,10,cuda,cuda,1,1,0.002479,0.005956,0.000000
496,data/imagenet.npz,4,10,cuda,cuda,1,1,0.001697,0.006198,0.000000
497,data/imagenet.npz,4,10,cuda,cuda,1,1,0.002761,0.006724,0.000000
498,data/imagenet.npz,4,10,cuda,cuda,1,1,0.002426,0.006663,0.000000
499,data/imagenet.npz,4,10,cuda,cuda,1,1,0.002741,0.008982,0.000000
500,data/imagenet.npz,4,10,cuda,cuda,1,1,0.002620,0.007197,0.000000
501,data/imagenet.npz,4,10,cuda,cuda,1,1,0.001854,0.006744,0.000000
502,data/imagenet.npz,4,10,cuda,cuda,1,1,0.002766,0.006574,0.000000
503,data/imagenet.npz,4,10,cuda,cuda,1,1,0.002576,0.006912,0.000000
504,data/imagenet.npz,4,10,cuda,cuda,1,1,0.002194,0.004484,0.000000
505,data/imagenet.npz,4,10,cuda,cuda,1,1,0.002470,0.006167,0.000000
506,data/imagenet.npz,4,10,cuda,cuda,1,1,0.003573,0.022798,0.000000
507,data/imagenet.npz,4,10,cuda,cuda,1,1,0.002327,0.006690,0.000000
508,data/imagenet.npz,4,10,cuda,cuda,1,1,0.002573,0.006735,0.000000
509,data/imagenet.npz,4,10,cuda,cuda,1,1,0.003451,0.029534,0.000000
510,data/imagenet.npz,4,10,cuda,cuda,1,1,0.001875,0.009169,0.000000
511,data/imagenet.npz,4,10,cuda,cuda,1,1,0.003134,0.003866,0.000000
512,data/imagenet.npz,4,10,cuda,cuda,1,1,0.002483,0.005954,0.000000
513,data/imagenet.npz,4,10,cuda,cuda,1,1,0.002503,0.005255,0.000000
514,data/imagenet.npz,4,10,cuda,cuda,1,1,0.002905,0.009190,0.000000
515,data/imagenet.npz,4,10,cuda,cuda,1,1,0.002460,0.013743,0.000000
516,data/imagenet.npz,4,10,cuda,cuda,1,1,0.002929,0.001787,0.000000
517,data/imagenet.npz,4,10,cuda,cuda,1,1,0.002932,0.007526,0.000000
518,data/imagenet.npz,4,10,cuda,cuda,1,1,0.002292,0.005951,0.000000
519,data/imagenet.npz,4,10,cuda,cuda,1,1,0.002596,0.000742,0.000000
520,data/imagenet.npz,4,10,cuda,cuda,1,1,0.002660,0.008286,0.000000
521,data/imagenet.npz,4,10,cuda,cuda,1,1,0.002748,0.007181,0.000000
522,data/imagenet.npz,4,10,cuda,cuda,1,1,0.002425,0.005883,0.000000
523,data/imagenet.npz,4,10,cuda,cuda,1,1,0.002270,0.005973,0.000000
524,data/imagenet.npz,4,10,cuda,cuda,1,1,0.002989,0.015863,0.000000
525,data/imagenet.npz,4,10,cuda,cuda,1,1,0.002904,0.014672,0.000000
526,data/imagenet.npz,4,10,cuda,cuda,1,1,0.002484,0.006733,0.000000
527,data/imagenet.npz,4,10,cuda,cuda,1,1,0.002298,0.005623,0.000000
528,data/imagenet.npz,4,10,cuda,cuda,1,1,0.002580,0.006689,0.000000
529,data/imagenet.npz,4,10,cuda,cuda,1,1,0.003013,0.020646,0.000000
530,data/imagenet.npz,4,10,cuda,cuda,1,1,0.002499,0.006724,0.000000
531,data/imagenet.npz,4,10,cuda,cuda,1,1,0.002290,0.006411,0.000000
532,data/imagenet.npz,4,10,cuda,cuda,1,1,0.002594,0.006566,0.000000
533,data/imagenet.npz,4,10,cuda,cuda,1,1,0.002719,0.006709,0.000000
534,data/imagenet.npz,4,10,cuda,cuda,1,1,0.001715,0.006696,0.000000
535,data/imagenet.npz,4,10,cuda,cuda,1,1,0.002608,0.008762,0.000000
536,data/imagenet.npz,4,10,cuda,cuda,1,1,0.002905,0.006670,0.000000
537,data/imagenet.npz,4,10,cuda,cuda,1,1,0.002609,0.006729,0.000000
538,data/imagenet.npz,4,10,cuda,cuda,1,1,0.001690,0.006742,0.000000
539,data/imagenet.npz,4,10,cuda,cuda,1,1,0.002609,0.006714,0.000000
540,data/imagenet.npz,4,10,cuda,cuda,1,1,0.002285,0.005968,0.000000
541,data/imagenet.npz,4,10,cuda,cuda,1,1,0.002414,0.006020,0.000000
542,data/imagenet.npz,4,10,cuda,cuda,1,1,0.002280,0.006163,0.000000
543,data/imagenet.npz,4,10,cuda,cuda,1,1,0.002474,0.006129,0.000000
544,data/imagenet.npz,4,10,cuda,cuda,1,1,0.002633,0.009628,0.000000
545,data/imagenet.npz,4,10,cuda,cuda,1,1,0.002745,0.006856,0.000000
546,data/imagenet.npz,4,10,cuda,cuda,1,1,0.001938,0.006093,0.000000
547,data/imagenet.npz,4,10,cuda,cuda,1,1,0.003019,0.013994,0.000000
548,data/imagenet.npz,4,10,cuda,cuda,1,1,0.002357,0.005984,0.000000
549,data/imagenet.npz,4,10,cuda,cuda,1,1,0.002732,0.009166,0.000000
550,data/imagenet.npz,4,10,cuda,cuda,1,1,0.002477,0.005942,0.000000
551,data/imagenet.npz,4,10,cuda,cuda,1,1,0.002118,0.006673,0.000000
552,data/imagenet.npz,4,10,cuda,cuda,1,1,0.002456,0.006697,0.000000
553,data/imagenet.npz,4,10,cuda,cuda,1,1,0.001707,0.005941,0.000000
554,data/imagenet.npz,4,10,cuda,cuda,1,1,0.002438,0.011257,0.000000
555,data/imagenet.npz,4,10,cuda,cuda,1,1,0.002649,0.005895,0.000000
556,data/imagenet.npz,4,10,cuda,cuda,1,1,0.002918,0.011251,0.000000
557,data/imagenet.npz,4,10,cuda,cuda,1,1,0.002327,0.005935,0.000000
558,data/imagenet.npz,4,10,cuda,cuda,1,1,0.002497,0.006089,0.000000
559,data/imagenet.npz,4,10,cuda,cuda,1,1,0.002423,0.006890,0.000000
560,data/imagenet.npz,4,10,cuda,cuda,1,1,0.002918,0.009055,0.000000
561,data/imagenet.npz,4,10,cuda,cuda,1,1,0.002475,0.005928,0.000000
562,data/imagenet.npz,4,10,cuda,cuda,1,1,0.002273,0.006700,0.000000
563,data/imagenet.npz,4,10,cuda,cuda,1,1,0.002307,0.005769,0.000000
564,data/imagenet.npz,4,10,cuda,cuda,1,1,0.002758,0.007236,0.000000
565,data/imagenet.npz,4,10,cuda,cuda,1,1,0.002876,0.008967,0.000000
566,data/imagenet.npz,4,10,cuda,cuda,1,1,0.002301,0.005940,0.000000
567,data/imagenet.npz,4,10,cuda,cuda,1,1,0.002461,0.005943,0.000000
568,data/imagenet.npz,4,10,cuda,cuda,1,1,0.001689,0.005930,0.000000
569,data/imagenet.npz,4,10,cuda,cuda,1,1,0.002462,0.006235,0.000000
570,data/imagenet.npz,4,10,cuda,cuda,1,1,0.002614,0.004770,0.000000
571,data/imagenet.npz,4,10,cuda,cuda,1,1,0.002874,0.015825,0.000000
572,data/imagenet.npz,4,10,cuda,cuda,1,1,0.003199,0.001415,0.000000
573,data/imagenet.npz,4,10,cuda,cuda,1,1,0.002972,0.006715,0.000000
574,data/imagenet.npz,4,10,cuda,cuda,1,1,0.002901,0.001342,0.000000
575,data/imagenet.npz,4,10,cuda,cuda,1,1,0.002950,0.009057,0.000000
576,data/imagenet.npz,4,10,cuda,cuda,1,1,0.003061,0.002077,0.000000
577,data/imagenet.npz,4,10,cuda,cuda,1,1,0.002100,0.007027,0.000000
578,data/imagenet.npz,4,10,cuda,cuda,1,1,0.002762,0.007229,0.000000
579,data/imagenet.npz,4,10,cuda,cuda,1,1,0.002779,0.006723,0.000000
580,data/imagenet.npz,4,10,cuda,cuda,1,1,0.001694,0.002732,0.000000
581,data/imagenet.npz,4,10,cuda,cuda,1,1,0.002477,0.005988,0.000000
582,data/imagenet.npz,4,10,cuda,cuda,1,1,0.002268,0.010448,0.000000
583,data/imagenet.npz,4,10,cuda,cuda,1,1,0.002606,0.006735,0.000000
584,data/imagenet.npz,4,10,cuda,cuda,1,1,0.002405,0.001408,0.000000
585,data/imagenet.npz,4,10,cuda,cuda,1,1,0.002916,0.006730,0.000000
586,data/imagenet.npz,4,10,cuda,cuda,1,1,0.005105,0.069036,0.000000
587,data/imagenet.npz,4,10,cuda,cuda,1,1,0.002144,0.017782,0.000000
588,data/imagenet.npz,4,10,cuda,cuda,1,1,0.001727,0.010902,0.000000
589,data/imagenet.npz,4,10,cuda,cuda,1,1,0.002396,0.006799,0.000000
590,data/imagenet.npz,4,10,cuda,cuda,1,1,0.002143,0.005978,0.000000
591,data/imagenet.npz,4,10,cuda,cuda,1,1,0.003023,0.018339,0.000000
592,data/imagenet.npz,4,10,cuda,cuda,1,1,0.002838,0.007447,0.000000
593,data/imagenet.npz,4,10,cuda,cuda,1,1,0.002941,0.009196,0.000000
594,data/imagenet.npz,4,10,cuda,cuda,1,1,0.002584,0.006792,0.000000
595,data/imagenet.npz,4,10,cuda,cuda,1,1,0.002654,0.011317,0.000000
596,data/imagenet.npz,4,10,cuda,cuda,1,1,0.002324,0.005919,0.000000
597,data/imagenet.npz,4,10,cuda,cuda,1,1,0.002605,0.007249,0.000000
598,data/imagenet.npz,4,10,cuda,cuda,1,1,0.002288,0.005645,0.000000
599,data/imagenet.npz,4,10,cuda,cuda,1,1,0.002609,0.006699,0.000000
600,data/imagenet.npz,4,10,cuda,cuda,1,1,0.002274,0.005960,0.000000
601,data/imagenet.npz,4,10,cuda,cuda,1,1,0.002294,0.005947,0.000000
602,data/imagenet.npz,4,10,cuda,cuda,1,1,0.002601,0.006708,0.000000
603,data/imagenet.npz,4,10,cuda,cuda,1,1,0.002760,0.009190,0.000000
604,data/imagenet.npz,4,10,cuda,cuda,1,1,0.002620,0.006765,0.000000
605,data/imagenet.npz,4,10,cuda,cuda,1,1,0.003082,0.009577,0.000000
606,data/imagenet.npz,4,10,cuda,cuda,1,1,0.002682,0.006688,0.000000
607,data/imagenet.npz,4,10,cuda,cuda,1,1,0.003008,0.006581,0.000000
608,data/imagenet.npz,4,10,cuda,cuda,1,1,0.002727,0.006869,0.000000
609,data/imagenet.npz,4,10,cuda,cuda,1,1,0.002136,0.004027,0.000000
610,data/imagenet.npz,4,10,cuda,cuda,1,1,0.002457,0.005936,0.000000
611,data/imagenet.npz,4,10,cuda,cuda,1,1,0.002261,0.006728,0.000000
612,data/imagenet.npz,4,10,cuda,cuda,1,1,0.002488,0.006713,0.000000
613,data/imagenet.npz,4,10,cuda,cuda,1,1,0.002096,0.008941,0.000000
614,data/imagenet.npz,4,10,cuda,cuda,1,1,0.002644,0.006732,0.000000
615,data/imagenet.npz,4,10,cuda,cuda,1,1,0.001690,0.004833,0.000000
616,data/imagenet.npz,4,10,cuda,cuda,1,1,0.002784,0.006734,0.000000
617,data/imagenet.npz,4,10,cuda,cuda,1,1,0.002606,0.006754,0.000000
618,data/imagenet.npz,4,10,cuda,cuda,1,1,0.002454,0.002431,0.000000
619,data/imagenet.npz,4,10,cuda,cuda,1,1,0.002613,0.003061,0.000000
620,data/imagenet.npz,4,10,cuda,cuda,1,1,0.002122,0.006242,0.000000
621,data/imagenet.npz,4,10,cuda,cuda,1,1,0.001694,0.006541,0.000000
622,data/imagenet.npz,4,10,cuda,cuda,1,1,0.002679,0.006768,0.000000
623,data/imagenet.npz,4,10,cuda,cuda,1,1,0.002398,0.006159,0.000000
624,data/imagenet.npz,4,10,cuda,cuda,1,1,0.002769,0.006138,0.000000
625,data/imagenet.npz,4,10,cuda,cuda,1,1,0.002978,0.011361,0.000000
626,data/imagenet.npz,4,10,cuda,cuda,1,1,0.002319,0.006716,0.000000
627,data/imagenet.npz,4,10,cuda,cuda,1,1,0.002336,0.005012,0.000000
628,data/imagenet.npz,4,10,cuda,cuda,1,1,0.002450,0.002670,0.000000
629,data/imagenet.npz,4,10,cuda,cuda,1,1,0.002485,0.004238,0.000000
630,data/imagenet.npz,4,10,cuda,cuda,1,1,0.002471,0.005934,0.000000
631,data/imagenet.npz,4,10,cuda,cuda,1,1,0.002282,0.006704,0.000000
632,data/imagenet.npz,4,10,cuda,cuda,1,1,0.001692,0.005930,0.000000
633,data/imagenet.npz,4,10,cuda,cuda,1,1,0.001697,0.006707,0.000000
634,data/imagenet.npz,4,10,cuda,cuda,1,1,0.002298,0.009943,0.000000
635,data/imagenet.npz,4,10,cuda,cuda,1,1,0.002628,0.004616,0.000000
636,data/imagenet.npz,4,10,cuda,cuda,1,1,0.002457,0.005490,0.000000
637,data/imagenet.npz,4,10,cuda,cuda,1,1,0.002458,0.006445,0.000000
638,data/imagenet.npz,4,10,cuda,cuda,1,1,0.002911,0.006751,0.000000
639,data/imagenet.npz,4,10,cuda,cuda,1,1,0.013202,0.031860,0.000000
640,data/imagenet.npz,4,10,cuda,cuda,1,1,0.002850,0.004316,0.000000
641,data/imagenet.npz,4,10,cuda,cuda,1,1,0.002665,0.006674,0.000000
642,data/imagenet.npz,4,10,cuda,cuda,1,1,0.002444,0.006699,0.000000
643,data/imagenet.npz,4,10,cuda,cuda,1,1,0.002434,0.006687,0.000000
644,data/imagenet.npz,4,10,cuda,cuda,1,1,0.002456,0.006754,0.000000
645,data/imagenet.npz,4,10,cuda,cuda,1,1,0.002570,0.002062,0.000000
646,data/imagenet.npz,4,10,cuda,cuda,1,1,0.001689,0.002855,0.000000
647,data/imagenet.npz,4,10,cuda,cuda,1,1,0.002454,0.005932,0.000000
648,data/imagenet.npz,4,10,cuda,cuda,1,1,0.003046,0.002115,0.000000
649,data/imagenet.npz,4,10,cuda,cuda,1,1,0.002798,0.006731,0.000000
650,data/imagenet.npz,4,10,cuda,cuda,1,1,0.001701,0.006757,0.000000
651,data/imagenet.npz,4,10,cuda,cuda,1,1,0.002454,0.007143,0.000000
652,data/imagenet.npz,4,10,cuda,cuda,1,1,0.002594,0.006862,0.000000
653,data/imagenet.npz,4,10,cuda,cuda,1,1,0.002735,0.006468,0.000000
654,data/imagenet.npz,4,10,cuda,cuda,1,1,0.002417,0.001295,0.000000
655,data/imagenet.npz,4,10,cuda,cuda,1,1,0.003151,0.010210,0.000000
656,data/imagenet.npz,4,10,cuda,cuda,1,1,0.002625,0.006896,0.000000
657,data/imagenet.npz,4,10,cuda,cuda,1,1,0.001692,0.005976,0.000000
658,data/imagenet.npz,4,10,cuda,cuda,1,1,0.002941,0.006750,0.000000
659,data/imagenet.npz,4,10,cuda,cuda,1,1,0.002115,0.004295,0.000000
660,data/imagenet.npz,4,10,cuda,cuda,1,1,0.002468,0.005932,0.000000
661,data/imagenet.npz,4,10,cuda,cuda,1,1,0.002742,0.006726,0.000000
662,data/imagenet.npz,4,10,cuda,cuda,1,1,0.001713,0.007368,0.000000
663,data/imagenet.npz,4,10,cuda,cuda,1,1,0.002282,0.006060,0.000000
664,data/imagenet.npz,4,10,cuda,cuda,1,1,0.002451,0.009940,0.000000
665,data/imagenet.npz,4,10,cuda,cuda,1,1,0.002260,0.006516,0.000000
666,data/imagenet.npz,4,10,cuda,cuda,1,1,0.002619,0.007157,0.000000
667,data/imagenet.npz,4,10,cuda,cuda,1,1,0.004510,0.049147,0.000000
668,data/imagenet.npz,4,10,cuda,cuda,1,1,0.003253,0.001286,0.000000
669,data/imagenet.npz,4,10,cuda,cuda,1,1,0.001752,0.006699,0.000000
670,data/imagenet.npz,4,10,cuda,cuda,1,1,0.002136,0.005987,0.000000
671,data/imagenet.npz,4,10,cuda,cuda,1,1,0.002266,0.003655,0.000000
672,data/imagenet.npz,4,10,cuda,cuda,1,1,0.002473,0.005940,0.000000
673,data/imagenet.npz,4,10,cuda,cuda,1,1,0.002582,0.006742,0.000000
674,data/imagenet.npz,4,10,cuda,cuda,1,1,0.002623,0.007947,0.000000
675,data/imagenet.npz,4,10,cuda,cuda,1,1,0.002304,0.005966,0.000000
676,data/imagenet.npz,4,10,cuda,cuda,1,1,0.001698,0.005970,0.000000
677,data/imagenet.npz,4,10,cuda,cuda,1,1,0.002093,0.000534,0.000000
678,data/imagenet.npz,4,10,cuda,cuda,1,1,0.002479,0.003050,0.000000
679,data/imagenet.npz,4,10,cuda,cuda,1,1,0.002752,0.006846,0.000000
680,data/imagenet.npz,4,10,cuda,cuda,1,1,0.002576,0.005979,0.000000
681,data/imagenet.npz,4,10,cuda,cuda,1,1,0.002239,0.000693,0.000000
682,data/imagenet.npz,4,10,cuda,cuda,1,1,0.002655,0.001973,0.000000
683,data/imagenet.npz,4,10,cuda,cuda,1,1,0.002455,0.005926,0.000000
684,data/imagenet.npz,4,10,cuda,cuda,1,1,0.002448,0.006009,0.000000
685,data/imagenet.npz,4,10,cuda,cuda,1,1,0.002287,0.005947,0.000000
686,data/imagenet.npz,4,10,cuda,cuda,1,1,0.002610,0.006691,0.000000
687,data/imagenet.npz,4,10,cuda,cuda,1,1,0.002632,0.010924,0.000000
688,data/imagenet.npz,4,10,cuda,cuda,1,1,0.002609,0.006867,0.000000
689,data/imagenet.npz,4,10,cuda,cuda,1,1,0.002930,0.006696,0.000000
690,data/imagenet.npz,4,10,cuda,cuda,1,1,0.001697,0.006726,0.000000
691,data/imagenet.npz,4,10,cuda,cuda,1,1,0.001679,0.005956,0.000000
692,data/imagenet.npz,4,10,cuda,cuda,1,1,0.002099,0.008475,0.000000
693,data/imagenet.npz,4,10,cuda,cuda,1,1,0.002616,0.006755,0.000000
694,data/imagenet.npz,4,10,cuda,cuda,1,1,0.002115,0.006671,0.000000
695,data/imagenet.npz,4,10,cuda,cuda,1,1,0.002598,0.003522,0.000000
696,data/imagenet.npz,4,10,cuda,cuda,1,1,0.004873,0.036141,0.000000
697,data/imagenet.npz,4,10,cuda,cuda,1,1,0.002497,0.002663,0.000000
698,data/imagenet.npz,4,10,cuda,cuda,1,1,0.002347,0.003689,0.000000
699,data/imagenet.npz,4,10,cuda,cuda,1,1,0.004243,0.029759,0.000000
700,data/imagenet.npz,4,10,cuda,cuda,1,1,0.002500,0.003905,0.000000
701,data/imagenet.npz,4,10,cuda,cuda,1,1,0.002485,0.005972,0.000000
702,data/imagenet.npz,4,10,cuda,cuda,1,1,0.002752,0.006725,0.000000
703,data/imagenet.npz,4,10,cuda,cuda,1,1,0.003194,0.020951,0.000000
704,data/imagenet.npz,4,10,cuda,cuda,1,1,0.002954,0.006709,0.000000
705,data/imagenet.npz,4,10,cuda,cuda,1,1,0.002625,0.004287,0.000000
706,data/imagenet.npz,4,10,cuda,cuda,1,1,0.002608,0.006984,0.000000
707,data/imagenet.npz,4,10,cuda,cuda,1,1,0.001679,0.006737,0.000000
708,data/imagenet.npz,4,10,cuda,cuda,1,1,0.002302,0.005976,0.000000
709,data/imagenet.npz,4,10,cuda,cuda,1,1,0.002732,0.006699,0.000000
710,data/imagenet.npz,4,10,cuda,cuda,1,1,0.002451,0.006736,0.000000
711,data/imagenet.npz,4,10,cuda,cuda,1,1,0.002456,0.006623,0.000000
712,data/imagenet.npz,4,10,cuda,cuda,1,1,0.002611,0.006749,0.000000
713,data/imagenet.npz,4,10,cuda,cuda,1,1,0.002441,0.006732,0.000000
714,data/imagenet.npz,4,10,cuda,cuda,1,1,0.001707,0.006705,0.000000
715,data/imagenet.npz,4,10,cuda,cuda,1,1,0.002442,0.006937,0.000000
