image_index,data_path,num_directions,num_timesteps,device_requested,device_used,batch_size,num_cores,complex_construction_time,computation_time,vectorization_time
0,data/bunny.obj,16,10,cuda,cuda,1,1,0.024956,0.000468,0.000000
1,data/bunny.obj,16,10,cuda,cuda,1,1,0.013810,0.000416,0.000000
2,data/bunny.obj,16,10,cuda,cuda,1,1,0.013198,0.000427,0.000000
3,data/bunny.obj,16,10,cuda,cuda,1,1,0.013216,0.000418,0.000000
4,data/bunny.obj,16,10,cuda,cuda,1,1,0.012857,0.000424,0.000000
5,data/bunny.obj,16,10,cuda,cuda,1,1,0.012417,0.000433,0.000000
6,data/bunny.obj,16,10,cuda,cuda,1,1,0.012817,0.000415,0.000000
7,data/bunny.obj,16,10,cuda,cuda,1,1,0.012579,0.000423,0.000000
8,data/bunny.obj,16,10,cuda,cuda,1,1,0.013134,0.000419,0.000000
9,data/bunny.obj,16,10,cuda,cuda,1,1,0.014054,0.000410,0.000000
