image_index,data_path,num_directions,num_timesteps,device_requested,device_used,batch_size,num_cores,complex_construction_time,computation_time,vectorization_time
0,data/bunny.obj,1,1000,cpu,cpu,1,1,0.021957,0.002961,0.000000
1,data/bunny.obj,1,1000,cpu,cpu,1,1,0.023246,0.002164,0.000000
2,data/bunny.obj,1,1000,cpu,cpu,1,1,0.019018,0.000936,0.000000
3,data/bunny.obj,1,1000,cpu,cpu,1,1,0.016888,0.000909,0.000000
4,data/bunny.obj,1,1000,cpu,cpu,1,1,0.017960,0.001028,0.000000
5,data/bunny.obj,1,1000,cpu,cpu,1,1,0.015851,0.000702,0.000000
6,data/bunny.obj,1,1000,cpu,cpu,1,1,0.015183,0.000771,0.000000
7,data/bunny.obj,1,1000,cpu,cpu,1,1,0.015796,0.000753,0.000000
8,data/bunny.obj,1,1000,cpu,cpu,1,1,0.015479,0.000651,0.000000
9,data/bunny.obj,1,1000,cpu,cpu,1,1,0.016872,0.000821,0.000000
