image_index,data_path,num_directions,num_timesteps,device_requested,device_used,batch_size,num_cores,complex_construction_time,computation_time,vectorization_time
0,data/bunny.obj,4,10,cuda,cuda,1,1,0.025094,0.000462,0.000000
1,data/bunny.obj,4,10,cuda,cuda,1,1,0.013981,0.000429,0.000000
2,data/bunny.obj,4,10,cuda,cuda,1,1,0.013245,0.000439,0.000000
3,data/bunny.obj,4,10,cuda,cuda,1,1,0.013226,0.000447,0.000000
4,data/bunny.obj,4,10,cuda,cuda,1,1,0.013582,0.000436,0.000000
5,data/bunny.obj,4,10,cuda,cuda,1,1,0.012627,0.000430,0.000000
6,data/bunny.obj,4,10,cuda,cuda,1,1,0.012509,0.000419,0.000000
7,data/bunny.obj,4,10,cuda,cuda,1,1,0.012680,0.000426,0.000000
8,data/bunny.obj,4,10,cuda,cuda,1,1,0.013233,0.000416,0.000000
9,data/bunny.obj,4,10,cuda,cuda,1,1,0.014119,0.000422,0.000000
