image_index,data_path,num_directions,num_timesteps,device_requested,device_used,batch_size,num_cores,complex_construction_time,computation_time,vectorization_time
0,data/bunny.obj,8,100,cpu,cpu,1,1,0.014036,0.003713,0.000000
1,data/bunny.obj,8,100,cpu,cpu,1,1,0.013469,0.002033,0.000000
2,data/bunny.obj,8,100,cpu,cpu,1,1,0.012988,0.001999,0.000000
3,data/bunny.obj,8,100,cpu,cpu,1,1,0.013749,0.002687,0.000000
4,data/bunny.obj,8,100,cpu,cpu,1,1,0.014343,0.002107,0.000000
5,data/bunny.obj,8,100,cpu,cpu,1,1,0.014377,0.002563,0.000000
6,data/bunny.obj,8,100,cpu,cpu,1,1,0.014852,0.002386,0.000000
7,data/bunny.obj,8,100,cpu,cpu,1,1,0.014109,0.001889,0.000000
8,data/bunny.obj,8,100,cpu,cpu,1,1,0.015159,0.002802,0.000000
9,data/bunny.obj,8,100,cpu,cpu,1,1,0.015518,0.002543,0.000000
