image_index,data_path,num_directions,num_timesteps,device_requested,device_used,batch_size,num_cores,complex_construction_time,computation_time,vectorization_time
0,data/fashionmnist.npz,128,10000,cpu,cpu,1,1,0.002593,0.008620,0.000000
1,data/fashionmnist.npz,128,10000,cpu,cpu,1,1,0.001758,0.025500,0.000000
2,data/fashionmnist.npz,128,10000,cpu,cpu,1,1,0.001619,0.011507,0.000000
3,data/fashionmnist.npz,128,10000,cpu,cpu,1,1,0.001271,0.009829,0.000000
4,data/fashionmnist.npz,128,10000,cpu,cpu,1,1,0.001257,0.008360,0.000000
5,data/fashionmnist.npz,128,10000,cpu,cpu,1,1,0.001395,0.008143,0.000000
6,data/fashionmnist.npz,128,10000,cpu,cpu,1,1,0.001406,0.011686,0.000000
7,data/fashionmnist.npz,128,10000,cpu,cpu,1,1,0.001673,0.009672,0.000000
8,data/fashionmnist.npz,128,10000,cpu,cpu,1,1,0.001554,0.021772,0.000000
9,data/fashionmnist.npz,128,10000,cpu,cpu,1,1,0.001600,0.017133,0.000000
10,data/fashionmnist.npz,128,10000,cpu,cpu,1,1,0.001328,0.009251,0.000000
11,data/fashionmnist.npz,128,10000,cpu,cpu,1,1,0.001443,0.012005,0.000000
12,data/fashionmnist.npz,128,10000,cpu,cpu,1,1,0.001362,0.006994,0.000000
13,data/fashionmnist.npz,128,10000,cpu,cpu,1,1,0.001445,0.007947,0.000000
14,data/fashionmnist.npz,128,10000,cpu,cpu,1,1,0.001386,0.010478,0.000000
15,data/fashionmnist.npz,128,10000,cpu,cpu,1,1,0.001345,0.009293,0.000000
16,data/fashionmnist.npz,128,10000,cpu,cpu,1,1,0.001709,0.012134,0.000000
17,data/fashionmnist.npz,128,10000,cpu,cpu,1,1,0.001344,0.014811,0.000000
18,data/fashionmnist.npz,128,10000,cpu,cpu,1,1,0.001327,0.008136,0.000000
19,data/fashionmnist.npz,128,10000,cpu,cpu,1,1,0.001348,0.010782,0.000000
20,data/fashionmnist.npz,128,10000,cpu,cpu,1,1,0.001191,0.013941,0.000000
21,data/fashionmnist.npz,128,10000,cpu,cpu,1,1,0.001504,0.012477,0.000000
22,data/fashionmnist.npz,128,10000,cpu,cpu,1,1,0.002124,0.007882,0.000000
23,data/fashionmnist.npz,128,10000,cpu,cpu,1,1,0.001206,0.010928,0.000000
24,data/fashionmnist.npz,128,10000,cpu,cpu,1,1,0.001431,0.009629,0.000000
25,data/fashionmnist.npz,128,10000,cpu,cpu,1,1,0.001463,0.006672,0.000000
26,data/fashionmnist.npz,128,10000,cpu,cpu,1,1,0.001307,0.007530,0.000000
27,data/fashionmnist.npz,128,10000,cpu,cpu,1,1,0.001379,0.008581,0.000000
28,data/fashionmnist.npz,128,10000,cpu,cpu,1,1,0.001746,0.007963,0.000000
29,data/fashionmnist.npz,128,10000,cpu,cpu,1,1,0.001584,0.006775,0.000000
30,data/fashionmnist.npz,128,10000,cpu,cpu,1,1,0.001225,0.008163,0.000000
31,data/fashionmnist.npz,128,10000,cpu,cpu,1,1,0.001493,0.008863,0.000000
32,data/fashionmnist.npz,128,10000,cpu,cpu,1,1,0.001483,0.013194,0.000000
33,data/fashionmnist.npz,128,10000,cpu,cpu,1,1,0.001182,0.006657,0.000000
34,data/fashionmnist.npz,128,10000,cpu,cpu,1,1,0.001366,0.010489,0.000000
35,data/fashionmnist.npz,128,10000,cpu,cpu,1,1,0.001325,0.013091,0.000000
36,data/fashionmnist.npz,128,10000,cpu,cpu,1,1,0.001563,0.007679,0.000000
37,data/fashionmnist.npz,128,10000,cpu,cpu,1,1,0.001405,0.015361,0.000000
38,data/fashionmnist.npz,128,10000,cpu,cpu,1,1,0.001229,0.008211,0.000000
39,data/fashionmnist.npz,128,10000,cpu,cpu,1,1,0.001299,0.008002,0.000000
40,data/fashionmnist.npz,128,10000,cpu,cpu,1,1,0.001538,0.011034,0.000000
41,data/fashionmnist.npz,128,10000,cpu,cpu,1,1,0.001615,0.011877,0.000000
42,data/fashionmnist.npz,128,10000,cpu,cpu,1,1,0.001406,0.012420,0.000000
43,data/fashionmnist.npz,128,10000,cpu,cpu,1,1,0.001435,0.010783,0.000000
44,data/fashionmnist.npz,128,10000,cpu,cpu,1,1,0.001423,0.006483,0.000000
45,data/fashionmnist.npz,128,10000,cpu,cpu,1,1,0.001318,0.007635,0.000000
46,data/fashionmnist.npz,128,10000,cpu,cpu,1,1,0.001432,0.014951,0.000000
47,data/fashionmnist.npz,128,10000,cpu,cpu,1,1,0.001662,0.013396,0.000000
48,data/fashionmnist.npz,128,10000,cpu,cpu,1,1,0.001453,0.012194,0.000000
49,data/fashionmnist.npz,128,10000,cpu,cpu,1,1,0.001309,0.008267,0.000000
50,data/fashionmnist.npz,128,10000,cpu,cpu,1,1,0.001379,0.009216,0.000000
51,data/fashionmnist.npz,128,10000,cpu,cpu,1,1,0.001420,0.010158,0.000000
52,data/fashionmnist.npz,128,10000,cpu,cpu,1,1,0.001377,0.011443,0.000000
53,data/fashionmnist.npz,128,10000,cpu,cpu,1,1,0.001460,0.005931,0.000000
54,data/fashionmnist.npz,128,10000,cpu,cpu,1,1,0.001777,0.013057,0.000000
55,data/fashionmnist.npz,128,10000,cpu,cpu,1,1,0.001862,0.008602,0.000000
56,data/fashionmnist.npz,128,10000,cpu,cpu,1,1,0.001273,0.007239,0.000000
57,data/fashionmnist.npz,128,10000,cpu,cpu,1,1,0.001264,0.008960,0.000000
58,data/fashionmnist.npz,128,10000,cpu,cpu,1,1,0.001620,0.009434,0.000000
59,data/fashionmnist.npz,128,10000,cpu,cpu,1,1,0.001471,0.011375,0.000000
60,data/fashionmnist.npz,128,10000,cpu,cpu,1,1,0.001371,0.012680,0.000000
61,data/fashionmnist.npz,128,10000,cpu,cpu,1,1,0.001588,0.009677,0.000000
62,data/fashionmnist.npz,128,10000,cpu,cpu,1,1,0.001440,0.010738,0.000000
63,data/fashionmnist.npz,128,10000,cpu,cpu,1,1,0.001728,0.007785,0.000000
64,data/fashionmnist.npz,128,10000,cpu,cpu,1,1,0.001497,0.016551,0.000000
65,data/fashionmnist.npz,128,10000,cpu,cpu,1,1,0.001329,0.008152,0.000000
66,data/fashionmnist.npz,128,10000,cpu,cpu,1,1,0.001739,0.010401,0.000000
67,data/fashionmnist.npz,128,10000,cpu,cpu,1,1,0.001485,0.011087,0.000000
68,data/fashionmnist.npz,128,10000,cpu,cpu,1,1,0.002092,0.012736,0.000000
69,data/fashionmnist.npz,128,10000,cpu,cpu,1,1,0.001784,0.008927,0.000000
70,data/fashionmnist.npz,128,10000,cpu,cpu,1,1,0.001394,0.005880,0.000000
71,data/fashionmnist.npz,128,10000,cpu,cpu,1,1,0.001470,0.009814,0.000000
72,data/fashionmnist.npz,128,10000,cpu,cpu,1,1,0.001211,0.011245,0.000000
73,data/fashionmnist.npz,128,10000,cpu,cpu,1,1,0.001201,0.008103,0.000000
74,data/fashionmnist.npz,128,10000,cpu,cpu,1,1,0.001352,0.009190,0.000000
75,data/fashionmnist.npz,128,10000,cpu,cpu,1,1,0.001401,0.009159,0.000000
76,data/fashionmnist.npz,128,10000,cpu,cpu,1,1,0.001826,0.011665,0.000000
77,data/fashionmnist.npz,128,10000,cpu,cpu,1,1,0.001207,0.006747,0.000000
78,data/fashionmnist.npz,128,10000,cpu,cpu,1,1,0.001367,0.009558,0.000000
79,data/fashionmnist.npz,128,10000,cpu,cpu,1,1,0.001377,0.007716,0.000000
80,data/fashionmnist.npz,128,10000,cpu,cpu,1,1,0.001626,0.007294,0.000000
81,data/fashionmnist.npz,128,10000,cpu,cpu,1,1,0.001544,0.012323,0.000000
82,data/fashionmnist.npz,128,10000,cpu,cpu,1,1,0.001367,0.013998,0.000000
83,data/fashionmnist.npz,128,10000,cpu,cpu,1,1,0.001301,0.006958,0.000000
84,data/fashionmnist.npz,128,10000,cpu,cpu,1,1,0.001219,0.005247,0.000000
85,data/fashionmnist.npz,128,10000,cpu,cpu,1,1,0.001561,0.010645,0.000000
86,data/fashionmnist.npz,128,10000,cpu,cpu,1,1,0.001568,0.010993,0.000000
87,data/fashionmnist.npz,128,10000,cpu,cpu,1,1,0.001492,0.011484,0.000000
88,data/fashionmnist.npz,128,10000,cpu,cpu,1,1,0.001420,0.010542,0.000000
89,data/fashionmnist.npz,128,10000,cpu,cpu,1,1,0.001343,0.007691,0.000000
90,data/fashionmnist.npz,128,10000,cpu,cpu,1,1,0.001460,0.013510,0.000000
91,data/fashionmnist.npz,128,10000,cpu,cpu,1,1,0.001558,0.013586,0.000000
92,data/fashionmnist.npz,128,10000,cpu,cpu,1,1,0.001354,0.015071,0.000000
93,data/fashionmnist.npz,128,10000,cpu,cpu,1,1,0.001424,0.012888,0.000000
94,data/fashionmnist.npz,128,10000,cpu,cpu,1,1,0.001493,0.008890,0.000000
95,data/fashionmnist.npz,128,10000,cpu,cpu,1,1,0.001317,0.008886,0.000000
96,data/fashionmnist.npz,128,10000,cpu,cpu,1,1,0.001681,0.012986,0.000000
97,data/fashionmnist.npz,128,10000,cpu,cpu,1,1,0.001420,0.007439,0.000000
98,data/fashionmnist.npz,128,10000,cpu,cpu,1,1,0.001381,0.010366,0.000000
99,data/fashionmnist.npz,128,10000,cpu,cpu,1,1,0.001552,0.010303,0.000000
100,data/fashionmnist.npz,128,10000,cpu,cpu,1,1,0.001385,0.013432,0.000000
101,data/fashionmnist.npz,128,10000,cpu,cpu,1,1,0.001450,0.009709,0.000000
102,data/fashionmnist.npz,128,10000,cpu,cpu,1,1,0.002323,0.010684,0.000000
103,data/fashionmnist.npz,128,10000,cpu,cpu,1,1,0.001403,0.011368,0.000000
104,data/fashionmnist.npz,128,10000,cpu,cpu,1,1,0.001371,0.008055,0.000000
105,data/fashionmnist.npz,128,10000,cpu,cpu,1,1,0.001466,0.011811,0.000000
106,data/fashionmnist.npz,128,10000,cpu,cpu,1,1,0.002256,0.007059,0.000000
107,data/fashionmnist.npz,128,10000,cpu,cpu,1,1,0.001461,0.012403,0.000000
108,data/fashionmnist.npz,128,10000,cpu,cpu,1,1,0.001421,0.009609,0.000000
109,data/fashionmnist.npz,128,10000,cpu,cpu,1,1,0.001333,0.008844,0.000000
110,data/fashionmnist.npz,128,10000,cpu,cpu,1,1,0.001748,0.008328,0.000000
111,data/fashionmnist.npz,128,10000,cpu,cpu,1,1,0.001406,0.007721,0.000000
112,data/fashionmnist.npz,128,10000,cpu,cpu,1,1,0.001520,0.010781,0.000000
113,data/fashionmnist.npz,128,10000,cpu,cpu,1,1,0.001215,0.009092,0.000000
114,data/fashionmnist.npz,128,10000,cpu,cpu,1,1,0.001421,0.009551,0.000000
115,data/fashionmnist.npz,128,10000,cpu,cpu,1,1,0.001739,0.010358,0.000000
116,data/fashionmnist.npz,128,10000,cpu,cpu,1,1,0.001394,0.010521,0.000000
117,data/fashionmnist.npz,128,10000,cpu,cpu,1,1,0.001231,0.007141,0.000000
118,data/fashionmnist.npz,128,10000,cpu,cpu,1,1,0.001288,0.006608,0.000000
119,data/fashionmnist.npz,128,10000,cpu,cpu,1,1,0.001269,0.009931,0.000000
120,data/fashionmnist.npz,128,10000,cpu,cpu,1,1,0.001304,0.010211,0.000000
121,data/fashionmnist.npz,128,10000,cpu,cpu,1,1,0.001272,0.006519,0.000000
122,data/fashionmnist.npz,128,10000,cpu,cpu,1,1,0.001806,0.010070,0.000000
123,data/fashionmnist.npz,128,10000,cpu,cpu,1,1,0.001357,0.010960,0.000000
124,data/fashionmnist.npz,128,10000,cpu,cpu,1,1,0.001318,0.006777,0.000000
125,data/fashionmnist.npz,128,10000,cpu,cpu,1,1,0.001529,0.010541,0.000000
126,data/fashionmnist.npz,128,10000,cpu,cpu,1,1,0.001741,0.009332,0.000000
127,data/fashionmnist.npz,128,10000,cpu,cpu,1,1,0.001735,0.009310,0.000000
128,data/fashionmnist.npz,128,10000,cpu,cpu,1,1,0.001641,0.008724,0.000000
129,data/fashionmnist.npz,128,10000,cpu,cpu,1,1,0.001573,0.011356,0.000000
130,data/fashionmnist.npz,128,10000,cpu,cpu,1,1,0.001208,0.009729,0.000000
131,data/fashionmnist.npz,128,10000,cpu,cpu,1,1,0.001795,0.010284,0.000000
132,data/fashionmnist.npz,128,10000,cpu,cpu,1,1,0.001342,0.010187,0.000000
133,data/fashionmnist.npz,128,10000,cpu,cpu,1,1,0.001646,0.006318,0.000000
134,data/fashionmnist.npz,128,10000,cpu,cpu,1,1,0.001306,0.009678,0.000000
135,data/fashionmnist.npz,128,10000,cpu,cpu,1,1,0.001293,0.011638,0.000000
136,data/fashionmnist.npz,128,10000,cpu,cpu,1,1,0.001388,0.009321,0.000000
137,data/fashionmnist.npz,128,10000,cpu,cpu,1,1,0.001291,0.012352,0.000000
138,data/fashionmnist.npz,128,10000,cpu,cpu,1,1,0.001876,0.009620,0.000000
139,data/fashionmnist.npz,128,10000,cpu,cpu,1,1,0.001415,0.008325,0.000000
140,data/fashionmnist.npz,128,10000,cpu,cpu,1,1,0.001429,0.009295,0.000000
141,data/fashionmnist.npz,128,10000,cpu,cpu,1,1,0.001414,0.008828,0.000000
142,data/fashionmnist.npz,128,10000,cpu,cpu,1,1,0.001353,0.006933,0.000000
143,data/fashionmnist.npz,128,10000,cpu,cpu,1,1,0.001311,0.007060,0.000000
144,data/fashionmnist.npz,128,10000,cpu,cpu,1,1,0.001295,0.006234,0.000000
145,data/fashionmnist.npz,128,10000,cpu,cpu,1,1,0.001284,0.007268,0.000000
146,data/fashionmnist.npz,128,10000,cpu,cpu,1,1,0.001264,0.009091,0.000000
147,data/fashionmnist.npz,128,10000,cpu,cpu,1,1,0.001430,0.008196,0.000000
148,data/fashionmnist.npz,128,10000,cpu,cpu,1,1,0.001471,0.011536,0.000000
149,data/fashionmnist.npz,128,10000,cpu,cpu,1,1,0.001340,0.010142,0.000000
150,data/fashionmnist.npz,128,10000,cpu,cpu,1,1,0.001601,0.011000,0.000000
151,data/fashionmnist.npz,128,10000,cpu,cpu,1,1,0.001303,0.006175,0.000000
152,data/fashionmnist.npz,128,10000,cpu,cpu,1,1,0.001401,0.008364,0.000000
153,data/fashionmnist.npz,128,10000,cpu,cpu,1,1,0.001353,0.012250,0.000000
154,data/fashionmnist.npz,128,10000,cpu,cpu,1,1,0.001381,0.009873,0.000000
155,data/fashionmnist.npz,128,10000,cpu,cpu,1,1,0.001226,0.006924,0.000000
156,data/fashionmnist.npz,128,10000,cpu,cpu,1,1,0.001353,0.009282,0.000000
157,data/fashionmnist.npz,128,10000,cpu,cpu,1,1,0.001423,0.009961,0.000000
158,data/fashionmnist.npz,128,10000,cpu,cpu,1,1,0.001160,0.007564,0.000000
159,data/fashionmnist.npz,128,10000,cpu,cpu,1,1,0.001289,0.012401,0.000000
160,data/fashionmnist.npz,128,10000,cpu,cpu,1,1,0.001354,0.010009,0.000000
161,data/fashionmnist.npz,128,10000,cpu,cpu,1,1,0.001498,0.011907,0.000000
162,data/fashionmnist.npz,128,10000,cpu,cpu,1,1,0.001699,0.009970,0.000000
163,data/fashionmnist.npz,128,10000,cpu,cpu,1,1,0.001435,0.008277,0.000000
164,data/fashionmnist.npz,128,10000,cpu,cpu,1,1,0.001439,0.010047,0.000000
165,data/fashionmnist.npz,128,10000,cpu,cpu,1,1,0.001437,0.008030,0.000000
166,data/fashionmnist.npz,128,10000,cpu,cpu,1,1,0.001314,0.005195,0.000000
167,data/fashionmnist.npz,128,10000,cpu,cpu,1,1,0.001412,0.008420,0.000000
168,data/fashionmnist.npz,128,10000,cpu,cpu,1,1,0.001713,0.006171,0.000000
169,data/fashionmnist.npz,128,10000,cpu,cpu,1,1,0.001362,0.006448,0.000000
170,data/fashionmnist.npz,128,10000,cpu,cpu,1,1,0.001502,0.012745,0.000000
171,data/fashionmnist.npz,128,10000,cpu,cpu,1,1,0.001478,0.007956,0.000000
172,data/fashionmnist.npz,128,10000,cpu,cpu,1,1,0.001328,0.009703,0.000000
173,data/fashionmnist.npz,128,10000,cpu,cpu,1,1,0.001445,0.012227,0.000000
174,data/fashionmnist.npz,128,10000,cpu,cpu,1,1,0.001339,0.007074,0.000000
175,data/fashionmnist.npz,128,10000,cpu,cpu,1,1,0.001259,0.009754,0.000000
176,data/fashionmnist.npz,128,10000,cpu,cpu,1,1,0.001401,0.013172,0.000000
177,data/fashionmnist.npz,128,10000,cpu,cpu,1,1,0.001477,0.009011,0.000000
178,data/fashionmnist.npz,128,10000,cpu,cpu,1,1,0.001362,0.009596,0.000000
179,data/fashionmnist.npz,128,10000,cpu,cpu,1,1,0.001639,0.006925,0.000000
180,data/fashionmnist.npz,128,10000,cpu,cpu,1,1,0.001321,0.009622,0.000000
181,data/fashionmnist.npz,128,10000,cpu,cpu,1,1,0.001320,0.009964,0.000000
182,data/fashionmnist.npz,128,10000,cpu,cpu,1,1,0.001320,0.011232,0.000000
183,data/fashionmnist.npz,128,10000,cpu,cpu,1,1,0.001706,0.010738,0.000000
184,data/fashionmnist.npz,128,10000,cpu,cpu,1,1,0.001294,0.008544,0.000000
185,data/fashionmnist.npz,128,10000,cpu,cpu,1,1,0.001338,0.009196,0.000000
186,data/fashionmnist.npz,128,10000,cpu,cpu,1,1,0.001417,0.013918,0.000000
187,data/fashionmnist.npz,128,10000,cpu,cpu,1,1,0.001853,0.010088,0.000000
188,data/fashionmnist.npz,128,10000,cpu,cpu,1,1,0.001399,0.008094,0.000000
189,data/fashionmnist.npz,128,10000,cpu,cpu,1,1,0.001275,0.006317,0.000000
190,data/fashionmnist.npz,128,10000,cpu,cpu,1,1,0.001309,0.007686,0.000000
191,data/fashionmnist.npz,128,10000,cpu,cpu,1,1,0.001372,0.009142,0.000000
192,data/fashionmnist.npz,128,10000,cpu,cpu,1,1,0.001808,0.009595,0.000000
193,data/fashionmnist.npz,128,10000,cpu,cpu,1,1,0.001349,0.009322,0.000000
194,data/fashionmnist.npz,128,10000,cpu,cpu,1,1,0.001341,0.009621,0.000000
195,data/fashionmnist.npz,128,10000,cpu,cpu,1,1,0.001380,0.009269,0.000000
196,data/fashionmnist.npz,128,10000,cpu,cpu,1,1,0.001398,0.010605,0.000000
197,data/fashionmnist.npz,128,10000,cpu,cpu,1,1,0.001361,0.007236,0.000000
198,data/fashionmnist.npz,128,10000,cpu,cpu,1,1,0.001300,0.011134,0.000000
199,data/fashionmnist.npz,128,10000,cpu,cpu,1,1,0.001415,0.011896,0.000000
200,data/fashionmnist.npz,128,10000,cpu,cpu,1,1,0.001303,0.010071,0.000000
201,data/fashionmnist.npz,128,10000,cpu,cpu,1,1,0.001289,0.007857,0.000000
202,data/fashionmnist.npz,128,10000,cpu,cpu,1,1,0.001646,0.010003,0.000000
203,data/fashionmnist.npz,128,10000,cpu,cpu,1,1,0.001229,0.008508,0.000000
204,data/fashionmnist.npz,128,10000,cpu,cpu,1,1,0.001391,0.009208,0.000000
205,data/fashionmnist.npz,128,10000,cpu,cpu,1,1,0.001321,0.008818,0.000000
206,data/fashionmnist.npz,128,10000,cpu,cpu,1,1,0.001474,0.009441,0.000000
207,data/fashionmnist.npz,128,10000,cpu,cpu,1,1,0.001687,0.007891,0.000000
208,data/fashionmnist.npz,128,10000,cpu,cpu,1,1,0.001550,0.011285,0.000000
209,data/fashionmnist.npz,128,10000,cpu,cpu,1,1,0.001919,0.012643,0.000000
210,data/fashionmnist.npz,128,10000,cpu,cpu,1,1,0.001224,0.007396,0.000000
211,data/fashionmnist.npz,128,10000,cpu,cpu,1,1,0.001500,0.014050,0.000000
212,data/fashionmnist.npz,128,10000,cpu,cpu,1,1,0.001564,0.010331,0.000000
213,data/fashionmnist.npz,128,10000,cpu,cpu,1,1,0.001226,0.006634,0.000000
214,data/fashionmnist.npz,128,10000,cpu,cpu,1,1,0.001509,0.011933,0.000000
215,data/fashionmnist.npz,128,10000,cpu,cpu,1,1,0.001235,0.009556,0.000000
216,data/fashionmnist.npz,128,10000,cpu,cpu,1,1,0.001782,0.009796,0.000000
217,data/fashionmnist.npz,128,10000,cpu,cpu,1,1,0.001402,0.007536,0.000000
218,data/fashionmnist.npz,128,10000,cpu,cpu,1,1,0.001412,0.011559,0.000000
219,data/fashionmnist.npz,128,10000,cpu,cpu,1,1,0.001378,0.012326,0.000000
220,data/fashionmnist.npz,128,10000,cpu,cpu,1,1,0.001225,0.006182,0.000000
221,data/fashionmnist.npz,128,10000,cpu,cpu,1,1,0.001307,0.006142,0.000000
222,data/fashionmnist.npz,128,10000,cpu,cpu,1,1,0.001383,0.004881,0.000000
223,data/fashionmnist.npz,128,10000,cpu,cpu,1,1,0.001425,0.007879,0.000000
224,data/fashionmnist.npz,128,10000,cpu,cpu,1,1,0.001324,0.009796,0.000000
225,data/fashionmnist.npz,128,10000,cpu,cpu,1,1,0.001424,0.012262,0.000000
226,data/fashionmnist.npz,128,10000,cpu,cpu,1,1,0.001474,0.010312,0.000000
227,data/fashionmnist.npz,128,10000,cpu,cpu,1,1,0.001638,0.006905,0.000000
228,data/fashionmnist.npz,128,10000,cpu,cpu,1,1,0.001518,0.011773,0.000000
229,data/fashionmnist.npz,128,10000,cpu,cpu,1,1,0.001445,0.008698,0.000000
230,data/fashionmnist.npz,128,10000,cpu,cpu,1,1,0.001543,0.010364,0.000000
231,data/fashionmnist.npz,128,10000,cpu,cpu,1,1,0.001396,0.008518,0.000000
232,data/fashionmnist.npz,128,10000,cpu,cpu,1,1,0.001783,0.010408,0.000000
233,data/fashionmnist.npz,128,10000,cpu,cpu,1,1,0.001606,0.009699,0.000000
234,data/fashionmnist.npz,128,10000,cpu,cpu,1,1,0.001439,0.010342,0.000000
235,data/fashionmnist.npz,128,10000,cpu,cpu,1,1,0.001393,0.008979,0.000000
236,data/fashionmnist.npz,128,10000,cpu,cpu,1,1,0.001567,0.009213,0.000000
237,data/fashionmnist.npz,128,10000,cpu,cpu,1,1,0.001386,0.006615,0.000000
238,data/fashionmnist.npz,128,10000,cpu,cpu,1,1,0.002158,0.012545,0.000000
239,data/fashionmnist.npz,128,10000,cpu,cpu,1,1,0.001244,0.006716,0.000000
240,data/fashionmnist.npz,128,10000,cpu,cpu,1,1,0.001450,0.009464,0.000000
241,data/fashionmnist.npz,128,10000,cpu,cpu,1,1,0.001601,0.013772,0.000000
242,data/fashionmnist.npz,128,10000,cpu,cpu,1,1,0.001221,0.015435,0.000000
243,data/fashionmnist.npz,128,10000,cpu,cpu,1,1,0.001337,0.010356,0.000000
244,data/fashionmnist.npz,128,10000,cpu,cpu,1,1,0.001407,0.006275,0.000000
245,data/fashionmnist.npz,128,10000,cpu,cpu,1,1,0.001398,0.008707,0.000000
246,data/fashionmnist.npz,128,10000,cpu,cpu,1,1,0.001289,0.008859,0.000000
247,data/fashionmnist.npz,128,10000,cpu,cpu,1,1,0.001250,0.008161,0.000000
248,data/fashionmnist.npz,128,10000,cpu,cpu,1,1,0.001416,0.010907,0.000000
249,data/fashionmnist.npz,128,10000,cpu,cpu,1,1,0.001290,0.012756,0.000000
250,data/fashionmnist.npz,128,10000,cpu,cpu,1,1,0.001126,0.008162,0.000000
251,data/fashionmnist.npz,128,10000,cpu,cpu,1,1,0.001480,0.011229,0.000000
252,data/fashionmnist.npz,128,10000,cpu,cpu,1,1,0.001949,0.008564,0.000000
253,data/fashionmnist.npz,128,10000,cpu,cpu,1,1,0.001394,0.011264,0.000000
254,data/fashionmnist.npz,128,10000,cpu,cpu,1,1,0.001143,0.007734,0.000000
255,data/fashionmnist.npz,128,10000,cpu,cpu,1,1,0.001309,0.007759,0.000000
256,data/fashionmnist.npz,128,10000,cpu,cpu,1,1,0.001373,0.008856,0.000000
257,data/fashionmnist.npz,128,10000,cpu,cpu,1,1,0.001498,0.008170,0.000000
258,data/fashionmnist.npz,128,10000,cpu,cpu,1,1,0.001422,0.010765,0.000000
259,data/fashionmnist.npz,128,10000,cpu,cpu,1,1,0.002123,0.010794,0.000000
260,data/fashionmnist.npz,128,10000,cpu,cpu,1,1,0.001630,0.006927,0.000000
261,data/fashionmnist.npz,128,10000,cpu,cpu,1,1,0.001338,0.010372,0.000000
262,data/fashionmnist.npz,128,10000,cpu,cpu,1,1,0.001285,0.010362,0.000000
263,data/fashionmnist.npz,128,10000,cpu,cpu,1,1,0.001599,0.008624,0.000000
264,data/fashionmnist.npz,128,10000,cpu,cpu,1,1,0.001350,0.010223,0.000000
265,data/fashionmnist.npz,128,10000,cpu,cpu,1,1,0.001353,0.009880,0.000000
266,data/fashionmnist.npz,128,10000,cpu,cpu,1,1,0.001427,0.009784,0.000000
267,data/fashionmnist.npz,128,10000,cpu,cpu,1,1,0.001315,0.010139,0.000000
268,data/fashionmnist.npz,128,10000,cpu,cpu,1,1,0.001296,0.006829,0.000000
269,data/fashionmnist.npz,128,10000,cpu,cpu,1,1,0.001632,0.010078,0.000000
270,data/fashionmnist.npz,128,10000,cpu,cpu,1,1,0.001977,0.010326,0.000000
271,data/fashionmnist.npz,128,10000,cpu,cpu,1,1,0.001261,0.011480,0.000000
272,data/fashionmnist.npz,128,10000,cpu,cpu,1,1,0.001174,0.006438,0.000000
273,data/fashionmnist.npz,128,10000,cpu,cpu,1,1,0.001460,0.013109,0.000000
274,data/fashionmnist.npz,128,10000,cpu,cpu,1,1,0.001272,0.009054,0.000000
275,data/fashionmnist.npz,128,10000,cpu,cpu,1,1,0.001362,0.008441,0.000000
276,data/fashionmnist.npz,128,10000,cpu,cpu,1,1,0.001434,0.012298,0.000000
277,data/fashionmnist.npz,128,10000,cpu,cpu,1,1,0.001285,0.008275,0.000000
278,data/fashionmnist.npz,128,10000,cpu,cpu,1,1,0.001323,0.007643,0.000000
279,data/fashionmnist.npz,128,10000,cpu,cpu,1,1,0.001355,0.008651,0.000000
280,data/fashionmnist.npz,128,10000,cpu,cpu,1,1,0.001558,0.013839,0.000000
281,data/fashionmnist.npz,128,10000,cpu,cpu,1,1,0.001441,0.009010,0.000000
282,data/fashionmnist.npz,128,10000,cpu,cpu,1,1,0.001475,0.007379,0.000000
283,data/fashionmnist.npz,128,10000,cpu,cpu,1,1,0.001353,0.009649,0.000000
284,data/fashionmnist.npz,128,10000,cpu,cpu,1,1,0.001371,0.011765,0.000000
285,data/fashionmnist.npz,128,10000,cpu,cpu,1,1,0.001545,0.011028,0.000000
286,data/fashionmnist.npz,128,10000,cpu,cpu,1,1,0.001154,0.006754,0.000000
287,data/fashionmnist.npz,128,10000,cpu,cpu,1,1,0.001791,0.015267,0.000000
288,data/fashionmnist.npz,128,10000,cpu,cpu,1,1,0.001618,0.008855,0.000000
289,data/fashionmnist.npz,128,10000,cpu,cpu,1,1,0.001237,0.006694,0.000000
290,data/fashionmnist.npz,128,10000,cpu,cpu,1,1,0.001591,0.008955,0.000000
291,data/fashionmnist.npz,128,10000,cpu,cpu,1,1,0.001200,0.006937,0.000000
292,data/fashionmnist.npz,128,10000,cpu,cpu,1,1,0.001310,0.007376,0.000000
293,data/fashionmnist.npz,128,10000,cpu,cpu,1,1,0.001410,0.010916,0.000000
294,data/fashionmnist.npz,128,10000,cpu,cpu,1,1,0.001377,0.009009,0.000000
295,data/fashionmnist.npz,128,10000,cpu,cpu,1,1,0.002248,0.009146,0.000000
296,data/fashionmnist.npz,128,10000,cpu,cpu,1,1,0.001357,0.010969,0.000000
297,data/fashionmnist.npz,128,10000,cpu,cpu,1,1,0.001269,0.011534,0.000000
298,data/fashionmnist.npz,128,10000,cpu,cpu,1,1,0.001403,0.015309,0.000000
299,data/fashionmnist.npz,128,10000,cpu,cpu,1,1,0.001584,0.009729,0.000000
300,data/fashionmnist.npz,128,10000,cpu,cpu,1,1,0.001391,0.009875,0.000000
301,data/fashionmnist.npz,128,10000,cpu,cpu,1,1,0.001271,0.010570,0.000000
302,data/fashionmnist.npz,128,10000,cpu,cpu,1,1,0.001449,0.008599,0.000000
303,data/fashionmnist.npz,128,10000,cpu,cpu,1,1,0.001406,0.008577,0.000000
304,data/fashionmnist.npz,128,10000,cpu,cpu,1,1,0.001324,0.009044,0.000000
305,data/fashionmnist.npz,128,10000,cpu,cpu,1,1,0.001151,0.006999,0.000000
306,data/fashionmnist.npz,128,10000,cpu,cpu,1,1,0.001264,0.008281,0.000000
307,data/fashionmnist.npz,128,10000,cpu,cpu,1,1,0.001250,0.007951,0.000000
308,data/fashionmnist.npz,128,10000,cpu,cpu,1,1,0.001578,0.008720,0.000000
309,data/fashionmnist.npz,128,10000,cpu,cpu,1,1,0.001380,0.008568,0.000000
310,data/fashionmnist.npz,128,10000,cpu,cpu,1,1,0.001267,0.006405,0.000000
311,data/fashionmnist.npz,128,10000,cpu,cpu,1,1,0.001395,0.011855,0.000000
312,data/fashionmnist.npz,128,10000,cpu,cpu,1,1,0.001416,0.008891,0.000000
313,data/fashionmnist.npz,128,10000,cpu,cpu,1,1,0.001369,0.009721,0.000000
314,data/fashionmnist.npz,128,10000,cpu,cpu,1,1,0.001831,0.010533,0.000000
315,data/fashionmnist.npz,128,10000,cpu,cpu,1,1,0.001377,0.010583,0.000000
316,data/fashionmnist.npz,128,10000,cpu,cpu,1,1,0.001393,0.005445,0.000000
317,data/fashionmnist.npz,128,10000,cpu,cpu,1,1,0.001370,0.006965,0.000000
318,data/fashionmnist.npz,128,10000,cpu,cpu,1,1,0.001504,0.007461,0.000000
319,data/fashionmnist.npz,128,10000,cpu,cpu,1,1,0.001441,0.009334,0.000000
320,data/fashionmnist.npz,128,10000,cpu,cpu,1,1,0.001443,0.009573,0.000000
321,data/fashionmnist.npz,128,10000,cpu,cpu,1,1,0.001415,0.008968,0.000000
322,data/fashionmnist.npz,128,10000,cpu,cpu,1,1,0.001362,0.009191,0.000000
323,data/fashionmnist.npz,128,10000,cpu,cpu,1,1,0.001355,0.009510,0.000000
324,data/fashionmnist.npz,128,10000,cpu,cpu,1,1,0.001218,0.006969,0.000000
325,data/fashionmnist.npz,128,10000,cpu,cpu,1,1,0.001367,0.008363,0.000000
326,data/fashionmnist.npz,128,10000,cpu,cpu,1,1,0.001267,0.006981,0.000000
327,data/fashionmnist.npz,128,10000,cpu,cpu,1,1,0.001446,0.008472,0.000000
328,data/fashionmnist.npz,128,10000,cpu,cpu,1,1,0.001311,0.009503,0.000000
329,data/fashionmnist.npz,128,10000,cpu,cpu,1,1,0.001533,0.012105,0.000000
330,data/fashionmnist.npz,128,10000,cpu,cpu,1,1,0.001120,0.007484,0.000000
331,data/fashionmnist.npz,128,10000,cpu,cpu,1,1,0.001201,0.006782,0.000000
332,data/fashionmnist.npz,128,10000,cpu,cpu,1,1,0.002574,0.011246,0.000000
333,data/fashionmnist.npz,128,10000,cpu,cpu,1,1,0.001404,0.012564,0.000000
334,data/fashionmnist.npz,128,10000,cpu,cpu,1,1,0.001499,0.009122,0.000000
335,data/fashionmnist.npz,128,10000,cpu,cpu,1,1,0.001352,0.008456,0.000000
336,data/fashionmnist.npz,128,10000,cpu,cpu,1,1,0.001929,0.009900,0.000000
337,data/fashionmnist.npz,128,10000,cpu,cpu,1,1,0.001341,0.009838,0.000000
338,data/fashionmnist.npz,128,10000,cpu,cpu,1,1,0.001254,0.006460,0.000000
339,data/fashionmnist.npz,128,10000,cpu,cpu,1,1,0.001381,0.011567,0.000000
340,data/fashionmnist.npz,128,10000,cpu,cpu,1,1,0.001285,0.009955,0.000000
341,data/fashionmnist.npz,128,10000,cpu,cpu,1,1,0.001311,0.008665,0.000000
342,data/fashionmnist.npz,128,10000,cpu,cpu,1,1,0.001273,0.007155,0.000000
343,data/fashionmnist.npz,128,10000,cpu,cpu,1,1,0.001258,0.007303,0.000000
344,data/fashionmnist.npz,128,10000,cpu,cpu,1,1,0.001302,0.011210,0.000000
345,data/fashionmnist.npz,128,10000,cpu,cpu,1,1,0.001318,0.011340,0.000000
346,data/fashionmnist.npz,128,10000,cpu,cpu,1,1,0.001360,0.009214,0.000000
347,data/fashionmnist.npz,128,10000,cpu,cpu,1,1,0.001464,0.011486,0.000000
348,data/fashionmnist.npz,128,10000,cpu,cpu,1,1,0.001547,0.011499,0.000000
349,data/fashionmnist.npz,128,10000,cpu,cpu,1,1,0.002006,0.011134,0.000000
350,data/fashionmnist.npz,128,10000,cpu,cpu,1,1,0.001311,0.010763,0.000000
351,data/fashionmnist.npz,128,10000,cpu,cpu,1,1,0.001373,0.010312,0.000000
352,data/fashionmnist.npz,128,10000,cpu,cpu,1,1,0.001269,0.010076,0.000000
353,data/fashionmnist.npz,128,10000,cpu,cpu,1,1,0.001557,0.007122,0.000000
354,data/fashionmnist.npz,128,10000,cpu,cpu,1,1,0.002326,0.008145,0.000000
355,data/fashionmnist.npz,128,10000,cpu,cpu,1,1,0.001396,0.007454,0.000000
356,data/fashionmnist.npz,128,10000,cpu,cpu,1,1,0.001370,0.010093,0.000000
357,data/fashionmnist.npz,128,10000,cpu,cpu,1,1,0.001740,0.009327,0.000000
358,data/fashionmnist.npz,128,10000,cpu,cpu,1,1,0.001273,0.007988,0.000000
359,data/fashionmnist.npz,128,10000,cpu,cpu,1,1,0.001291,0.009624,0.000000
360,data/fashionmnist.npz,128,10000,cpu,cpu,1,1,0.001433,0.011889,0.000000
361,data/fashionmnist.npz,128,10000,cpu,cpu,1,1,0.001428,0.007052,0.000000
362,data/fashionmnist.npz,128,10000,cpu,cpu,1,1,0.001857,0.009826,0.000000
363,data/fashionmnist.npz,128,10000,cpu,cpu,1,1,0.001265,0.007835,0.000000
364,data/fashionmnist.npz,128,10000,cpu,cpu,1,1,0.001366,0.012958,0.000000
365,data/fashionmnist.npz,128,10000,cpu,cpu,1,1,0.001409,0.011457,0.000000
366,data/fashionmnist.npz,128,10000,cpu,cpu,1,1,0.001756,0.009267,0.000000
367,data/fashionmnist.npz,128,10000,cpu,cpu,1,1,0.001613,0.007568,0.000000
368,data/fashionmnist.npz,128,10000,cpu,cpu,1,1,0.001575,0.012653,0.000000
369,data/fashionmnist.npz,128,10000,cpu,cpu,1,1,0.001222,0.007361,0.000000
370,data/fashionmnist.npz,128,10000,cpu,cpu,1,1,0.001306,0.009118,0.000000
371,data/fashionmnist.npz,128,10000,cpu,cpu,1,1,0.001536,0.010452,0.000000
372,data/fashionmnist.npz,128,10000,cpu,cpu,1,1,0.001417,0.006068,0.000000
373,data/fashionmnist.npz,128,10000,cpu,cpu,1,1,0.001392,0.010595,0.000000
374,data/fashionmnist.npz,128,10000,cpu,cpu,1,1,0.001444,0.009192,0.000000
375,data/fashionmnist.npz,128,10000,cpu,cpu,1,1,0.001453,0.009085,0.000000
376,data/fashionmnist.npz,128,10000,cpu,cpu,1,1,0.001631,0.008777,0.000000
377,data/fashionmnist.npz,128,10000,cpu,cpu,1,1,0.001329,0.010704,0.000000
378,data/fashionmnist.npz,128,10000,cpu,cpu,1,1,0.001322,0.008701,0.000000
379,data/fashionmnist.npz,128,10000,cpu,cpu,1,1,0.001419,0.008618,0.000000
380,data/fashionmnist.npz,128,10000,cpu,cpu,1,1,0.001473,0.009593,0.000000
381,data/fashionmnist.npz,128,10000,cpu,cpu,1,1,0.001311,0.011394,0.000000
382,data/fashionmnist.npz,128,10000,cpu,cpu,1,1,0.001240,0.006475,0.000000
383,data/fashionmnist.npz,128,10000,cpu,cpu,1,1,0.001458,0.010102,0.000000
384,data/fashionmnist.npz,128,10000,cpu,cpu,1,1,0.001315,0.007407,0.000000
385,data/fashionmnist.npz,128,10000,cpu,cpu,1,1,0.001438,0.010082,0.000000
386,data/fashionmnist.npz,128,10000,cpu,cpu,1,1,0.001228,0.007839,0.000000
387,data/fashionmnist.npz,128,10000,cpu,cpu,1,1,0.001688,0.009850,0.000000
388,data/fashionmnist.npz,128,10000,cpu,cpu,1,1,0.001438,0.008186,0.000000
389,data/fashionmnist.npz,128,10000,cpu,cpu,1,1,0.001282,0.010020,0.000000
390,data/fashionmnist.npz,128,10000,cpu,cpu,1,1,0.001381,0.008774,0.000000
391,data/fashionmnist.npz,128,10000,cpu,cpu,1,1,0.001305,0.008045,0.000000
392,data/fashionmnist.npz,128,10000,cpu,cpu,1,1,0.001216,0.008749,0.000000
393,data/fashionmnist.npz,128,10000,cpu,cpu,1,1,0.001472,0.010318,0.000000
394,data/fashionmnist.npz,128,10000,cpu,cpu,1,1,0.001311,0.010350,0.000000
395,data/fashionmnist.npz,128,10000,cpu,cpu,1,1,0.001709,0.006883,0.000000
396,data/fashionmnist.npz,128,10000,cpu,cpu,1,1,0.001357,0.006117,0.000000
397,data/fashionmnist.npz,128,10000,cpu,cpu,1,1,0.001558,0.009867,0.000000
398,data/fashionmnist.npz,128,10000,cpu,cpu,1,1,0.001654,0.011230,0.000000
399,data/fashionmnist.npz,128,10000,cpu,cpu,1,1,0.001432,0.010227,0.000000
400,data/fashionmnist.npz,128,10000,cpu,cpu,1,1,0.001504,0.010248,0.000000
401,data/fashionmnist.npz,128,10000,cpu,cpu,1,1,0.001731,0.011229,0.000000
402,data/fashionmnist.npz,128,10000,cpu,cpu,1,1,0.001398,0.007879,0.000000
403,data/fashionmnist.npz,128,10000,cpu,cpu,1,1,0.001287,0.005751,0.000000
404,data/fashionmnist.npz,128,10000,cpu,cpu,1,1,0.001406,0.009099,0.000000
405,data/fashionmnist.npz,128,10000,cpu,cpu,1,1,0.001250,0.008296,0.000000
406,data/fashionmnist.npz,128,10000,cpu,cpu,1,1,0.001427,0.016062,0.000000
407,data/fashionmnist.npz,128,10000,cpu,cpu,1,1,0.001312,0.007686,0.000000
408,data/fashionmnist.npz,128,10000,cpu,cpu,1,1,0.001309,0.007297,0.000000
409,data/fashionmnist.npz,128,10000,cpu,cpu,1,1,0.001577,0.008991,0.000000
410,data/fashionmnist.npz,128,10000,cpu,cpu,1,1,0.001559,0.008946,0.000000
411,data/fashionmnist.npz,128,10000,cpu,cpu,1,1,0.001478,0.008289,0.000000
412,data/fashionmnist.npz,128,10000,cpu,cpu,1,1,0.001374,0.006308,0.000000
413,data/fashionmnist.npz,128,10000,cpu,cpu,1,1,0.001286,0.006811,0.000000
414,data/fashionmnist.npz,128,10000,cpu,cpu,1,1,0.001849,0.010293,0.000000
415,data/fashionmnist.npz,128,10000,cpu,cpu,1,1,0.001785,0.015248,0.000000
416,data/fashionmnist.npz,128,10000,cpu,cpu,1,1,0.001321,0.005228,0.000000
417,data/fashionmnist.npz,128,10000,cpu,cpu,1,1,0.001321,0.009422,0.000000
418,data/fashionmnist.npz,128,10000,cpu,cpu,1,1,0.001390,0.009805,0.000000
419,data/fashionmnist.npz,128,10000,cpu,cpu,1,1,0.001291,0.012323,0.000000
420,data/fashionmnist.npz,128,10000,cpu,cpu,1,1,0.001429,0.009652,0.000000
421,data/fashionmnist.npz,128,10000,cpu,cpu,1,1,0.001427,0.008461,0.000000
422,data/fashionmnist.npz,128,10000,cpu,cpu,1,1,0.001267,0.007427,0.000000
423,data/fashionmnist.npz,128,10000,cpu,cpu,1,1,0.001290,0.007835,0.000000
424,data/fashionmnist.npz,128,10000,cpu,cpu,1,1,0.001314,0.012378,0.000000
425,data/fashionmnist.npz,128,10000,cpu,cpu,1,1,0.001329,0.006347,0.000000
426,data/fashionmnist.npz,128,10000,cpu,cpu,1,1,0.001472,0.012048,0.000000
427,data/fashionmnist.npz,128,10000,cpu,cpu,1,1,0.001382,0.010530,0.000000
428,data/fashionmnist.npz,128,10000,cpu,cpu,1,1,0.001225,0.007223,0.000000
429,data/fashionmnist.npz,128,10000,cpu,cpu,1,1,0.001347,0.007731,0.000000
430,data/fashionmnist.npz,128,10000,cpu,cpu,1,1,0.001354,0.009319,0.000000
431,data/fashionmnist.npz,128,10000,cpu,cpu,1,1,0.001314,0.009662,0.000000
432,data/fashionmnist.npz,128,10000,cpu,cpu,1,1,0.001721,0.010363,0.000000
433,data/fashionmnist.npz,128,10000,cpu,cpu,1,1,0.001289,0.012006,0.000000
434,data/fashionmnist.npz,128,10000,cpu,cpu,1,1,0.001407,0.008656,0.000000
435,data/fashionmnist.npz,128,10000,cpu,cpu,1,1,0.001333,0.015079,0.000000
436,data/fashionmnist.npz,128,10000,cpu,cpu,1,1,0.001247,0.006370,0.000000
437,data/fashionmnist.npz,128,10000,cpu,cpu,1,1,0.001542,0.010530,0.000000
438,data/fashionmnist.npz,128,10000,cpu,cpu,1,1,0.001215,0.007146,0.000000
439,data/fashionmnist.npz,128,10000,cpu,cpu,1,1,0.001345,0.008405,0.000000
440,data/fashionmnist.npz,128,10000,cpu,cpu,1,1,0.001403,0.007543,0.000000
441,data/fashionmnist.npz,128,10000,cpu,cpu,1,1,0.001334,0.006868,0.000000
442,data/fashionmnist.npz,128,10000,cpu,cpu,1,1,0.001266,0.009551,0.000000
443,data/fashionmnist.npz,128,10000,cpu,cpu,1,1,0.001390,0.013513,0.000000
444,data/fashionmnist.npz,128,10000,cpu,cpu,1,1,0.001495,0.010001,0.000000
445,data/fashionmnist.npz,128,10000,cpu,cpu,1,1,0.001372,0.012172,0.000000
446,data/fashionmnist.npz,128,10000,cpu,cpu,1,1,0.001691,0.008057,0.000000
447,data/fashionmnist.npz,128,10000,cpu,cpu,1,1,0.001319,0.007562,0.000000
448,data/fashionmnist.npz,128,10000,cpu,cpu,1,1,0.001492,0.010347,0.000000
449,data/fashionmnist.npz,128,10000,cpu,cpu,1,1,0.001353,0.008350,0.000000
450,data/fashionmnist.npz,128,10000,cpu,cpu,1,1,0.001364,0.006954,0.000000
451,data/fashionmnist.npz,128,10000,cpu,cpu,1,1,0.001313,0.006404,0.000000
452,data/fashionmnist.npz,128,10000,cpu,cpu,1,1,0.001380,0.010794,0.000000
453,data/fashionmnist.npz,128,10000,cpu,cpu,1,1,0.002155,0.005656,0.000000
454,data/fashionmnist.npz,128,10000,cpu,cpu,1,1,0.001530,0.009819,0.000000
455,data/fashionmnist.npz,128,10000,cpu,cpu,1,1,0.001435,0.007697,0.000000
456,data/fashionmnist.npz,128,10000,cpu,cpu,1,1,0.001470,0.008283,0.000000
457,data/fashionmnist.npz,128,10000,cpu,cpu,1,1,0.001372,0.008331,0.000000
458,data/fashionmnist.npz,128,10000,cpu,cpu,1,1,0.001194,0.008717,0.000000
459,data/fashionmnist.npz,128,10000,cpu,cpu,1,1,0.001602,0.009475,0.000000
460,data/fashionmnist.npz,128,10000,cpu,cpu,1,1,0.001363,0.007505,0.000000
461,data/fashionmnist.npz,128,10000,cpu,cpu,1,1,0.001435,0.007970,0.000000
462,data/fashionmnist.npz,128,10000,cpu,cpu,1,1,0.001337,0.009296,0.000000
463,data/fashionmnist.npz,128,10000,cpu,cpu,1,1,0.001199,0.011932,0.000000
464,data/fashionmnist.npz,128,10000,cpu,cpu,1,1,0.001216,0.010629,0.000000
465,data/fashionmnist.npz,128,10000,cpu,cpu,1,1,0.001641,0.008595,0.000000
466,data/fashionmnist.npz,128,10000,cpu,cpu,1,1,0.001100,0.005659,0.000000
467,data/fashionmnist.npz,128,10000,cpu,cpu,1,1,0.001866,0.010321,0.000000
468,data/fashionmnist.npz,128,10000,cpu,cpu,1,1,0.001318,0.010411,0.000000
469,data/fashionmnist.npz,128,10000,cpu,cpu,1,1,0.001390,0.009595,0.000000
470,data/fashionmnist.npz,128,10000,cpu,cpu,1,1,0.001644,0.008364,0.000000
471,data/fashionmnist.npz,128,10000,cpu,cpu,1,1,0.001287,0.005795,0.000000
472,data/fashionmnist.npz,128,10000,cpu,cpu,1,1,0.001437,0.006348,0.000000
473,data/fashionmnist.npz,128,10000,cpu,cpu,1,1,0.001460,0.009434,0.000000
474,data/fashionmnist.npz,128,10000,cpu,cpu,1,1,0.001447,0.008526,0.000000
475,data/fashionmnist.npz,128,10000,cpu,cpu,1,1,0.001453,0.012643,0.000000
476,data/fashionmnist.npz,128,10000,cpu,cpu,1,1,0.001960,0.009316,0.000000
477,data/fashionmnist.npz,128,10000,cpu,cpu,1,1,0.001363,0.008723,0.000000
478,data/fashionmnist.npz,128,10000,cpu,cpu,1,1,0.001346,0.008333,0.000000
479,data/fashionmnist.npz,128,10000,cpu,cpu,1,1,0.001442,0.012043,0.000000
480,data/fashionmnist.npz,128,10000,cpu,cpu,1,1,0.001424,0.009389,0.000000
481,data/fashionmnist.npz,128,10000,cpu,cpu,1,1,0.001451,0.011756,0.000000
482,data/fashionmnist.npz,128,10000,cpu,cpu,1,1,0.001443,0.010393,0.000000
483,data/fashionmnist.npz,128,10000,cpu,cpu,1,1,0.001270,0.008221,0.000000
484,data/fashionmnist.npz,128,10000,cpu,cpu,1,1,0.001417,0.007148,0.000000
485,data/fashionmnist.npz,128,10000,cpu,cpu,1,1,0.001257,0.008055,0.000000
486,data/fashionmnist.npz,128,10000,cpu,cpu,1,1,0.001337,0.008710,0.000000
487,data/fashionmnist.npz,128,10000,cpu,cpu,1,1,0.001643,0.011183,0.000000
488,data/fashionmnist.npz,128,10000,cpu,cpu,1,1,0.001391,0.011810,0.000000
489,data/fashionmnist.npz,128,10000,cpu,cpu,1,1,0.001369,0.010948,0.000000
490,data/fashionmnist.npz,128,10000,cpu,cpu,1,1,0.001346,0.009468,0.000000
491,data/fashionmnist.npz,128,10000,cpu,cpu,1,1,0.001435,0.008056,0.000000
492,data/fashionmnist.npz,128,10000,cpu,cpu,1,1,0.001413,0.009781,0.000000
493,data/fashionmnist.npz,128,10000,cpu,cpu,1,1,0.001236,0.006732,0.000000
494,data/fashionmnist.npz,128,10000,cpu,cpu,1,1,0.001418,0.014935,0.000000
495,data/fashionmnist.npz,128,10000,cpu,cpu,1,1,0.001332,0.010244,0.000000
496,data/fashionmnist.npz,128,10000,cpu,cpu,1,1,0.001360,0.006843,0.000000
497,data/fashionmnist.npz,128,10000,cpu,cpu,1,1,0.001314,0.009346,0.000000
498,data/fashionmnist.npz,128,10000,cpu,cpu,1,1,0.001357,0.011971,0.000000
499,data/fashionmnist.npz,128,10000,cpu,cpu,1,1,0.001343,0.006576,0.000000
500,data/fashionmnist.npz,128,10000,cpu,cpu,1,1,0.001342,0.006690,0.000000
501,data/fashionmnist.npz,128,10000,cpu,cpu,1,1,0.001403,0.009055,0.000000
502,data/fashionmnist.npz,128,10000,cpu,cpu,1,1,0.001248,0.011501,0.000000
503,data/fashionmnist.npz,128,10000,cpu,cpu,1,1,0.001579,0.013432,0.000000
504,data/fashionmnist.npz,128,10000,cpu,cpu,1,1,0.001247,0.013176,0.000000
505,data/fashionmnist.npz,128,10000,cpu,cpu,1,1,0.001200,0.006448,0.000000
506,data/fashionmnist.npz,128,10000,cpu,cpu,1,1,0.001606,0.012101,0.000000
507,data/fashionmnist.npz,128,10000,cpu,cpu,1,1,0.001369,0.009317,0.000000
508,data/fashionmnist.npz,128,10000,cpu,cpu,1,1,0.001671,0.007232,0.000000
509,data/fashionmnist.npz,128,10000,cpu,cpu,1,1,0.001247,0.009180,0.000000
510,data/fashionmnist.npz,128,10000,cpu,cpu,1,1,0.001406,0.011306,0.000000
511,data/fashionmnist.npz,128,10000,cpu,cpu,1,1,0.001758,0.012635,0.000000
512,data/fashionmnist.npz,128,10000,cpu,cpu,1,1,0.001348,0.008412,0.000000
513,data/fashionmnist.npz,128,10000,cpu,cpu,1,1,0.001270,0.007348,0.000000
514,data/fashionmnist.npz,128,10000,cpu,cpu,1,1,0.001811,0.008614,0.000000
515,data/fashionmnist.npz,128,10000,cpu,cpu,1,1,0.001340,0.010105,0.000000
516,data/fashionmnist.npz,128,10000,cpu,cpu,1,1,0.001262,0.007408,0.000000
517,data/fashionmnist.npz,128,10000,cpu,cpu,1,1,0.001379,0.013984,0.000000
518,data/fashionmnist.npz,128,10000,cpu,cpu,1,1,0.001403,0.010790,0.000000
519,data/fashionmnist.npz,128,10000,cpu,cpu,1,1,0.001382,0.011892,0.000000
520,data/fashionmnist.npz,128,10000,cpu,cpu,1,1,0.001355,0.009177,0.000000
521,data/fashionmnist.npz,128,10000,cpu,cpu,1,1,0.001244,0.006691,0.000000
522,data/fashionmnist.npz,128,10000,cpu,cpu,1,1,0.001252,0.006502,0.000000
523,data/fashionmnist.npz,128,10000,cpu,cpu,1,1,0.001215,0.008337,0.000000
524,data/fashionmnist.npz,128,10000,cpu,cpu,1,1,0.001344,0.010241,0.000000
525,data/fashionmnist.npz,128,10000,cpu,cpu,1,1,0.001915,0.011167,0.000000
526,data/fashionmnist.npz,128,10000,cpu,cpu,1,1,0.001225,0.006177,0.000000
527,data/fashionmnist.npz,128,10000,cpu,cpu,1,1,0.001249,0.006513,0.000000
528,data/fashionmnist.npz,128,10000,cpu,cpu,1,1,0.001422,0.009995,0.000000
529,data/fashionmnist.npz,128,10000,cpu,cpu,1,1,0.001326,0.010293,0.000000
530,data/fashionmnist.npz,128,10000,cpu,cpu,1,1,0.001356,0.009006,0.000000
531,data/fashionmnist.npz,128,10000,cpu,cpu,1,1,0.001325,0.011185,0.000000
532,data/fashionmnist.npz,128,10000,cpu,cpu,1,1,0.001241,0.008434,0.000000
533,data/fashionmnist.npz,128,10000,cpu,cpu,1,1,0.001398,0.010585,0.000000
534,data/fashionmnist.npz,128,10000,cpu,cpu,1,1,0.001694,0.010333,0.000000
535,data/fashionmnist.npz,128,10000,cpu,cpu,1,1,0.001561,0.009313,0.000000
536,data/fashionmnist.npz,128,10000,cpu,cpu,1,1,0.001240,0.007898,0.000000
537,data/fashionmnist.npz,128,10000,cpu,cpu,1,1,0.001419,0.011704,0.000000
538,data/fashionmnist.npz,128,10000,cpu,cpu,1,1,0.001541,0.007849,0.000000
539,data/fashionmnist.npz,128,10000,cpu,cpu,1,1,0.001560,0.009268,0.000000
540,data/fashionmnist.npz,128,10000,cpu,cpu,1,1,0.001294,0.006046,0.000000
541,data/fashionmnist.npz,128,10000,cpu,cpu,1,1,0.001336,0.011579,0.000000
542,data/fashionmnist.npz,128,10000,cpu,cpu,1,1,0.001199,0.005711,0.000000
543,data/fashionmnist.npz,128,10000,cpu,cpu,1,1,0.001204,0.006905,0.000000
544,data/fashionmnist.npz,128,10000,cpu,cpu,1,1,0.001490,0.012327,0.000000
545,data/fashionmnist.npz,128,10000,cpu,cpu,1,1,0.001460,0.006069,0.000000
546,data/fashionmnist.npz,128,10000,cpu,cpu,1,1,0.001288,0.010517,0.000000
547,data/fashionmnist.npz,128,10000,cpu,cpu,1,1,0.001268,0.008286,0.000000
548,data/fashionmnist.npz,128,10000,cpu,cpu,1,1,0.001461,0.012271,0.000000
549,data/fashionmnist.npz,128,10000,cpu,cpu,1,1,0.001354,0.009127,0.000000
550,data/fashionmnist.npz,128,10000,cpu,cpu,1,1,0.001954,0.010856,0.000000
551,data/fashionmnist.npz,128,10000,cpu,cpu,1,1,0.001356,0.010456,0.000000
552,data/fashionmnist.npz,128,10000,cpu,cpu,1,1,0.001225,0.011591,0.000000
553,data/fashionmnist.npz,128,10000,cpu,cpu,1,1,0.001537,0.008948,0.000000
554,data/fashionmnist.npz,128,10000,cpu,cpu,1,1,0.001294,0.008629,0.000000
555,data/fashionmnist.npz,128,10000,cpu,cpu,1,1,0.001254,0.008804,0.000000
556,data/fashionmnist.npz,128,10000,cpu,cpu,1,1,0.001312,0.008354,0.000000
557,data/fashionmnist.npz,128,10000,cpu,cpu,1,1,0.001489,0.009023,0.000000
558,data/fashionmnist.npz,128,10000,cpu,cpu,1,1,0.001258,0.009680,0.000000
559,data/fashionmnist.npz,128,10000,cpu,cpu,1,1,0.001443,0.009178,0.000000
560,data/fashionmnist.npz,128,10000,cpu,cpu,1,1,0.001289,0.006241,0.000000
561,data/fashionmnist.npz,128,10000,cpu,cpu,1,1,0.001540,0.007717,0.000000
562,data/fashionmnist.npz,128,10000,cpu,cpu,1,1,0.001465,0.009327,0.000000
563,data/fashionmnist.npz,128,10000,cpu,cpu,1,1,0.001199,0.006890,0.000000
564,data/fashionmnist.npz,128,10000,cpu,cpu,1,1,0.001320,0.008127,0.000000
565,data/fashionmnist.npz,128,10000,cpu,cpu,1,1,0.001597,0.006031,0.000000
566,data/fashionmnist.npz,128,10000,cpu,cpu,1,1,0.001291,0.011154,0.000000
567,data/fashionmnist.npz,128,10000,cpu,cpu,1,1,0.001397,0.014023,0.000000
568,data/fashionmnist.npz,128,10000,cpu,cpu,1,1,0.001269,0.006485,0.000000
569,data/fashionmnist.npz,128,10000,cpu,cpu,1,1,0.001361,0.009837,0.000000
570,data/fashionmnist.npz,128,10000,cpu,cpu,1,1,0.001127,0.010440,0.000000
571,data/fashionmnist.npz,128,10000,cpu,cpu,1,1,0.001434,0.011203,0.000000
572,data/fashionmnist.npz,128,10000,cpu,cpu,1,1,0.001667,0.010416,0.000000
573,data/fashionmnist.npz,128,10000,cpu,cpu,1,1,0.001285,0.009074,0.000000
574,data/fashionmnist.npz,128,10000,cpu,cpu,1,1,0.001352,0.009851,0.000000
575,data/fashionmnist.npz,128,10000,cpu,cpu,1,1,0.001390,0.007493,0.000000
576,data/fashionmnist.npz,128,10000,cpu,cpu,1,1,0.001223,0.008383,0.000000
577,data/fashionmnist.npz,128,10000,cpu,cpu,1,1,0.001415,0.008366,0.000000
578,data/fashionmnist.npz,128,10000,cpu,cpu,1,1,0.001304,0.008593,0.000000
579,data/fashionmnist.npz,128,10000,cpu,cpu,1,1,0.001177,0.006170,0.000000
580,data/fashionmnist.npz,128,10000,cpu,cpu,1,1,0.001282,0.007630,0.000000
581,data/fashionmnist.npz,128,10000,cpu,cpu,1,1,0.001320,0.008828,0.000000
582,data/fashionmnist.npz,128,10000,cpu,cpu,1,1,0.002025,0.008460,0.000000
583,data/fashionmnist.npz,128,10000,cpu,cpu,1,1,0.001348,0.009714,0.000000
584,data/fashionmnist.npz,128,10000,cpu,cpu,1,1,0.001368,0.013712,0.000000
585,data/fashionmnist.npz,128,10000,cpu,cpu,1,1,0.001678,0.007479,0.000000
586,data/fashionmnist.npz,128,10000,cpu,cpu,1,1,0.001484,0.010012,0.000000
587,data/fashionmnist.npz,128,10000,cpu,cpu,1,1,0.001397,0.007544,0.000000
588,data/fashionmnist.npz,128,10000,cpu,cpu,1,1,0.001405,0.007456,0.000000
589,data/fashionmnist.npz,128,10000,cpu,cpu,1,1,0.001342,0.007597,0.000000
590,data/fashionmnist.npz,128,10000,cpu,cpu,1,1,0.001245,0.009515,0.000000
591,data/fashionmnist.npz,128,10000,cpu,cpu,1,1,0.001290,0.008752,0.000000
592,data/fashionmnist.npz,128,10000,cpu,cpu,1,1,0.001422,0.010746,0.000000
593,data/fashionmnist.npz,128,10000,cpu,cpu,1,1,0.001310,0.006514,0.000000
594,data/fashionmnist.npz,128,10000,cpu,cpu,1,1,0.001385,0.009228,0.000000
595,data/fashionmnist.npz,128,10000,cpu,cpu,1,1,0.001633,0.008727,0.000000
596,data/fashionmnist.npz,128,10000,cpu,cpu,1,1,0.001264,0.007247,0.000000
597,data/fashionmnist.npz,128,10000,cpu,cpu,1,1,0.001208,0.013961,0.000000
598,data/fashionmnist.npz,128,10000,cpu,cpu,1,1,0.001299,0.007937,0.000000
599,data/fashionmnist.npz,128,10000,cpu,cpu,1,1,0.001484,0.010472,0.000000
600,data/fashionmnist.npz,128,10000,cpu,cpu,1,1,0.001450,0.008148,0.000000
601,data/fashionmnist.npz,128,10000,cpu,cpu,1,1,0.001448,0.010802,0.000000
602,data/fashionmnist.npz,128,10000,cpu,cpu,1,1,0.001366,0.008719,0.000000
603,data/fashionmnist.npz,128,10000,cpu,cpu,1,1,0.001281,0.008644,0.000000
604,data/fashionmnist.npz,128,10000,cpu,cpu,1,1,0.001353,0.008089,0.000000
605,data/fashionmnist.npz,128,10000,cpu,cpu,1,1,0.001250,0.005959,0.000000
606,data/fashionmnist.npz,128,10000,cpu,cpu,1,1,0.001247,0.011659,0.000000
607,data/fashionmnist.npz,128,10000,cpu,cpu,1,1,0.001414,0.011687,0.000000
608,data/fashionmnist.npz,128,10000,cpu,cpu,1,1,0.001202,0.008200,0.000000
609,data/fashionmnist.npz,128,10000,cpu,cpu,1,1,0.001308,0.006220,0.000000
610,data/fashionmnist.npz,128,10000,cpu,cpu,1,1,0.001268,0.008949,0.000000
611,data/fashionmnist.npz,128,10000,cpu,cpu,1,1,0.001366,0.006423,0.000000
612,data/fashionmnist.npz,128,10000,cpu,cpu,1,1,0.001357,0.006140,0.000000
613,data/fashionmnist.npz,128,10000,cpu,cpu,1,1,0.001303,0.007846,0.000000
614,data/fashionmnist.npz,128,10000,cpu,cpu,1,1,0.001366,0.011737,0.000000
615,data/fashionmnist.npz,128,10000,cpu,cpu,1,1,0.001244,0.007705,0.000000
616,data/fashionmnist.npz,128,10000,cpu,cpu,1,1,0.001524,0.007937,0.000000
617,data/fashionmnist.npz,128,10000,cpu,cpu,1,1,0.001221,0.010076,0.000000
618,data/fashionmnist.npz,128,10000,cpu,cpu,1,1,0.001397,0.013724,0.000000
619,data/fashionmnist.npz,128,10000,cpu,cpu,1,1,0.001406,0.010455,0.000000
620,data/fashionmnist.npz,128,10000,cpu,cpu,1,1,0.001500,0.014985,0.000000
621,data/fashionmnist.npz,128,10000,cpu,cpu,1,1,0.001226,0.010201,0.000000
622,data/fashionmnist.npz,128,10000,cpu,cpu,1,1,0.001311,0.005622,0.000000
623,data/fashionmnist.npz,128,10000,cpu,cpu,1,1,0.001443,0.011965,0.000000
624,data/fashionmnist.npz,128,10000,cpu,cpu,1,1,0.001564,0.008798,0.000000
625,data/fashionmnist.npz,128,10000,cpu,cpu,1,1,0.002408,0.009446,0.000000
626,data/fashionmnist.npz,128,10000,cpu,cpu,1,1,0.001498,0.006516,0.000000
627,data/fashionmnist.npz,128,10000,cpu,cpu,1,1,0.001343,0.007731,0.000000
628,data/fashionmnist.npz,128,10000,cpu,cpu,1,1,0.001393,0.008958,0.000000
629,data/fashionmnist.npz,128,10000,cpu,cpu,1,1,0.001256,0.009647,0.000000
630,data/fashionmnist.npz,128,10000,cpu,cpu,1,1,0.001433,0.010601,0.000000
631,data/fashionmnist.npz,128,10000,cpu,cpu,1,1,0.001330,0.007312,0.000000
632,data/fashionmnist.npz,128,10000,cpu,cpu,1,1,0.001365,0.006250,0.000000
633,data/fashionmnist.npz,128,10000,cpu,cpu,1,1,0.001386,0.007980,0.000000
634,data/fashionmnist.npz,128,10000,cpu,cpu,1,1,0.001462,0.007821,0.000000
635,data/fashionmnist.npz,128,10000,cpu,cpu,1,1,0.001680,0.009681,0.000000
636,data/fashionmnist.npz,128,10000,cpu,cpu,1,1,0.001471,0.007856,0.000000
637,data/fashionmnist.npz,128,10000,cpu,cpu,1,1,0.001590,0.009014,0.000000
638,data/fashionmnist.npz,128,10000,cpu,cpu,1,1,0.001447,0.008450,0.000000
639,data/fashionmnist.npz,128,10000,cpu,cpu,1,1,0.001400,0.008244,0.000000
640,data/fashionmnist.npz,128,10000,cpu,cpu,1,1,0.001518,0.008456,0.000000
641,data/fashionmnist.npz,128,10000,cpu,cpu,1,1,0.001451,0.010056,0.000000
642,data/fashionmnist.npz,128,10000,cpu,cpu,1,1,0.001222,0.007319,0.000000
643,data/fashionmnist.npz,128,10000,cpu,cpu,1,1,0.001291,0.010424,0.000000
644,data/fashionmnist.npz,128,10000,cpu,cpu,1,1,0.001301,0.010259,0.000000
645,data/fashionmnist.npz,128,10000,cpu,cpu,1,1,0.001138,0.007888,0.000000
646,data/fashionmnist.npz,128,10000,cpu,cpu,1,1,0.001537,0.010098,0.000000
647,data/fashionmnist.npz,128,10000,cpu,cpu,1,1,0.001568,0.006328,0.000000
648,data/fashionmnist.npz,128,10000,cpu,cpu,1,1,0.001717,0.010345,0.000000
649,data/fashionmnist.npz,128,10000,cpu,cpu,1,1,0.001202,0.007848,0.000000
650,data/fashionmnist.npz,128,10000,cpu,cpu,1,1,0.001270,0.004875,0.000000
651,data/fashionmnist.npz,128,10000,cpu,cpu,1,1,0.001349,0.012367,0.000000
652,data/fashionmnist.npz,128,10000,cpu,cpu,1,1,0.001540,0.007192,0.000000
653,data/fashionmnist.npz,128,10000,cpu,cpu,1,1,0.001474,0.005004,0.000000
654,data/fashionmnist.npz,128,10000,cpu,cpu,1,1,0.001597,0.006907,0.000000
655,data/fashionmnist.npz,128,10000,cpu,cpu,1,1,0.001379,0.012258,0.000000
656,data/fashionmnist.npz,128,10000,cpu,cpu,1,1,0.001314,0.007193,0.000000
657,data/fashionmnist.npz,128,10000,cpu,cpu,1,1,0.001372,0.010243,0.000000
658,data/fashionmnist.npz,128,10000,cpu,cpu,1,1,0.001369,0.011246,0.000000
659,data/fashionmnist.npz,128,10000,cpu,cpu,1,1,0.001185,0.010968,0.000000
660,data/fashionmnist.npz,128,10000,cpu,cpu,1,1,0.001388,0.006223,0.000000
661,data/fashionmnist.npz,128,10000,cpu,cpu,1,1,0.001260,0.006179,0.000000
662,data/fashionmnist.npz,128,10000,cpu,cpu,1,1,0.001257,0.007048,0.000000
663,data/fashionmnist.npz,128,10000,cpu,cpu,1,1,0.001340,0.006835,0.000000
664,data/fashionmnist.npz,128,10000,cpu,cpu,1,1,0.001349,0.010808,0.000000
665,data/fashionmnist.npz,128,10000,cpu,cpu,1,1,0.001147,0.005582,0.000000
666,data/fashionmnist.npz,128,10000,cpu,cpu,1,1,0.001310,0.005622,0.000000
667,data/fashionmnist.npz,128,10000,cpu,cpu,1,1,0.001336,0.011330,0.000000
668,data/fashionmnist.npz,128,10000,cpu,cpu,1,1,0.001295,0.008556,0.000000
669,data/fashionmnist.npz,128,10000,cpu,cpu,1,1,0.001382,0.009170,0.000000
670,data/fashionmnist.npz,128,10000,cpu,cpu,1,1,0.001619,0.008865,0.000000
671,data/fashionmnist.npz,128,10000,cpu,cpu,1,1,0.001231,0.006807,0.000000
672,data/fashionmnist.npz,128,10000,cpu,cpu,1,1,0.001450,0.007553,0.000000
673,data/fashionmnist.npz,128,10000,cpu,cpu,1,1,0.001713,0.009639,0.000000
674,data/fashionmnist.npz,128,10000,cpu,cpu,1,1,0.001335,0.010054,0.000000
675,data/fashionmnist.npz,128,10000,cpu,cpu,1,1,0.001763,0.010786,0.000000
676,data/fashionmnist.npz,128,10000,cpu,cpu,1,1,0.001383,0.009146,0.000000
677,data/fashionmnist.npz,128,10000,cpu,cpu,1,1,0.001268,0.005983,0.000000
678,data/fashionmnist.npz,128,10000,cpu,cpu,1,1,0.001441,0.008101,0.000000
679,data/fashionmnist.npz,128,10000,cpu,cpu,1,1,0.001278,0.006384,0.000000
680,data/fashionmnist.npz,128,10000,cpu,cpu,1,1,0.001681,0.009014,0.000000
681,data/fashionmnist.npz,128,10000,cpu,cpu,1,1,0.001394,0.007510,0.000000
682,data/fashionmnist.npz,128,10000,cpu,cpu,1,1,0.001241,0.006646,0.000000
683,data/fashionmnist.npz,128,10000,cpu,cpu,1,1,0.001261,0.006958,0.000000
684,data/fashionmnist.npz,128,10000,cpu,cpu,1,1,0.001686,0.007443,0.000000
685,data/fashionmnist.npz,128,10000,cpu,cpu,1,1,0.001432,0.006546,0.000000
686,data/fashionmnist.npz,128,10000,cpu,cpu,1,1,0.001441,0.009628,0.000000
687,data/fashionmnist.npz,128,10000,cpu,cpu,1,1,0.001406,0.007284,0.000000
688,data/fashionmnist.npz,128,10000,cpu,cpu,1,1,0.001699,0.008060,0.000000
689,data/fashionmnist.npz,128,10000,cpu,cpu,1,1,0.001337,0.012974,0.000000
690,data/fashionmnist.npz,128,10000,cpu,cpu,1,1,0.001449,0.011297,0.000000
691,data/fashionmnist.npz,128,10000,cpu,cpu,1,1,0.001240,0.008491,0.000000
692,data/fashionmnist.npz,128,10000,cpu,cpu,1,1,0.001428,0.009508,0.000000
693,data/fashionmnist.npz,128,10000,cpu,cpu,1,1,0.001809,0.006791,0.000000
694,data/fashionmnist.npz,128,10000,cpu,cpu,1,1,0.001329,0.012416,0.000000
695,data/fashionmnist.npz,128,10000,cpu,cpu,1,1,0.001508,0.009110,0.000000
696,data/fashionmnist.npz,128,10000,cpu,cpu,1,1,0.001330,0.013609,0.000000
697,data/fashionmnist.npz,128,10000,cpu,cpu,1,1,0.001488,0.006680,0.000000
698,data/fashionmnist.npz,128,10000,cpu,cpu,1,1,0.001446,0.010331,0.000000
699,data/fashionmnist.npz,128,10000,cpu,cpu,1,1,0.001349,0.007209,0.000000
700,data/fashionmnist.npz,128,10000,cpu,cpu,1,1,0.001388,0.005270,0.000000
701,data/fashionmnist.npz,128,10000,cpu,cpu,1,1,0.001401,0.008513,0.000000
702,data/fashionmnist.npz,128,10000,cpu,cpu,1,1,0.001393,0.006704,0.000000
703,data/fashionmnist.npz,128,10000,cpu,cpu,1,1,0.001433,0.008145,0.000000
704,data/fashionmnist.npz,128,10000,cpu,cpu,1,1,0.001360,0.008542,0.000000
705,data/fashionmnist.npz,128,10000,cpu,cpu,1,1,0.001619,0.007686,0.000000
706,data/fashionmnist.npz,128,10000,cpu,cpu,1,1,0.001662,0.011581,0.000000
707,data/fashionmnist.npz,128,10000,cpu,cpu,1,1,0.001235,0.006769,0.000000
708,data/fashionmnist.npz,128,10000,cpu,cpu,1,1,0.001301,0.008232,0.000000
709,data/fashionmnist.npz,128,10000,cpu,cpu,1,1,0.001386,0.008162,0.000000
710,data/fashionmnist.npz,128,10000,cpu,cpu,1,1,0.001291,0.011134,0.000000
711,data/fashionmnist.npz,128,10000,cpu,cpu,1,1,0.001908,0.010233,0.000000
712,data/fashionmnist.npz,128,10000,cpu,cpu,1,1,0.001096,0.004758,0.000000
713,data/fashionmnist.npz,128,10000,cpu,cpu,1,1,0.001338,0.008661,0.000000
714,data/fashionmnist.npz,128,10000,cpu,cpu,1,1,0.001579,0.008985,0.000000
715,data/fashionmnist.npz,128,10000,cpu,cpu,1,1,0.001557,0.007896,0.000000
716,data/fashionmnist.npz,128,10000,cpu,cpu,1,1,0.001290,0.009063,0.000000
717,data/fashionmnist.npz,128,10000,cpu,cpu,1,1,0.001413,0.013614,0.000000
718,data/fashionmnist.npz,128,10000,cpu,cpu,1,1,0.001523,0.010540,0.000000
719,data/fashionmnist.npz,128,10000,cpu,cpu,1,1,0.001370,0.009937,0.000000
720,data/fashionmnist.npz,128,10000,cpu,cpu,1,1,0.001228,0.008772,0.000000
721,data/fashionmnist.npz,128,10000,cpu,cpu,1,1,0.001540,0.006381,0.000000
722,data/fashionmnist.npz,128,10000,cpu,cpu,1,1,0.001244,0.008534,0.000000
723,data/fashionmnist.npz,128,10000,cpu,cpu,1,1,0.001316,0.009526,0.000000
724,data/fashionmnist.npz,128,10000,cpu,cpu,1,1,0.001334,0.010501,0.000000
725,data/fashionmnist.npz,128,10000,cpu,cpu,1,1,0.001350,0.007865,0.000000
726,data/fashionmnist.npz,128,10000,cpu,cpu,1,1,0.001348,0.010076,0.000000
727,data/fashionmnist.npz,128,10000,cpu,cpu,1,1,0.001502,0.009913,0.000000
728,data/fashionmnist.npz,128,10000,cpu,cpu,1,1,0.001463,0.008972,0.000000
729,data/fashionmnist.npz,128,10000,cpu,cpu,1,1,0.001729,0.008277,0.000000
730,data/fashionmnist.npz,128,10000,cpu,cpu,1,1,0.001303,0.006649,0.000000
731,data/fashionmnist.npz,128,10000,cpu,cpu,1,1,0.001295,0.008346,0.000000
732,data/fashionmnist.npz,128,10000,cpu,cpu,1,1,0.001375,0.010520,0.000000
733,data/fashionmnist.npz,128,10000,cpu,cpu,1,1,0.001591,0.012299,0.000000
734,data/fashionmnist.npz,128,10000,cpu,cpu,1,1,0.001368,0.008809,0.000000
735,data/fashionmnist.npz,128,10000,cpu,cpu,1,1,0.001535,0.010831,0.000000
736,data/fashionmnist.npz,128,10000,cpu,cpu,1,1,0.001404,0.006679,0.000000
737,data/fashionmnist.npz,128,10000,cpu,cpu,1,1,0.001347,0.011752,0.000000
738,data/fashionmnist.npz,128,10000,cpu,cpu,1,1,0.001467,0.007581,0.000000
739,data/fashionmnist.npz,128,10000,cpu,cpu,1,1,0.001587,0.006275,0.000000
740,data/fashionmnist.npz,128,10000,cpu,cpu,1,1,0.001421,0.007946,0.000000
741,data/fashionmnist.npz,128,10000,cpu,cpu,1,1,0.001247,0.006324,0.000000
742,data/fashionmnist.npz,128,10000,cpu,cpu,1,1,0.001244,0.007493,0.000000
743,data/fashionmnist.npz,128,10000,cpu,cpu,1,1,0.001440,0.010203,0.000000
744,data/fashionmnist.npz,128,10000,cpu,cpu,1,1,0.001743,0.006467,0.000000
745,data/fashionmnist.npz,128,10000,cpu,cpu,1,1,0.001739,0.011651,0.000000
746,data/fashionmnist.npz,128,10000,cpu,cpu,1,1,0.001248,0.008142,0.000000
747,data/fashionmnist.npz,128,10000,cpu,cpu,1,1,0.001343,0.005532,0.000000
748,data/fashionmnist.npz,128,10000,cpu,cpu,1,1,0.001863,0.007384,0.000000
749,data/fashionmnist.npz,128,10000,cpu,cpu,1,1,0.001330,0.010225,0.000000
750,data/fashionmnist.npz,128,10000,cpu,cpu,1,1,0.001236,0.005147,0.000000
751,data/fashionmnist.npz,128,10000,cpu,cpu,1,1,0.001344,0.007698,0.000000
752,data/fashionmnist.npz,128,10000,cpu,cpu,1,1,0.001430,0.009775,0.000000
753,data/fashionmnist.npz,128,10000,cpu,cpu,1,1,0.001323,0.010430,0.000000
754,data/fashionmnist.npz,128,10000,cpu,cpu,1,1,0.001168,0.009019,0.000000
755,data/fashionmnist.npz,128,10000,cpu,cpu,1,1,0.001338,0.010351,0.000000
756,data/fashionmnist.npz,128,10000,cpu,cpu,1,1,0.001217,0.005082,0.000000
757,data/fashionmnist.npz,128,10000,cpu,cpu,1,1,0.001451,0.009730,0.000000
758,data/fashionmnist.npz,128,10000,cpu,cpu,1,1,0.001236,0.007261,0.000000
759,data/fashionmnist.npz,128,10000,cpu,cpu,1,1,0.001413,0.011008,0.000000
760,data/fashionmnist.npz,128,10000,cpu,cpu,1,1,0.001181,0.007370,0.000000
761,data/fashionmnist.npz,128,10000,cpu,cpu,1,1,0.001206,0.006270,0.000000
762,data/fashionmnist.npz,128,10000,cpu,cpu,1,1,0.001320,0.011418,0.000000
763,data/fashionmnist.npz,128,10000,cpu,cpu,1,1,0.001309,0.009003,0.000000
764,data/fashionmnist.npz,128,10000,cpu,cpu,1,1,0.001415,0.012650,0.000000
765,data/fashionmnist.npz,128,10000,cpu,cpu,1,1,0.001579,0.008022,0.000000
766,data/fashionmnist.npz,128,10000,cpu,cpu,1,1,0.001231,0.008352,0.000000
767,data/fashionmnist.npz,128,10000,cpu,cpu,1,1,0.001366,0.007113,0.000000
768,data/fashionmnist.npz,128,10000,cpu,cpu,1,1,0.001254,0.006539,0.000000
769,data/fashionmnist.npz,128,10000,cpu,cpu,1,1,0.001289,0.006369,0.000000
770,data/fashionmnist.npz,128,10000,cpu,cpu,1,1,0.001293,0.006817,0.000000
771,data/fashionmnist.npz,128,10000,cpu,cpu,1,1,0.001556,0.012026,0.000000
772,data/fashionmnist.npz,128,10000,cpu,cpu,1,1,0.001247,0.006923,0.000000
773,data/fashionmnist.npz,128,10000,cpu,cpu,1,1,0.001301,0.017764,0.000000
774,data/fashionmnist.npz,128,10000,cpu,cpu,1,1,0.001312,0.004380,0.000000
775,data/fashionmnist.npz,128,10000,cpu,cpu,1,1,0.001378,0.009852,0.000000
776,data/fashionmnist.npz,128,10000,cpu,cpu,1,1,0.001472,0.007082,0.000000
777,data/fashionmnist.npz,128,10000,cpu,cpu,1,1,0.001312,0.009506,0.000000
778,data/fashionmnist.npz,128,10000,cpu,cpu,1,1,0.001210,0.004610,0.000000
779,data/fashionmnist.npz,128,10000,cpu,cpu,1,1,0.001351,0.008127,0.000000
780,data/fashionmnist.npz,128,10000,cpu,cpu,1,1,0.001256,0.006489,0.000000
781,data/fashionmnist.npz,128,10000,cpu,cpu,1,1,0.001288,0.009140,0.000000
782,data/fashionmnist.npz,128,10000,cpu,cpu,1,1,0.001304,0.007684,0.000000
783,data/fashionmnist.npz,128,10000,cpu,cpu,1,1,0.001390,0.006998,0.000000
784,data/fashionmnist.npz,128,10000,cpu,cpu,1,1,0.001461,0.006450,0.000000
785,data/fashionmnist.npz,128,10000,cpu,cpu,1,1,0.001337,0.008136,0.000000
786,data/fashionmnist.npz,128,10000,cpu,cpu,1,1,0.001490,0.010055,0.000000
787,data/fashionmnist.npz,128,10000,cpu,cpu,1,1,0.001376,0.006792,0.000000
788,data/fashionmnist.npz,128,10000,cpu,cpu,1,1,0.001254,0.007611,0.000000
789,data/fashionmnist.npz,128,10000,cpu,cpu,1,1,0.001220,0.004768,0.000000
790,data/fashionmnist.npz,128,10000,cpu,cpu,1,1,0.001363,0.008671,0.000000
791,data/fashionmnist.npz,128,10000,cpu,cpu,1,1,0.001236,0.006642,0.000000
792,data/fashionmnist.npz,128,10000,cpu,cpu,1,1,0.001275,0.005581,0.000000
793,data/fashionmnist.npz,128,10000,cpu,cpu,1,1,0.001353,0.007204,0.000000
794,data/fashionmnist.npz,128,10000,cpu,cpu,1,1,0.001309,0.008258,0.000000
795,data/fashionmnist.npz,128,10000,cpu,cpu,1,1,0.001538,0.012798,0.000000
796,data/fashionmnist.npz,128,10000,cpu,cpu,1,1,0.001206,0.007363,0.000000
797,data/fashionmnist.npz,128,10000,cpu,cpu,1,1,0.001221,0.012917,0.000000
798,data/fashionmnist.npz,128,10000,cpu,cpu,1,1,0.001279,0.007933,0.000000
799,data/fashionmnist.npz,128,10000,cpu,cpu,1,1,0.001372,0.008874,0.000000
800,data/fashionmnist.npz,128,10000,cpu,cpu,1,1,0.001533,0.005655,0.000000
801,data/fashionmnist.npz,128,10000,cpu,cpu,1,1,0.001302,0.012573,0.000000
802,data/fashionmnist.npz,128,10000,cpu,cpu,1,1,0.001348,0.011712,0.000000
803,data/fashionmnist.npz,128,10000,cpu,cpu,1,1,0.001271,0.006621,0.000000
804,data/fashionmnist.npz,128,10000,cpu,cpu,1,1,0.001463,0.008982,0.000000
805,data/fashionmnist.npz,128,10000,cpu,cpu,1,1,0.001671,0.007592,0.000000
806,data/fashionmnist.npz,128,10000,cpu,cpu,1,1,0.001419,0.009254,0.000000
807,data/fashionmnist.npz,128,10000,cpu,cpu,1,1,0.001239,0.008115,0.000000
808,data/fashionmnist.npz,128,10000,cpu,cpu,1,1,0.001370,0.010460,0.000000
809,data/fashionmnist.npz,128,10000,cpu,cpu,1,1,0.001390,0.008165,0.000000
810,data/fashionmnist.npz,128,10000,cpu,cpu,1,1,0.001431,0.012349,0.000000
811,data/fashionmnist.npz,128,10000,cpu,cpu,1,1,0.001352,0.008263,0.000000
812,data/fashionmnist.npz,128,10000,cpu,cpu,1,1,0.001264,0.010418,0.000000
813,data/fashionmnist.npz,128,10000,cpu,cpu,1,1,0.001420,0.009186,0.000000
814,data/fashionmnist.npz,128,10000,cpu,cpu,1,1,0.001292,0.006882,0.000000
815,data/fashionmnist.npz,128,10000,cpu,cpu,1,1,0.001264,0.009169,0.000000
816,data/fashionmnist.npz,128,10000,cpu,cpu,1,1,0.001300,0.010862,0.000000
817,data/fashionmnist.npz,128,10000,cpu,cpu,1,1,0.001224,0.009907,0.000000
818,data/fashionmnist.npz,128,10000,cpu,cpu,1,1,0.001213,0.007513,0.000000
819,data/fashionmnist.npz,128,10000,cpu,cpu,1,1,0.001425,0.011624,0.000000
820,data/fashionmnist.npz,128,10000,cpu,cpu,1,1,0.001808,0.006165,0.000000
821,data/fashionmnist.npz,128,10000,cpu,cpu,1,1,0.001205,0.005736,0.000000
822,data/fashionmnist.npz,128,10000,cpu,cpu,1,1,0.001417,0.010293,0.000000
823,data/fashionmnist.npz,128,10000,cpu,cpu,1,1,0.001402,0.008769,0.000000
824,data/fashionmnist.npz,128,10000,cpu,cpu,1,1,0.001227,0.006175,0.000000
825,data/fashionmnist.npz,128,10000,cpu,cpu,1,1,0.001214,0.007624,0.000000
826,data/fashionmnist.npz,128,10000,cpu,cpu,1,1,0.001297,0.007792,0.000000
827,data/fashionmnist.npz,128,10000,cpu,cpu,1,1,0.001339,0.010215,0.000000
828,data/fashionmnist.npz,128,10000,cpu,cpu,1,1,0.001250,0.008068,0.000000
829,data/fashionmnist.npz,128,10000,cpu,cpu,1,1,0.001391,0.007499,0.000000
830,data/fashionmnist.npz,128,10000,cpu,cpu,1,1,0.001273,0.006379,0.000000
831,data/fashionmnist.npz,128,10000,cpu,cpu,1,1,0.001427,0.007536,0.000000
832,data/fashionmnist.npz,128,10000,cpu,cpu,1,1,0.001339,0.010850,0.000000
833,data/fashionmnist.npz,128,10000,cpu,cpu,1,1,0.001281,0.006963,0.000000
834,data/fashionmnist.npz,128,10000,cpu,cpu,1,1,0.001436,0.007654,0.000000
835,data/fashionmnist.npz,128,10000,cpu,cpu,1,1,0.001268,0.012017,0.000000
836,data/fashionmnist.npz,128,10000,cpu,cpu,1,1,0.001379,0.009159,0.000000
837,data/fashionmnist.npz,128,10000,cpu,cpu,1,1,0.001392,0.006631,0.000000
838,data/fashionmnist.npz,128,10000,cpu,cpu,1,1,0.001278,0.008125,0.000000
839,data/fashionmnist.npz,128,10000,cpu,cpu,1,1,0.001268,0.007061,0.000000
840,data/fashionmnist.npz,128,10000,cpu,cpu,1,1,0.001308,0.008926,0.000000
841,data/fashionmnist.npz,128,10000,cpu,cpu,1,1,0.001377,0.007003,0.000000
842,data/fashionmnist.npz,128,10000,cpu,cpu,1,1,0.001366,0.011071,0.000000
843,data/fashionmnist.npz,128,10000,cpu,cpu,1,1,0.001235,0.008558,0.000000
844,data/fashionmnist.npz,128,10000,cpu,cpu,1,1,0.001316,0.007888,0.000000
845,data/fashionmnist.npz,128,10000,cpu,cpu,1,1,0.001419,0.009038,0.000000
846,data/fashionmnist.npz,128,10000,cpu,cpu,1,1,0.001316,0.008959,0.000000
847,data/fashionmnist.npz,128,10000,cpu,cpu,1,1,0.001488,0.008527,0.000000
848,data/fashionmnist.npz,128,10000,cpu,cpu,1,1,0.001238,0.006960,0.000000
849,data/fashionmnist.npz,128,10000,cpu,cpu,1,1,0.001302,0.008046,0.000000
850,data/fashionmnist.npz,128,10000,cpu,cpu,1,1,0.001224,0.009176,0.000000
851,data/fashionmnist.npz,128,10000,cpu,cpu,1,1,0.001315,0.009590,0.000000
852,data/fashionmnist.npz,128,10000,cpu,cpu,1,1,0.001508,0.010866,0.000000
853,data/fashionmnist.npz,128,10000,cpu,cpu,1,1,0.001653,0.008201,0.000000
854,data/fashionmnist.npz,128,10000,cpu,cpu,1,1,0.001554,0.009350,0.000000
855,data/fashionmnist.npz,128,10000,cpu,cpu,1,1,0.001476,0.008471,0.000000
856,data/fashionmnist.npz,128,10000,cpu,cpu,1,1,0.001497,0.007533,0.000000
857,data/fashionmnist.npz,128,10000,cpu,cpu,1,1,0.001402,0.009910,0.000000
858,data/fashionmnist.npz,128,10000,cpu,cpu,1,1,0.001306,0.007841,0.000000
859,data/fashionmnist.npz,128,10000,cpu,cpu,1,1,0.001642,0.010210,0.000000
860,data/fashionmnist.npz,128,10000,cpu,cpu,1,1,0.001331,0.006216,0.000000
861,data/fashionmnist.npz,128,10000,cpu,cpu,1,1,0.001395,0.007556,0.000000
862,data/fashionmnist.npz,128,10000,cpu,cpu,1,1,0.001314,0.010074,0.000000
863,data/fashionmnist.npz,128,10000,cpu,cpu,1,1,0.001389,0.008548,0.000000
864,data/fashionmnist.npz,128,10000,cpu,cpu,1,1,0.001382,0.012297,0.000000
865,data/fashionmnist.npz,128,10000,cpu,cpu,1,1,0.001474,0.011407,0.000000
866,data/fashionmnist.npz,128,10000,cpu,cpu,1,1,0.001359,0.005750,0.000000
867,data/fashionmnist.npz,128,10000,cpu,cpu,1,1,0.001314,0.006645,0.000000
868,data/fashionmnist.npz,128,10000,cpu,cpu,1,1,0.001295,0.009223,0.000000
869,data/fashionmnist.npz,128,10000,cpu,cpu,1,1,0.001245,0.008450,0.000000
870,data/fashionmnist.npz,128,10000,cpu,cpu,1,1,0.001341,0.011573,0.000000
871,data/fashionmnist.npz,128,10000,cpu,cpu,1,1,0.001540,0.009145,0.000000
872,data/fashionmnist.npz,128,10000,cpu,cpu,1,1,0.001350,0.007121,0.000000
873,data/fashionmnist.npz,128,10000,cpu,cpu,1,1,0.001379,0.009881,0.000000
874,data/fashionmnist.npz,128,10000,cpu,cpu,1,1,0.001284,0.004871,0.000000
875,data/fashionmnist.npz,128,10000,cpu,cpu,1,1,0.001382,0.005050,0.000000
876,data/fashionmnist.npz,128,10000,cpu,cpu,1,1,0.001576,0.009103,0.000000
877,data/fashionmnist.npz,128,10000,cpu,cpu,1,1,0.001417,0.009743,0.000000
878,data/fashionmnist.npz,128,10000,cpu,cpu,1,1,0.001274,0.005049,0.000000
879,data/fashionmnist.npz,128,10000,cpu,cpu,1,1,0.001713,0.009963,0.000000
880,data/fashionmnist.npz,128,10000,cpu,cpu,1,1,0.001273,0.010407,0.000000
881,data/fashionmnist.npz,128,10000,cpu,cpu,1,1,0.001251,0.005933,0.000000
882,data/fashionmnist.npz,128,10000,cpu,cpu,1,1,0.001470,0.009836,0.000000
883,data/fashionmnist.npz,128,10000,cpu,cpu,1,1,0.001265,0.007336,0.000000
884,data/fashionmnist.npz,128,10000,cpu,cpu,1,1,0.001329,0.007107,0.000000
885,data/fashionmnist.npz,128,10000,cpu,cpu,1,1,0.001331,0.009825,0.000000
886,data/fashionmnist.npz,128,10000,cpu,cpu,1,1,0.001598,0.010820,0.000000
887,data/fashionmnist.npz,128,10000,cpu,cpu,1,1,0.001416,0.008760,0.000000
888,data/fashionmnist.npz,128,10000,cpu,cpu,1,1,0.001362,0.006895,0.000000
889,data/fashionmnist.npz,128,10000,cpu,cpu,1,1,0.001377,0.008780,0.000000
890,data/fashionmnist.npz,128,10000,cpu,cpu,1,1,0.001201,0.005911,0.000000
891,data/fashionmnist.npz,128,10000,cpu,cpu,1,1,0.001372,0.010194,0.000000
892,data/fashionmnist.npz,128,10000,cpu,cpu,1,1,0.001168,0.004102,0.000000
893,data/fashionmnist.npz,128,10000,cpu,cpu,1,1,0.001320,0.011042,0.000000
894,data/fashionmnist.npz,128,10000,cpu,cpu,1,1,0.001231,0.008412,0.000000
895,data/fashionmnist.npz,128,10000,cpu,cpu,1,1,0.001288,0.007936,0.000000
896,data/fashionmnist.npz,128,10000,cpu,cpu,1,1,0.001313,0.009726,0.000000
897,data/fashionmnist.npz,128,10000,cpu,cpu,1,1,0.001541,0.009330,0.000000
898,data/fashionmnist.npz,128,10000,cpu,cpu,1,1,0.001469,0.008799,0.000000
899,data/fashionmnist.npz,128,10000,cpu,cpu,1,1,0.001551,0.009338,0.000000
900,data/fashionmnist.npz,128,10000,cpu,cpu,1,1,0.001316,0.010484,0.000000
901,data/fashionmnist.npz,128,10000,cpu,cpu,1,1,0.001392,0.011418,0.000000
902,data/fashionmnist.npz,128,10000,cpu,cpu,1,1,0.001473,0.006867,0.000000
903,data/fashionmnist.npz,128,10000,cpu,cpu,1,1,0.001704,0.010647,0.000000
904,data/fashionmnist.npz,128,10000,cpu,cpu,1,1,0.001280,0.008241,0.000000
905,data/fashionmnist.npz,128,10000,cpu,cpu,1,1,0.002088,0.010727,0.000000
906,data/fashionmnist.npz,128,10000,cpu,cpu,1,1,0.001397,0.013445,0.000000
907,data/fashionmnist.npz,128,10000,cpu,cpu,1,1,0.001319,0.012952,0.000000
908,data/fashionmnist.npz,128,10000,cpu,cpu,1,1,0.001132,0.009309,0.000000
909,data/fashionmnist.npz,128,10000,cpu,cpu,1,1,0.001302,0.011098,0.000000
910,data/fashionmnist.npz,128,10000,cpu,cpu,1,1,0.001813,0.010389,0.000000
911,data/fashionmnist.npz,128,10000,cpu,cpu,1,1,0.001555,0.013178,0.000000
912,data/fashionmnist.npz,128,10000,cpu,cpu,1,1,0.001439,0.009382,0.000000
913,data/fashionmnist.npz,128,10000,cpu,cpu,1,1,0.001373,0.010443,0.000000
914,data/fashionmnist.npz,128,10000,cpu,cpu,1,1,0.001284,0.007325,0.000000
915,data/fashionmnist.npz,128,10000,cpu,cpu,1,1,0.001744,0.007953,0.000000
916,data/fashionmnist.npz,128,10000,cpu,cpu,1,1,0.001602,0.008573,0.000000
917,data/fashionmnist.npz,128,10000,cpu,cpu,1,1,0.001507,0.010147,0.000000
918,data/fashionmnist.npz,128,10000,cpu,cpu,1,1,0.001669,0.009544,0.000000
919,data/fashionmnist.npz,128,10000,cpu,cpu,1,1,0.001315,0.006859,0.000000
920,data/fashionmnist.npz,128,10000,cpu,cpu,1,1,0.001622,0.010587,0.000000
921,data/fashionmnist.npz,128,10000,cpu,cpu,1,1,0.001330,0.006827,0.000000
922,data/fashionmnist.npz,128,10000,cpu,cpu,1,1,0.001402,0.009723,0.000000
923,data/fashionmnist.npz,128,10000,cpu,cpu,1,1,0.001364,0.008573,0.000000
924,data/fashionmnist.npz,128,10000,cpu,cpu,1,1,0.001500,0.011375,0.000000
925,data/fashionmnist.npz,128,10000,cpu,cpu,1,1,0.001293,0.008333,0.000000
926,data/fashionmnist.npz,128,10000,cpu,cpu,1,1,0.001513,0.011088,0.000000
927,data/fashionmnist.npz,128,10000,cpu,cpu,1,1,0.001401,0.010148,0.000000
928,data/fashionmnist.npz,128,10000,cpu,cpu,1,1,0.001893,0.009644,0.000000
929,data/fashionmnist.npz,128,10000,cpu,cpu,1,1,0.001323,0.004759,0.000000
930,data/fashionmnist.npz,128,10000,cpu,cpu,1,1,0.001664,0.012234,0.000000
931,data/fashionmnist.npz,128,10000,cpu,cpu,1,1,0.001675,0.010455,0.000000
932,data/fashionmnist.npz,128,10000,cpu,cpu,1,1,0.001218,0.008123,0.000000
933,data/fashionmnist.npz,128,10000,cpu,cpu,1,1,0.001186,0.006169,0.000000
934,data/fashionmnist.npz,128,10000,cpu,cpu,1,1,0.001254,0.009362,0.000000
935,data/fashionmnist.npz,128,10000,cpu,cpu,1,1,0.001868,0.008729,0.000000
936,data/fashionmnist.npz,128,10000,cpu,cpu,1,1,0.001438,0.009872,0.000000
937,data/fashionmnist.npz,128,10000,cpu,cpu,1,1,0.001425,0.012418,0.000000
938,data/fashionmnist.npz,128,10000,cpu,cpu,1,1,0.002413,0.009366,0.000000
939,data/fashionmnist.npz,128,10000,cpu,cpu,1,1,0.001596,0.007772,0.000000
940,data/fashionmnist.npz,128,10000,cpu,cpu,1,1,0.001369,0.013586,0.000000
941,data/fashionmnist.npz,128,10000,cpu,cpu,1,1,0.001358,0.007149,0.000000
942,data/fashionmnist.npz,128,10000,cpu,cpu,1,1,0.001296,0.007825,0.000000
943,data/fashionmnist.npz,128,10000,cpu,cpu,1,1,0.001482,0.008386,0.000000
944,data/fashionmnist.npz,128,10000,cpu,cpu,1,1,0.001417,0.010018,0.000000
945,data/fashionmnist.npz,128,10000,cpu,cpu,1,1,0.001401,0.009653,0.000000
946,data/fashionmnist.npz,128,10000,cpu,cpu,1,1,0.001407,0.016642,0.000000
947,data/fashionmnist.npz,128,10000,cpu,cpu,1,1,0.001377,0.012868,0.000000
948,data/fashionmnist.npz,128,10000,cpu,cpu,1,1,0.001438,0.010346,0.000000
949,data/fashionmnist.npz,128,10000,cpu,cpu,1,1,0.001297,0.009660,0.000000
950,data/fashionmnist.npz,128,10000,cpu,cpu,1,1,0.001268,0.006911,0.000000
951,data/fashionmnist.npz,128,10000,cpu,cpu,1,1,0.001549,0.009022,0.000000
952,data/fashionmnist.npz,128,10000,cpu,cpu,1,1,0.001396,0.012845,0.000000
953,data/fashionmnist.npz,128,10000,cpu,cpu,1,1,0.001466,0.012561,0.000000
954,data/fashionmnist.npz,128,10000,cpu,cpu,1,1,0.001254,0.006766,0.000000
955,data/fashionmnist.npz,128,10000,cpu,cpu,1,1,0.001785,0.008794,0.000000
956,data/fashionmnist.npz,128,10000,cpu,cpu,1,1,0.001376,0.007810,0.000000
957,data/fashionmnist.npz,128,10000,cpu,cpu,1,1,0.001379,0.007506,0.000000
958,data/fashionmnist.npz,128,10000,cpu,cpu,1,1,0.001484,0.008279,0.000000
959,data/fashionmnist.npz,128,10000,cpu,cpu,1,1,0.001379,0.009364,0.000000
960,data/fashionmnist.npz,128,10000,cpu,cpu,1,1,0.001382,0.011289,0.000000
961,data/fashionmnist.npz,128,10000,cpu,cpu,1,1,0.001183,0.010437,0.000000
962,data/fashionmnist.npz,128,10000,cpu,cpu,1,1,0.001415,0.011851,0.000000
963,data/fashionmnist.npz,128,10000,cpu,cpu,1,1,0.001322,0.008501,0.000000
964,data/fashionmnist.npz,128,10000,cpu,cpu,1,1,0.001354,0.008009,0.000000
965,data/fashionmnist.npz,128,10000,cpu,cpu,1,1,0.001398,0.006103,0.000000
966,data/fashionmnist.npz,128,10000,cpu,cpu,1,1,0.001401,0.010720,0.000000
967,data/fashionmnist.npz,128,10000,cpu,cpu,1,1,0.001561,0.007919,0.000000
968,data/fashionmnist.npz,128,10000,cpu,cpu,1,1,0.001368,0.013072,0.000000
969,data/fashionmnist.npz,128,10000,cpu,cpu,1,1,0.001379,0.010391,0.000000
970,data/fashionmnist.npz,128,10000,cpu,cpu,1,1,0.001462,0.007487,0.000000
971,data/fashionmnist.npz,128,10000,cpu,cpu,1,1,0.001239,0.011552,0.000000
972,data/fashionmnist.npz,128,10000,cpu,cpu,1,1,0.001727,0.008693,0.000000
973,data/fashionmnist.npz,128,10000,cpu,cpu,1,1,0.001352,0.008568,0.000000
974,data/fashionmnist.npz,128,10000,cpu,cpu,1,1,0.001299,0.012639,0.000000
975,data/fashionmnist.npz,128,10000,cpu,cpu,1,1,0.001570,0.009739,0.000000
976,data/fashionmnist.npz,128,10000,cpu,cpu,1,1,0.001490,0.010918,0.000000
977,data/fashionmnist.npz,128,10000,cpu,cpu,1,1,0.001518,0.008470,0.000000
978,data/fashionmnist.npz,128,10000,cpu,cpu,1,1,0.001666,0.008328,0.000000
979,data/fashionmnist.npz,128,10000,cpu,cpu,1,1,0.001621,0.010429,0.000000
980,data/fashionmnist.npz,128,10000,cpu,cpu,1,1,0.001454,0.009296,0.000000
981,data/fashionmnist.npz,128,10000,cpu,cpu,1,1,0.001358,0.011233,0.000000
982,data/fashionmnist.npz,128,10000,cpu,cpu,1,1,0.001398,0.008352,0.000000
983,data/fashionmnist.npz,128,10000,cpu,cpu,1,1,0.001604,0.017225,0.000000
984,data/fashionmnist.npz,128,10000,cpu,cpu,1,1,0.002060,0.012809,0.000000
985,data/fashionmnist.npz,128,10000,cpu,cpu,1,1,0.001375,0.008193,0.000000
986,data/fashionmnist.npz,128,10000,cpu,cpu,1,1,0.001294,0.009440,0.000000
987,data/fashionmnist.npz,128,10000,cpu,cpu,1,1,0.001737,0.008070,0.000000
988,data/fashionmnist.npz,128,10000,cpu,cpu,1,1,0.001774,0.010266,0.000000
989,data/fashionmnist.npz,128,10000,cpu,cpu,1,1,0.001395,0.010629,0.000000
990,data/fashionmnist.npz,128,10000,cpu,cpu,1,1,0.001251,0.013996,0.000000
991,data/fashionmnist.npz,128,10000,cpu,cpu,1,1,0.001766,0.013141,0.000000
992,data/fashionmnist.npz,128,10000,cpu,cpu,1,1,0.002081,0.011723,0.000000
993,data/fashionmnist.npz,128,10000,cpu,cpu,1,1,0.001228,0.014105,0.000000
994,data/fashionmnist.npz,128,10000,cpu,cpu,1,1,0.001431,0.013429,0.000000
995,data/fashionmnist.npz,128,10000,cpu,cpu,1,1,0.001325,0.005401,0.000000
996,data/fashionmnist.npz,128,10000,cpu,cpu,1,1,0.001342,0.008776,0.000000
997,data/fashionmnist.npz,128,10000,cpu,cpu,1,1,0.001350,0.005646,0.000000
998,data/fashionmnist.npz,128,10000,cpu,cpu,1,1,0.001332,0.009755,0.000000
999,data/fashionmnist.npz,128,10000,cpu,cpu,1,1,0.001380,0.013782,0.000000
